{
  "name": "Ben Tre",
  "cities": [
    {
      "cityName": "An Dien",
      "lat": 9.9022222,
      "lng": 106.5433333
    },
    {
      "cityName": "An Dinh",
      "lat": 9.9747222,
      "lng": 106.5458333
    },
    {
      "cityName": "An Hóa",
      "lat": 10.2666667,
      "lng": 106.4333333
    },
    {
      "cityName": "An Hoi",
      "lat": 9.92,
      "lng": 106.5477778
    },
    {
      "cityName": "An Loi",
      "lat": 9.9808333,
      "lng": 106.6288889
    },
    {
      "cityName": "An Nhon",
      "lat": 9.8861111,
      "lng": 106.5886111
    },
    {
      "cityName": "An Thanh",
      "lat": 9.9583333,
      "lng": 106.5797222
    },
    {
      "cityName": "An Thoi",
      "lat": 9.9325,
      "lng": 106.5602778
    },
    {
      "cityName": "An Thuan",
      "lat": 9.9833333,
      "lng": 106.6166667
    },
    {
      "cityName": "Ap An Binh",
      "lat": 10.1,
      "lng": 106.3166667
    },
    {
      "cityName": "Ap An Hoa",
      "lat": 9.9658333,
      "lng": 106.5419444
    },
    {
      "cityName": "Ap An Khuong",
      "lat": 9.9833333,
      "lng": 106.4833333
    },
    {
      "cityName": "Ap An Loi",
      "lat": 10.05,
      "lng": 106.35
    },
    {
      "cityName": "Ap An Nhon",
      "lat": 10.1166667,
      "lng": 106.35
    },
    {
      "cityName": "Ap An Phu",
      "lat": 10.3166667,
      "lng": 106.35
    },
    {
      "cityName": "Ap An Qui",
      "lat": 10,
      "lng": 106.6
    },
    {
      "cityName": "Ap An Thoi",
      "lat": 10.0166667,
      "lng": 106.55
    },
    {
      "cityName": "Ap An Trach",
      "lat": 10.05,
      "lng": 106.3166667
    },
    {
      "cityName": "Ap Ba",
      "lat": 10.2666667,
      "lng": 106.4166667
    },
    {
      "cityName": "Ap Bao Thuan",
      "lat": 10.05,
      "lng": 106.65
    },
    {
      "cityName": "Ap Binh Dong",
      "lat": 9.9947222,
      "lng": 106.3969444
    },
    {
      "cityName": "Ap Binh Dong Ha",
      "lat": 10.1166667,
      "lng": 106.5333333
    },
    {
      "cityName": "Ap Binh Ninh",
      "lat": 10.1666667,
      "lng": 106.5166667
    },
    {
      "cityName": "Ap Binh Phu",
      "lat": 10.2166667,
      "lng": 106.6333333
    },
    {
      "cityName": "Ap Binh Qui",
      "lat": 10.1666667,
      "lng": 106.4833333
    },
    {
      "cityName": "Ap Binh Thanh",
      "lat": 10.15,
      "lng": 106.65
    },
    {
      "cityName": "Ap Binh Thoi",
      "lat": 10.2,
      "lng": 106.6833333
    },
    {
      "cityName": "Ap Binh Thuan",
      "lat": 10.1833333,
      "lng": 106.7
    },
    {
      "cityName": "Ap Binh Tien",
      "lat": 10.1833333,
      "lng": 106.5166667
    },
    {
      "cityName": "Ap Binh Xuan",
      "lat": 10.1833333,
      "lng": 106.55
    },
    {
      "cityName": "Ap Ca Hang",
      "lat": 10.15,
      "lng": 106.2333333
    },
    {
      "cityName": "Ap Ca Tac",
      "lat": 10.2,
      "lng": 106.4166667
    },
    {
      "cityName": "Ap Cau Ngan",
      "lat": 10.0333333,
      "lng": 106.35
    },
    {
      "cityName": "Ap Cho",
      "lat": 10.05,
      "lng": 106.55
    },
    {
      "cityName": "Ap Dong Nhon",
      "lat": 10.2,
      "lng": 106.4666667
    },
    {
      "cityName": "Ap Dong Thanh",
      "lat": 10.2,
      "lng": 106.3
    },
    {
      "cityName": "Ap Dua",
      "lat": 10.25,
      "lng": 106.45
    },
    {
      "cityName": "Ap Gia Khanh",
      "lat": 10.1833333,
      "lng": 106.25
    },
    {
      "cityName": "Ap Giao Dien",
      "lat": 9.9161111,
      "lng": 106.6308333
    },
    {
      "cityName": "Ap Giao Hoa",
      "lat": 9.8666667,
      "lng": 106.6166667
    },
    {
      "cityName": "Ap Giao Thanh",
      "lat": 9.8925,
      "lng": 106.6141667
    },
    {
      "cityName": "Ap Giao Thoi",
      "lat": 9.8908333,
      "lng": 106.6583333
    },
    {
      "cityName": "Ap Giong Cui",
      "lat": 10.0833333,
      "lng": 106.4
    },
    {
      "cityName": "Ap Giong Gan",
      "lat": 10.1166667,
      "lng": 106.6
    },
    {
      "cityName": "Ap Giong Trom",
      "lat": 10.0333333,
      "lng": 106.5
    },
    {
      "cityName": "Ap Hoa An",
      "lat": 10.2833333,
      "lng": 106.4333333
    },
    {
      "cityName": "Ap Hoa Binh",
      "lat": 10.2,
      "lng": 106.45
    },
    {
      "cityName": "Ap Hoa Khanh",
      "lat": 10.1833333,
      "lng": 106.2333333
    },
    {
      "cityName": "Ap Hoa Nam",
      "lat": 10.25,
      "lng": 106.3166667
    },
    {
      "cityName": "Ap Hoa Tho",
      "lat": 10.2,
      "lng": 106.2666667
    },
    {
      "cityName": "Ap Hung An",
      "lat": 10.1,
      "lng": 106.4333333
    },
    {
      "cityName": "Ap Hung Binh",
      "lat": 10.1166667,
      "lng": 106.5
    },
    {
      "cityName": "Ap Hung Hoa Tay",
      "lat": 10.0833333,
      "lng": 106.4833333
    },
    {
      "cityName": "Ap Hung Long",
      "lat": 10.15,
      "lng": 106.3333333
    },
    {
      "cityName": "Ap Hung Nghia",
      "lat": 10.0666667,
      "lng": 106.4666667
    },
    {
      "cityName": "Ap Hung Phu",
      "lat": 10.1166667,
      "lng": 106.4166667
    },
    {
      "cityName": "Ap Loc Thanh",
      "lat": 10.2333333,
      "lng": 106.6166667
    },
    {
      "cityName": "Ap Long Dien",
      "lat": 10.1666667,
      "lng": 106.4166667
    },
    {
      "cityName": "Ap Minh Nghia",
      "lat": 10.05,
      "lng": 106.3666667
    },
    {
      "cityName": "Ap My Duoc",
      "lat": 9.9833333,
      "lng": 106.4166667
    },
    {
      "cityName": "Ap My Hoa",
      "lat": 10.1666667,
      "lng": 106.45
    },
    {
      "cityName": "Ap My Trach",
      "lat": 9.9752778,
      "lng": 106.4008333
    },
    {
      "cityName": "Ap Ngoai Lo Da",
      "lat": 10.1333333,
      "lng": 106.5833333
    },
    {
      "cityName": "Ap Nha Viec",
      "lat": 10.1166667,
      "lng": 106.5833333
    },
    {
      "cityName": "Ap Nhi",
      "lat": 10.2333333,
      "lng": 106.45
    },
    {
      "cityName": "Ap Nhuan Trach",
      "lat": 10.0166667,
      "lng": 106.3666667
    },
    {
      "cityName": "Ap Nhut",
      "lat": 10.2666667,
      "lng": 106.3833333
    },
    {
      "cityName": "Ap Phong Phu",
      "lat": 10.2333333,
      "lng": 106.4833333
    },
    {
      "cityName": "Ap Phu Dinh",
      "lat": 10.3,
      "lng": 106.25
    },
    {
      "cityName": "Ap Phu Duong",
      "lat": 10,
      "lng": 106.4166667
    },
    {
      "cityName": "Ap Phu Hiep",
      "lat": 10.2333333,
      "lng": 106.2333333
    },
    {
      "cityName": "Ap Phu Hoa",
      "lat": 10.05,
      "lng": 106.45
    },
    {
      "cityName": "Ap Phu Hoi",
      "lat": 10.3,
      "lng": 106.2333333
    },
    {
      "cityName": "Ap Phu Hung",
      "lat": 10.25,
      "lng": 106.5833333
    },
    {
      "cityName": "Ap Phu Loc Thuong",
      "lat": 10.0833333,
      "lng": 106.3666667
    },
    {
      "cityName": "Ap Phu Loi",
      "lat": 10.2333333,
      "lng": 106.35
    },
    {
      "cityName": "Ap Phu Luong",
      "lat": 10.2666667,
      "lng": 106.2
    },
    {
      "cityName": "Ap Phu My",
      "lat": 10.1666667,
      "lng": 106.7333333
    },
    {
      "cityName": "Ap Phuoc",
      "lat": 10.2833333,
      "lng": 106.25
    },
    {
      "cityName": "Ap Phuoc Da",
      "lat": 10.3,
      "lng": 106.3
    },
    {
      "cityName": "Ap Phuoc Hau",
      "lat": 10.2,
      "lng": 106.2833333
    },
    {
      "cityName": "Ap Phuoc Khanh",
      "lat": 10.1,
      "lng": 106.4
    },
    {
      "cityName": "Ap Phuoc Thanh",
      "lat": 10.1,
      "lng": 106.6333333
    },
    {
      "cityName": "Ap Phuoc Thien",
      "lat": 10.2833333,
      "lng": 106.3833333
    },
    {
      "cityName": "Ap Phuoc Tu",
      "lat": 10.3,
      "lng": 106.3333333
    },
    {
      "cityName": "Ap Phuoc Tuong",
      "lat": 10.2833333,
      "lng": 106.3166667
    },
    {
      "cityName": "Ap Phu Son",
      "lat": 10.0333333,
      "lng": 106.3666667
    },
    {
      "cityName": "Ap Phu Tay",
      "lat": 10.0666667,
      "lng": 106.3666667
    },
    {
      "cityName": "Ap Phu Thanh",
      "lat": 10.2166667,
      "lng": 106.2666667
    },
    {
      "cityName": "Ap Phu Thuan",
      "lat": 10.2833333,
      "lng": 106.2333333
    },
    {
      "cityName": "Ap Phu Xuan",
      "lat": 10.3166667,
      "lng": 106.2666667
    },
    {
      "cityName": "Ap Qui An",
      "lat": 9.9394444,
      "lng": 106.4772222
    },
    {
      "cityName": "Ap Son Thuan",
      "lat": 10.2666667,
      "lng": 106.3333333
    },
    {
      "cityName": "Ap Tan An Thi",
      "lat": 10.3333333,
      "lng": 106.3666667
    },
    {
      "cityName": "Ap Tan Binh",
      "lat": 10.1166667,
      "lng": 106.3666667
    },
    {
      "cityName": "Ap Tan Dien",
      "lat": 10.1833333,
      "lng": 106.4
    },
    {
      "cityName": "Ap Tan Hau",
      "lat": 10.0666667,
      "lng": 106.4
    },
    {
      "cityName": "Ap Tan Hiep",
      "lat": 10.1166667,
      "lng": 106.5166667
    },
    {
      "cityName": "Ap Tan Hung",
      "lat": 10.2833333,
      "lng": 106.5
    },
    {
      "cityName": "Ap Tan Loi",
      "lat": 10.1166667,
      "lng": 106.4666667
    },
    {
      "cityName": "Ap Tan Long",
      "lat": 10.2,
      "lng": 106.3333333
    },
    {
      "cityName": "Ap Tan Ngai",
      "lat": 10.0333333,
      "lng": 106.3833333
    },
    {
      "cityName": "Ap Tan Nhuan",
      "lat": 10.1166667,
      "lng": 106.25
    },
    {
      "cityName": "Ap Tan Phong",
      "lat": 10.0333333,
      "lng": 106.3333333
    },
    {
      "cityName": "Ap Tan Phu Dong",
      "lat": 10.0666667,
      "lng": 106.4166667
    },
    {
      "cityName": "Ap Tan Qui",
      "lat": 10.1166667,
      "lng": 106.2666667
    },
    {
      "cityName": "Ap Tan Thuan",
      "lat": 10.2166667,
      "lng": 106.3
    },
    {
      "cityName": "Ap Tan Thuy",
      "lat": 10.2833333,
      "lng": 106.1833333
    },
    {
      "cityName": "Ap Thanh An",
      "lat": 9.9111111,
      "lng": 106.5186111
    },
    {
      "cityName": "Ap Thanh Bac",
      "lat": 10.1666667,
      "lng": 106.3
    },
    {
      "cityName": "Ap Thanh Binh",
      "lat": 9.8452778,
      "lng": 106.5955556
    },
    {
      "cityName": "Ap Thanh Dien",
      "lat": 10,
      "lng": 106.45
    },
    {
      "cityName": "Ap Thanh Hoa",
      "lat": 10.1833333,
      "lng": 106.35
    },
    {
      "cityName": "Ap Thanh Hoi",
      "lat": 10.15,
      "lng": 106.6666667
    },
    {
      "cityName": "Ap Thanh Loc",
      "lat": 9.8177778,
      "lng": 106.6197222
    },
    {
      "cityName": "Ap Thanh My",
      "lat": 9.9833333,
      "lng": 106.5166667
    },
    {
      "cityName": "Ap Thanh Nam",
      "lat": 10.1333333,
      "lng": 106.3
    },
    {
      "cityName": "Ap Thanh Phuoc",
      "lat": 9.8475,
      "lng": 106.6319444
    },
    {
      "cityName": "Ap Thanh Son",
      "lat": 10.2333333,
      "lng": 106.3166667
    },
    {
      "cityName": "Ap Thanh Tay",
      "lat": 10.15,
      "lng": 106.2666667
    },
    {
      "cityName": "Ap Thanh Thien",
      "lat": 10.0833333,
      "lng": 106.2833333
    },
    {
      "cityName": "Ap Thanh Thoi",
      "lat": 9.9905556,
      "lng": 106.5294444
    },
    {
      "cityName": "Ap Thanh Thuy",
      "lat": 10.15,
      "lng": 106.3666667
    },
    {
      "cityName": "Ap Thanh Trung",
      "lat": 10.1666667,
      "lng": 106.2333333
    },
    {
      "cityName": "Ap Thoi Hoa",
      "lat": 10.0666667,
      "lng": 106.3166667
    },
    {
      "cityName": "Ap Thoi Long",
      "lat": 10.2333333,
      "lng": 106.5333333
    },
    {
      "cityName": "Ap Thuan Hoa",
      "lat": 9.8666667,
      "lng": 106.5522222
    },
    {
      "cityName": "Ap Thuan Phuoc",
      "lat": 10.0666667,
      "lng": 106.6666667
    },
    {
      "cityName": "Ap Thu Cuu",
      "lat": 10.1333333,
      "lng": 106.4166667
    },
    {
      "cityName": "Ap Tien Loi",
      "lat": 10.25,
      "lng": 106.2
    },
    {
      "cityName": "Ap Truong Thanh",
      "lat": 10.2333333,
      "lng": 106.2833333
    },
    {
      "cityName": "Ap Vinh An",
      "lat": 10.0333333,
      "lng": 106.5833333
    },
    {
      "cityName": "Ap Vinh Binh",
      "lat": 10.2166667,
      "lng": 106.2333333
    },
    {
      "cityName": "Ap Vinh Dien",
      "lat": 10.0333333,
      "lng": 106.45
    },
    {
      "cityName": "Ap Vinh Hoi",
      "lat": 10.2666667,
      "lng": 106.5333333
    },
    {
      "cityName": "Ap Vinh Loi",
      "lat": 10.0166667,
      "lng": 106.5666667
    },
    {
      "cityName": "Ap Vu Nang",
      "lat": 10.05,
      "lng": 106.5
    },
    {
      "cityName": "Ap Xuong Hoa",
      "lat": 9.9666667,
      "lng": 106.4333333
    },
    {
      "cityName": "Ap Xuong Thanh",
      "lat": 9.9833333,
      "lng": 106.4333333
    },
    {
      "cityName": "Ap Xuong Thoi",
      "lat": 9.9841667,
      "lng": 106.4497222
    },
    {
      "cityName": "Ba Tri",
      "lat": 10.0333333,
      "lng": 106.6
    },
    {
      "cityName": "Ben",
      "lat": 9.8969444,
      "lng": 106.5813889
    },
    {
      "cityName": "Ben Dinh",
      "lat": 10.2166667,
      "lng": 106.6833333
    },
    {
      "cityName": "Ben Trai",
      "lat": 9.8855556,
      "lng": 106.5294444
    },
    {
      "cityName": "Ben Tre",
      "lat": 10.2333333,
      "lng": 106.3833333
    },
    {
      "cityName": "Binh Dai",
      "lat": 10.1833333,
      "lng": 106.6833333
    },
    {
      "cityName": "Cai Mon",
      "lat": 10.2,
      "lng": 106.2166667
    },
    {
      "cityName": "Cau Mong",
      "lat": 10.0166667,
      "lng": 106.4
    },
    {
      "cityName": "Châu Hòa",
      "lat": 10.2166667,
      "lng": 106.4833333
    },
    {
      "cityName": "Cho Giong Luong",
      "lat": 10.0166667,
      "lng": 106.45
    },
    {
      "cityName": "Cho Giong Trom",
      "lat": 10.15,
      "lng": 106.5
    },
    {
      "cityName": "Chùa",
      "lat": 9.9813889,
      "lng": 106.5080556
    },
    {
      "cityName": "Con Diep",
      "lat": 9.875,
      "lng": 106.6313889
    },
    {
      "cityName": "Con Loi",
      "lat": 9.8833333,
      "lng": 106.7
    },
    {
      "cityName": "Dong Xuan",
      "lat": 10.1166667,
      "lng": 106.6166667
    },
    {
      "cityName": "Ganh Ba Hien",
      "lat": 9.9952778,
      "lng": 106.6138889
    },
    {
      "cityName": "Giong Cay Me",
      "lat": 10.0666667,
      "lng": 106.65
    },
    {
      "cityName": "Giòng Chùa",
      "lat": 10.2166667,
      "lng": 106.6166667
    },
    {
      "cityName": "Giong Go Chua",
      "lat": 9.9888889,
      "lng": 106.5983333
    },
    {
      "cityName": "Giong Mo Neo",
      "lat": 9.84,
      "lng": 106.5919444
    },
    {
      "cityName": "Giong Ngai",
      "lat": 9.9330556,
      "lng": 106.5483333
    },
    {
      "cityName": "Giong Nho",
      "lat": 10.2666667,
      "lng": 106.5
    },
    {
      "cityName": "Giong Ong Ho",
      "lat": 10.2166667,
      "lng": 106.55
    },
    {
      "cityName": "Giong Rung",
      "lat": 10.1833333,
      "lng": 106.6333333
    },
    {
      "cityName": "Giong Tu Dien",
      "lat": 10.25,
      "lng": 106.3833333
    },
    {
      "cityName": "Hai Ho",
      "lat": 10.15,
      "lng": 106.7
    },
    {
      "cityName": "Hàm Long",
      "lat": 10.2666667,
      "lng": 106.2333333
    },
    {
      "cityName": "Hòa",
      "lat": 9.9441667,
      "lng": 106.52
    },
    {
      "cityName": "Huong Thanh Phu",
      "lat": 9.9397222,
      "lng": 106.5258333
    },
    {
      "cityName": "Kinh Tông Can",
      "lat": 9.9611111,
      "lng": 106.4236111
    },
    {
      "cityName": "Lang Viec",
      "lat": 9.975,
      "lng": 106.4588889
    },
    {
      "cityName": "Long Thanh",
      "lat": 10.2833333,
      "lng": 106.45
    },
    {
      "cityName": "Luong Thanh",
      "lat": 10.2166667,
      "lng": 106.4333333
    },
    {
      "cityName": "Mo Cay",
      "lat": 10.1333333,
      "lng": 106.3333333
    },
    {
      "cityName": "Phong Dien",
      "lat": 9.9725,
      "lng": 106.4766667
    },
    {
      "cityName": "Phong",
      "lat": 9.8247222,
      "lng": 106.6033333
    },
    {
      "cityName": "Phu Nhuan",
      "lat": 10.2,
      "lng": 106.3666667
    },
    {
      "cityName": "Phuoc",
      "lat": 9.8380556,
      "lng": 106.6069444
    },
    {
      "cityName": "Tan Dien",
      "lat": 9.95,
      "lng": 106.4672222
    },
    {
      "cityName": "Tan Loi",
      "lat": 10.2833333,
      "lng": 106.2
    },
    {
      "cityName": "Thanh Thoi",
      "lat": 9.9766667,
      "lng": 106.5352778
    },
    {
      "cityName": "Thanh Trieu",
      "lat": 10.2833333,
      "lng": 106.2666667
    },
    {
      "cityName": "Thua Duc",
      "lat": 10.1666667,
      "lng": 106.7666667
    },
    {
      "cityName": "Thu",
      "lat": 9.9119444,
      "lng": 106.6072222
    },
    {
      "cityName": "Xom Bao Goc",
      "lat": 10.1833333,
      "lng": 106.5333333
    },
    {
      "cityName": "Xóm Bình Nguyên",
      "lat": 10.25,
      "lng": 106.3666667
    },
    {
      "cityName": "Xóm Cái Bè Sâu",
      "lat": 10.1166667,
      "lng": 106.3833333
    },
    {
      "cityName": "Xom Cho Cu",
      "lat": 10.0666667,
      "lng": 106.55
    },
    {
      "cityName": "Xom Choi",
      "lat": 10.1333333,
      "lng": 106.4333333
    },
    {
      "cityName": "Xom Con Kem",
      "lat": 10.1,
      "lng": 106.7
    },
    {
      "cityName": "Xóm Cù Lao",
      "lat": 10.1666667,
      "lng": 106.6166667
    },
    {
      "cityName": "Xom Dam",
      "lat": 10.0833333,
      "lng": 106.6333333
    },
    {
      "cityName": "Xóm Ðáy",
      "lat": 10.15,
      "lng": 106.7833333
    },
    {
      "cityName": "Xom Giong Ba Tang",
      "lat": 10.0166667,
      "lng": 106.6333333
    },
    {
      "cityName": "Xom Giong Ca",
      "lat": 10.1333333,
      "lng": 106.7666667
    },
    {
      "cityName": "Xom Giong Chua",
      "lat": 9.9030556,
      "lng": 106.6097222
    },
    {
      "cityName": "Xom Giong Cu",
      "lat": 10.05,
      "lng": 106.7333333
    },
    {
      "cityName": "Xom Giong Giai",
      "lat": 10.05,
      "lng": 106.6
    },
    {
      "cityName": "Xom Giong Gia",
      "lat": 10.0333333,
      "lng": 106.6333333
    },
    {
      "cityName": "Xom Giong Gieng",
      "lat": 10.0833333,
      "lng": 106.6833333
    },
    {
      "cityName": "Xom Giong Mieu",
      "lat": 10.0666667,
      "lng": 106.6166667
    },
    {
      "cityName": "Xom Giong Mu U",
      "lat": 10.0833333,
      "lng": 106.6666667
    },
    {
      "cityName": "Xom Giong Ong Neo",
      "lat": 10.1333333,
      "lng": 106.7
    },
    {
      "cityName": "Xom Giong Tram",
      "lat": 10.0833333,
      "lng": 106.5666667
    },
    {
      "cityName": "Xom Go Moi",
      "lat": 10.2,
      "lng": 106.65
    },
    {
      "cityName": "Xom Kien Vang",
      "lat": 10.2,
      "lng": 106.6
    },
    {
      "cityName": "Xom Kinh Rach Rop",
      "lat": 10.15,
      "lng": 106.5666667
    },
    {
      "cityName": "Xóm Kính",
      "lat": 10.25,
      "lng": 106.4333333
    },
    {
      "cityName": "Xóm Lá Ðang",
      "lat": 10.1333333,
      "lng": 106.6
    },
    {
      "cityName": "Xóm Lâm Ðô",
      "lat": 10.0666667,
      "lng": 106.5833333
    },
    {
      "cityName": "Xom Nha Tho",
      "lat": 10.1833333,
      "lng": 106.5833333
    },
    {
      "cityName": "Xom Ray",
      "lat": 10.0833333,
      "lng": 106.3333333
    },
    {
      "cityName": "Xóm Sân Cát",
      "lat": 10.0833333,
      "lng": 106.55
    },
    {
      "cityName": "Xom Thu Ba Lai",
      "lat": 10.1,
      "lng": 106.6833333
    },
    {
      "cityName": "Xóm Tiêm",
      "lat": 10.0333333,
      "lng": 106.7
    }
  ]
}