{
  "name": "Long An",
  "cities": [
    {
      "cityName": "An Nhut Tan",
      "lat": 10.5666667,
      "lng": 106.5333333
    },
    {
      "cityName": "An Ninh",
      "lat": 10.9833333,
      "lng": 106.2833333
    },
    {
      "cityName": "An Phú",
      "lat": 10.85,
      "lng": 105.0833333
    },
    {
      "cityName": "An Thanh",
      "lat": 10.6666667,
      "lng": 106.4666667
    },
    {
      "cityName": "Ap An Hiep",
      "lat": 10.9666667,
      "lng": 106.3333333
    },
    {
      "cityName": "Ap An Hung",
      "lat": 10.9833333,
      "lng": 106.35
    },
    {
      "cityName": "Ap An Lai",
      "lat": 10.5833333,
      "lng": 106.4833333
    },
    {
      "cityName": "Ap An Thanh",
      "lat": 10.9666667,
      "lng": 106.2833333
    },
    {
      "cityName": "Ap An Thuan Thuong",
      "lat": 10.5833333,
      "lng": 106.55
    },
    {
      "cityName": "Ap Ba",
      "lat": 10.6333333,
      "lng": 106.4666667
    },
    {
      "cityName": "Ap Bac",
      "lat": 10.55,
      "lng": 106.6833333
    },
    {
      "cityName": "Ap Bac Chan",
      "lat": 10.7833333,
      "lng": 105.9166667
    },
    {
      "cityName": "Ap Bac Dong",
      "lat": 10.5833333,
      "lng": 106.35
    },
    {
      "cityName": "Ap Bai Bon",
      "lat": 10.6,
      "lng": 106.3333333
    },
    {
      "cityName": "Ap Ba Lap",
      "lat": 10.6166667,
      "lng": 106.4833333
    },
    {
      "cityName": "Ap Ba Nho",
      "lat": 10.4833333,
      "lng": 106.6
    },
    {
      "cityName": "Ap Bao Cua",
      "lat": 10.8666667,
      "lng": 106.4
    },
    {
      "cityName": "Ap Bao Trai",
      "lat": 10.8833333,
      "lng": 106.4
    },
    {
      "cityName": "Ap Ba Quan",
      "lat": 10.7166667,
      "lng": 105.9833333
    },
    {
      "cityName": "Ap Bau Bien",
      "lat": 10.95,
      "lng": 105.8
    },
    {
      "cityName": "Ap Bau Nau",
      "lat": 10.9166667,
      "lng": 105.7666667
    },
    {
      "cityName": "Ap Bau Rong",
      "lat": 10.9333333,
      "lng": 105.7833333
    },
    {
      "cityName": "Ap Ben Thang",
      "lat": 10.9333333,
      "lng": 106.3333333
    },
    {
      "cityName": "Ap Ben Tram",
      "lat": 10.85,
      "lng": 105.85
    },
    {
      "cityName": "Ap Ben Xoai",
      "lat": 10.9,
      "lng": 105.95
    },
    {
      "cityName": "Ap Binh An",
      "lat": 10.4833333,
      "lng": 106.4666667
    },
    {
      "cityName": "Ap Binh Chau",
      "lat": 10.85,
      "lng": 105.8333333
    },
    {
      "cityName": "Ap Binh Dien",
      "lat": 10.5333333,
      "lng": 106.4833333
    },
    {
      "cityName": "Ap Binh Dong",
      "lat": 10.6666667,
      "lng": 106.4166667
    },
    {
      "cityName": "Ap Binh Duc",
      "lat": 10.5166667,
      "lng": 106.4833333
    },
    {
      "cityName": "Ap Binh Hoa",
      "lat": 10.8,
      "lng": 106.3833333
    },
    {
      "cityName": "Ap Binh Huu",
      "lat": 10.8333333,
      "lng": 106.4666667
    },
    {
      "cityName": "Ap Binh Khuong",
      "lat": 10.4666667,
      "lng": 106.5666667
    },
    {
      "cityName": "Ap Binh Loi",
      "lat": 10.4666667,
      "lng": 106.55
    },
    {
      "cityName": "Ap Binh Luong Dong",
      "lat": 10.5833333,
      "lng": 106.3833333
    },
    {
      "cityName": "Ap Binh Phu",
      "lat": 10.4666667,
      "lng": 106.45
    },
    {
      "cityName": "Ap Binh Phuoc",
      "lat": 10.4666667,
      "lng": 106.4833333
    },
    {
      "cityName": "Ap Binh Quang",
      "lat": 10.5166667,
      "lng": 106.4
    },
    {
      "cityName": "Ap Binh Thanh",
      "lat": 10.4666667,
      "lng": 106.4666667
    },
    {
      "cityName": "Ap Binh Thi",
      "lat": 10.8166667,
      "lng": 106.45
    },
    {
      "cityName": "Ap Binh Thoi",
      "lat": 10.4833333,
      "lng": 106.5666667
    },
    {
      "cityName": "Ap Binh Thuan",
      "lat": 10.4833333,
      "lng": 106.55
    },
    {
      "cityName": "Ap Binh Thuy",
      "lat": 10.8333333,
      "lng": 106.5
    },
    {
      "cityName": "Ap Binh Tri",
      "lat": 10.4333333,
      "lng": 106.5666667
    },
    {
      "cityName": "Ap Binh Truong Tay",
      "lat": 10.5666667,
      "lng": 106.4666667
    },
    {
      "cityName": "Ap Binh Yen",
      "lat": 10.5333333,
      "lng": 106.4
    },
    {
      "cityName": "Ap Ca Cac",
      "lat": 10.8166667,
      "lng": 105.7666667
    },
    {
      "cityName": "Ap Ca Goc",
      "lat": 10.8333333,
      "lng": 105.6833333
    },
    {
      "cityName": "Ap Ca Hoan",
      "lat": 10.7166667,
      "lng": 105.9666667
    },
    {
      "cityName": "Ap Cai Goc",
      "lat": 10.85,
      "lng": 105.7
    },
    {
      "cityName": "Ap Cai Mon",
      "lat": 10.8333333,
      "lng": 105.7333333
    },
    {
      "cityName": "Ap Cai Sach",
      "lat": 10.8,
      "lng": 105.7833333
    },
    {
      "cityName": "Ap Ca Na",
      "lat": 10.8166667,
      "lng": 105.8
    },
    {
      "cityName": "Ap Can De",
      "lat": 10.8166667,
      "lng": 106.35
    },
    {
      "cityName": "Ap Ca Nga",
      "lat": 10.8166667,
      "lng": 105.75
    },
    {
      "cityName": "Ap Ca Quan",
      "lat": 10.7,
      "lng": 106
    },
    {
      "cityName": "Ap Ca Rung",
      "lat": 10.8,
      "lng": 105.8333333
    },
    {
      "cityName": "Ap Cau Sen",
      "lat": 10.7833333,
      "lng": 105.8
    },
    {
      "cityName": "Ap Cau Xay",
      "lat": 10.5166667,
      "lng": 106.6333333
    },
    {
      "cityName": "Ap Cay Cam",
      "lat": 10.85,
      "lng": 105.9833333
    },
    {
      "cityName": "Ap Chanh",
      "lat": 10.9,
      "lng": 106.3666667
    },
    {
      "cityName": "Ap Chanh Tuong",
      "lat": 10.5666667,
      "lng": 106.6
    },
    {
      "cityName": "Ap Chinh Hoa",
      "lat": 10.7666667,
      "lng": 106.4166667
    },
    {
      "cityName": "Ap Choi Moi",
      "lat": 10.9666667,
      "lng": 106.2166667
    },
    {
      "cityName": "Ap Cu Lao Tre",
      "lat": 10.95,
      "lng": 106.3833333
    },
    {
      "cityName": "Ap Dao",
      "lat": 10.9,
      "lng": 106.3166667
    },
    {
      "cityName": "Ap Dinh",
      "lat": 10.6,
      "lng": 106.5166667
    },
    {
      "cityName": "Ap Dong An",
      "lat": 10.5666667,
      "lng": 106.6833333
    },
    {
      "cityName": "Ap Dong",
      "lat": 10.4833333,
      "lng": 106.6666667
    },
    {
      "cityName": "Ap Dong Hoa",
      "lat": 10.9166667,
      "lng": 106.3
    },
    {
      "cityName": "Ap Dua",
      "lat": 10.8166667,
      "lng": 106.3833333
    },
    {
      "cityName": "Ap Gia Hoi",
      "lat": 10.4333333,
      "lng": 106.4833333
    },
    {
      "cityName": "Ap Giong Trom",
      "lat": 10.9333333,
      "lng": 106.2833333
    },
    {
      "cityName": "Ap Go Bau",
      "lat": 10.6,
      "lng": 106.7166667
    },
    {
      "cityName": "Ap Go Cao",
      "lat": 10.8833333,
      "lng": 106.4166667
    },
    {
      "cityName": "Ap Go Dua",
      "lat": 10.8,
      "lng": 105.9333333
    },
    {
      "cityName": "Ap Go Gon",
      "lat": 10.9,
      "lng": 105.6
    },
    {
      "cityName": "Ap Go Sao",
      "lat": 10.9166667,
      "lng": 106.3833333
    },
    {
      "cityName": "Ap Go Vo",
      "lat": 10.8,
      "lng": 105.95
    },
    {
      "cityName": "Ap Hoa An",
      "lat": 10.5666667,
      "lng": 106.3333333
    },
    {
      "cityName": "Ap Hoa",
      "lat": 10.5333333,
      "lng": 106.0833333
    },
    {
      "cityName": "Ap Hoa Lac",
      "lat": 10.6166667,
      "lng": 106.35
    },
    {
      "cityName": "Ap Hoa Qui",
      "lat": 10.45,
      "lng": 106.6
    },
    {
      "cityName": "Ap Hoi Ngai",
      "lat": 10.6666667,
      "lng": 106.2666667
    },
    {
      "cityName": "Ap Ke My",
      "lat": 10.5833333,
      "lng": 106.65
    },
    {
      "cityName": "Ap Kinh Bac Dong",
      "lat": 10.5833333,
      "lng": 106.3333333
    },
    {
      "cityName": "Ap Kinh Cung",
      "lat": 10.6166667,
      "lng": 105.9
    },
    {
      "cityName": "Ap Lap Dien",
      "lat": 10.9333333,
      "lng": 106.4166667
    },
    {
      "cityName": "Ap Loc Bich",
      "lat": 10.9833333,
      "lng": 106.3166667
    },
    {
      "cityName": "Ap Loc Tien",
      "lat": 10.6,
      "lng": 106.6166667
    },
    {
      "cityName": "Ap Lo Gach",
      "lat": 10.9333333,
      "lng": 105.7666667
    },
    {
      "cityName": "Ap Long Hoa",
      "lat": 10.5833333,
      "lng": 106.5833333
    },
    {
      "cityName": "Ap Long Khot",
      "lat": 10.9166667,
      "lng": 105.85
    },
    {
      "cityName": "Ap Long My",
      "lat": 10.55,
      "lng": 106.6166667
    },
    {
      "cityName": "Ap Long Ninh",
      "lat": 10.5,
      "lng": 106.7166667
    },
    {
      "cityName": "Ap Long Phu",
      "lat": 10.6166667,
      "lng": 106.65
    },
    {
      "cityName": "Ap Long Thoi",
      "lat": 10.6333333,
      "lng": 106.5833333
    },
    {
      "cityName": "Ap Moi",
      "lat": 10.6833333,
      "lng": 106.1
    },
    {
      "cityName": "Ap My Hanh",
      "lat": 10.6,
      "lng": 106.6333333
    },
    {
      "cityName": "Ap My Hoa",
      "lat": 10.6166667,
      "lng": 106.3166667
    },
    {
      "cityName": "Ap My Loi",
      "lat": 10.9,
      "lng": 106.2333333
    },
    {
      "cityName": "Ap My Thanh",
      "lat": 10.5333333,
      "lng": 105.9
    },
    {
      "cityName": "Ap My Thuan",
      "lat": 10.65,
      "lng": 106.2833333
    },
    {
      "cityName": "Ap Nam",
      "lat": 10.5333333,
      "lng": 106.6833333
    },
    {
      "cityName": "Ap Nga Dai",
      "lat": 10.5333333,
      "lng": 106.6333333
    },
    {
      "cityName": "Ap Nha Ong",
      "lat": 10.8166667,
      "lng": 105.8833333
    },
    {
      "cityName": "Ap Nhi",
      "lat": 10.4833333,
      "lng": 106.5833333
    },
    {
      "cityName": "Ap Nhon Hoa",
      "lat": 10.55,
      "lng": 106.4333333
    },
    {
      "cityName": "Ap Phong Hoa",
      "lat": 10.7,
      "lng": 106.1333333
    },
    {
      "cityName": "Ap Phu Khuong",
      "lat": 10.4833333,
      "lng": 106.4333333
    },
    {
      "cityName": "Ap Phuoc Hung",
      "lat": 10.5333333,
      "lng": 106.5333333
    },
    {
      "cityName": "Ap Phuoc Hung Trung",
      "lat": 10.6,
      "lng": 106.5666667
    },
    {
      "cityName": "Ap Phuoc My",
      "lat": 10.9666667,
      "lng": 106.15
    },
    {
      "cityName": "Ap Phuoc Thoi",
      "lat": 10.6166667,
      "lng": 106.6833333
    },
    {
      "cityName": "Ap Phuoc Thuan",
      "lat": 10.5833333,
      "lng": 106.6166667
    },
    {
      "cityName": "Ap Phuoc Tu",
      "lat": 10.5833333,
      "lng": 106.6833333
    },
    {
      "cityName": "Ap Phuoc Tuong",
      "lat": 10.5333333,
      "lng": 106.5666667
    },
    {
      "cityName": "Ap Phuoc Tuy",
      "lat": 10.5166667,
      "lng": 106.6
    },
    {
      "cityName": "Ap Phuoc Vinh",
      "lat": 10.6166667,
      "lng": 106.5833333
    },
    {
      "cityName": "Ap Quan Long",
      "lat": 10.5666667,
      "lng": 106.6666667
    },
    {
      "cityName": "Ap Rach Gau",
      "lat": 10.7833333,
      "lng": 106.4166667
    },
    {
      "cityName": "Ap Rach Nhum",
      "lat": 10.9,
      "lng": 106.3333333
    },
    {
      "cityName": "Ap Rung Dau",
      "lat": 10.9333333,
      "lng": 106.3666667
    },
    {
      "cityName": "Ap Rung Tre",
      "lat": 10.95,
      "lng": 106.3333333
    },
    {
      "cityName": "Ap So Do",
      "lat": 10.75,
      "lng": 105.8833333
    },
    {
      "cityName": "Ap Song Tra",
      "lat": 10.7833333,
      "lng": 106.4333333
    },
    {
      "cityName": "Ap Tan Chanh",
      "lat": 10.5666667,
      "lng": 106.0166667
    },
    {
      "cityName": "Ap Tan Dai",
      "lat": 10.5166667,
      "lng": 106.7166667
    },
    {
      "cityName": "Ap Tan Dong",
      "lat": 10.5333333,
      "lng": 106.7
    },
    {
      "cityName": "Ap Tan Hoa",
      "lat": 10.5,
      "lng": 106.6833333
    },
    {
      "cityName": "Ap Tan Hoi",
      "lat": 10.55,
      "lng": 106.7
    },
    {
      "cityName": "Ap Tan Long",
      "lat": 10.5666667,
      "lng": 105.95
    },
    {
      "cityName": "Ap Tan Nho",
      "lat": 10.4833333,
      "lng": 106.5
    },
    {
      "cityName": "Ap Tan Phu",
      "lat": 10.7,
      "lng": 106.5166667
    },
    {
      "cityName": "Ap Tan Qui",
      "lat": 10.5666667,
      "lng": 105.9333333
    },
    {
      "cityName": "Ap Tan Thanh",
      "lat": 10.5166667,
      "lng": 106.5166667
    },
    {
      "cityName": "Ap Tan Tien",
      "lat": 10.5333333,
      "lng": 106.0166667
    },
    {
      "cityName": "Ap Tao Lot",
      "lat": 10.8333333,
      "lng": 106
    },
    {
      "cityName": "Ap Tay",
      "lat": 10.4666667,
      "lng": 106.6833333
    },
    {
      "cityName": "Ap Thai Binh",
      "lat": 10.8333333,
      "lng": 105.8833333
    },
    {
      "cityName": "Ap Thanh Binh",
      "lat": 10.4333333,
      "lng": 106.5333333
    },
    {
      "cityName": "Ap Thanh Long",
      "lat": 10.5333333,
      "lng": 105.9666667
    },
    {
      "cityName": "Ap Thanh Nhut",
      "lat": 10.7,
      "lng": 106.4166667
    },
    {
      "cityName": "Ap Tho Cang",
      "lat": 10.5666667,
      "lng": 106.4333333
    },
    {
      "cityName": "Ap Tho Mo",
      "lat": 10.8333333,
      "lng": 106.4166667
    },
    {
      "cityName": "Ap Trach Thuan",
      "lat": 10.5666667,
      "lng": 106.5666667
    },
    {
      "cityName": "Ap Trung",
      "lat": 10.4833333,
      "lng": 106.6833333
    },
    {
      "cityName": "Ap Tuyen Binh",
      "lat": 10.8166667,
      "lng": 105.8666667
    },
    {
      "cityName": "Ap Tuyen Thanh",
      "lat": 10.7666667,
      "lng": 105.9
    },
    {
      "cityName": "Ap Vinh Hoi",
      "lat": 10.7166667,
      "lng": 106.4333333
    },
    {
      "cityName": "Ap Vinh Loc",
      "lat": 10.6,
      "lng": 106.7
    },
    {
      "cityName": "Ap Vinh Thanh",
      "lat": 10.5,
      "lng": 106.4666667
    },
    {
      "cityName": "Ap Xom Chau",
      "lat": 10.6166667,
      "lng": 106.4333333
    },
    {
      "cityName": "Ap Xom Moi",
      "lat": 10.7666667,
      "lng": 105.9666667
    },
    {
      "cityName": "Ap Xuan Hoa",
      "lat": 10.4166667,
      "lng": 106.5666667
    },
    {
      "cityName": "Ap Xuan Sanh",
      "lat": 10.5333333,
      "lng": 106.3666667
    },
    {
      "cityName": "Bà Cát",
      "lat": 10.85,
      "lng": 106.3333333
    },
    {
      "cityName": "Bào Canh Na",
      "lat": 10.8666667,
      "lng": 106.4333333
    },
    {
      "cityName": "Ba Thu",
      "lat": 10.8833333,
      "lng": 106.1666667
    },
    {
      "cityName": "Ben Luc",
      "lat": 10.65,
      "lng": 106.4833333
    },
    {
      "cityName": "Binh Hiep",
      "lat": 10.8333333,
      "lng": 105.9333333
    },
    {
      "cityName": "Bình Hòa",
      "lat": 10.85,
      "lng": 106.3166667
    },
    {
      "cityName": "Bình Hòa Thôn",
      "lat": 10.8,
      "lng": 105.9833333
    },
    {
      "cityName": "Binh Nhut",
      "lat": 10.6,
      "lng": 106.45
    },
    {
      "cityName": "Binh Ninh",
      "lat": 10.4833333,
      "lng": 106.5333333
    },
    {
      "cityName": "Binh Phuoc",
      "lat": 10.45,
      "lng": 106.4666667
    },
    {
      "cityName": "Bình Thanh",
      "lat": 10.85,
      "lng": 106.2833333
    },
    {
      "cityName": "Bình Thành Thôn",
      "lat": 10.9,
      "lng": 105.8
    },
    {
      "cityName": "Bình Thi",
      "lat": 10.8666667,
      "lng": 106.35
    },
    {
      "cityName": "Bình Xuân",
      "lat": 10.55,
      "lng": 106.4
    },
    {
      "cityName": "Can Den",
      "lat": 10.9833333,
      "lng": 105.6666667
    },
    {
      "cityName": "Can Duoc",
      "lat": 10.5,
      "lng": 106.6
    },
    {
      "cityName": "Can Gioc",
      "lat": 10.6166667,
      "lng": 106.6666667
    },
    {
      "cityName": "Cho Giua",
      "lat": 10.7166667,
      "lng": 106.5333333
    },
    {
      "cityName": "Cho Ky Son",
      "lat": 10.5166667,
      "lng": 106.4666667
    },
    {
      "cityName": "Cho Thu Thua",
      "lat": 10.6,
      "lng": 106.4
    },
    {
      "cityName": "Cho Tram",
      "lat": 10.55,
      "lng": 106.6333333
    },
    {
      "cityName": "Da Dien",
      "lat": 10.7,
      "lng": 106.0666667
    },
    {
      "cityName": "Dinh Dien Quang Huu",
      "lat": 10.8,
      "lng": 105.9666667
    },
    {
      "cityName": "Doi Bao Ho",
      "lat": 10.8833333,
      "lng": 106.2333333
    },
    {
      "cityName": "Ðôi Bào Voi",
      "lat": 10.8166667,
      "lng": 106.1833333
    },
    {
      "cityName": "Duc Hanh",
      "lat": 10.9166667,
      "lng": 106.4333333
    },
    {
      "cityName": "Duc Hoa",
      "lat": 10.7666667,
      "lng": 106.5
    },
    {
      "cityName": "Duc Hue",
      "lat": 10.9333333,
      "lng": 106.2166667
    },
    {
      "cityName": "Duc Lap",
      "lat": 10.9166667,
      "lng": 106.4166667
    },
    {
      "cityName": "Giong A Rac",
      "lat": 10.8833333,
      "lng": 106.2833333
    },
    {
      "cityName": "Giong Be",
      "lat": 10.9166667,
      "lng": 106.25
    },
    {
      "cityName": "Giong Binh",
      "lat": 10.5166667,
      "lng": 106.3833333
    },
    {
      "cityName": "Giong Lon",
      "lat": 10.8333333,
      "lng": 106.3
    },
    {
      "cityName": "Giong Luc",
      "lat": 10.85,
      "lng": 106.1833333
    },
    {
      "cityName": "Giong Manh Manh",
      "lat": 10.8166667,
      "lng": 106.2666667
    },
    {
      "cityName": "Giong Mat Cat",
      "lat": 10.8333333,
      "lng": 106.25
    },
    {
      "cityName": "Giong Sang Ma",
      "lat": 10.8833333,
      "lng": 106.2166667
    },
    {
      "cityName": "Giong Tho Dia",
      "lat": 10.9333333,
      "lng": 106.25
    },
    {
      "cityName": "Giong Tram Rap Bay",
      "lat": 10.85,
      "lng": 106.2166667
    },
    {
      "cityName": "Gò Bác Bung",
      "lat": 10.6666667,
      "lng": 105.8666667
    },
    {
      "cityName": "Go Bac Chien",
      "lat": 10.7666667,
      "lng": 105.9333333
    },
    {
      "cityName": "Gò Bác Ky",
      "lat": 10.7166667,
      "lng": 105.9166667
    },
    {
      "cityName": "Gò Cô Bê",
      "lat": 10.6833333,
      "lng": 105.85
    },
    {
      "cityName": "Hòa Khánh",
      "lat": 10.8833333,
      "lng": 106.3833333
    },
    {
      "cityName": "Huong Viet Can",
      "lat": 10.7833333,
      "lng": 106.5166667
    },
    {
      "cityName": "Kien Binh",
      "lat": 10.6166667,
      "lng": 106.05
    },
    {
      "cityName": "Kinh Xang",
      "lat": 10.7833333,
      "lng": 106.45
    },
    {
      "cityName": "Loc Giang",
      "lat": 11,
      "lng": 106.3166667
    },
    {
      "cityName": "Loc Hoa",
      "lat": 11.0166667,
      "lng": 106.3
    },
    {
      "cityName": "Long Khê",
      "lat": 10.6166667,
      "lng": 106.55
    },
    {
      "cityName": "Long Thanh",
      "lat": 10.7333333,
      "lng": 106.2333333
    },
    {
      "cityName": "Luong Hoa",
      "lat": 10.7333333,
      "lng": 106.4333333
    },
    {
      "cityName": "My An Phu",
      "lat": 10.5833333,
      "lng": 106.3666667
    },
    {
      "cityName": "My Binh",
      "lat": 10.5833333,
      "lng": 106.45
    },
    {
      "cityName": "My Hanh",
      "lat": 10.8666667,
      "lng": 106.5
    },
    {
      "cityName": "My Hoa",
      "lat": 10.8666667,
      "lng": 106.3
    },
    {
      "cityName": "My Loi",
      "lat": 10.9166667,
      "lng": 106.1666667
    },
    {
      "cityName": "My Qui",
      "lat": 10.9666667,
      "lng": 106.2666667
    },
    {
      "cityName": "My Thanh Dong",
      "lat": 10.8666667,
      "lng": 106.3166667
    },
    {
      "cityName": "My Yen",
      "lat": 10.6333333,
      "lng": 106.5333333
    },
    {
      "cityName": "Nga Cay",
      "lat": 10.6666667,
      "lng": 106.2
    },
    {
      "cityName": "Nhon Hoa",
      "lat": 10.6833333,
      "lng": 105.7833333
    },
    {
      "cityName": "Nhon Ninh",
      "lat": 10.5833333,
      "lng": 105.9833333
    },
    {
      "cityName": "Phnom Sema Chum",
      "lat": 10.9833333,
      "lng": 105.7333333
    },
    {
      "cityName": "Phong Phú",
      "lat": 10.7333333,
      "lng": 106.15
    },
    {
      "cityName": "Phum Ô Mékông",
      "lat": 11,
      "lng": 105.7
    },
    {
      "cityName": "Phum Tuol Cacan Dol",
      "lat": 10.9666667,
      "lng": 105.7166667
    },
    {
      "cityName": "Phuoc Dong",
      "lat": 10.4833333,
      "lng": 106.6166667
    },
    {
      "cityName": "Phuoc Van",
      "lat": 10.6166667,
      "lng": 106.5166667
    },
    {
      "cityName": "Quéo Ba",
      "lat": 10.9166667,
      "lng": 106.2166667
    },
    {
      "cityName": "Tan Am",
      "lat": 10.5333333,
      "lng": 106.4166667
    },
    {
      "cityName": "Tan Buu",
      "lat": 10.6833333,
      "lng": 106.5166667
    },
    {
      "cityName": "Tân Hòa Ðông",
      "lat": 10.5666667,
      "lng": 106.3666667
    },
    {
      "cityName": "Tân Minh",
      "lat": 10.55,
      "lng": 106.5166667
    },
    {
      "cityName": "Tao Lot",
      "lat": 10.8166667,
      "lng": 106.0166667
    },
    {
      "cityName": "Thanh Hoa",
      "lat": 10.7333333,
      "lng": 106
    },
    {
      "cityName": "Thanh Loi",
      "lat": 10.7666667,
      "lng": 106.4
    },
    {
      "cityName": "Thay Tro",
      "lat": 10.5833333,
      "lng": 105.9333333
    },
    {
      "cityName": "Thi Dong",
      "lat": 10.65,
      "lng": 106.2166667
    },
    {
      "cityName": "Thon Long",
      "lat": 10.45,
      "lng": 106.5333333
    },
    {
      "cityName": "Tuyen Nhon",
      "lat": 10.6666667,
      "lng": 106.1833333
    },
    {
      "cityName": "Tuyen Thanh",
      "lat": 10.65,
      "lng": 105.8333333
    },
    {
      "cityName": "Vinh Loi",
      "lat": 10.7333333,
      "lng": 105.8
    },
    {
      "cityName": "Vinh Tr",
      "lat": 10.8666667,
      "lng": 105.7333333
    },
    {
      "cityName": "Xa Bay",
      "lat": 10.5166667,
      "lng": 106.5666667
    },
    {
      "cityName": "Xóm Ba Cây",
      "lat": 10.5333333,
      "lng": 106.5833333
    },
    {
      "cityName": "Xom Bac Dong",
      "lat": 10.6,
      "lng": 106.1
    },
    {
      "cityName": "Xóm Bà Giãi",
      "lat": 10.65,
      "lng": 106.2666667
    },
    {
      "cityName": "Xóm Bái Gi",
      "lat": 10.6333333,
      "lng": 106.3333333
    },
    {
      "cityName": "Xóm Bà Mía",
      "lat": 10.6333333,
      "lng": 106.3166667
    },
    {
      "cityName": "Xom Bang Lang",
      "lat": 10.55,
      "lng": 105.95
    },
    {
      "cityName": "Xóm Bào Thâm",
      "lat": 10.9666667,
      "lng": 106.3166667
    },
    {
      "cityName": "Xom Ba Thang Minh",
      "lat": 10.7333333,
      "lng": 106.05
    },
    {
      "cityName": "Xóm Bà Xây",
      "lat": 10.6666667,
      "lng": 106.2333333
    },
    {
      "cityName": "Xóm Bình Doãn",
      "lat": 10.75,
      "lng": 105.9666667
    },
    {
      "cityName": "Xom Cai Dua",
      "lat": 10.7333333,
      "lng": 106.0166667
    },
    {
      "cityName": "Xom Cai No",
      "lat": 10.7166667,
      "lng": 106.0333333
    },
    {
      "cityName": "Xom Can",
      "lat": 10.45,
      "lng": 106.5166667
    },
    {
      "cityName": "Xom Cau Noi",
      "lat": 10.4666667,
      "lng": 106.6166667
    },
    {
      "cityName": "Xóm Cây Da",
      "lat": 10.5666667,
      "lng": 106.3833333
    },
    {
      "cityName": "Xom Cay Sop",
      "lat": 10.4166667,
      "lng": 106.45
    },
    {
      "cityName": "Xom Dao",
      "lat": 10.6333333,
      "lng": 106.4333333
    },
    {
      "cityName": "Xom Giong Cam",
      "lat": 10.85,
      "lng": 106.4666667
    },
    {
      "cityName": "Xom Giong Dua",
      "lat": 10.8666667,
      "lng": 106.4666667
    },
    {
      "cityName": "Xom Giong Sen",
      "lat": 10.8833333,
      "lng": 106.4666667
    },
    {
      "cityName": "Xom Hoi Dong Chien",
      "lat": 10.7,
      "lng": 106.1
    },
    {
      "cityName": "Xom Hoi Dong Thien",
      "lat": 10.55,
      "lng": 106.0166667
    },
    {
      "cityName": "Xóm Long Xuân",
      "lat": 10.4333333,
      "lng": 106.4166667
    },
    {
      "cityName": "Xom Muong Ban",
      "lat": 10.4666667,
      "lng": 106.6
    },
    {
      "cityName": "Xom My Dien",
      "lat": 10.45,
      "lng": 106.6666667
    },
    {
      "cityName": "Xom Nhut Cuong",
      "lat": 10.6333333,
      "lng": 106.3
    },
    {
      "cityName": "Xóm Ông Lãnh",
      "lat": 10.4833333,
      "lng": 106.6333333
    },
    {
      "cityName": "Xóm Tân Thành",
      "lat": 10.5666667,
      "lng": 105.9166667
    },
    {
      "cityName": "Xóm Thang",
      "lat": 10.5833333,
      "lng": 106.05
    },
    {
      "cityName": "Xóm Thông Xoài",
      "lat": 10.6833333,
      "lng": 106.1833333
    },
    {
      "cityName": "Xóm Tre",
      "lat": 10.6,
      "lng": 106.0333333
    },
    {
      "cityName": "Xom Truong Toc",
      "lat": 10.95,
      "lng": 106.1666667
    },
    {
      "cityName": "Xuân Hòa",
      "lat": 10.6666667,
      "lng": 106.55
    },
    {
      "cityName": "Xvai Ngnông",
      "lat": 10.9333333,
      "lng": 105.5333333
    }
  ]
}