{
  "name": "North Island - Wellington",
  "cities": [
    {
      "cityName": "Abbotsford",
      "lat": -45.883333,
      "lng": 170.416667
    },
    {
      "cityName": "Ahuiti",
      "lat": -39.633333,
      "lng": 175
    },
    {
      "cityName": "Ahurangi",
      "lat": -39.7,
      "lng": 175.116667
    },
    {
      "cityName": "Akitio",
      "lat": -40.6,
      "lng": 176.416667
    },
    {
      "cityName": "Alfredton",
      "lat": -40.683333,
      "lng": 175.85
    },
    {
      "cityName": "Aohanga",
      "lat": -40.676944,
      "lng": 176.351111
    },
    {
      "cityName": "Aokautere",
      "lat": -40.366667,
      "lng": 175.666667
    },
    {
      "cityName": "Aramoho",
      "lat": -39.916667,
      "lng": 175.05
    },
    {
      "cityName": "Arapito",
      "lat": -41.266667,
      "lng": 172.166667
    },
    {
      "cityName": "Ararata",
      "lat": -39.516667,
      "lng": 174.366667
    },
    {
      "cityName": "Ardlussa",
      "lat": -45.816667,
      "lng": 168.65
    },
    {
      "cityName": "Ashhurst",
      "lat": -40.3,
      "lng": 175.75
    },
    {
      "cityName": "Awahuri",
      "lat": -40.266667,
      "lng": 175.516667
    },
    {
      "cityName": "Awarua",
      "lat": -35.583333,
      "lng": 173.85
    },
    {
      "cityName": "Bainesse",
      "lat": -40.416667,
      "lng": 175.383333
    },
    {
      "cityName": "Balfour",
      "lat": -45.833333,
      "lng": 168.583333
    },
    {
      "cityName": "Ballance",
      "lat": -40.4,
      "lng": 175.8
    },
    {
      "cityName": "Bannockburn",
      "lat": -45.083333,
      "lng": 169.166667
    },
    {
      "cityName": "Belmont",
      "lat": -36.8075,
      "lng": 174.786389
    },
    {
      "cityName": "Benhar",
      "lat": -46.233333,
      "lng": 169.8
    },
    {
      "cityName": "Berhampore",
      "lat": -41.316667,
      "lng": 174.783333
    },
    {
      "cityName": "Bideford",
      "lat": -40.866667,
      "lng": 175.866667
    },
    {
      "cityName": "Birchwood",
      "lat": -45.933333,
      "lng": 167.866667
    },
    {
      "cityName": "Blackpool",
      "lat": -36.788889,
      "lng": 175.014444
    },
    {
      "cityName": "Brightwater",
      "lat": -41.383333,
      "lng": 173.116667
    },
    {
      "cityName": "Brookside",
      "lat": -43.7,
      "lng": 172.3
    },
    {
      "cityName": "Brunswick",
      "lat": -39.85,
      "lng": 175.016667
    },
    {
      "cityName": "Bulls",
      "lat": -40.166667,
      "lng": 175.383333
    },
    {
      "cityName": "Bunnythorpe",
      "lat": -40.283333,
      "lng": 175.633333
    },
    {
      "cityName": "Bush Gully",
      "lat": -41.316667,
      "lng": 175.65
    },
    {
      "cityName": "Carnarvon",
      "lat": -40.283333,
      "lng": 175.316667
    },
    {
      "cityName": "Carswells",
      "lat": -40.933333,
      "lng": 175.916667
    },
    {
      "cityName": "Cashmere",
      "lat": -43.583333,
      "lng": 172.633333
    },
    {
      "cityName": "Castlecliff",
      "lat": -39.95,
      "lng": 174.983333
    },
    {
      "cityName": "Castle Hill",
      "lat": -43.233333,
      "lng": 171.716667
    },
    {
      "cityName": "Castlepoint",
      "lat": -40.9,
      "lng": 176.216667
    },
    {
      "cityName": "Clareville",
      "lat": -41.016667,
      "lng": 175.55
    },
    {
      "cityName": "Cliff Road",
      "lat": -40.066667,
      "lng": 175.416667
    },
    {
      "cityName": "Colyton",
      "lat": -40.233333,
      "lng": 175.65
    },
    {
      "cityName": "Corinth",
      "lat": -39.666667,
      "lng": 175.166667
    },
    {
      "cityName": "Craigieburn",
      "lat": -43.1,
      "lng": 171.866667
    },
    {
      "cityName": "Crofton",
      "lat": -40.1,
      "lng": 175.383333
    },
    {
      "cityName": "Cross Creek",
      "lat": -41.166667,
      "lng": 175.216667
    },
    {
      "cityName": "Cunninghams",
      "lat": -40.083333,
      "lng": 175.65
    },
    {
      "cityName": "Dalefield",
      "lat": -41.05,
      "lng": 175.483333
    },
    {
      "cityName": "Days Bay",
      "lat": -41.266667,
      "lng": 174.916667
    },
    {
      "cityName": "Edendale",
      "lat": -46.316667,
      "lng": 168.783333
    },
    {
      "cityName": "Ellesmere",
      "lat": -43.683333,
      "lng": 172.366667
    },
    {
      "cityName": "Erehwon",
      "lat": -39.516667,
      "lng": 175.966667
    },
    {
      "cityName": "Erua",
      "lat": -39.233333,
      "lng": 175.4
    },
    {
      "cityName": "Fairlie",
      "lat": -44.1,
      "lng": 170.833333
    },
    {
      "cityName": "Fordell",
      "lat": -39.966667,
      "lng": 175.2
    },
    {
      "cityName": "Foxton Beach",
      "lat": -40.466667,
      "lng": 175.216667
    },
    {
      "cityName": "Galloway",
      "lat": -45.216667,
      "lng": 169.45
    },
    {
      "cityName": "Gladstone",
      "lat": -41.083333,
      "lng": 175.65
    },
    {
      "cityName": "Glen Eden",
      "lat": -36.916667,
      "lng": 174.65
    },
    {
      "cityName": "Glen Oroua",
      "lat": -40.333333,
      "lng": 175.4
    },
    {
      "cityName": "Gracefield",
      "lat": -41.233333,
      "lng": 174.916667
    },
    {
      "cityName": "Greatford",
      "lat": -40.133333,
      "lng": 175.416667
    },
    {
      "cityName": "Greenhills",
      "lat": -46.55,
      "lng": 168.3
    },
    {
      "cityName": "Half-moon Bay",
      "lat": -46.9,
      "lng": 168.133333
    },
    {
      "cityName": "Hastwell",
      "lat": -40.716667,
      "lng": 175.7
    },
    {
      "cityName": "Hataitai",
      "lat": -41.3,
      "lng": 174.8
    },
    {
      "cityName": "Haywards",
      "lat": -41.15,
      "lng": 174.983333
    },
    {
      "cityName": "Heretaunga",
      "lat": -41.15,
      "lng": 175.033333
    },
    {
      "cityName": "Hihitahi",
      "lat": -39.566667,
      "lng": 175.7
    },
    {
      "cityName": "Hikumutu",
      "lat": -38.95,
      "lng": 175.283333
    },
    {
      "cityName": "Himatangi",
      "lat": -40.4,
      "lng": 175.316667
    },
    {
      "cityName": "Hinakura",
      "lat": -41.3,
      "lng": 175.633333
    },
    {
      "cityName": "Hokio",
      "lat": -40.583333,
      "lng": 175.183333
    },
    {
      "cityName": "Hokonui",
      "lat": -46.116667,
      "lng": 168.483333
    },
    {
      "cityName": "Homedale",
      "lat": -41.266667,
      "lng": 174.95
    },
    {
      "cityName": "Hope",
      "lat": -41.366667,
      "lng": 173.15
    },
    {
      "cityName": "Horopito",
      "lat": -39.35,
      "lng": 175.383333
    },
    {
      "cityName": "Hukapapa",
      "lat": -39.05,
      "lng": 175.383333
    },
    {
      "cityName": "Hunterville",
      "lat": -39.933333,
      "lng": 175.566667
    },
    {
      "cityName": "Jerusalem",
      "lat": -39.55,
      "lng": 175.066667
    },
    {
      "cityName": "Johnsonville",
      "lat": -41.233333,
      "lng": 174.783333
    },
    {
      "cityName": "Judgeford",
      "lat": -41.116667,
      "lng": 174.933333
    },
    {
      "cityName": "Kaihinu",
      "lat": -42.683333,
      "lng": 171.016667
    },
    {
      "cityName": "Kai Iwi Beach",
      "lat": -39.866667,
      "lng": 174.9
    },
    {
      "cityName": "Kai Iwi",
      "lat": -39.85,
      "lng": 174.933333
    },
    {
      "cityName": "Kaikarangi",
      "lat": -39.9,
      "lng": 175.6
    },
    {
      "cityName": "Kairanga",
      "lat": -40.35,
      "lng": 175.533333
    },
    {
      "cityName": "Kaitieke",
      "lat": -39.1,
      "lng": 175.266667
    },
    {
      "cityName": "Kaituna",
      "lat": -41.466667,
      "lng": 173.783333
    },
    {
      "cityName": "Kaiwarawara",
      "lat": -41.266667,
      "lng": 174.783333
    },
    {
      "cityName": "Kakahi",
      "lat": -38.916667,
      "lng": 175.383333
    },
    {
      "cityName": "Kakaramea",
      "lat": -39.716667,
      "lng": 174.45
    },
    {
      "cityName": "Kakatahi",
      "lat": -39.683333,
      "lng": 175.333333
    },
    {
      "cityName": "Kamahi",
      "lat": -46.333333,
      "lng": 168.716667
    },
    {
      "cityName": "Karewarewa",
      "lat": -39.866667,
      "lng": 175.95
    },
    {
      "cityName": "Karioi",
      "lat": -39.45,
      "lng": 175.516667
    },
    {
      "cityName": "Karori",
      "lat": -41.283333,
      "lng": 174.733333
    },
    {
      "cityName": "Kauangaroa",
      "lat": -39.916667,
      "lng": 175.3
    },
    {
      "cityName": "Kauwhata",
      "lat": -37.4,
      "lng": 175.15
    },
    {
      "cityName": "Kelburn",
      "lat": -41.283333,
      "lng": 174.766667
    },
    {
      "cityName": "Khandallah",
      "lat": -41.25,
      "lng": 174.783333
    },
    {
      "cityName": "Kilbirnie",
      "lat": -41.316667,
      "lng": 174.8
    },
    {
      "cityName": "Kimbolton",
      "lat": -40.05,
      "lng": 175.783333
    },
    {
      "cityName": "Kingston",
      "lat": -45.333333,
      "lng": 168.7
    },
    {
      "cityName": "Kirikau",
      "lat": -39.016667,
      "lng": 175.133333
    },
    {
      "cityName": "Kiwitea",
      "lat": -40.116667,
      "lng": 175.733333
    },
    {
      "cityName": "Kohekohe",
      "lat": -37.183333,
      "lng": 174.65
    },
    {
      "cityName": "Kokakoriki",
      "lat": -39.033333,
      "lng": 175.116667
    },
    {
      "cityName": "Komako",
      "lat": -45.183333,
      "lng": 170.166667
    },
    {
      "cityName": "Kopuaranga",
      "lat": -40.833333,
      "lng": 175.666667
    },
    {
      "cityName": "Koputaroa",
      "lat": -40.583333,
      "lng": 175.333333
    },
    {
      "cityName": "Korokoro",
      "lat": -41.216667,
      "lng": 174.866667
    },
    {
      "cityName": "Kotuku",
      "lat": -42.55,
      "lng": 171.466667
    },
    {
      "cityName": "Laghmor",
      "lat": -43.883333,
      "lng": 171.633333
    },
    {
      "cityName": "Lauder",
      "lat": -45.05,
      "lng": 169.666667
    },
    {
      "cityName": "Lauriston",
      "lat": -43.733333,
      "lng": 171.783333
    },
    {
      "cityName": "Lethbridge",
      "lat": -40.033333,
      "lng": 175.216667
    },
    {
      "cityName": "Levin",
      "lat": -40.633333,
      "lng": 175.275
    },
    {
      "cityName": "Linton",
      "lat": -40.433333,
      "lng": 175.55
    },
    {
      "cityName": "Livingstone",
      "lat": -44.966667,
      "lng": 170.583333
    },
    {
      "cityName": "Lochiel",
      "lat": -46.2,
      "lng": 168.333333
    },
    {
      "cityName": "Longburn",
      "lat": -40.383333,
      "lng": 175.55
    },
    {
      "cityName": "Longbush",
      "lat": -46.383333,
      "lng": 168.5
    },
    {
      "cityName": "Long Gully",
      "lat": -44.916667,
      "lng": 168.683333
    },
    {
      "cityName": "Lower Hutt City",
      "lat": -41.216667,
      "lng": 174.916667
    },
    {
      "cityName": "Maimai",
      "lat": -42.15,
      "lng": 171.75
    },
    {
      "cityName": "Makarewa",
      "lat": -46.333333,
      "lng": 168.35
    },
    {
      "cityName": "Makuri",
      "lat": -40.533333,
      "lng": 176.016667
    },
    {
      "cityName": "Mangamahoe",
      "lat": -40.733333,
      "lng": 175.716667
    },
    {
      "cityName": "Mangamutu",
      "lat": -40.45,
      "lng": 175.8
    },
    {
      "cityName": "Mangaohutu",
      "lat": -39.066667,
      "lng": 175.116667
    },
    {
      "cityName": "Mangaonoho",
      "lat": -39.9,
      "lng": 175.65
    },
    {
      "cityName": "Mangapani",
      "lat": -39.75,
      "lng": 174.833333
    },
    {
      "cityName": "Mangapurua",
      "lat": -39.216667,
      "lng": 175.1
    },
    {
      "cityName": "Mangarata",
      "lat": -41.733333,
      "lng": 172.4
    },
    {
      "cityName": "Mangaroa",
      "lat": -41.116667,
      "lng": 175.116667
    },
    {
      "cityName": "Mangatainoka",
      "lat": -40.433333,
      "lng": 175.866667
    },
    {
      "cityName": "Mangatiti",
      "lat": -40.55,
      "lng": 176.116667
    },
    {
      "cityName": "Mangaweka",
      "lat": -39.8,
      "lng": 175.783333
    },
    {
      "cityName": "Mangawhata",
      "lat": -40.4,
      "lng": 175.433333
    },
    {
      "cityName": "Mangawhio",
      "lat": -39.716667,
      "lng": 174.716667
    },
    {
      "cityName": "Manunui",
      "lat": -38.883333,
      "lng": 175.333333
    },
    {
      "cityName": "Marangai",
      "lat": -35.333333,
      "lng": 173.716667
    },
    {
      "cityName": "Masterton",
      "lat": -40.959722,
      "lng": 175.6575
    },
    {
      "cityName": "Matahiwi Landing",
      "lat": -39.633333,
      "lng": 175.166667
    },
    {
      "cityName": "Matahiwi",
      "lat": -39.6,
      "lng": 175.15
    },
    {
      "cityName": "Matainui",
      "lat": -43.266667,
      "lng": 170.366667
    },
    {
      "cityName": "Matarawa",
      "lat": -41.05,
      "lng": 175.45
    },
    {
      "cityName": "Mataroa",
      "lat": -39.65,
      "lng": 175.733333
    },
    {
      "cityName": "Mauriceville East",
      "lat": -40.783333,
      "lng": 175.7
    },
    {
      "cityName": "Mauriceville West",
      "lat": -40.766667,
      "lng": 175.683333
    },
    {
      "cityName": "Maxwell",
      "lat": -39.816667,
      "lng": 174.866667
    },
    {
      "cityName": "Miramar",
      "lat": -41.316667,
      "lng": 174.816667
    },
    {
      "cityName": "Moawhango",
      "lat": -39.583333,
      "lng": 175.866667
    },
    {
      "cityName": "Moeraki",
      "lat": -45.366667,
      "lng": 170.85
    },
    {
      "cityName": "Mokai",
      "lat": -38.533333,
      "lng": 175.9
    },
    {
      "cityName": "Mokoia",
      "lat": -39.633333,
      "lng": 174.366667
    },
    {
      "cityName": "Momahaki",
      "lat": -39.783333,
      "lng": 174.683333
    },
    {
      "cityName": "Morikau",
      "lat": -39.566667,
      "lng": 175.1
    },
    {
      "cityName": "Mornington",
      "lat": -45.883333,
      "lng": 170.466667
    },
    {
      "cityName": "Morven",
      "lat": -44.833333,
      "lng": 171.116667
    },
    {
      "cityName": "Moutoa",
      "lat": -40.5,
      "lng": 175.383333
    },
    {
      "cityName": "Murimotu",
      "lat": -39.55,
      "lng": 175.683333
    },
    {
      "cityName": "Murumuru",
      "lat": -39.266667,
      "lng": 175.133333
    },
    {
      "cityName": "National Park",
      "lat": -39.183333,
      "lng": 175.4
    },
    {
      "cityName": "Newman",
      "lat": -40.616667,
      "lng": 175.716667
    },
    {
      "cityName": "Ngahauranga",
      "lat": -41.25,
      "lng": 174.816667
    },
    {
      "cityName": "Ngapuke",
      "lat": -38.85,
      "lng": 175.466667
    },
    {
      "cityName": "Ngataki",
      "lat": -34.733333,
      "lng": 173.05
    },
    {
      "cityName": "Ngaturi",
      "lat": -40.466667,
      "lng": 175.916667
    },
    {
      "cityName": "Ngutuwera",
      "lat": -39.75,
      "lng": 174.733333
    },
    {
      "cityName": "Nightcaps",
      "lat": -45.966667,
      "lng": 168.033333
    },
    {
      "cityName": "Nireaha",
      "lat": -40.616667,
      "lng": 175.65
    },
    {
      "cityName": "Northcote",
      "lat": -36.815278,
      "lng": 174.745833
    },
    {
      "cityName": "Northland",
      "lat": -41.283333,
      "lng": 174.75
    },
    {
      "cityName": "Norwood",
      "lat": -43.65,
      "lng": 172.25
    },
    {
      "cityName": "Nukumaru",
      "lat": -39.833333,
      "lng": 174.8
    },
    {
      "cityName": "Ohakea",
      "lat": -40.2,
      "lng": 175.4
    },
    {
      "cityName": "Ohariu",
      "lat": -41.2,
      "lng": 174.766667
    },
    {
      "cityName": "Ohau",
      "lat": -40.666667,
      "lng": 175.25
    },
    {
      "cityName": "Ohawe Beach",
      "lat": -39.583333,
      "lng": 174.2
    },
    {
      "cityName": "Ohingaiti",
      "lat": -39.866667,
      "lng": 175.716667
    },
    {
      "cityName": "Ohirangi",
      "lat": -36.7,
      "lng": 174.45
    },
    {
      "cityName": "Ohotu",
      "lat": -39.716667,
      "lng": 175.85
    },
    {
      "cityName": "Oio",
      "lat": -39.05,
      "lng": 175.416667
    },
    {
      "cityName": "Okoia",
      "lat": -39.933333,
      "lng": 175.133333
    },
    {
      "cityName": "Okukari",
      "lat": -41.2,
      "lng": 174.3
    },
    {
      "cityName": "Omata",
      "lat": -39.1,
      "lng": 174.016667
    },
    {
      "cityName": "Omiha",
      "lat": -36.816667,
      "lng": 175.066667
    },
    {
      "cityName": "Omoana",
      "lat": -39.416667,
      "lng": 174.583333
    },
    {
      "cityName": "Onauku",
      "lat": -41.116667,
      "lng": 174.366667
    },
    {
      "cityName": "Onetangi",
      "lat": -36.783333,
      "lng": 175.083333
    },
    {
      "cityName": "Orangimea",
      "lat": -39.666667,
      "lng": 174.866667
    },
    {
      "cityName": "Oreti",
      "lat": -46.133333,
      "lng": 168.233333
    },
    {
      "cityName": "Oroua Downs",
      "lat": -40.366667,
      "lng": 175.316667
    },
    {
      "cityName": "Otaki Beach",
      "lat": -40.75,
      "lng": 175.116667
    },
    {
      "cityName": "Otanerau",
      "lat": -41.183333,
      "lng": 174.333333
    },
    {
      "cityName": "Otukou",
      "lat": -39.033333,
      "lng": 175.65
    },
    {
      "cityName": "Ouwenga",
      "lat": -44.033333,
      "lng": -176.366667
    },
    {
      "cityName": "Owhango",
      "lat": -39,
      "lng": 175.383333
    },
    {
      "cityName": "Paekakariki",
      "lat": -40.983333,
      "lng": 174.95
    },
    {
      "cityName": "Paerau",
      "lat": -45.416667,
      "lng": 169.95
    },
    {
      "cityName": "Pahautanui",
      "lat": -41.1,
      "lng": 174.916667
    },
    {
      "cityName": "Pahautea",
      "lat": -41.233333,
      "lng": 175.383333
    },
    {
      "cityName": "Pakihikura",
      "lat": -39.933333,
      "lng": 175.716667
    },
    {
      "cityName": "Paparangi",
      "lat": -39.7,
      "lng": 174.966667
    },
    {
      "cityName": "Paremata",
      "lat": -41.116667,
      "lng": 174.866667
    },
    {
      "cityName": "Patunga",
      "lat": -38.966667,
      "lng": 175.233333
    },
    {
      "cityName": "Pehu",
      "lat": -39.05,
      "lng": 174.566667
    },
    {
      "cityName": "Penrose",
      "lat": -36.916667,
      "lng": 174.816667
    },
    {
      "cityName": "Petone",
      "lat": -41.233333,
      "lng": 174.883333
    },
    {
      "cityName": "Pigeon Bush",
      "lat": -41.15,
      "lng": 175.266667
    },
    {
      "cityName": "Pikiariki",
      "lat": -39.266667,
      "lng": 175.216667
    },
    {
      "cityName": "Pipiriki",
      "lat": -39.483333,
      "lng": 175.05
    },
    {
      "cityName": "Piriaka",
      "lat": -38.916667,
      "lng": 175.35
    },
    {
      "cityName": "Pirinoa",
      "lat": -41.35,
      "lng": 175.2
    },
    {
      "cityName": "Plimmerton",
      "lat": -41.083333,
      "lng": 174.866667
    },
    {
      "cityName": "Pohangina",
      "lat": -40.166667,
      "lng": 175.8
    },
    {
      "cityName": "Pokaka",
      "lat": -39.3,
      "lng": 175.4
    },
    {
      "cityName": "Pongaroa",
      "lat": -40.55,
      "lng": 176.183333
    },
    {
      "cityName": "Porirua Pa",
      "lat": -41.133333,
      "lng": 174.833333
    },
    {
      "cityName": "Porirua",
      "lat": -41.133333,
      "lng": 174.85
    },
    {
      "cityName": "Poukiore",
      "lat": -39.866667,
      "lng": 175.633333
    },
    {
      "cityName": "Poutu",
      "lat": -39.066667,
      "lng": 175.75
    },
    {
      "cityName": "Pukeroa",
      "lat": -39.783333,
      "lng": 175.5
    },
    {
      "cityName": "Pukerua Bay",
      "lat": -41.033333,
      "lng": 174.9
    },
    {
      "cityName": "Putiki",
      "lat": -36.8,
      "lng": 175.066667
    },
    {
      "cityName": "Rakaia",
      "lat": -43.75,
      "lng": 172.016667
    },
    {
      "cityName": "Rakaunui",
      "lat": -40.6,
      "lng": 176.133333
    },
    {
      "cityName": "Rakautahi",
      "lat": -43.816667,
      "lng": -176.583333
    },
    {
      "cityName": "Raketapauma",
      "lat": -39.55,
      "lng": 175.583333
    },
    {
      "cityName": "Rangataua",
      "lat": -39.433333,
      "lng": 175.466667
    },
    {
      "cityName": "Rangiotu",
      "lat": -40.416667,
      "lng": 175.433333
    },
    {
      "cityName": "Rangitatau",
      "lat": -39.766667,
      "lng": 174.8
    },
    {
      "cityName": "Rangiwahia",
      "lat": -39.9,
      "lng": 175.916667
    },
    {
      "cityName": "Rapahoe",
      "lat": -42.366667,
      "lng": 171.25
    },
    {
      "cityName": "Rapanui",
      "lat": -39.883333,
      "lng": 174.933333
    },
    {
      "cityName": "Ratana",
      "lat": -40.045833,
      "lng": 175.175
    },
    {
      "cityName": "Raumai",
      "lat": -40.216667,
      "lng": 175.766667
    },
    {
      "cityName": "Raurimu",
      "lat": -39.116667,
      "lng": 175.4
    },
    {
      "cityName": "Rawanui",
      "lat": -42.383333,
      "lng": 171.316667
    },
    {
      "cityName": "Reikorangi",
      "lat": -40.9,
      "lng": 175.083333
    },
    {
      "cityName": "Renwick",
      "lat": -41.5,
      "lng": 173.833333
    },
    {
      "cityName": "Rewa",
      "lat": -39.983333,
      "lng": 175.633333
    },
    {
      "cityName": "Ridgelands",
      "lat": -40.15,
      "lng": 175.6
    },
    {
      "cityName": "Rongotea",
      "lat": -40.3,
      "lng": 175.416667
    },
    {
      "cityName": "Rotomanu",
      "lat": -42.65,
      "lng": 171.533333
    },
    {
      "cityName": "Ruapuna",
      "lat": -43.866667,
      "lng": 171.35
    },
    {
      "cityName": "Ruatangata",
      "lat": -35.65,
      "lng": 174.183333
    },
    {
      "cityName": "Sanson",
      "lat": -40.216667,
      "lng": 175.416667
    },
    {
      "cityName": "Seatoun",
      "lat": -41.316667,
      "lng": 174.833333
    },
    {
      "cityName": "Sentry Hill",
      "lat": -39.033333,
      "lng": 174.2
    },
    {
      "cityName": "Silverhope",
      "lat": -39.966667,
      "lng": 175.533333
    },
    {
      "cityName": "Silverstream",
      "lat": -41.15,
      "lng": 175
    },
    {
      "cityName": "Springbank",
      "lat": -43.316667,
      "lng": 172.433333
    },
    {
      "cityName": "Spring Grove",
      "lat": -41.383333,
      "lng": 173.083333
    },
    {
      "cityName": "Springhills",
      "lat": -46.183333,
      "lng": 168.483333
    },
    {
      "cityName": "Stoke",
      "lat": -43.316667,
      "lng": 172.466667
    },
    {
      "cityName": "Surfdale",
      "lat": -36.783333,
      "lng": 175
    },
    {
      "cityName": "Tahuna",
      "lat": -37.5,
      "lng": 175.483333
    },
    {
      "cityName": "Taita",
      "lat": -41.2,
      "lng": 174.95
    },
    {
      "cityName": "Takitahuna",
      "lat": -40.4,
      "lng": 175.5
    },
    {
      "cityName": "Tane",
      "lat": -40.6,
      "lng": 175.833333
    },
    {
      "cityName": "Tangimoana",
      "lat": -40.3,
      "lng": 175.25
    },
    {
      "cityName": "Taranui",
      "lat": -35.733333,
      "lng": 174.466667
    },
    {
      "cityName": "Tarata",
      "lat": -39.15,
      "lng": 174.366667
    },
    {
      "cityName": "Tataramoa",
      "lat": -40.133333,
      "lng": 176.15
    },
    {
      "cityName": "Taueru",
      "lat": -40.966667,
      "lng": 175.8
    },
    {
      "cityName": "Taupahi",
      "lat": -39,
      "lng": 175.933333
    },
    {
      "cityName": "Tawanui",
      "lat": -46.466667,
      "lng": 169.533333
    },
    {
      "cityName": "Tawhiwhi",
      "lat": -39.633333,
      "lng": 174.8
    },
    {
      "cityName": "Te Awaiti",
      "lat": -41.216667,
      "lng": 174.283333
    },
    {
      "cityName": "Te Kawa",
      "lat": -38.1,
      "lng": 175.283333
    },
    {
      "cityName": "Te Kopura",
      "lat": -36.033333,
      "lng": 173.933333
    },
    {
      "cityName": "Te Pangu",
      "lat": -41.25,
      "lng": 174.233333
    },
    {
      "cityName": "Te Waewae",
      "lat": -46.2,
      "lng": 167.666667
    },
    {
      "cityName": "Te Weka",
      "lat": -41.25,
      "lng": 174.2
    },
    {
      "cityName": "Te Whanga",
      "lat": -36.6,
      "lng": 174.833333
    },
    {
      "cityName": "Tiraumea",
      "lat": -40.633333,
      "lng": 176.05
    },
    {
      "cityName": "Tirohanga",
      "lat": -46.433333,
      "lng": 169.8
    },
    {
      "cityName": "Titahi Bay",
      "lat": -41.1,
      "lng": 174.833333
    },
    {
      "cityName": "Toa",
      "lat": -46.4,
      "lng": 168.516667
    },
    {
      "cityName": "Tokaanu",
      "lat": -38.966667,
      "lng": 175.766667
    },
    {
      "cityName": "Tokomaru",
      "lat": -40.466667,
      "lng": 175.5
    },
    {
      "cityName": "Trentham",
      "lat": -41.133333,
      "lng": 175.033333
    },
    {
      "cityName": "Tuahiwi",
      "lat": -43.333333,
      "lng": 172.65
    },
    {
      "cityName": "Turakina South",
      "lat": -40.05,
      "lng": 175.216667
    },
    {
      "cityName": "Tussock Creek",
      "lat": -46.25,
      "lng": 168.416667
    },
    {
      "cityName": "Umutoi",
      "lat": -40,
      "lng": 175.966667
    },
    {
      "cityName": "Upokongaro",
      "lat": -39.866667,
      "lng": 175.133333
    },
    {
      "cityName": "Upper Rewanui",
      "lat": -42.366667,
      "lng": 171.316667
    },
    {
      "cityName": "Upper Ruatiti",
      "lat": -39.2,
      "lng": 175.2
    },
    {
      "cityName": "Upper Tauheru",
      "lat": -40.906944,
      "lng": 175.811111
    },
    {
      "cityName": "Utiku",
      "lat": -39.733333,
      "lng": 175.85
    },
    {
      "cityName": "Utuwai",
      "lat": -40.016667,
      "lng": 175.933333
    },
    {
      "cityName": "Wadestown",
      "lat": -41.266667,
      "lng": 174.766667
    },
    {
      "cityName": "Waihapai",
      "lat": -39.65,
      "lng": 175.066667
    },
    {
      "cityName": "Waihi",
      "lat": -37.383333,
      "lng": 175.833333
    },
    {
      "cityName": "Waikaia",
      "lat": -45.733333,
      "lng": 168.85
    },
    {
      "cityName": "Waikanae",
      "lat": -40.883333,
      "lng": 175.066667
    },
    {
      "cityName": "Waikoukou",
      "lat": -36.75,
      "lng": 174.5
    },
    {
      "cityName": "Waikuku",
      "lat": -43.3,
      "lng": 172.683333
    },
    {
      "cityName": "Waimarama",
      "lat": -39.8,
      "lng": 176.983333
    },
    {
      "cityName": "Waimiro",
      "lat": -40.45,
      "lng": 176.233333
    },
    {
      "cityName": "Waipipi",
      "lat": -37.216667,
      "lng": 174.666667
    },
    {
      "cityName": "Waipori",
      "lat": -45.833333,
      "lng": 169.883333
    },
    {
      "cityName": "Wairio",
      "lat": -46,
      "lng": 168.033333
    },
    {
      "cityName": "Waitahinga",
      "lat": -39.75,
      "lng": 174.95
    },
    {
      "cityName": "Waitarere",
      "lat": -40.55,
      "lng": 175.2
    },
    {
      "cityName": "Waituna West",
      "lat": -40.05,
      "lng": 175.616667
    },
    {
      "cityName": "Wallaceville",
      "lat": -41.133333,
      "lng": 175.05
    },
    {
      "cityName": "Wellington",
      "lat": -41.3,
      "lng": 174.783333
    },
    {
      "cityName": "West End",
      "lat": -46.597222,
      "lng": 168.329167
    },
    {
      "cityName": "Whakahoro",
      "lat": -39.1,
      "lng": 175.066667
    },
    {
      "cityName": "Whakarongo",
      "lat": -40.333333,
      "lng": 175.666667
    },
    {
      "cityName": "Whakataki",
      "lat": -40.866667,
      "lng": 176.233333
    },
    {
      "cityName": "Wharanui",
      "lat": -41.916667,
      "lng": 174.1
    },
    {
      "cityName": "Whareama",
      "lat": -40.933333,
      "lng": 176.05
    },
    {
      "cityName": "Wharepapa",
      "lat": -36.716667,
      "lng": 174.433333
    },
    {
      "cityName": "Whareroa",
      "lat": -39.616667,
      "lng": 174.266667
    },
    {
      "cityName": "Wingatui",
      "lat": -45.883333,
      "lng": 170.383333
    },
    {
      "cityName": "Woodleigh",
      "lat": -37.533333,
      "lng": 174.916667
    },
    {
      "cityName": "Woodstock",
      "lat": -42.766667,
      "lng": 171
    }
  ]
}