{
  "name": "South Island - Marlborough",
  "cities": [
    {
      "cityName": "Altimarloch",
      "lat": -41.733333,
      "lng": 173.866667
    },
    {
      "cityName": "Awapiri",
      "lat": -41.833333,
      "lng": 173.733333
    },
    {
      "cityName": "Bay View",
      "lat": -39.416667,
      "lng": 176.883333
    },
    {
      "cityName": "Blackball",
      "lat": -42.366667,
      "lng": 171.416667
    },
    {
      "cityName": "Blind River",
      "lat": -41.683333,
      "lng": 174.116667
    },
    {
      "cityName": "Broughton Bay",
      "lat": -41.216667,
      "lng": 173.933333
    },
    {
      "cityName": "Canvastown",
      "lat": -41.3,
      "lng": 173.666667
    },
    {
      "cityName": "Clarence",
      "lat": -42.166667,
      "lng": 173.933333
    },
    {
      "cityName": "Crail Bay",
      "lat": -41.15,
      "lng": 173.966667
    },
    {
      "cityName": "Dashwood",
      "lat": -41.633333,
      "lng": 174.066667
    },
    {
      "cityName": "Deep Creek",
      "lat": -41.35,
      "lng": 173.633333
    },
    {
      "cityName": "Duntroon",
      "lat": -44.866667,
      "lng": 170.683333
    },
    {
      "cityName": "Endeavour Inlet",
      "lat": -41.083333,
      "lng": 174.183333
    },
    {
      "cityName": "Erina",
      "lat": -41.55,
      "lng": 173.6
    },
    {
      "cityName": "Fernleigh",
      "lat": -37.25,
      "lng": 174.75
    },
    {
      "cityName": "Gleniti",
      "lat": -44.383333,
      "lng": 171.2
    },
    {
      "cityName": "Glenlee",
      "lat": -41.883333,
      "lng": 173.6
    },
    {
      "cityName": "Goose Bay",
      "lat": -42.483333,
      "lng": 173.533333
    },
    {
      "cityName": "Grove",
      "lat": -41.283333,
      "lng": 173.916667
    },
    {
      "cityName": "Grovetown",
      "lat": -41.483333,
      "lng": 173.966667
    },
    {
      "cityName": "Hapuku",
      "lat": -42.333333,
      "lng": 173.733333
    },
    {
      "cityName": "Hauwai",
      "lat": -41.75,
      "lng": 174.15
    },
    {
      "cityName": "Havelock",
      "lat": -41.283333,
      "lng": 173.766667
    },
    {
      "cityName": "Havelock Suburban",
      "lat": -41.366667,
      "lng": 173.766667
    },
    {
      "cityName": "Hillersden",
      "lat": -41.6,
      "lng": 173.433333
    },
    {
      "cityName": "Hundalee",
      "lat": -42.566667,
      "lng": 173.433333
    },
    {
      "cityName": "Johnstone",
      "lat": -46.016667,
      "lng": 169.766667
    },
    {
      "cityName": "Jordan",
      "lat": -41.816667,
      "lng": 173.766667
    },
    {
      "cityName": "Kaitangata",
      "lat": -46.275,
      "lng": 169.85
    },
    {
      "cityName": "Kaiuma",
      "lat": -41.233333,
      "lng": 173.766667
    },
    {
      "cityName": "Kekerangu",
      "lat": -42,
      "lng": 174.016667
    },
    {
      "cityName": "Kenepuru Head",
      "lat": -41.166667,
      "lng": 174.116667
    },
    {
      "cityName": "Koromiko",
      "lat": -41.35,
      "lng": 173.95
    },
    {
      "cityName": "Langridge",
      "lat": -41.983333,
      "lng": 173.416667
    },
    {
      "cityName": "Linkwater",
      "lat": -41.283333,
      "lng": 173.866667
    },
    {
      "cityName": "Manakau",
      "lat": -40.716667,
      "lng": 175.216667
    },
    {
      "cityName": "Mayfield",
      "lat": -43.816667,
      "lng": 171.416667
    },
    {
      "cityName": "Oaro",
      "lat": -42.516667,
      "lng": 173.5
    },
    {
      "cityName": "Ohingaroa",
      "lat": -41.25,
      "lng": 173.883333
    },
    {
      "cityName": "Okaramio",
      "lat": -41.416667,
      "lng": 173.766667
    },
    {
      "cityName": "Onamalutu",
      "lat": -41.45,
      "lng": 173.716667
    },
    {
      "cityName": "Onapua",
      "lat": -41.266667,
      "lng": 174.183333
    },
    {
      "cityName": "Otaki",
      "lat": -40.758333,
      "lng": 175.15
    },
    {
      "cityName": "Para",
      "lat": -41.366667,
      "lng": 173.95
    },
    {
      "cityName": "Petane",
      "lat": -39.413056,
      "lng": 176.876667
    },
    {
      "cityName": "Pigeon Bay",
      "lat": -43.7,
      "lng": 172.883333
    },
    {
      "cityName": "Pinohia",
      "lat": -41.216667,
      "lng": 173.85
    },
    {
      "cityName": "Pukekoikoi",
      "lat": -41.15,
      "lng": 174.166667
    },
    {
      "cityName": "Raglan",
      "lat": -37.8,
      "lng": 174.883333
    },
    {
      "cityName": "Rai Falls",
      "lat": -41.3,
      "lng": 173.566667
    },
    {
      "cityName": "Rai Valley",
      "lat": -41.233333,
      "lng": 173.583333
    },
    {
      "cityName": "Rapaura",
      "lat": -41.466667,
      "lng": 173.9
    },
    {
      "cityName": "Roslyn",
      "lat": -45.866667,
      "lng": 170.483333
    },
    {
      "cityName": "Saint Omer",
      "lat": -41.183333,
      "lng": 173.966667
    },
    {
      "cityName": "Sandy Bay",
      "lat": -41.016667,
      "lng": 172.983333
    },
    {
      "cityName": "Seddon",
      "lat": -41.666667,
      "lng": 174.083333
    },
    {
      "cityName": "Sedgemere",
      "lat": -43.85,
      "lng": 172.333333
    },
    {
      "cityName": "Taimate",
      "lat": -41.783333,
      "lng": 174.15
    },
    {
      "cityName": "Te Rawa",
      "lat": -41.066667,
      "lng": 173.9
    },
    {
      "cityName": "Te Rou",
      "lat": -41.566667,
      "lng": 173.466667
    },
    {
      "cityName": "The Forks",
      "lat": -43.25,
      "lng": 170.233333
    },
    {
      "cityName": "Timaru City",
      "lat": -44.4,
      "lng": 171.25
    },
    {
      "cityName": "Tinline",
      "lat": -41.266667,
      "lng": 173.5
    },
    {
      "cityName": "Tinui",
      "lat": -40.883333,
      "lng": 176.066667
    },
    {
      "cityName": "Tira-ora",
      "lat": -41.083333,
      "lng": 173.866667
    },
    {
      "cityName": "Tuatara",
      "lat": -46.25,
      "lng": 169.866667
    },
    {
      "cityName": "Upcot",
      "lat": -41.9,
      "lng": 173.583333
    },
    {
      "cityName": "Waihopai",
      "lat": -41.533333,
      "lng": 173.733333
    },
    {
      "cityName": "Waikakaho",
      "lat": -41.433333,
      "lng": 173.9
    },
    {
      "cityName": "Wairau Valley",
      "lat": -41.566667,
      "lng": 173.533333
    },
    {
      "cityName": "Waitahuna",
      "lat": -45.983333,
      "lng": 169.766667
    },
    {
      "cityName": "Ward",
      "lat": -41.833333,
      "lng": 174.133333
    },
    {
      "cityName": "Waverley Town District",
      "lat": -39.766667,
      "lng": 174.633333
    },
    {
      "cityName": "Welds Hill",
      "lat": -41.783333,
      "lng": 173.85
    },
    {
      "cityName": "Whakatahuri",
      "lat": -41.016667,
      "lng": 174.033333
    },
    {
      "cityName": "Whatanihi",
      "lat": -41.233333,
      "lng": 173.85
    },
    {
      "cityName": "Woodbourne",
      "lat": -41.5,
      "lng": 173.916667
    }
  ]
}