{
  "name": "North Island - Taranaki",
  "cities": [
    {
      "cityName": "Albert Road",
      "lat": -39.166667,
      "lng": 174.133333
    },
    {
      "cityName": "Aotuhia",
      "lat": -39.25,
      "lng": 174.816667
    },
    {
      "cityName": "Atene",
      "lat": -39.733333,
      "lng": 175.15
    },
    {
      "cityName": "Aukopae",
      "lat": -38.9,
      "lng": 175.166667
    },
    {
      "cityName": "Auroa",
      "lat": -39.483333,
      "lng": 174.05
    },
    {
      "cityName": "Autawa",
      "lat": -39.216667,
      "lng": 174.466667
    },
    {
      "cityName": "Awatuna",
      "lat": -39.45,
      "lng": 174.05
    },
    {
      "cityName": "Bell Block",
      "lat": -39.033333,
      "lng": 174.15
    },
    {
      "cityName": "Cardiff",
      "lat": -39.366667,
      "lng": 174.233333
    },
    {
      "cityName": "Dawson Falls",
      "lat": -39.333333,
      "lng": 174.1
    },
    {
      "cityName": "Douglas",
      "lat": -39.3,
      "lng": 174.466667
    },
    {
      "cityName": "East End",
      "lat": -46.604167,
      "lng": 168.347222
    },
    {
      "cityName": "Egmont Village",
      "lat": -39.15,
      "lng": 174.15
    },
    {
      "cityName": "Eltham",
      "lat": -39.429167,
      "lng": 174.3
    },
    {
      "cityName": "Fitzroy",
      "lat": -39.05,
      "lng": 174.1
    },
    {
      "cityName": "Hikurangi",
      "lat": -35.6,
      "lng": 174.3
    },
    {
      "cityName": "Huinga",
      "lat": -39.35,
      "lng": 174.416667
    },
    {
      "cityName": "Huirangi",
      "lat": -39.05,
      "lng": 174.266667
    },
    {
      "cityName": "Huiroa",
      "lat": -39.25,
      "lng": 174.466667
    },
    {
      "cityName": "Hurleyville",
      "lat": -39.633333,
      "lng": 174.5
    },
    {
      "cityName": "Inaha",
      "lat": -39.566667,
      "lng": 174.166667
    },
    {
      "cityName": "Jackson",
      "lat": -42.75,
      "lng": 171.516667
    },
    {
      "cityName": "Kaimata",
      "lat": -39.166667,
      "lng": 174.3
    },
    {
      "cityName": "Kaimiro",
      "lat": -39.2,
      "lng": 174.15
    },
    {
      "cityName": "Kapara",
      "lat": -39.533333,
      "lng": 174.75
    },
    {
      "cityName": "Kaponga",
      "lat": -39.433333,
      "lng": 174.15
    },
    {
      "cityName": "Kapuni",
      "lat": -39.483333,
      "lng": 174.133333
    },
    {
      "cityName": "Kaupokonui",
      "lat": -39.55,
      "lng": 174.066667
    },
    {
      "cityName": "Kent Road",
      "lat": -39.133333,
      "lng": 174.116667
    },
    {
      "cityName": "Kohuratahi",
      "lat": -39.1,
      "lng": 174.766667
    },
    {
      "cityName": "Korito",
      "lat": -39.166667,
      "lng": 174.1
    },
    {
      "cityName": "Lepperton",
      "lat": -39.066667,
      "lng": 174.216667
    },
    {
      "cityName": "Lowgarth",
      "lat": -39.383333,
      "lng": 174.216667
    },
    {
      "cityName": "Mangatoki",
      "lat": -39.416667,
      "lng": 174.216667
    },
    {
      "cityName": "Mangorei",
      "lat": -39.15,
      "lng": 174.083333
    },
    {
      "cityName": "Mapiu",
      "lat": -38.583333,
      "lng": 175.216667
    },
    {
      "cityName": "Maraeroa",
      "lat": -35.333333,
      "lng": 173.633333
    },
    {
      "cityName": "Matapu",
      "lat": -39.483333,
      "lng": 174.233333
    },
    {
      "cityName": "Matau",
      "lat": -39.166667,
      "lng": 174.566667
    },
    {
      "cityName": "Matiere",
      "lat": -38.75,
      "lng": 175.1
    },
    {
      "cityName": "Matukuroa",
      "lat": -39.683333,
      "lng": 174.533333
    },
    {
      "cityName": "Meremere",
      "lat": -39.583333,
      "lng": 174.383333
    },
    {
      "cityName": "Moeawatea",
      "lat": -39.533333,
      "lng": 174.65
    },
    {
      "cityName": "Moeroa",
      "lat": -39.433333,
      "lng": 174.633333
    },
    {
      "cityName": "Mokauiti",
      "lat": -38.583333,
      "lng": 175.166667
    },
    {
      "cityName": "Mokau",
      "lat": -38.683333,
      "lng": 174.616667
    },
    {
      "cityName": "Motunui",
      "lat": -38.983333,
      "lng": 174.3
    },
    {
      "cityName": "New Plymouth City",
      "lat": -39.066667,
      "lng": 174.083333
    },
    {
      "cityName": "Ngaere",
      "lat": -39.383333,
      "lng": 174.3
    },
    {
      "cityName": "Nihoniho",
      "lat": -38.783333,
      "lng": 175.05
    },
    {
      "cityName": "North Mount Egmont",
      "lat": -39.283333,
      "lng": 174.1
    },
    {
      "cityName": "Oaonui",
      "lat": -39.4,
      "lng": 173.816667
    },
    {
      "cityName": "Oeo",
      "lat": -39.533333,
      "lng": 173.983333
    },
    {
      "cityName": "Ohangai",
      "lat": -39.6,
      "lng": 174.333333
    },
    {
      "cityName": "Ohura",
      "lat": -38.833333,
      "lng": 174.983333
    },
    {
      "cityName": "Okaiawa",
      "lat": -39.533333,
      "lng": 174.2
    },
    {
      "cityName": "Okato",
      "lat": -39.2,
      "lng": 173.883333
    },
    {
      "cityName": "Okau",
      "lat": -38.866667,
      "lng": 174.65
    },
    {
      "cityName": "Okoki",
      "lat": -39.016667,
      "lng": 174.483333
    },
    {
      "cityName": "Onaeroa",
      "lat": -39,
      "lng": 174.35
    },
    {
      "cityName": "Ongarue",
      "lat": -38.716667,
      "lng": 175.283333
    },
    {
      "cityName": "Otakeho",
      "lat": -39.55,
      "lng": 174.05
    },
    {
      "cityName": "Parakino Pa",
      "lat": -39.8,
      "lng": 175.15
    },
    {
      "cityName": "Parihaka Pa",
      "lat": -39.3,
      "lng": 173.833333
    },
    {
      "cityName": "Patea",
      "lat": -39.758333,
      "lng": 174.483333
    },
    {
      "cityName": "Pembroke",
      "lat": -44.7,
      "lng": 169.15
    },
    {
      "cityName": "Pihama",
      "lat": -39.5,
      "lng": 173.933333
    },
    {
      "cityName": "Porootarao",
      "lat": -38.55,
      "lng": 175.316667
    },
    {
      "cityName": "Pukearuhe",
      "lat": -38.9,
      "lng": 174.5
    },
    {
      "cityName": "Puketapu",
      "lat": -39.516667,
      "lng": 176.8
    },
    {
      "cityName": "Puniho",
      "lat": -39.2,
      "lng": 173.833333
    },
    {
      "cityName": "Puniwhakau",
      "lat": -39.333333,
      "lng": 174.616667
    },
    {
      "cityName": "Rahotu",
      "lat": -39.333333,
      "lng": 173.8
    },
    {
      "cityName": "Rangikura",
      "lat": -39.783333,
      "lng": 174.55
    },
    {
      "cityName": "Rangiriri",
      "lat": -37.433333,
      "lng": 175.166667
    },
    {
      "cityName": "Ratanui",
      "lat": -46.483333,
      "lng": 169.633333
    },
    {
      "cityName": "Ratapiko",
      "lat": -39.2,
      "lng": 174.316667
    },
    {
      "cityName": "Roto",
      "lat": -38.883333,
      "lng": 175.033333
    },
    {
      "cityName": "Rowan",
      "lat": -39.4,
      "lng": 174.116667
    },
    {
      "cityName": "Spotswood",
      "lat": -42.75,
      "lng": 173.266667
    },
    {
      "cityName": "Tariki",
      "lat": -39.233333,
      "lng": 174.25
    },
    {
      "cityName": "Tarurutangi",
      "lat": -39.083333,
      "lng": 174.183333
    },
    {
      "cityName": "Tataraimaka",
      "lat": -39.166667,
      "lng": 173.916667
    },
    {
      "cityName": "Tatu",
      "lat": -38.9,
      "lng": 174.95
    },
    {
      "cityName": "Taumatatahi",
      "lat": -39.55,
      "lng": 174.8
    },
    {
      "cityName": "Te Kiri",
      "lat": -39.433333,
      "lng": 174.033333
    },
    {
      "cityName": "Te Popo",
      "lat": -39.266667,
      "lng": 174.366667
    },
    {
      "cityName": "Te Roti",
      "lat": -39.483333,
      "lng": 174.266667
    },
    {
      "cityName": "Tokirima",
      "lat": -38.933333,
      "lng": 175.016667
    },
    {
      "cityName": "Toko",
      "lat": -39.333333,
      "lng": 174.4
    },
    {
      "cityName": "Tongaporutu",
      "lat": -38.8,
      "lng": 174.6
    },
    {
      "cityName": "Tumahu",
      "lat": -39.25,
      "lng": 173.916667
    },
    {
      "cityName": "Tuna",
      "lat": -39.266667,
      "lng": 174.3
    },
    {
      "cityName": "Tututawa",
      "lat": -39.316667,
      "lng": 174.533333
    },
    {
      "cityName": "Uia",
      "lat": -39.283333,
      "lng": 174.233333
    },
    {
      "cityName": "Upokonui",
      "lat": -39.783333,
      "lng": 175.216667
    },
    {
      "cityName": "Upokopoito",
      "lat": -39.75,
      "lng": 175.15
    },
    {
      "cityName": "Upper Kahui",
      "lat": -39.316667,
      "lng": 173.883333
    },
    {
      "cityName": "Urenui",
      "lat": -39,
      "lng": 174.383333
    },
    {
      "cityName": "Uruti",
      "lat": -38.95,
      "lng": 174.533333
    },
    {
      "cityName": "Waikaka",
      "lat": -45.916667,
      "lng": 169.016667
    },
    {
      "cityName": "Waingona",
      "lat": -39.1,
      "lng": 174.216667
    },
    {
      "cityName": "Waipuku",
      "lat": -39.266667,
      "lng": 174.266667
    },
    {
      "cityName": "Waitaanga",
      "lat": -38.833333,
      "lng": 174.833333
    },
    {
      "cityName": "Waitara",
      "lat": -38.925,
      "lng": 174.25
    },
    {
      "cityName": "Waitewhena",
      "lat": -38.7,
      "lng": 174.966667
    },
    {
      "cityName": "Waitoitoi",
      "lat": -38.983333,
      "lng": 174.433333
    },
    {
      "cityName": "Warea",
      "lat": -39.233333,
      "lng": 173.816667
    },
    {
      "cityName": "Whakaihuwaka",
      "lat": -39.766667,
      "lng": 175.15
    },
    {
      "cityName": "Whakamara",
      "lat": -39.633333,
      "lng": 174.433333
    },
    {
      "cityName": "Whangamomona",
      "lat": -39.15,
      "lng": 174.733333
    },
    {
      "cityName": "Wharehuia",
      "lat": -39.3,
      "lng": 174.333333
    },
    {
      "cityName": "White Tank",
      "lat": -39.758333,
      "lng": 174.466667
    }
  ]
}