{
  "name": "South Island - Canterbury",
  "cities": [
    {
      "cityName": "Addington",
      "lat": -43.55,
      "lng": 172.616667
    },
    {
      "cityName": "Albury",
      "lat": -44.233333,
      "lng": 170.866667
    },
    {
      "cityName": "Alford Forest",
      "lat": -43.616667,
      "lng": 171.5
    },
    {
      "cityName": "Anama",
      "lat": -43.75,
      "lng": 171.433333
    },
    {
      "cityName": "Annat",
      "lat": -43.383333,
      "lng": 172
    },
    {
      "cityName": "Appleby",
      "lat": -41.3,
      "lng": 173.116667
    },
    {
      "cityName": "Arcadia",
      "lat": -44.733333,
      "lng": 168.366667
    },
    {
      "cityName": "Arthur Pass",
      "lat": -42.95,
      "lng": 171.566667
    },
    {
      "cityName": "Arundel",
      "lat": -43.983333,
      "lng": 171.283333
    },
    {
      "cityName": "Ashley",
      "lat": -43.283333,
      "lng": 172.6
    },
    {
      "cityName": "Ashton",
      "lat": -44.033333,
      "lng": 171.766667
    },
    {
      "cityName": "Ashwick Flat",
      "lat": -44,
      "lng": 170.833333
    },
    {
      "cityName": "Ataahua",
      "lat": -43.783333,
      "lng": 172.65
    },
    {
      "cityName": "Aylesbury",
      "lat": -43.533333,
      "lng": 172.266667
    },
    {
      "cityName": "Balcairn",
      "lat": -43.2,
      "lng": 172.7
    },
    {
      "cityName": "Barrhill",
      "lat": -43.666667,
      "lng": 171.85
    },
    {
      "cityName": "Barrys Bay",
      "lat": -43.766667,
      "lng": 172.9
    },
    {
      "cityName": "Bealey",
      "lat": -43.033333,
      "lng": 171.6
    },
    {
      "cityName": "Beaumont",
      "lat": -45.816667,
      "lng": 169.533333
    },
    {
      "cityName": "Beautiful Valley",
      "lat": -44.116667,
      "lng": 171
    },
    {
      "cityName": "Belfast",
      "lat": -43.45,
      "lng": 172.633333
    },
    {
      "cityName": "Bells",
      "lat": -43.3,
      "lng": 172.583333
    },
    {
      "cityName": "Bennets",
      "lat": -43.3,
      "lng": 172.3
    },
    {
      "cityName": "Bexley",
      "lat": -43.35,
      "lng": 172.066667
    },
    {
      "cityName": "Blackwater",
      "lat": -42.25,
      "lng": 171.766667
    },
    {
      "cityName": "Bluespur",
      "lat": -45.883333,
      "lng": 169.683333
    },
    {
      "cityName": "Bromley",
      "lat": -43.55,
      "lng": 172.7
    },
    {
      "cityName": "Burkes Pass",
      "lat": -44.083333,
      "lng": 170.65
    },
    {
      "cityName": "Burnham",
      "lat": -43.616667,
      "lng": 172.316667
    },
    {
      "cityName": "Burwood",
      "lat": -43.5,
      "lng": 172.7
    },
    {
      "cityName": "Camden",
      "lat": -41.85,
      "lng": 173.683333
    },
    {
      "cityName": "Cardrona",
      "lat": -44.883333,
      "lng": 169
    },
    {
      "cityName": "Care",
      "lat": -44.316667,
      "lng": 170.95
    },
    {
      "cityName": "Carew",
      "lat": -43.966667,
      "lng": 171.366667
    },
    {
      "cityName": "Cass",
      "lat": -43.033333,
      "lng": 171.75
    },
    {
      "cityName": "Chaneys",
      "lat": -43.433333,
      "lng": 172.65
    },
    {
      "cityName": "Charing Cross",
      "lat": -43.55,
      "lng": 172.15
    },
    {
      "cityName": "Chelsea",
      "lat": -36.816667,
      "lng": 174.7
    },
    {
      "cityName": "Chertsey",
      "lat": -43.8,
      "lng": 171.933333
    },
    {
      "cityName": "Chorlton",
      "lat": -43.716667,
      "lng": 173.033333
    },
    {
      "cityName": "Christchurch",
      "lat": -43.533333,
      "lng": 172.633333
    },
    {
      "cityName": "Clandeboye",
      "lat": -44.216667,
      "lng": 171.383333
    },
    {
      "cityName": "Clarendon",
      "lat": -46.05,
      "lng": 170.033333
    },
    {
      "cityName": "Clarkville",
      "lat": -43.416667,
      "lng": 172.616667
    },
    {
      "cityName": "Clinton",
      "lat": -46.2,
      "lng": 169.366667
    },
    {
      "cityName": "Closeburn",
      "lat": -45.083333,
      "lng": 168.466667
    },
    {
      "cityName": "Coalgate",
      "lat": -43.483333,
      "lng": 171.966667
    },
    {
      "cityName": "Courtenay",
      "lat": -43.45,
      "lng": 172.2
    },
    {
      "cityName": "Coutts Island",
      "lat": -43.433333,
      "lng": 172.616667
    },
    {
      "cityName": "Creighton",
      "lat": -45,
      "lng": 168.433333
    },
    {
      "cityName": "Culverden",
      "lat": -42.766667,
      "lng": 172.85
    },
    {
      "cityName": "Cust",
      "lat": -43.316667,
      "lng": 172.366667
    },
    {
      "cityName": "Devenport",
      "lat": -36.829722,
      "lng": 174.799444
    },
    {
      "cityName": "Domett",
      "lat": -42.85,
      "lng": 173.216667
    },
    {
      "cityName": "Dorie",
      "lat": -43.883333,
      "lng": 172.15
    },
    {
      "cityName": "Doyleston",
      "lat": -43.75,
      "lng": 172.3
    },
    {
      "cityName": "Dromore",
      "lat": -43.85,
      "lng": 171.85
    },
    {
      "cityName": "Dunsandel",
      "lat": -43.666667,
      "lng": 172.183333
    },
    {
      "cityName": "Duvauchelle",
      "lat": -43.75,
      "lng": 172.933333
    },
    {
      "cityName": "Ealing",
      "lat": -44.05,
      "lng": 171.416667
    },
    {
      "cityName": "Eastbourne",
      "lat": -41.3,
      "lng": 174.9
    },
    {
      "cityName": "Eiffelton",
      "lat": -44.033333,
      "lng": 171.683333
    },
    {
      "cityName": "Esk Valley",
      "lat": -44.533333,
      "lng": 171.083333
    },
    {
      "cityName": "Ethelton",
      "lat": -42.883333,
      "lng": 173.083333
    },
    {
      "cityName": "Evans Flat",
      "lat": -45.9,
      "lng": 169.633333
    },
    {
      "cityName": "Fairton",
      "lat": -43.866667,
      "lng": 171.8
    },
    {
      "cityName": "Fendalton",
      "lat": -43.516667,
      "lng": 172.6
    },
    {
      "cityName": "Flaxton",
      "lat": -43.35,
      "lng": 172.633333
    },
    {
      "cityName": "French Farm",
      "lat": -43.783333,
      "lng": 172.9
    },
    {
      "cityName": "Glenavy",
      "lat": -44.916667,
      "lng": 171.1
    },
    {
      "cityName": "Glenpark",
      "lat": -45.433333,
      "lng": 170.666667
    },
    {
      "cityName": "Glentanner",
      "lat": -43.9,
      "lng": 170.116667
    },
    {
      "cityName": "Glentunnel",
      "lat": -43.483333,
      "lng": 171.933333
    },
    {
      "cityName": "Greenpark",
      "lat": -43.683333,
      "lng": 172.5
    },
    {
      "cityName": "Green Valley",
      "lat": -45.283333,
      "lng": 170.516667
    },
    {
      "cityName": "Hackthorne",
      "lat": -43.816667,
      "lng": 171.566667
    },
    {
      "cityName": "Hakataramea",
      "lat": -44.733333,
      "lng": 170.483333
    },
    {
      "cityName": "Hakatere",
      "lat": -44.05,
      "lng": 171.8
    },
    {
      "cityName": "Halcombe",
      "lat": -40.15,
      "lng": 175.5
    },
    {
      "cityName": "Halkett",
      "lat": -43.483333,
      "lng": 172.3
    },
    {
      "cityName": "Halswell",
      "lat": -43.583333,
      "lng": 172.566667
    },
    {
      "cityName": "Hanmer",
      "lat": -42.516667,
      "lng": 172.816667
    },
    {
      "cityName": "Hatfield",
      "lat": -43.766667,
      "lng": 171.966667
    },
    {
      "cityName": "Haumoana",
      "lat": -39.616667,
      "lng": 176.95
    },
    {
      "cityName": "Hawkins",
      "lat": -43.483333,
      "lng": 172.033333
    },
    {
      "cityName": "Hazelburn",
      "lat": -44.2,
      "lng": 170.983333
    },
    {
      "cityName": "Heathcote Valley",
      "lat": -43.583333,
      "lng": 172.716667
    },
    {
      "cityName": "Highbank",
      "lat": -43.616667,
      "lng": 171.75
    },
    {
      "cityName": "Highcliffe",
      "lat": -45.883333,
      "lng": 170.583333
    },
    {
      "cityName": "Hilton",
      "lat": -44.15,
      "lng": 171.166667
    },
    {
      "cityName": "Hinds",
      "lat": -44,
      "lng": 171.566667
    },
    {
      "cityName": "Hook",
      "lat": -44.683333,
      "lng": 171.133333
    },
    {
      "cityName": "Hornby",
      "lat": -43.55,
      "lng": 172.533333
    },
    {
      "cityName": "Hororata",
      "lat": -43.533333,
      "lng": 171.95
    },
    {
      "cityName": "Horrelville",
      "lat": -43.333333,
      "lng": 172.333333
    },
    {
      "cityName": "Hunter",
      "lat": -44.616667,
      "lng": 171.05
    },
    {
      "cityName": "Ikawai",
      "lat": -44.866667,
      "lng": 170.85
    },
    {
      "cityName": "Irwell",
      "lat": -43.716667,
      "lng": 172.333333
    },
    {
      "cityName": "Island Bay",
      "lat": -41.333333,
      "lng": 174.783333
    },
    {
      "cityName": "Kaingapai Hakataramea Station",
      "lat": -44.6,
      "lng": 170.566667
    },
    {
      "cityName": "Kakahu Bush",
      "lat": -44.15,
      "lng": 171.116667
    },
    {
      "cityName": "Karitane",
      "lat": -45.65,
      "lng": 170.666667
    },
    {
      "cityName": "Kelchers",
      "lat": -44.783333,
      "lng": 170.85
    },
    {
      "cityName": "Kerrytown",
      "lat": -44.283333,
      "lng": 171.2
    },
    {
      "cityName": "Killinchy",
      "lat": -43.733333,
      "lng": 172.25
    },
    {
      "cityName": "Kimbell",
      "lat": -44.05,
      "lng": 170.75
    },
    {
      "cityName": "Kingsdown",
      "lat": -44.466667,
      "lng": 171.216667
    },
    {
      "cityName": "Kirwee",
      "lat": -43.5,
      "lng": 172.216667
    },
    {
      "cityName": "Kowai Bush",
      "lat": -43.3,
      "lng": 171.916667
    },
    {
      "cityName": "Kowhatu",
      "lat": -44.566667,
      "lng": 170.666667
    },
    {
      "cityName": "Kurow",
      "lat": -44.733333,
      "lng": 170.466667
    },
    {
      "cityName": "Kyle",
      "lat": -43.916667,
      "lng": 172.1
    },
    {
      "cityName": "Ladbrooks",
      "lat": -43.616667,
      "lng": 172.533333
    },
    {
      "cityName": "Lagmhor",
      "lat": -43.883333,
      "lng": 171.633333
    },
    {
      "cityName": "Lake Coleridge",
      "lat": -43.366667,
      "lng": 171.533333
    },
    {
      "cityName": "Lake Pukaki",
      "lat": -44.183333,
      "lng": 170.15
    },
    {
      "cityName": "Lake Tekapo",
      "lat": -44.016667,
      "lng": 170.5
    },
    {
      "cityName": "Le Bons Bay",
      "lat": -43.75,
      "lng": 173.083333
    },
    {
      "cityName": "Leeston",
      "lat": -43.766667,
      "lng": 172.3
    },
    {
      "cityName": "Leithfield",
      "lat": -43.2,
      "lng": 172.733333
    },
    {
      "cityName": "Levels",
      "lat": -44.333333,
      "lng": 171.216667
    },
    {
      "cityName": "Lismore",
      "lat": -43.9,
      "lng": 171.483333
    },
    {
      "cityName": "Little Akaloa",
      "lat": -43.683333,
      "lng": 172.983333
    },
    {
      "cityName": "Little River",
      "lat": -43.766667,
      "lng": 172.783333
    },
    {
      "cityName": "Loburn",
      "lat": -43.25,
      "lng": 172.533333
    },
    {
      "cityName": "Longbeach",
      "lat": -44.1,
      "lng": 171.7
    },
    {
      "cityName": "Longford",
      "lat": -41.783333,
      "lng": 172.366667
    },
    {
      "cityName": "Longwood",
      "lat": -46.333333,
      "lng": 167.933333
    },
    {
      "cityName": "Lowcliffe",
      "lat": -44.116667,
      "lng": 171.583333
    },
    {
      "cityName": "Lyalldale",
      "lat": -44.5,
      "lng": 171.083333
    },
    {
      "cityName": "Lyndhurst",
      "lat": -43.7,
      "lng": 171.716667
    },
    {
      "cityName": "Lynnford",
      "lat": -44.016667,
      "lng": 171.6
    },
    {
      "cityName": "Maitland",
      "lat": -45.983333,
      "lng": 169.016667
    },
    {
      "cityName": "Makikihi",
      "lat": -44.633333,
      "lng": 171.15
    },
    {
      "cityName": "Mandeville North",
      "lat": -43.383333,
      "lng": 172.533333
    },
    {
      "cityName": "Mangamate",
      "lat": -41.614444,
      "lng": 175.296944
    },
    {
      "cityName": "Manuka Creek",
      "lat": -46.066667,
      "lng": 169.816667
    },
    {
      "cityName": "Marshland",
      "lat": -43.483333,
      "lng": 172.65
    },
    {
      "cityName": "Masons Flat",
      "lat": -42.9,
      "lng": 172.55
    },
    {
      "cityName": "Maungatiro",
      "lat": -44.633333,
      "lng": 170.616667
    },
    {
      "cityName": "Mawaro",
      "lat": -44.3,
      "lng": 170.883333
    },
    {
      "cityName": "Medbury",
      "lat": -42.866667,
      "lng": 172.666667
    },
    {
      "cityName": "Mendip Hills",
      "lat": -42.616667,
      "lng": 173.283333
    },
    {
      "cityName": "Midhirst",
      "lat": -39.3,
      "lng": 174.266667
    },
    {
      "cityName": "Milburn",
      "lat": -46.083333,
      "lng": 170
    },
    {
      "cityName": "Mina",
      "lat": -42.816667,
      "lng": 173.233333
    },
    {
      "cityName": "Mitcham",
      "lat": -43.75,
      "lng": 171.85
    },
    {
      "cityName": "Motukarara",
      "lat": -43.733333,
      "lng": 172.583333
    },
    {
      "cityName": "Motunau",
      "lat": -42.966667,
      "lng": 172.966667
    },
    {
      "cityName": "Mount Somers",
      "lat": -43.716667,
      "lng": 171.4
    },
    {
      "cityName": "New Brighton",
      "lat": -37.133333,
      "lng": 175.283333
    },
    {
      "cityName": "Newland",
      "lat": -43.883333,
      "lng": 171.85
    },
    {
      "cityName": "Normanby",
      "lat": -39.533333,
      "lng": 174.283333
    },
    {
      "cityName": "North Head",
      "lat": -36.827778,
      "lng": 174.808333
    },
    {
      "cityName": "North Loburn",
      "lat": -43.216667,
      "lng": 172.5
    },
    {
      "cityName": "Ohoka",
      "lat": -43.366667,
      "lng": 172.566667
    },
    {
      "cityName": "Omihi",
      "lat": -43.016667,
      "lng": 172.85
    },
    {
      "cityName": "Orari",
      "lat": -44.133333,
      "lng": 171.3
    },
    {
      "cityName": "Otaio",
      "lat": -44.583333,
      "lng": 171.166667
    },
    {
      "cityName": "Otipua",
      "lat": -44.433333,
      "lng": 171.166667
    },
    {
      "cityName": "Ouruhia",
      "lat": -43.45,
      "lng": 172.65
    },
    {
      "cityName": "Overdale",
      "lat": -43.783333,
      "lng": 171.983333
    },
    {
      "cityName": "Owersby",
      "lat": -44.066667,
      "lng": 170.95
    },
    {
      "cityName": "Parenga",
      "lat": -34.533333,
      "lng": 172.916667
    },
    {
      "cityName": "Pareora",
      "lat": -44.5,
      "lng": 171.2
    },
    {
      "cityName": "Pareora West",
      "lat": -44.433333,
      "lng": 171.133333
    },
    {
      "cityName": "Paretai",
      "lat": -46.333333,
      "lng": 169.783333
    },
    {
      "cityName": "Park Hill",
      "lat": -45.816667,
      "lng": 169.216667
    },
    {
      "cityName": "Parnassus",
      "lat": -42.716667,
      "lng": 173.3
    },
    {
      "cityName": "Peel Forest",
      "lat": -43.916667,
      "lng": 171.266667
    },
    {
      "cityName": "Phoebe",
      "lat": -42.766667,
      "lng": 173.233333
    },
    {
      "cityName": "Poranui",
      "lat": -43.816667,
      "lng": 172.7
    },
    {
      "cityName": "Port Robinson",
      "lat": -42.866667,
      "lng": 173.3
    },
    {
      "cityName": "Prebbleton",
      "lat": -43.583333,
      "lng": 172.516667
    },
    {
      "cityName": "Puaha",
      "lat": -43.75,
      "lng": 172.833333
    },
    {
      "cityName": "Puketeraki",
      "lat": -45.666667,
      "lng": 170.65
    },
    {
      "cityName": "Pukeuri Junction",
      "lat": -45.033333,
      "lng": 171.033333
    },
    {
      "cityName": "Pusey",
      "lat": -44.05,
      "lng": 170.916667
    },
    {
      "cityName": "Queenstown",
      "lat": -45.01,
      "lng": 168.4
    },
    {
      "cityName": "Rakaia Gorge",
      "lat": -43.516667,
      "lng": 171.65
    },
    {
      "cityName": "Rangitata Island",
      "lat": -44.133333,
      "lng": 171.466667
    },
    {
      "cityName": "Rapuwai",
      "lat": -44.166667,
      "lng": 171.05
    },
    {
      "cityName": "Rat Hill",
      "lat": -41.540556,
      "lng": 175.410556
    },
    {
      "cityName": "Redcliffs",
      "lat": -43.566667,
      "lng": 172.733333
    },
    {
      "cityName": "Redwoods Valley",
      "lat": -41.3,
      "lng": 173.083333
    },
    {
      "cityName": "Reidston",
      "lat": -45.15,
      "lng": 170.85
    },
    {
      "cityName": "Richmond",
      "lat": -45.016667,
      "lng": 171.05
    },
    {
      "cityName": "Riverlea",
      "lat": -39.433333,
      "lng": 174.083333
    },
    {
      "cityName": "Robinsons Bay",
      "lat": -43.766667,
      "lng": 172.966667
    },
    {
      "cityName": "Rolleston",
      "lat": -43.583333,
      "lng": 172.383333
    },
    {
      "cityName": "Rotherham",
      "lat": -42.7,
      "lng": 172.95
    },
    {
      "cityName": "Rutherglen",
      "lat": -42.533333,
      "lng": 171.15
    },
    {
      "cityName": "Saint Albans",
      "lat": -43.516667,
      "lng": 172.616667
    },
    {
      "cityName": "Saint Andrews",
      "lat": -44.533333,
      "lng": 171.183333
    },
    {
      "cityName": "Saint Clair",
      "lat": -45.916667,
      "lng": 170.483333
    },
    {
      "cityName": "Sandy Knolls",
      "lat": -43.566667,
      "lng": 172.316667
    },
    {
      "cityName": "Scargill",
      "lat": -42.933333,
      "lng": 172.95
    },
    {
      "cityName": "Seadown",
      "lat": -44.3,
      "lng": 171.266667
    },
    {
      "cityName": "Sefton",
      "lat": -43.25,
      "lng": 172.666667
    },
    {
      "cityName": "Sheffield",
      "lat": -43.383333,
      "lng": 172.016667
    },
    {
      "cityName": "Sherwood Downs",
      "lat": -43.966667,
      "lng": 170.866667
    },
    {
      "cityName": "Sherwood",
      "lat": -43.75,
      "lng": 171.816667
    },
    {
      "cityName": "Simons Pass",
      "lat": -44.2,
      "lng": 170.283333
    },
    {
      "cityName": "Somerton",
      "lat": -43.75,
      "lng": 171.916667
    },
    {
      "cityName": "Southbridge",
      "lat": -43.816667,
      "lng": 172.25
    },
    {
      "cityName": "Southbrook",
      "lat": -43.333333,
      "lng": 172.6
    },
    {
      "cityName": "Southburn",
      "lat": -44.45,
      "lng": 171.1
    },
    {
      "cityName": "South Malvern",
      "lat": -43.466667,
      "lng": 171.9
    },
    {
      "cityName": "Spreydon",
      "lat": -43.566667,
      "lng": 172.616667
    },
    {
      "cityName": "Springburn",
      "lat": -43.666667,
      "lng": 171.466667
    },
    {
      "cityName": "Springfield",
      "lat": -43.333333,
      "lng": 171.916667
    },
    {
      "cityName": "Springston South",
      "lat": -43.683333,
      "lng": 172.433333
    },
    {
      "cityName": "Springston",
      "lat": -43.65,
      "lng": 172.416667
    },
    {
      "cityName": "Staveley",
      "lat": -43.65,
      "lng": 171.433333
    },
    {
      "cityName": "Strathmore",
      "lat": -39.283333,
      "lng": 174.566667
    },
    {
      "cityName": "Straun",
      "lat": -44.583333,
      "lng": 170.65
    },
    {
      "cityName": "Studholme Junction",
      "lat": -44.733333,
      "lng": 171.133333
    },
    {
      "cityName": "Summer",
      "lat": -43.583333,
      "lng": 172.75
    },
    {
      "cityName": "Sutherlands",
      "lat": -44.283333,
      "lng": 171.05
    },
    {
      "cityName": "Swannanoa",
      "lat": -43.383333,
      "lng": 172.466667
    },
    {
      "cityName": "Sydenham",
      "lat": -43.55,
      "lng": 172.633333
    },
    {
      "cityName": "Tainui",
      "lat": -42.766667,
      "lng": 170.916667
    },
    {
      "cityName": "Tai Tapu",
      "lat": -43.666667,
      "lng": 172.55
    },
    {
      "cityName": "Takamatua Bay",
      "lat": -43.783333,
      "lng": 172.966667
    },
    {
      "cityName": "Teddington",
      "lat": -43.666667,
      "lng": 172.666667
    },
    {
      "cityName": "Te Moana",
      "lat": -44.066667,
      "lng": 171.133333
    },
    {
      "cityName": "Templeton",
      "lat": -43.55,
      "lng": 172.466667
    },
    {
      "cityName": "Te Pirita",
      "lat": -43.666667,
      "lng": 171.95
    },
    {
      "cityName": "Thornbury",
      "lat": -46.283333,
      "lng": 168.1
    },
    {
      "cityName": "Tinwald",
      "lat": -43.916667,
      "lng": 171.716667
    },
    {
      "cityName": "Tormore",
      "lat": -42.9,
      "lng": 173.133333
    },
    {
      "cityName": "Urrall",
      "lat": -43.716667,
      "lng": 171.75
    },
    {
      "cityName": "Valetta",
      "lat": -43.766667,
      "lng": 171.483333
    },
    {
      "cityName": "Waddington",
      "lat": -43.4,
      "lng": 172.033333
    },
    {
      "cityName": "Waiariari",
      "lat": -44.683333,
      "lng": 171.083333
    },
    {
      "cityName": "Waihao Downs",
      "lat": -44.8,
      "lng": 170.916667
    },
    {
      "cityName": "Waihao Forks",
      "lat": -44.8,
      "lng": 170.933333
    },
    {
      "cityName": "Waihaorunga",
      "lat": -44.75,
      "lng": 170.816667
    },
    {
      "cityName": "Waikarua",
      "lat": -44.033333,
      "lng": 170.883333
    },
    {
      "cityName": "Waimea West",
      "lat": -41.333333,
      "lng": 173.1
    },
    {
      "cityName": "Waipara",
      "lat": -43.066667,
      "lng": 172.75
    },
    {
      "cityName": "Waipiro",
      "lat": -38.016667,
      "lng": 178.333333
    },
    {
      "cityName": "Waipureko",
      "lat": -39.603333,
      "lng": 176.9525
    },
    {
      "cityName": "Wairuna",
      "lat": -46.166667,
      "lng": 169.333333
    },
    {
      "cityName": "Waitohi Flat",
      "lat": -44.216667,
      "lng": 171.183333
    },
    {
      "cityName": "Waiuta",
      "lat": -42.3,
      "lng": 171.816667
    },
    {
      "cityName": "Wakanui",
      "lat": -43.966667,
      "lng": 171.816667
    },
    {
      "cityName": "Wakefield",
      "lat": -41.4,
      "lng": 173.05
    },
    {
      "cityName": "Washdyke",
      "lat": -44.35,
      "lng": 171.233333
    },
    {
      "cityName": "Waterton",
      "lat": -44.066667,
      "lng": 171.75
    },
    {
      "cityName": "Wedderburn",
      "lat": -45.033333,
      "lng": 170.016667
    },
    {
      "cityName": "Weedons",
      "lat": -43.583333,
      "lng": 172.4
    },
    {
      "cityName": "Westerfield",
      "lat": -43.833333,
      "lng": 171.616667
    },
    {
      "cityName": "West Eyreton",
      "lat": -43.35,
      "lng": 172.383333
    },
    {
      "cityName": "West Kyle",
      "lat": -43.933333,
      "lng": 172.066667
    },
    {
      "cityName": "West Melton",
      "lat": -43.516667,
      "lng": 172.366667
    },
    {
      "cityName": "Wetheral",
      "lat": -43.366667,
      "lng": 172.583333
    },
    {
      "cityName": "Wharua",
      "lat": -44.7,
      "lng": 170.516667
    },
    {
      "cityName": "Wheatstone",
      "lat": -44.016667,
      "lng": 171.75
    },
    {
      "cityName": "Wigram",
      "lat": -43.55,
      "lng": 172.55
    },
    {
      "cityName": "Willowbridge",
      "lat": -44.783333,
      "lng": 171.116667
    },
    {
      "cityName": "Willowby",
      "lat": -43.983333,
      "lng": 171.683333
    },
    {
      "cityName": "Winchester",
      "lat": -44.2,
      "lng": 171.283333
    },
    {
      "cityName": "Winchmore",
      "lat": -43.833333,
      "lng": 171.716667
    },
    {
      "cityName": "Windsor",
      "lat": -45,
      "lng": 170.8
    },
    {
      "cityName": "Windwhistle",
      "lat": -43.5,
      "lng": 171.683333
    },
    {
      "cityName": "Winslow",
      "lat": -43.95,
      "lng": 171.65
    },
    {
      "cityName": "Woodbury",
      "lat": -44.033333,
      "lng": 171.2
    },
    {
      "cityName": "Woolston",
      "lat": -43.55,
      "lng": 172.683333
    },
    {
      "cityName": "Yaldhurst",
      "lat": -43.516667,
      "lng": 172.516667
    }
  ]
}