{
  "name": "South Island - West Coast",
  "cities": [
    {
      "cityName": "Adams Flat",
      "lat": -46.116667,
      "lng": 169.833333
    },
    {
      "cityName": "Ahaura",
      "lat": -42.35,
      "lng": 171.533333
    },
    {
      "cityName": "Aickens",
      "lat": -42.783333,
      "lng": 171.616667
    },
    {
      "cityName": "Arahura",
      "lat": -42.666667,
      "lng": 171.033333
    },
    {
      "cityName": "Atarau",
      "lat": -42.333333,
      "lng": 171.483333
    },
    {
      "cityName": "Barrytown",
      "lat": -42.25,
      "lng": 171.333333
    },
    {
      "cityName": "Bell Hill",
      "lat": -42.55,
      "lng": 171.6
    },
    {
      "cityName": "Blue Spur",
      "lat": -42.716667,
      "lng": 171.033333
    },
    {
      "cityName": "Bruce Bay",
      "lat": -43.583333,
      "lng": 169.683333
    },
    {
      "cityName": "Brunnerton",
      "lat": -42.433333,
      "lng": 171.316667
    },
    {
      "cityName": "Camerons",
      "lat": -42.55,
      "lng": 171.133333
    },
    {
      "cityName": "Carters Mill",
      "lat": -43.973333,
      "lng": 168.854167
    },
    {
      "cityName": "Chesterfield",
      "lat": -42.616667,
      "lng": 171.083333
    },
    {
      "cityName": "Cobden",
      "lat": -42.433333,
      "lng": 171.216667
    },
    {
      "cityName": "Dobson",
      "lat": -42.45,
      "lng": 171.3
    },
    {
      "cityName": "Fergusons",
      "lat": -42.966667,
      "lng": 170.733333
    },
    {
      "cityName": "Greymouth",
      "lat": -42.466667,
      "lng": 171.2
    },
    {
      "cityName": "Haast",
      "lat": -43.883333,
      "lng": 169.05
    },
    {
      "cityName": "Herepo",
      "lat": -43.116667,
      "lng": 170.55
    },
    {
      "cityName": "Hohonu",
      "lat": -42.683333,
      "lng": 171.266667
    },
    {
      "cityName": "Hokitika",
      "lat": -42.716667,
      "lng": 170.966667
    },
    {
      "cityName": "Huhuka",
      "lat": -43.966667,
      "lng": 168.916667
    },
    {
      "cityName": "Humphreys",
      "lat": -42.733333,
      "lng": 171.116667
    },
    {
      "cityName": "Inchbonnie",
      "lat": -42.733333,
      "lng": 171.466667
    },
    {
      "cityName": "Jacksons",
      "lat": -42.75,
      "lng": 171.516667
    },
    {
      "cityName": "Kaiata",
      "lat": -42.466667,
      "lng": 171.25
    },
    {
      "cityName": "Kakapotahi",
      "lat": -42.983333,
      "lng": 170.7
    },
    {
      "cityName": "Kamaka",
      "lat": -42.433333,
      "lng": 171.383333
    },
    {
      "cityName": "Kaniere",
      "lat": -42.75,
      "lng": 171
    },
    {
      "cityName": "Karangarua",
      "lat": -43.533333,
      "lng": 169.816667
    },
    {
      "cityName": "Koiterangi",
      "lat": -42.866667,
      "lng": 171.016667
    },
    {
      "cityName": "Kokatahi",
      "lat": -42.833333,
      "lng": 171.033333
    },
    {
      "cityName": "Kokiri",
      "lat": -42.5,
      "lng": 171.383333
    },
    {
      "cityName": "Lake Kaniere",
      "lat": -42.8,
      "lng": 171.133333
    },
    {
      "cityName": "Mahers Creek",
      "lat": -42.183333,
      "lng": 171.333333
    },
    {
      "cityName": "Mahitahi",
      "lat": -43.65,
      "lng": 169.6
    },
    {
      "cityName": "Nelson Creek",
      "lat": -42.416667,
      "lng": 171.516667
    },
    {
      "cityName": "Okarito",
      "lat": -43.233333,
      "lng": 170.183333
    },
    {
      "cityName": "Okuru",
      "lat": -43.9,
      "lng": 168.916667
    },
    {
      "cityName": "Otira",
      "lat": -42.833333,
      "lng": 171.55
    },
    {
      "cityName": "Poerua",
      "lat": -42.7,
      "lng": 171.5
    },
    {
      "cityName": "Potters Creek",
      "lat": -43.35,
      "lng": 170.216667
    },
    {
      "cityName": "Punakaiki",
      "lat": -42.1,
      "lng": 171.333333
    },
    {
      "cityName": "Roa",
      "lat": -42.35,
      "lng": 171.383333
    },
    {
      "cityName": "Rotokino",
      "lat": -43.2,
      "lng": 170.366667
    },
    {
      "cityName": "Ruatapu",
      "lat": -42.8,
      "lng": 170.883333
    },
    {
      "cityName": "Stafford",
      "lat": -42.666667,
      "lng": 171.083333
    },
    {
      "cityName": "Takutai",
      "lat": -42.733333,
      "lng": 170.95
    },
    {
      "cityName": "Taramakau",
      "lat": -42.683333,
      "lng": 171.25
    },
    {
      "cityName": "Tatare",
      "lat": -43.366667,
      "lng": 170.183333
    },
    {
      "cityName": "Te Kinga",
      "lat": -42.633333,
      "lng": 171.5
    },
    {
      "cityName": "Te Taho",
      "lat": -43.216667,
      "lng": 170.433333
    },
    {
      "cityName": "Totara Flat",
      "lat": -42.3,
      "lng": 171.616667
    },
    {
      "cityName": "Turiwhate",
      "lat": -42.733333,
      "lng": 171.3
    },
    {
      "cityName": "Waiatoto",
      "lat": -43.983333,
      "lng": 168.766667
    },
    {
      "cityName": "Wainihinihi",
      "lat": -42.766667,
      "lng": 171.333333
    },
    {
      "cityName": "Wallsend",
      "lat": -42.466667,
      "lng": 171.3
    }
  ]
}