{
  "name": "North Island - Hawke's Bay",
  "cities": [
    {
      "cityName": "Ahuriri",
      "lat": -39.483333,
      "lng": 176.9
    },
    {
      "cityName": "Ahuriri Village",
      "lat": -39.248889,
      "lng": 177.861944
    },
    {
      "cityName": "Allerton",
      "lat": -39.674444,
      "lng": 176.824167
    },
    {
      "cityName": "Alton",
      "lat": -39.666667,
      "lng": 174.45
    },
    {
      "cityName": "Amberley",
      "lat": -43.166667,
      "lng": 172.733333
    },
    {
      "cityName": "Aramoana",
      "lat": -45.783333,
      "lng": 170.7
    },
    {
      "cityName": "Aranui",
      "lat": -43.516667,
      "lng": 172.7
    },
    {
      "cityName": "Ardmore",
      "lat": -37.033333,
      "lng": 175
    },
    {
      "cityName": "Argyll East",
      "lat": -39.866667,
      "lng": 176.533333
    },
    {
      "cityName": "Ashley Clinton",
      "lat": -39.95,
      "lng": 176.25
    },
    {
      "cityName": "Awa-iti",
      "lat": -40.866667,
      "lng": 173
    },
    {
      "cityName": "Awanui",
      "lat": -35.05,
      "lng": 173.25
    },
    {
      "cityName": "Awaroa",
      "lat": -36.816667,
      "lng": 175.116667
    },
    {
      "cityName": "Awatea",
      "lat": -46.366667,
      "lng": 169.533333
    },
    {
      "cityName": "Awatoto",
      "lat": -39.55,
      "lng": 176.9
    },
    {
      "cityName": "Bastings",
      "lat": -45.783333,
      "lng": 169.466667
    },
    {
      "cityName": "Birch Hill",
      "lat": -41.65,
      "lng": 173.283333
    },
    {
      "cityName": "Blackburn",
      "lat": -39.866667,
      "lng": 176.283333
    },
    {
      "cityName": "Brooklyn",
      "lat": -41.316667,
      "lng": 174.75
    },
    {
      "cityName": "Cairnbrae",
      "lat": -43.666667,
      "lng": 171.683333
    },
    {
      "cityName": "Cheviot",
      "lat": -42.816667,
      "lng": 173.266667
    },
    {
      "cityName": "Claremont",
      "lat": -44.383333,
      "lng": 171.116667
    },
    {
      "cityName": "Clifton",
      "lat": -43.558333,
      "lng": 172.75
    },
    {
      "cityName": "Clive",
      "lat": -39.583333,
      "lng": 176.916667
    },
    {
      "cityName": "Conical Hill",
      "lat": -46.066667,
      "lng": 169.233333
    },
    {
      "cityName": "Darfield",
      "lat": -43.483333,
      "lng": 172.116667
    },
    {
      "cityName": "Dawson Gate",
      "lat": -39.366667,
      "lng": 174.15
    },
    {
      "cityName": "Elgin",
      "lat": -43.95,
      "lng": 171.816667
    },
    {
      "cityName": "Elsthorpe",
      "lat": -39.916667,
      "lng": 176.816667
    },
    {
      "cityName": "Enfield",
      "lat": -44.966667,
      "lng": 170.783333
    },
    {
      "cityName": "Eskdale",
      "lat": -39.4,
      "lng": 176.833333
    },
    {
      "cityName": "Fairfield",
      "lat": -45.9,
      "lng": 170.4
    },
    {
      "cityName": "Fairview",
      "lat": -44.416667,
      "lng": 171.166667
    },
    {
      "cityName": "Fernhill",
      "lat": -39.583333,
      "lng": 176.766667
    },
    {
      "cityName": "Flagstaff",
      "lat": -45.833333,
      "lng": 170.483333
    },
    {
      "cityName": "Flemington",
      "lat": -44.016667,
      "lng": 171.733333
    },
    {
      "cityName": "Glenbrook",
      "lat": -37.216667,
      "lng": 174.783333
    },
    {
      "cityName": "Glengarry",
      "lat": -41.833333,
      "lng": 172.233333
    },
    {
      "cityName": "Glenhope",
      "lat": -41.65,
      "lng": 172.65
    },
    {
      "cityName": "Glenorchy",
      "lat": -44.85,
      "lng": 168.383333
    },
    {
      "cityName": "Glenore",
      "lat": -46.1,
      "lng": 169.866667
    },
    {
      "cityName": "Greenmeadows",
      "lat": -39.533333,
      "lng": 176.866667
    },
    {
      "cityName": "Halfway Bush",
      "lat": -45.85,
      "lng": 170.466667
    },
    {
      "cityName": "Hastings",
      "lat": -39.65,
      "lng": 176.833333
    },
    {
      "cityName": "Hatuma",
      "lat": -40.033333,
      "lng": 176.5
    },
    {
      "cityName": "Haunui",
      "lat": -40.6,
      "lng": 176.05
    },
    {
      "cityName": "Hautapu",
      "lat": -37.866667,
      "lng": 175.45
    },
    {
      "cityName": "Havelock North",
      "lat": -39.666667,
      "lng": 176.883333
    },
    {
      "cityName": "Hawarden",
      "lat": -42.933333,
      "lng": 172.633333
    },
    {
      "cityName": "Hawkeswood",
      "lat": -42.65,
      "lng": 173.333333
    },
    {
      "cityName": "Herbertville",
      "lat": -40.499444,
      "lng": 176.545833
    },
    {
      "cityName": "Homewood",
      "lat": -41.1,
      "lng": 173.95
    },
    {
      "cityName": "Hopelands",
      "lat": -40.35,
      "lng": 175.966667
    },
    {
      "cityName": "Horseshoe Bend",
      "lat": -45.75,
      "lng": 169.466667
    },
    {
      "cityName": "Howard Junction",
      "lat": -41.7,
      "lng": 172.666667
    },
    {
      "cityName": "Huatoki",
      "lat": -39.133333,
      "lng": 174.05
    },
    {
      "cityName": "Hukanui",
      "lat": -40.566667,
      "lng": 175.7
    },
    {
      "cityName": "Humua",
      "lat": -40.566667,
      "lng": 175.733333
    },
    {
      "cityName": "Kaitoke",
      "lat": -41.083333,
      "lng": 175.166667
    },
    {
      "cityName": "Kaiwaka",
      "lat": -36.166667,
      "lng": 174.45
    },
    {
      "cityName": "Karamea",
      "lat": -41.25,
      "lng": 172.116667
    },
    {
      "cityName": "Karamu",
      "lat": -37.883333,
      "lng": 175.133333
    },
    {
      "cityName": "Kawatiri",
      "lat": -41.7,
      "lng": 172.6
    },
    {
      "cityName": "Kelvin Grove",
      "lat": -40.333333,
      "lng": 175.633333
    },
    {
      "cityName": "Kerikeri",
      "lat": -35.216667,
      "lng": 173.966667
    },
    {
      "cityName": "Kinikini",
      "lat": -39.151944,
      "lng": 177.835278
    },
    {
      "cityName": "Kiritaki",
      "lat": -40.233333,
      "lng": 175.983333
    },
    {
      "cityName": "Kiwi",
      "lat": -41.5,
      "lng": 172.75
    },
    {
      "cityName": "Komata",
      "lat": -37.366667,
      "lng": 175.733333
    },
    {
      "cityName": "Konini",
      "lat": -40.5,
      "lng": 175.783333
    },
    {
      "cityName": "Kopua",
      "lat": -40.083333,
      "lng": 176.3
    },
    {
      "cityName": "Kopuawhara",
      "lat": -38.966667,
      "lng": 177.9
    },
    {
      "cityName": "Koraki",
      "lat": -39.283333,
      "lng": 176.85
    },
    {
      "cityName": "Kororareka",
      "lat": -35.266667,
      "lng": 174.116667
    },
    {
      "cityName": "Kotemaori",
      "lat": -39.066667,
      "lng": 177.033333
    },
    {
      "cityName": "Kumeroa",
      "lat": -40.333333,
      "lng": 175.983333
    },
    {
      "cityName": "Mahana",
      "lat": -41.266667,
      "lng": 173.05
    },
    {
      "cityName": "Mahanga Beach",
      "lat": -39.008611,
      "lng": 177.885
    },
    {
      "cityName": "Maharakeke",
      "lat": -40.016667,
      "lng": 176.45
    },
    {
      "cityName": "Mahia Beach",
      "lat": -39.083333,
      "lng": 177.866667
    },
    {
      "cityName": "Mahia",
      "lat": -39.083333,
      "lng": 177.916667
    },
    {
      "cityName": "Mahoe",
      "lat": -39.383333,
      "lng": 174.166667
    },
    {
      "cityName": "Makaretu",
      "lat": -39.916667,
      "lng": 176.266667
    },
    {
      "cityName": "Makirikiri",
      "lat": -39.866667,
      "lng": 175.116667
    },
    {
      "cityName": "Makotuku",
      "lat": -40.116667,
      "lng": 176.233333
    },
    {
      "cityName": "Mamaku",
      "lat": -38.1,
      "lng": 176.083333
    },
    {
      "cityName": "Manaroa",
      "lat": -41.116667,
      "lng": 174.033333
    },
    {
      "cityName": "Mangamahu",
      "lat": -39.816667,
      "lng": 175.366667
    },
    {
      "cityName": "Mangamaire",
      "lat": -40.516667,
      "lng": 175.75
    },
    {
      "cityName": "Mangatarata",
      "lat": -37.3,
      "lng": 175.366667
    },
    {
      "cityName": "Maraekakaho",
      "lat": -39.65,
      "lng": 176.633333
    },
    {
      "cityName": "Maraitara",
      "lat": -39.44,
      "lng": 176.831667
    },
    {
      "cityName": "Mast",
      "lat": -39.546667,
      "lng": 176.935
    },
    {
      "cityName": "Matahorua",
      "lat": -39.166667,
      "lng": 176.933333
    },
    {
      "cityName": "Matamau",
      "lat": -40.133333,
      "lng": 176.166667
    },
    {
      "cityName": "Maungatea Village",
      "lat": -39.183333,
      "lng": 177.842778
    },
    {
      "cityName": "Merrivale",
      "lat": -46.05,
      "lng": 167.833333
    },
    {
      "cityName": "Methven",
      "lat": -43.633333,
      "lng": 171.65
    },
    {
      "cityName": "Mino",
      "lat": -39.460833,
      "lng": 176.811667
    },
    {
      "cityName": "Moemoto",
      "lat": -39.149722,
      "lng": 177.838611
    },
    {
      "cityName": "Mohaka",
      "lat": -39.116667,
      "lng": 177.183333
    },
    {
      "cityName": "Morere",
      "lat": -38.983333,
      "lng": 177.8
    },
    {
      "cityName": "Moteo",
      "lat": -39.5,
      "lng": 176.783333
    },
    {
      "cityName": "Moturoa",
      "lat": -39.066667,
      "lng": 174.05
    },
    {
      "cityName": "Mount Pleasant",
      "lat": -41.333333,
      "lng": 173.966667
    },
    {
      "cityName": "Muritai",
      "lat": -41.3,
      "lng": 174.883333
    },
    {
      "cityName": "Napier City",
      "lat": -39.483333,
      "lng": 176.916667
    },
    {
      "cityName": "Naumai",
      "lat": -36.083333,
      "lng": 173.983333
    },
    {
      "cityName": "Netherton",
      "lat": -37.333333,
      "lng": 175.616667
    },
    {
      "cityName": "Ngahere",
      "lat": -42.4,
      "lng": 171.45
    },
    {
      "cityName": "Ngaio",
      "lat": -41.25,
      "lng": 174.783333
    },
    {
      "cityName": "Ngamoko",
      "lat": -40.05,
      "lng": 176.166667
    },
    {
      "cityName": "Ngatira",
      "lat": -38.1,
      "lng": 175.9
    },
    {
      "cityName": "Norsewood",
      "lat": -40.066667,
      "lng": 176.216667
    },
    {
      "cityName": "Nuhaka",
      "lat": -39.05,
      "lng": 177.75
    },
    {
      "cityName": "Ocean Beach",
      "lat": -46.583333,
      "lng": 168.316667
    },
    {
      "cityName": "Okaihau",
      "lat": -35.316667,
      "lng": 173.783333
    },
    {
      "cityName": "Okoke",
      "lat": -39.016667,
      "lng": 174.483333
    },
    {
      "cityName": "Omahanui",
      "lat": -38.866667,
      "lng": 177.25
    },
    {
      "cityName": "Omahu",
      "lat": -37.266667,
      "lng": 175.666667
    },
    {
      "cityName": "Omapere",
      "lat": -35.533333,
      "lng": 173.383333
    },
    {
      "cityName": "Onga Onga",
      "lat": -39.916667,
      "lng": 176.416667
    },
    {
      "cityName": "Opapa",
      "lat": -39.8,
      "lng": 176.683333
    },
    {
      "cityName": "Opoutama",
      "lat": -39.066667,
      "lng": 177.833333
    },
    {
      "cityName": "Ormondville",
      "lat": -40.116667,
      "lng": 176.266667
    },
    {
      "cityName": "Otama",
      "lat": -45.95,
      "lng": 168.866667
    },
    {
      "cityName": "Otarawao",
      "lat": -41.05,
      "lng": 173.683333
    },
    {
      "cityName": "Outram",
      "lat": -45.866667,
      "lng": 170.233333
    },
    {
      "cityName": "Paeroa",
      "lat": -37.366667,
      "lng": 175.666667
    },
    {
      "cityName": "Pahowai",
      "lat": -39.600556,
      "lng": 176.894167
    },
    {
      "cityName": "Pah",
      "lat": -40.264167,
      "lng": 176.648611
    },
    {
      "cityName": "Pakaraka",
      "lat": -35.35,
      "lng": 173.95
    },
    {
      "cityName": "Papanui",
      "lat": -43.5,
      "lng": 172.616667
    },
    {
      "cityName": "Papatawa",
      "lat": -40.316667,
      "lng": 175.933333
    },
    {
      "cityName": "Paranui",
      "lat": -35.066667,
      "lng": 173.466667
    },
    {
      "cityName": "Paraparaumu Beach",
      "lat": -40.9,
      "lng": 174.983333
    },
    {
      "cityName": "Paraparaumu",
      "lat": -40.916667,
      "lng": 175.016667
    },
    {
      "cityName": "Parkvale",
      "lat": -41.05,
      "lng": 175.55
    },
    {
      "cityName": "Paroa",
      "lat": -42.516667,
      "lng": 171.166667
    },
    {
      "cityName": "Patangata",
      "lat": -39.916667,
      "lng": 176.716667
    },
    {
      "cityName": "Patoka",
      "lat": -39.35,
      "lng": 176.616667
    },
    {
      "cityName": "Peebles",
      "lat": -44.966667,
      "lng": 170.933333
    },
    {
      "cityName": "Petane",
      "lat": -39.383333,
      "lng": 176.866667
    },
    {
      "cityName": "Pikowai",
      "lat": -37.85,
      "lng": 176.666667
    },
    {
      "cityName": "Piopio",
      "lat": -38.466667,
      "lng": 175.016667
    },
    {
      "cityName": "Piripiri",
      "lat": -40.166667,
      "lng": 176.133333
    },
    {
      "cityName": "Piruhi",
      "lat": -39.156389,
      "lng": 177.831389
    },
    {
      "cityName": "Porangahau",
      "lat": -40.278889,
      "lng": 176.628333
    },
    {
      "cityName": "Poukawa",
      "lat": -39.766667,
      "lng": 176.733333
    },
    {
      "cityName": "Pukahu",
      "lat": -39.683333,
      "lng": 176.85
    },
    {
      "cityName": "Pukeawa",
      "lat": -46.166667,
      "lng": 169.616667
    },
    {
      "cityName": "Pukehou",
      "lat": -39.833333,
      "lng": 176.633333
    },
    {
      "cityName": "Pukekura",
      "lat": -43.016667,
      "lng": 170.666667
    },
    {
      "cityName": "Pukenui",
      "lat": -34.816667,
      "lng": 173.116667
    },
    {
      "cityName": "Pukerangi",
      "lat": -45.633333,
      "lng": 170.216667
    },
    {
      "cityName": "Puketiro",
      "lat": -46.483333,
      "lng": 169.483333
    },
    {
      "cityName": "Puketitiri",
      "lat": -39.283333,
      "lng": 176.55
    },
    {
      "cityName": "Puketona",
      "lat": -35.3,
      "lng": 173.966667
    },
    {
      "cityName": "Puk-kura",
      "lat": -39.523333,
      "lng": 176.844167
    },
    {
      "cityName": "Punawai",
      "lat": -43.783333,
      "lng": 171.533333
    },
    {
      "cityName": "Putorino",
      "lat": -39.133333,
      "lng": 177
    },
    {
      "cityName": "Rakau",
      "lat": -41.416667,
      "lng": 172.783333
    },
    {
      "cityName": "Rapaki",
      "lat": -43.616667,
      "lng": 172.666667
    },
    {
      "cityName": "Rata",
      "lat": -39.983333,
      "lng": 175.516667
    },
    {
      "cityName": "Raumati Beach",
      "lat": -40.916667,
      "lng": 174.983333
    },
    {
      "cityName": "Raumati",
      "lat": -40.2,
      "lng": 176.15
    },
    {
      "cityName": "Raumati South",
      "lat": -40.95,
      "lng": 174.983333
    },
    {
      "cityName": "Raupunga",
      "lat": -39.033333,
      "lng": 177.216667
    },
    {
      "cityName": "Rawhiti",
      "lat": -35.233333,
      "lng": 174.25
    },
    {
      "cityName": "Rimu",
      "lat": -42.766667,
      "lng": 171
    },
    {
      "cityName": "Rissington",
      "lat": -39.45,
      "lng": 176.716667
    },
    {
      "cityName": "Riversdale",
      "lat": -45.9,
      "lng": 168.75
    },
    {
      "cityName": "Riverside",
      "lat": -44.016667,
      "lng": 171.833333
    },
    {
      "cityName": "Round Hill",
      "lat": -46.316667,
      "lng": 167.816667
    },
    {
      "cityName": "Ruataniwha",
      "lat": -39.933333,
      "lng": 176.5
    },
    {
      "cityName": "Ruawai",
      "lat": -36.133333,
      "lng": 174.033333
    },
    {
      "cityName": "Salisbury",
      "lat": -44.433333,
      "lng": 171.2
    },
    {
      "cityName": "Seafield",
      "lat": -43.916667,
      "lng": 171.9
    },
    {
      "cityName": "Silverdale",
      "lat": -36.616667,
      "lng": 174.666667
    },
    {
      "cityName": "Spring Creek",
      "lat": -41.466667,
      "lng": 173.966667
    },
    {
      "cityName": "Taheke",
      "lat": -35.45,
      "lng": 173.65
    },
    {
      "cityName": "Tahere",
      "lat": -35.683333,
      "lng": 174.433333
    },
    {
      "cityName": "Tahoraite",
      "lat": -40.216667,
      "lng": 176.083333
    },
    {
      "cityName": "Tahora",
      "lat": -39.033333,
      "lng": 174.8
    },
    {
      "cityName": "Taingaihe",
      "lat": -36.166667,
      "lng": 174.016667
    },
    {
      "cityName": "Takapau",
      "lat": -40.033333,
      "lng": 176.35
    },
    {
      "cityName": "Tamihunu",
      "lat": -39.540278,
      "lng": 176.847778
    },
    {
      "cityName": "Tangarakau",
      "lat": -39.016667,
      "lng": 174.85
    },
    {
      "cityName": "Tangoio",
      "lat": -39.333333,
      "lng": 176.916667
    },
    {
      "cityName": "Taniwha",
      "lat": -37.4,
      "lng": 175.3
    },
    {
      "cityName": "Taradale",
      "lat": -39.533333,
      "lng": 176.85
    },
    {
      "cityName": "Tarawera",
      "lat": -39.033333,
      "lng": 176.583333
    },
    {
      "cityName": "Tarewa",
      "lat": -38.933333,
      "lng": 177.8
    },
    {
      "cityName": "Taumata",
      "lat": -46.15,
      "lng": 169.466667
    },
    {
      "cityName": "Tawhiti",
      "lat": -45.383333,
      "lng": 169.283333
    },
    {
      "cityName": "Te Aute",
      "lat": -39.828333,
      "lng": 176.6325
    },
    {
      "cityName": "Te Awanga",
      "lat": -39.633333,
      "lng": 176.983333
    },
    {
      "cityName": "Te Hapua",
      "lat": -34.5,
      "lng": 172.916667
    },
    {
      "cityName": "Te Haroto",
      "lat": -39.133333,
      "lng": 176.6
    },
    {
      "cityName": "Te Hauke",
      "lat": -39.766667,
      "lng": 176.683333
    },
    {
      "cityName": "Te Hoe",
      "lat": -37.516667,
      "lng": 175.316667
    },
    {
      "cityName": "Te Kowhai",
      "lat": -37.75,
      "lng": 175.15
    },
    {
      "cityName": "Te Kuha",
      "lat": -41.833333,
      "lng": 171.65
    },
    {
      "cityName": "Te Pohue",
      "lat": -39.25,
      "lng": 176.683333
    },
    {
      "cityName": "Te Puna",
      "lat": -37.683333,
      "lng": 176.083333
    },
    {
      "cityName": "Te Ranga",
      "lat": -39.3,
      "lng": 175.2
    },
    {
      "cityName": "Te Rehunga",
      "lat": -40.216667,
      "lng": 176.016667
    },
    {
      "cityName": "Te Tawa",
      "lat": -39.183333,
      "lng": 174.216667
    },
    {
      "cityName": "Te Tua",
      "lat": -46.166667,
      "lng": 167.683333
    },
    {
      "cityName": "Tikokino",
      "lat": -39.816667,
      "lng": 176.45
    },
    {
      "cityName": "Tikorangi",
      "lat": -39.033333,
      "lng": 174.283333
    },
    {
      "cityName": "Tirohia",
      "lat": -37.433333,
      "lng": 175.65
    },
    {
      "cityName": "Tiromoana",
      "lat": -42.033333,
      "lng": 171.383333
    },
    {
      "cityName": "Tiroroa",
      "lat": -41.833333,
      "lng": 171.75
    },
    {
      "cityName": "Titirangi",
      "lat": -36.933333,
      "lng": 174.666667
    },
    {
      "cityName": "Ti-tree Point",
      "lat": -40.433333,
      "lng": 176.416667
    },
    {
      "cityName": "Tomoana",
      "lat": -39.633333,
      "lng": 176.866667
    },
    {
      "cityName": "Totaranui",
      "lat": -40.816667,
      "lng": 173
    },
    {
      "cityName": "Tuamarina",
      "lat": -41.433333,
      "lng": 173.95
    },
    {
      "cityName": "Tuatapere",
      "lat": -46.133333,
      "lng": 167.683333
    },
    {
      "cityName": "Tuhara",
      "lat": -39.033333,
      "lng": 177.516667
    },
    {
      "cityName": "Turiroa",
      "lat": -39.016667,
      "lng": 177.416667
    },
    {
      "cityName": "Tutira",
      "lat": -39.2,
      "lng": 176.866667
    },
    {
      "cityName": "Waerenga",
      "lat": -37.366667,
      "lng": 175.233333
    },
    {
      "cityName": "Waikari",
      "lat": -42.966667,
      "lng": 172.683333
    },
    {
      "cityName": "Waimarie",
      "lat": -41.516667,
      "lng": 171.933333
    },
    {
      "cityName": "Waima",
      "lat": -35.483333,
      "lng": 173.583333
    },
    {
      "cityName": "Wainui Beach",
      "lat": -38.683333,
      "lng": 178.083333
    },
    {
      "cityName": "Waiohiki",
      "lat": -39.566667,
      "lng": 176.816667
    },
    {
      "cityName": "Waipai",
      "lat": -39.1,
      "lng": 176.616667
    },
    {
      "cityName": "Waipapa",
      "lat": -35.2,
      "lng": 173.916667
    },
    {
      "cityName": "Waipatiki",
      "lat": -40.35,
      "lng": 176.283333
    },
    {
      "cityName": "Waipawa",
      "lat": -41.412222,
      "lng": 175.515278
    },
    {
      "cityName": "Waipiata",
      "lat": -45.183333,
      "lng": 170.166667
    },
    {
      "cityName": "Waipuna",
      "lat": -37.383333,
      "lng": 175.3
    },
    {
      "cityName": "Wairangi",
      "lat": -41.033333,
      "lng": 173.75
    },
    {
      "cityName": "Wairoa",
      "lat": -39.033333,
      "lng": 177.366667
    },
    {
      "cityName": "Wairunga",
      "lat": -45.533333,
      "lng": 170.7
    },
    {
      "cityName": "Waitakaro",
      "lat": -37.933333,
      "lng": 178.266667
    },
    {
      "cityName": "Waitaki",
      "lat": -44.933333,
      "lng": 171.1
    },
    {
      "cityName": "Waitangi",
      "lat": -35.25,
      "lng": 174.083333
    },
    {
      "cityName": "Waitaniwha",
      "lat": -39.059167,
      "lng": 177.798889
    },
    {
      "cityName": "Waitomo",
      "lat": -38.266667,
      "lng": 175.1
    },
    {
      "cityName": "Wakarara",
      "lat": -39.783333,
      "lng": 176.266667
    },
    {
      "cityName": "Wallingford",
      "lat": -40.216667,
      "lng": 176.6
    },
    {
      "cityName": "Wangaehu",
      "lat": -40.016667,
      "lng": 175.166667
    },
    {
      "cityName": "Wangawai",
      "lat": -39.083333,
      "lng": 177.95
    },
    {
      "cityName": "Wanstead",
      "lat": -40.133333,
      "lng": 176.533333
    },
    {
      "cityName": "Weber",
      "lat": -40.4,
      "lng": 176.316667
    },
    {
      "cityName": "Westmere",
      "lat": -39.9,
      "lng": 175
    },
    {
      "cityName": "Westshore",
      "lat": -39.483333,
      "lng": 176.883333
    },
    {
      "cityName": "Whakaki",
      "lat": -39.033333,
      "lng": 177.6
    },
    {
      "cityName": "Whakapirau",
      "lat": -36.15,
      "lng": 174.25
    },
    {
      "cityName": "Whakatu",
      "lat": -39.6,
      "lng": 176.883333
    },
    {
      "cityName": "Whareponga",
      "lat": -37.966667,
      "lng": 178.366667
    },
    {
      "cityName": "Whirinaki",
      "lat": -35.483333,
      "lng": 173.466667
    },
    {
      "cityName": "Wimbledon",
      "lat": -40.466667,
      "lng": 176.516667
    },
    {
      "cityName": "Windermere",
      "lat": -43.983333,
      "lng": 171.616667
    },
    {
      "cityName": "Woodside",
      "lat": -41.066667,
      "lng": 175.4
    }
  ]
}