{
  "name": "Central River",
  "cities": [
    {
      "cityName": "Abeokuta",
      "lat": 13.3666667,
      "lng": -14.6166667
    },
    {
      "cityName": "Ahalulie",
      "lat": 13.4666667,
      "lng": -14.9166667
    },
    {
      "cityName": "Alhaji Dembo",
      "lat": 13.4666667,
      "lng": -14.8833333
    },
    {
      "cityName": "Alimaka",
      "lat": 13.4666667,
      "lng": -14.4833333
    },
    {
      "cityName": "Alla Tenta",
      "lat": 13.45,
      "lng": -14.6666667
    },
    {
      "cityName": "Baiaba",
      "lat": 13.5,
      "lng": -14.5
    },
    {
      "cityName": "Bakadagy",
      "lat": 13.7166667,
      "lng": -15.0166667
    },
    {
      "cityName": "Bakadaji",
      "lat": 13.65,
      "lng": -14.8333333
    },
    {
      "cityName": "Bani",
      "lat": 13.5166667,
      "lng": -14.6
    },
    {
      "cityName": "Banicuba Yoroyel",
      "lat": 13.4333333,
      "lng": -14.5333333
    },
    {
      "cityName": "Banni",
      "lat": 13.55,
      "lng": -14.7333333
    },
    {
      "cityName": "Bansang",
      "lat": 13.4333333,
      "lng": -14.65
    },
    {
      "cityName": "Bantango Koto",
      "lat": 13.55,
      "lng": -14.55
    },
    {
      "cityName": "Bantanto",
      "lat": 13.4166667,
      "lng": -14.65
    },
    {
      "cityName": "Bantan Yima",
      "lat": 13.4666667,
      "lng": -14.9
    },
    {
      "cityName": "Barajali",
      "lat": 13.6,
      "lng": -14.95
    },
    {
      "cityName": "Barajali Tenda",
      "lat": 13.5833333,
      "lng": -14.95
    },
    {
      "cityName": "Belal",
      "lat": 13.3666667,
      "lng": -14.65
    },
    {
      "cityName": "Boraba",
      "lat": 13.5166667,
      "lng": -14.7333333
    },
    {
      "cityName": "Borong Kunda",
      "lat": 13.6333333,
      "lng": -14.6
    },
    {
      "cityName": "Bowe",
      "lat": 13.4833333,
      "lng": -14.9166667
    },
    {
      "cityName": "Brekana",
      "lat": 13.5333333,
      "lng": -14.9333333
    },
    {
      "cityName": "Bukari Kunda",
      "lat": 13.5,
      "lng": -14.7166667
    },
    {
      "cityName": "Buruku",
      "lat": 13.4833333,
      "lng": -14.7
    },
    {
      "cityName": "Busura",
      "lat": 13.6333333,
      "lng": -15.0833333
    },
    {
      "cityName": "Cha Kunda",
      "lat": 13.3833333,
      "lng": -14.5333333
    },
    {
      "cityName": "Chalen",
      "lat": 13.7833333,
      "lng": -15
    },
    {
      "cityName": "Changai",
      "lat": 13.5833333,
      "lng": -14.6666667
    },
    {
      "cityName": "Charen",
      "lat": 13.35,
      "lng": -14.6666667
    },
    {
      "cityName": "Chargel",
      "lat": 13.45,
      "lng": -14.55
    },
    {
      "cityName": "Cheken",
      "lat": 13.6,
      "lng": -15.05
    },
    {
      "cityName": "Darusalameh",
      "lat": 13.7,
      "lng": -14.9
    },
    {
      "cityName": "Demba Kale",
      "lat": 13.5833333,
      "lng": -14.65
    },
    {
      "cityName": "Demba Kunda",
      "lat": 13.6166667,
      "lng": -14.6666667
    },
    {
      "cityName": "Dembaso",
      "lat": 13.45,
      "lng": -14.5333333
    },
    {
      "cityName": "Demba Waddu",
      "lat": 13.5,
      "lng": -14.4666667
    },
    {
      "cityName": "Demfai",
      "lat": 13.6166667,
      "lng": -14.65
    },
    {
      "cityName": "Demfai Karim",
      "lat": 13.6333333,
      "lng": -14.65
    },
    {
      "cityName": "Denton",
      "lat": 13.5,
      "lng": -14.9333333
    },
    {
      "cityName": "Dingarai",
      "lat": 13.7666667,
      "lng": -14.9166667
    },
    {
      "cityName": "Dingirie",
      "lat": 13.75,
      "lng": -14.9166667
    },
    {
      "cityName": "Dobang Kunda",
      "lat": 13.4166667,
      "lng": -14.6333333
    },
    {
      "cityName": "Dobbo",
      "lat": 13.4666667,
      "lng": -14.6333333
    },
    {
      "cityName": "Doke Alla",
      "lat": 13.7166667,
      "lng": -14.9
    },
    {
      "cityName": "Dungal",
      "lat": 13.5,
      "lng": -14.8333333
    },
    {
      "cityName": "Ebadong",
      "lat": 13.4,
      "lng": -14.6
    },
    {
      "cityName": "Fadia Kunda",
      "lat": 13.6,
      "lng": -15.0333333
    },
    {
      "cityName": "Faraba",
      "lat": 13.5333333,
      "lng": -14.8166667
    },
    {
      "cityName": "Faranabe",
      "lat": 13.3833333,
      "lng": -14.5666667
    },
    {
      "cityName": "Farato",
      "lat": 13.3333333,
      "lng": -14.55
    },
    {
      "cityName": "Fas Maundeh",
      "lat": 13.6,
      "lng": -14.85
    },
    {
      "cityName": "Firdausy",
      "lat": 13.7833333,
      "lng": -14.9333333
    },
    {
      "cityName": "Fitu",
      "lat": 13.6,
      "lng": -14.7
    },
    {
      "cityName": "Fitu Fula",
      "lat": 13.5833333,
      "lng": -14.7
    },
    {
      "cityName": "Fuka",
      "lat": 13.4666667,
      "lng": -14.7
    },
    {
      "cityName": "Fula Kunda",
      "lat": 13.5833333,
      "lng": -14.8333333
    },
    {
      "cityName": "Futa Yel",
      "lat": 13.4333333,
      "lng": -14.7
    },
    {
      "cityName": "Galleh Jolloff",
      "lat": 13.4333333,
      "lng": -14.8
    },
    {
      "cityName": "Galleh Manda",
      "lat": 13.4333333,
      "lng": -14.7833333
    },
    {
      "cityName": "Gayen Pate Gaie",
      "lat": 13.35,
      "lng": -14.6833333
    },
    {
      "cityName": "Georgetown",
      "lat": 13.5333333,
      "lng": -14.7666667
    },
    {
      "cityName": "Guidi Musa",
      "lat": 13.4666667,
      "lng": -14.8333333
    },
    {
      "cityName": "Gungorong",
      "lat": 13.7166667,
      "lng": -14.8666667
    },
    {
      "cityName": "Gunjur",
      "lat": 13.6666667,
      "lng": -15.0333333
    },
    {
      "cityName": "Hai-Rewan",
      "lat": 13.65,
      "lng": -15.0833333
    },
    {
      "cityName": "Hamdalae",
      "lat": 13.5,
      "lng": -14.95
    },
    {
      "cityName": "Hamdalie",
      "lat": 13.7833333,
      "lng": -14.8666667
    },
    {
      "cityName": "Hosnan",
      "lat": 13.8,
      "lng": -15.0166667
    },
    {
      "cityName": "Ida",
      "lat": 13.6666667,
      "lng": -14.9333333
    },
    {
      "cityName": "Jabel Kunda",
      "lat": 13.4,
      "lng": -14.65
    },
    {
      "cityName": "Jafai",
      "lat": 13.6666667,
      "lng": -15.0833333
    },
    {
      "cityName": "Jakaba",
      "lat": 13.65,
      "lng": -14.8833333
    },
    {
      "cityName": "Jakhaly",
      "lat": 13.55,
      "lng": -14.9666667
    },
    {
      "cityName": "Jala Koto",
      "lat": 13.55,
      "lng": -14.6666667
    },
    {
      "cityName": "Jallal",
      "lat": 13.6166667,
      "lng": -14.5
    },
    {
      "cityName": "Jalo Kunda Abdu Secka",
      "lat": 13.7666667,
      "lng": -14.9833333
    },
    {
      "cityName": "Jalo Kunda Bakari Sabali",
      "lat": 13.75,
      "lng": -14.9666667
    },
    {
      "cityName": "Jalo Kunda Demba Sira",
      "lat": 13.7666667,
      "lng": -14.9666667
    },
    {
      "cityName": "Jalo Kunda Sering Ceesay",
      "lat": 13.75,
      "lng": -14.9833333
    },
    {
      "cityName": "Jaluby",
      "lat": 13.5833333,
      "lng": -14.5833333
    },
    {
      "cityName": "Jaluby Koto",
      "lat": 13.6,
      "lng": -14.6166667
    },
    {
      "cityName": "Jamagain",
      "lat": 13.7666667,
      "lng": -15.0166667
    },
    {
      "cityName": "Jamagen",
      "lat": 13.4833333,
      "lng": -14.8166667
    },
    {
      "cityName": "Jama Gen",
      "lat": 13.65,
      "lng": -14.65
    },
    {
      "cityName": "Jamali Babou",
      "lat": 13.5666667,
      "lng": -14.7666667
    },
    {
      "cityName": "Jamali Bere Jallow",
      "lat": 13.5833333,
      "lng": -14.7666667
    },
    {
      "cityName": "Jamali Ganiado Njie",
      "lat": 13.5666667,
      "lng": -14.75
    },
    {
      "cityName": "Jamali Momodou Kuta",
      "lat": 13.5833333,
      "lng": -14.75
    },
    {
      "cityName": "Jamu",
      "lat": 13.3833333,
      "lng": -14.7333333
    },
    {
      "cityName": "Janeh Kunda",
      "lat": 13.65,
      "lng": -14.6166667
    },
    {
      "cityName": "Jarrume Koto",
      "lat": 13.5833333,
      "lng": -14.7833333
    },
    {
      "cityName": "Jarrume Kuta",
      "lat": 13.5666667,
      "lng": -14.8666667
    },
    {
      "cityName": "Jataly",
      "lat": 13.6166667,
      "lng": -14.7166667
    },
    {
      "cityName": "Jawbe",
      "lat": 13.4166667,
      "lng": -14.7166667
    },
    {
      "cityName": "Jingory Mustapha",
      "lat": 13.7333333,
      "lng": -14.8666667
    },
    {
      "cityName": "Jokul Ndowen",
      "lat": 13.7833333,
      "lng": -14.9
    },
    {
      "cityName": "Junku",
      "lat": 13.4166667,
      "lng": -14.6666667
    },
    {
      "cityName": "Ka-ai",
      "lat": 13.5833333,
      "lng": -14.8833333
    },
    {
      "cityName": "Kahan",
      "lat": 13.5,
      "lng": -14.8166667
    },
    {
      "cityName": "Kai Hai Fula Kunda",
      "lat": 13.5833333,
      "lng": -14.8666667
    },
    {
      "cityName": "Kali Kunda",
      "lat": 13.4666667,
      "lng": -14.5833333
    },
    {
      "cityName": "Kambi",
      "lat": 13.7166667,
      "lng": -14.8
    },
    {
      "cityName": "Kaolang",
      "lat": 13.5666667,
      "lng": -15.0666667
    },
    {
      "cityName": "Karantaba Dutu Koto",
      "lat": 13.5833333,
      "lng": -14.5666667
    },
    {
      "cityName": "Karantaba",
      "lat": 13.55,
      "lng": -14.5666667
    },
    {
      "cityName": "Karantaba Tabokoto",
      "lat": 13.5666667,
      "lng": -14.5666667
    },
    {
      "cityName": "Kas N'Jaibal",
      "lat": 13.7666667,
      "lng": -14.9333333
    },
    {
      "cityName": "Kataba",
      "lat": 13.6833333,
      "lng": -14.8166667
    },
    {
      "cityName": "Kataba Sering Kah",
      "lat": 13.6666667,
      "lng": -14.8
    },
    {
      "cityName": "Ker Bakary Salla",
      "lat": 13.8,
      "lng": -15
    },
    {
      "cityName": "Kerewan Samba Sira",
      "lat": 13.5166667,
      "lng": -14.9
    },
    {
      "cityName": "Ker N'Gaien",
      "lat": 13.6333333,
      "lng": -14.9166667
    },
    {
      "cityName": "Ker Ngaien",
      "lat": 13.7166667,
      "lng": -14.9166667
    },
    {
      "cityName": "Ker Niada",
      "lat": 13.7333333,
      "lng": -14.8166667
    },
    {
      "cityName": "Ker Omar Dahor",
      "lat": 13.6166667,
      "lng": -15.0666667
    },
    {
      "cityName": "Kerr Sait Maram",
      "lat": 13.6666667,
      "lng": -14.85
    },
    {
      "cityName": "Ker Sait Maram",
      "lat": 13.6166667,
      "lng": -14.8333333
    },
    {
      "cityName": "Ker Samba",
      "lat": 13.75,
      "lng": -15.05
    },
    {
      "cityName": "Kewal",
      "lat": 13.45,
      "lng": -14.7
    },
    {
      "cityName": "Khewal",
      "lat": 13.5166667,
      "lng": -14.8333333
    },
    {
      "cityName": "Konko Fulla",
      "lat": 13.5333333,
      "lng": -14.8
    },
    {
      "cityName": "Konkohdoma",
      "lat": 13.55,
      "lng": -14.7166667
    },
    {
      "cityName": "Kudang",
      "lat": 13.6666667,
      "lng": -15.0666667
    },
    {
      "cityName": "Kuiran",
      "lat": 13.6666667,
      "lng": -14.8333333
    },
    {
      "cityName": "Kujew",
      "lat": 13.55,
      "lng": -14.7
    },
    {
      "cityName": "Kulibanta",
      "lat": 13.6666667,
      "lng": -15
    },
    {
      "cityName": "Kuntaur Fula Kunda",
      "lat": 13.65,
      "lng": -14.8666667
    },
    {
      "cityName": "Kunting",
      "lat": 13.5333333,
      "lng": -14.6666667
    },
    {
      "cityName": "Kur Kur Yoro Mballow",
      "lat": 13.4833333,
      "lng": -14.8833333
    },
    {
      "cityName": "Kusalang",
      "lat": 13.45,
      "lng": -14.8666667
    },
    {
      "cityName": "Lama",
      "lat": 13.4833333,
      "lng": -14.8
    },
    {
      "cityName": "Lamin Koto",
      "lat": 13.55,
      "lng": -14.7666667
    },
    {
      "cityName": "Lamoi",
      "lat": 13.4333333,
      "lng": -14.5833333
    },
    {
      "cityName": "Larlagoi",
      "lat": 13.4166667,
      "lng": -14.5833333
    },
    {
      "cityName": "Logo Moji",
      "lat": 13.3833333,
      "lng": -14.55
    },
    {
      "cityName": "Mabali Kuta",
      "lat": 13.4,
      "lng": -14.6666667
    },
    {
      "cityName": "Madiana",
      "lat": 13.4833333,
      "lng": -14.5
    },
    {
      "cityName": "Madina Demba",
      "lat": 13.4333333,
      "lng": -14.75
    },
    {
      "cityName": "Madina Fula Balde",
      "lat": 13.4,
      "lng": -14.6333333
    },
    {
      "cityName": "Madina Jawbeh",
      "lat": 13.4833333,
      "lng": -14.8666667
    },
    {
      "cityName": "Madina",
      "lat": 13.3666667,
      "lng": -14.5333333
    },
    {
      "cityName": "Madina N'Jaien",
      "lat": 13.75,
      "lng": -14.8833333
    },
    {
      "cityName": "Madina Sinchu Yoro",
      "lat": 13.5,
      "lng": -14.8666667
    },
    {
      "cityName": "Madina Umfally",
      "lat": 13.5333333,
      "lng": -14.95
    },
    {
      "cityName": "Madina Yoro Sowe",
      "lat": 13.6,
      "lng": -15.0166667
    },
    {
      "cityName": "Maka Gui",
      "lat": 13.75,
      "lng": -14.9
    },
    {
      "cityName": "Maka",
      "lat": 13.7,
      "lng": -14.8833333
    },
    {
      "cityName": "Mandingo",
      "lat": 13.5333333,
      "lng": -14.55
    },
    {
      "cityName": "Mangiumba",
      "lat": 13.7166667,
      "lng": -14.9333333
    },
    {
      "cityName": "Mara Magai",
      "lat": 13.5166667,
      "lng": -14.9166667
    },
    {
      "cityName": "Massembe Chandere",
      "lat": 13.4333333,
      "lng": -14.7666667
    },
    {
      "cityName": "Maundeh Kunda",
      "lat": 13.6333333,
      "lng": -15.0333333
    },
    {
      "cityName": "M'Baien Fulla",
      "lat": 13.7166667,
      "lng": -14.8166667
    },
    {
      "cityName": "Mbaien Sara Kumba Kah",
      "lat": 13.7333333,
      "lng": -14.8
    },
    {
      "cityName": "Mban",
      "lat": 13.4833333,
      "lng": -14.75
    },
    {
      "cityName": "Mbaro",
      "lat": 13.75,
      "lng": -15.0166667
    },
    {
      "cityName": "M'Bawarr",
      "lat": 13.5833333,
      "lng": -14.6
    },
    {
      "cityName": "Mbol Bouk",
      "lat": 13.6166667,
      "lng": -14.8
    },
    {
      "cityName": "Mbul Manda",
      "lat": 13.45,
      "lng": -14.8
    },
    {
      "cityName": "Medina",
      "lat": 13.45,
      "lng": -14.4833333
    },
    {
      "cityName": "Mesaith Sayan",
      "lat": 13.45,
      "lng": -14.5833333
    },
    {
      "cityName": "Misira",
      "lat": 13.55,
      "lng": -14.95
    },
    {
      "cityName": "Missira Mbaien",
      "lat": 13.5333333,
      "lng": -14.9166667
    },
    {
      "cityName": "Missira Ngain Tanu",
      "lat": 13.6166667,
      "lng": -14.7666667
    },
    {
      "cityName": "Mundong",
      "lat": 13.3666667,
      "lng": -14.5666667
    },
    {
      "cityName": "N'Dorrna",
      "lat": 13.6666667,
      "lng": -14.9666667
    },
    {
      "cityName": "N'Gaien",
      "lat": 13.7666667,
      "lng": -15.0333333
    },
    {
      "cityName": "Ngayene",
      "lat": 13.4,
      "lng": -14.7333333
    },
    {
      "cityName": "Nianga",
      "lat": 13.7833333,
      "lng": -15.0166667
    },
    {
      "cityName": "Niani Marigo",
      "lat": 13.7,
      "lng": -15
    },
    {
      "cityName": "Nibras",
      "lat": 13.4333333,
      "lng": -14.6
    },
    {
      "cityName": "Nioro Demba Njie",
      "lat": 13.7833333,
      "lng": -15.0333333
    },
    {
      "cityName": "N'Jalal Pole",
      "lat": 13.6166667,
      "lng": -14.5333333
    },
    {
      "cityName": "Njalal Tukulor",
      "lat": 13.6,
      "lng": -14.55
    },
    {
      "cityName": "N'Joben Fula",
      "lat": 13.7833333,
      "lng": -14.9666667
    },
    {
      "cityName": "Njoben",
      "lat": 13.4833333,
      "lng": -14.95
    },
    {
      "cityName": "N'Joren",
      "lat": 13.35,
      "lng": -14.6333333
    },
    {
      "cityName": "Nyangan",
      "lat": 13.7833333,
      "lng": -14.9833333
    },
    {
      "cityName": "Pachari Sana",
      "lat": 13.5,
      "lng": -14.85
    },
    {
      "cityName": "Pallan Mandinka",
      "lat": 13.6666667,
      "lng": -14.8666667
    },
    {
      "cityName": "Pallol",
      "lat": 13.7666667,
      "lng": -14.8666667
    },
    {
      "cityName": "Renerru",
      "lat": 13.6333333,
      "lng": -14.55
    },
    {
      "cityName": "Sabari",
      "lat": 13.35,
      "lng": -14.5333333
    },
    {
      "cityName": "Sabu Sirae",
      "lat": 13.5,
      "lng": -14.8833333
    },
    {
      "cityName": "Safalu",
      "lat": 13.7166667,
      "lng": -14.9833333
    },
    {
      "cityName": "Sambai Kunda",
      "lat": 13.5166667,
      "lng": -14.6666667
    },
    {
      "cityName": "Sambel Kunda",
      "lat": 13.6666667,
      "lng": -14.9833333
    },
    {
      "cityName": "Samé",
      "lat": 13.5333333,
      "lng": -14.4666667
    },
    {
      "cityName": "Sami Fati",
      "lat": 13.6166667,
      "lng": -14.6333333
    },
    {
      "cityName": "Sami Madina",
      "lat": 13.55,
      "lng": -14.4833333
    },
    {
      "cityName": "Sami Pachonki",
      "lat": 13.55,
      "lng": -14.5166667
    },
    {
      "cityName": "Sami Wharf Town",
      "lat": 13.5166667,
      "lng": -14.4666667
    },
    {
      "cityName": "Sam Ngaien",
      "lat": 13.45,
      "lng": -14.7833333
    },
    {
      "cityName": "Sanda",
      "lat": 13.6833333,
      "lng": -14.8
    },
    {
      "cityName": "Sankuli Kunda",
      "lat": 13.5166667,
      "lng": -14.7666667
    },
    {
      "cityName": "Santanto Jamuya Kande",
      "lat": 13.3666667,
      "lng": -14.55
    },
    {
      "cityName": "Sapu",
      "lat": 13.55,
      "lng": -14.9
    },
    {
      "cityName": "Sara Debo",
      "lat": 13.35,
      "lng": -14.65
    },
    {
      "cityName": "Sare Abdou",
      "lat": 13.5,
      "lng": -14.9833333
    },
    {
      "cityName": "Sare Adama",
      "lat": 13.45,
      "lng": -14.8833333
    },
    {
      "cityName": "Sare Amady Jabel",
      "lat": 13.3166667,
      "lng": -14.55
    },
    {
      "cityName": "Sare Balla",
      "lat": 13.4666667,
      "lng": -14.85
    },
    {
      "cityName": "Sare Duto",
      "lat": 13.5333333,
      "lng": -14.5833333
    },
    {
      "cityName": "Sare Jabel",
      "lat": 13.3833333,
      "lng": -14.7
    },
    {
      "cityName": "Sare Jide",
      "lat": 13.3833333,
      "lng": -14.6333333
    },
    {
      "cityName": "Sare Kanaman",
      "lat": 13.3666667,
      "lng": -14.7
    },
    {
      "cityName": "Sare Kinte",
      "lat": 13.3666667,
      "lng": -14.6666667
    },
    {
      "cityName": "Sare Louba",
      "lat": 13.5333333,
      "lng": -15.0333333
    },
    {
      "cityName": "Sare Madi",
      "lat": 13.4,
      "lng": -14.6833333
    },
    {
      "cityName": "Sare Malang",
      "lat": 13.55,
      "lng": -15.0166667
    },
    {
      "cityName": "Sare Malik",
      "lat": 13.4166667,
      "lng": -14.7
    },
    {
      "cityName": "Sare M'Bunka",
      "lat": 13.3833333,
      "lng": -14.6833333
    },
    {
      "cityName": "Sare Modu Bah",
      "lat": 13.3833333,
      "lng": -14.6
    },
    {
      "cityName": "Sare Sabo",
      "lat": 13.45,
      "lng": -14.5666667
    },
    {
      "cityName": "Sare Samba Ngai",
      "lat": 13.6166667,
      "lng": -14.55
    },
    {
      "cityName": "Sare Samba Taku",
      "lat": 13.4166667,
      "lng": -14.6
    },
    {
      "cityName": "Sare Sofi",
      "lat": 13.4166667,
      "lng": -14.5166667
    },
    {
      "cityName": "Sare Yoro Buka",
      "lat": 13.45,
      "lng": -14.85
    },
    {
      "cityName": "Sare Yoro",
      "lat": 13.4666667,
      "lng": -14.8666667
    },
    {
      "cityName": "Saruja",
      "lat": 13.55,
      "lng": -14.9166667
    },
    {
      "cityName": "Sering Sahor",
      "lat": 13.45,
      "lng": -14.8333333
    },
    {
      "cityName": "Sinchu Boggal",
      "lat": 13.4833333,
      "lng": -14.8333333
    },
    {
      "cityName": "Sinchu Chamalel",
      "lat": 13.45,
      "lng": -14.7666667
    },
    {
      "cityName": "Sinchu Danku",
      "lat": 13.4666667,
      "lng": -14.8166667
    },
    {
      "cityName": "Sinchu Gundo",
      "lat": 13.6166667,
      "lng": -15.0333333
    },
    {
      "cityName": "Sintchi Kattaba",
      "lat": 13.6666667,
      "lng": -14.8166667
    },
    {
      "cityName": "Sukuta",
      "lat": 13.5,
      "lng": -14.6
    },
    {
      "cityName": "Sukutta",
      "lat": 13.6166667,
      "lng": -14.9166667
    },
    {
      "cityName": "Sulolor Fula Kunda",
      "lat": 13.45,
      "lng": -14.6833333
    },
    {
      "cityName": "Tabanani",
      "lat": 13.6333333,
      "lng": -14.5833333
    },
    {
      "cityName": "Taba Nding",
      "lat": 13.4833333,
      "lng": -14.9333333
    },
    {
      "cityName": "Taibatu N'Yang-en",
      "lat": 13.75,
      "lng": -14.95
    },
    {
      "cityName": "Taimang",
      "lat": 13.6333333,
      "lng": -15.0666667
    },
    {
      "cityName": "Tandi Wolloff",
      "lat": 13.5166667,
      "lng": -14.55
    },
    {
      "cityName": "Tankong Kunda",
      "lat": 13.5,
      "lng": -14.65
    },
    {
      "cityName": "Tasali",
      "lat": 13.5666667,
      "lng": -14.6166667
    },
    {
      "cityName": "Tenenfara",
      "lat": 13.6166667,
      "lng": -15.0166667
    },
    {
      "cityName": "Toben",
      "lat": 13.75,
      "lng": -14.85
    },
    {
      "cityName": "Tuba Koto",
      "lat": 13.6333333,
      "lng": -14.9
    },
    {
      "cityName": "Tuba Ousman Boye",
      "lat": 13.4,
      "lng": -14.75
    },
    {
      "cityName": "Tuba",
      "lat": 13.4666667,
      "lng": -14.6833333
    },
    {
      "cityName": "Walli Kunda",
      "lat": 13.5666667,
      "lng": -14.9166667
    },
    {
      "cityName": "Wassu",
      "lat": 13.6833333,
      "lng": -14.8833333
    },
    {
      "cityName": "Wellingara Yoro",
      "lat": 13.5,
      "lng": -14.8
    },
    {
      "cityName": "Willingara Kejaw",
      "lat": 13.55,
      "lng": -14.9333333
    },
    {
      "cityName": "Woi Buray",
      "lat": 13.7,
      "lng": -14.8166667
    },
    {
      "cityName": "Yonah",
      "lat": 13.5333333,
      "lng": -14.6833333
    },
    {
      "cityName": "Yoro Beri Kunda",
      "lat": 13.5,
      "lng": -14.75
    }
  ]
}