{
  "name": "Zaporiz'ka Oblast'",
  "cities": [
    {
      "cityName": "Akimovka",
      "lat": 46.689722,
      "lng": 35.153611
    },
    {
      "cityName": "Akkermen",
      "lat": 47,
      "lng": 35.55
    },
    {
      "cityName": "Aleksandertal",
      "lat": 47.016667,
      "lng": 36.05
    },
    {
      "cityName": "Aleksandervol",
      "lat": 47.15,
      "lng": 35.833333
    },
    {
      "cityName": "Aleksandrfeld",
      "lat": 46.733333,
      "lng": 34.966667
    },
    {
      "cityName": "Aleksandrogeym",
      "lat": 47.1,
      "lng": 35.166667
    },
    {
      "cityName": "Aleksandropol",
      "lat": 48.15,
      "lng": 35.316667
    },
    {
      "cityName": "Aleksandrovka",
      "lat": 46.531389,
      "lng": 35.4875
    },
    {
      "cityName": "Aleksandrovsk",
      "lat": 47.816667,
      "lng": 35.183333
    },
    {
      "cityName": "Alekseyevka",
      "lat": 47.222778,
      "lng": 36.542222
    },
    {
      "cityName": "Alekseyevskiy",
      "lat": 47.683333,
      "lng": 35.1
    },
    {
      "cityName": "Altenau",
      "lat": 46.983333,
      "lng": 35.6
    },
    {
      "cityName": "AltMuntal",
      "lat": 47.266667,
      "lng": 35.633333
    },
    {
      "cityName": "AltNassau",
      "lat": 47.2,
      "lng": 35.566667
    },
    {
      "cityName": "Andreburg",
      "lat": 47.366667,
      "lng": 35.466667
    },
    {
      "cityName": "Andreyevka",
      "lat": 46.833333,
      "lng": 35.783333
    },
    {
      "cityName": "Andreyevskiy",
      "lat": 47.35,
      "lng": 36.083333
    },
    {
      "cityName": "Andreyev Yar",
      "lat": 47.283333,
      "lng": 36.766667
    },
    {
      "cityName": "Andrivka",
      "lat": 46.900278,
      "lng": 36.622222
    },
    {
      "cityName": "Annenfeld",
      "lat": 47.45,
      "lng": 35.5
    },
    {
      "cityName": "AnnoApanly",
      "lat": 46.89,
      "lng": 35.897222
    },
    {
      "cityName": "Annovka",
      "lat": 46.733333,
      "lng": 34.933333
    },
    {
      "cityName": "Antonovka",
      "lat": 47.966667,
      "lng": 35.683333
    },
    {
      "cityName": "Apostolovka",
      "lat": 46.918333,
      "lng": 36.0125
    },
    {
      "cityName": "Arabka",
      "lat": 46.966667,
      "lng": 35.733333
    },
    {
      "cityName": "Arbeytal",
      "lat": 46.75,
      "lng": 35.1
    },
    {
      "cityName": "Arbeytgeym",
      "lat": 47.783333,
      "lng": 36.566667
    },
    {
      "cityName": "Artel Novayazhizn",
      "lat": 47.933333,
      "lng": 35.016667
    },
    {
      "cityName": "Astrachanka",
      "lat": 46.933333,
      "lng": 35.65
    },
    {
      "cityName": "Astrakhanka",
      "lat": 46.949444,
      "lng": 35.652222
    },
    {
      "cityName": "Atamanovka",
      "lat": 46.45,
      "lng": 35.116667
    },
    {
      "cityName": "Avangard",
      "lat": 46.916667,
      "lng": 34.766667
    },
    {
      "cityName": "Avgustinovka",
      "lat": 48.033333,
      "lng": 35.033333
    },
    {
      "cityName": "Azov",
      "lat": 46.633333,
      "lng": 35.483333
    },
    {
      "cityName": "Babanovka",
      "lat": 46.7,
      "lng": 35.85
    },
    {
      "cityName": "Baburka",
      "lat": 47.8,
      "lng": 35.066667
    },
    {
      "cityName": "Balabine",
      "lat": 47.734444,
      "lng": 35.206111
    },
    {
      "cityName": "Balashovka",
      "lat": 47.15,
      "lng": 35.883333
    },
    {
      "cityName": "Balki",
      "lat": 47.383056,
      "lng": 34.950833
    },
    {
      "cityName": "Balochki",
      "lat": 47.483333,
      "lng": 36.45
    },
    {
      "cityName": "Banivka",
      "lat": 46.747778,
      "lng": 36.38
    },
    {
      "cityName": "Barbarshtadt",
      "lat": 47.434167,
      "lng": 35.526944
    },
    {
      "cityName": "Barvinovka",
      "lat": 46.866667,
      "lng": 35.983333
    },
    {
      "cityName": "Basan",
      "lat": 47.416667,
      "lng": 36.131389
    },
    {
      "cityName": "Basanskiy",
      "lat": 47.333333,
      "lng": 36.266667
    },
    {
      "cityName": "Batyevo",
      "lat": 46.680556,
      "lng": 35.838889
    },
    {
      "cityName": "Bedyanskoye",
      "lat": 46.967222,
      "lng": 37.008333
    },
    {
      "cityName": "BegimChokrak",
      "lat": 47.15,
      "lng": 36.083333
    },
    {
      "cityName": "Bekarovka",
      "lat": 47.85,
      "lng": 35.433333
    },
    {
      "cityName": "Bekkarskiy",
      "lat": 47.916667,
      "lng": 36.116667
    },
    {
      "cityName": "Belenkoye",
      "lat": 47.6275,
      "lng": 35.033889
    },
    {
      "cityName": "Belitskiy",
      "lat": 47.583333,
      "lng": 35.3
    },
    {
      "cityName": "Belitskoye",
      "lat": 47.666667,
      "lng": 35.7
    },
    {
      "cityName": "Belmanka",
      "lat": 47.25,
      "lng": 36.65
    },
    {
      "cityName": "Belogorye",
      "lat": 47.518333,
      "lng": 36.000278
    },
    {
      "cityName": "Belorechenka",
      "lat": 46.65,
      "lng": 35.65
    },
    {
      "cityName": "Belotserkovka",
      "lat": 47.233333,
      "lng": 36.816667
    },
    {
      "cityName": "Belovskiy",
      "lat": 46.983333,
      "lng": 35
    },
    {
      "cityName": "Belyayevka",
      "lat": 47.85,
      "lng": 36.35
    },
    {
      "cityName": "Berdjansk",
      "lat": 46.750278,
      "lng": 36.794444
    },
    {
      "cityName": "Berestovaya",
      "lat": 47.983333,
      "lng": 35.55
    },
    {
      "cityName": "Berestovoye",
      "lat": 47.15,
      "lng": 36.8
    },
    {
      "cityName": "Besedovka",
      "lat": 46.9,
      "lng": 35.9
    },
    {
      "cityName": "Beyevoye",
      "lat": 47.066667,
      "lng": 36.083333
    },
    {
      "cityName": "Bigma",
      "lat": 48.1,
      "lng": 35.5
    },
    {
      "cityName": "Blagoveshchanka",
      "lat": 47.283333,
      "lng": 36.783333
    },
    {
      "cityName": "Blagoveshchenskiy",
      "lat": 47.866667,
      "lng": 35.55
    },
    {
      "cityName": "Blagoveshchenskoye",
      "lat": 47.4525,
      "lng": 34.836389
    },
    {
      "cityName": "Blyumenort",
      "lat": 47.066667,
      "lng": 35.6
    },
    {
      "cityName": "Blyumental",
      "lat": 47.433333,
      "lng": 35.733333
    },
    {
      "cityName": "Blyumshteyn",
      "lat": 47.066667,
      "lng": 35.5
    },
    {
      "cityName": "Bochany",
      "lat": 47.666667,
      "lng": 36.3
    },
    {
      "cityName": "Bogatovka Nomer Devyatyy",
      "lat": 47.383333,
      "lng": 36.95
    },
    {
      "cityName": "Bogatyrëv",
      "lat": 47.933333,
      "lng": 35.2
    },
    {
      "cityName": "Bogdanov",
      "lat": 47.883333,
      "lng": 35.483333
    },
    {
      "cityName": "Bogdanovka",
      "lat": 46.733333,
      "lng": 35.9
    },
    {
      "cityName": "Bogoroditskoye",
      "lat": 46.965278,
      "lng": 36.290833
    },
    {
      "cityName": "Bolgarskoye",
      "lat": 46.683333,
      "lng": 35
    },
    {
      "cityName": "Bolgrad",
      "lat": 46.5,
      "lng": 35.1
    },
    {
      "cityName": "Bolschaja Beloserka",
      "lat": 47.274722,
      "lng": 34.703056
    },
    {
      "cityName": "Bolshaya Belmanka",
      "lat": 47.3,
      "lng": 36.583333
    },
    {
      "cityName": "Bolshaya Novoselka",
      "lat": 47.833333,
      "lng": 36.833333
    },
    {
      "cityName": "Bolshaya Rodzyanka",
      "lat": 47.55,
      "lng": 36.683333
    },
    {
      "cityName": "Bolshaya Znamenka",
      "lat": 47.441667,
      "lng": 34.345556
    },
    {
      "cityName": "Bolshoy Tokmak",
      "lat": 47.251389,
      "lng": 35.705833
    },
    {
      "cityName": "Borisovka",
      "lat": 46.783333,
      "lng": 36.405
    },
    {
      "cityName": "Borvinovka",
      "lat": 47.35,
      "lng": 35.433333
    },
    {
      "cityName": "Bratolyubovka",
      "lat": 46.983333,
      "lng": 35.05
    },
    {
      "cityName": "Burchaisk",
      "lat": 47.383333,
      "lng": 35.3
    },
    {
      "cityName": "Burchana",
      "lat": 47.85,
      "lng": 36.2
    },
    {
      "cityName": "Burgun",
      "lat": 46.666667,
      "lng": 35.7
    },
    {
      "cityName": "Burlatskiy",
      "lat": 47.583333,
      "lng": 36.616667
    },
    {
      "cityName": "Buzinovataya",
      "lat": 48.066667,
      "lng": 35.55
    },
    {
      "cityName": "Chapayevka",
      "lat": 47.466667,
      "lng": 36.35
    },
    {
      "cityName": "Charivnoye",
      "lat": 47.581111,
      "lng": 36.037778
    },
    {
      "cityName": "Chekhograd",
      "lat": 46.824722,
      "lng": 35.119167
    },
    {
      "cityName": "Cherbony Yar",
      "lat": 46.983333,
      "lng": 35.916667
    },
    {
      "cityName": "Chernigovka",
      "lat": 47.2,
      "lng": 36.166667
    },
    {
      "cityName": "ChernigovoTokmachansk",
      "lat": 47.133333,
      "lng": 36.216667
    },
    {
      "cityName": "Chernomorskiy",
      "lat": 47.816667,
      "lng": 35.883333
    },
    {
      "cityName": "Chernysheva",
      "lat": 47.9,
      "lng": 36.166667
    },
    {
      "cityName": "Chervona Gora",
      "lat": 47.316667,
      "lng": 35.716667
    },
    {
      "cityName": "Chervona Niva",
      "lat": 46.733333,
      "lng": 35.716667
    },
    {
      "cityName": "Chervone Pole",
      "lat": 47.009444,
      "lng": 37.08
    },
    {
      "cityName": "Chervonnyy",
      "lat": 47.55,
      "lng": 36.15
    },
    {
      "cityName": "Chervonoarmeyskoye",
      "lat": 47.476667,
      "lng": 35.533333
    },
    {
      "cityName": "Chervonoye",
      "lat": 47.016667,
      "lng": 35.483333
    },
    {
      "cityName": "Chervony Mayak",
      "lat": 47.85,
      "lng": 36.1
    },
    {
      "cityName": "Chistopolye",
      "lat": 47.383333,
      "lng": 36.816667
    },
    {
      "cityName": "Chkalove",
      "lat": 47.07,
      "lng": 34.708056
    },
    {
      "cityName": "Chkalovo",
      "lat": 46.55,
      "lng": 35.65
    },
    {
      "cityName": "Chubarevka",
      "lat": 47.548611,
      "lng": 36.547778
    },
    {
      "cityName": "Chubarovka",
      "lat": 47.484444,
      "lng": 36.253611
    },
    {
      "cityName": "Chumatskiy",
      "lat": 47.55,
      "lng": 36.316667
    },
    {
      "cityName": "Dachny",
      "lat": 46.7,
      "lng": 35.55
    },
    {
      "cityName": "Dakhno",
      "lat": 47.05,
      "lng": 36.466667
    },
    {
      "cityName": "Dalëkiy",
      "lat": 46.9,
      "lng": 34.983333
    },
    {
      "cityName": "Dalniy",
      "lat": 46.95,
      "lng": 35.283333
    },
    {
      "cityName": "DaniloIvanovka",
      "lat": 46.746667,
      "lng": 35.274722
    },
    {
      "cityName": "Danilovka",
      "lat": 47.866667,
      "lng": 36.233333
    },
    {
      "cityName": "Danilovskiy",
      "lat": 47.516667,
      "lng": 36.05
    },
    {
      "cityName": "Darmshtadt",
      "lat": 46.766667,
      "lng": 35.166667
    },
    {
      "cityName": "Daryevka",
      "lat": 47.7,
      "lng": 35.616667
    },
    {
      "cityName": "Davidovka",
      "lat": 46.515833,
      "lng": 35.138611
    },
    {
      "cityName": "Derevetskoye",
      "lat": 46.976111,
      "lng": 37.060556
    },
    {
      "cityName": "Desyaty Oktyabr",
      "lat": 47.216667,
      "lng": 36.583333
    },
    {
      "cityName": "Devenskaya",
      "lat": 46.650556,
      "lng": 35.566111
    },
    {
      "cityName": "Dianovka",
      "lat": 46.783333,
      "lng": 36.166667
    },
    {
      "cityName": "Dimitrova",
      "lat": 47.133333,
      "lng": 35.333333
    },
    {
      "cityName": "Dmitrievka",
      "lat": 46.85,
      "lng": 36.589722
    },
    {
      "cityName": "Dmitriyevka",
      "lat": 46.7,
      "lng": 35.183333
    },
    {
      "cityName": "Dmitriyevskiy",
      "lat": 47.383333,
      "lng": 36.333333
    },
    {
      "cityName": "Dmytrivka",
      "lat": 46.763889,
      "lng": 35.825833
    },
    {
      "cityName": "Dneprograd",
      "lat": 47.41,
      "lng": 35.019722
    },
    {
      "cityName": "Dneprovka",
      "lat": 47.366667,
      "lng": 35.416667
    },
    {
      "cityName": "Dniprovka",
      "lat": 47.431944,
      "lng": 34.620556
    },
    {
      "cityName": "Dobropolye",
      "lat": 47.1,
      "lng": 36.05
    },
    {
      "cityName": "Dobrovolcheskiy",
      "lat": 47.133333,
      "lng": 34.583333
    },
    {
      "cityName": "Dobrovolny",
      "lat": 47.733333,
      "lng": 36.25
    },
    {
      "cityName": "Dobrovolnyy",
      "lat": 47.2,
      "lng": 34.833333
    },
    {
      "cityName": "Dobryy Zatyshok",
      "lat": 47.5,
      "lng": 36.216667
    },
    {
      "cityName": "Dolina",
      "lat": 47.15,
      "lng": 35.566667
    },
    {
      "cityName": "Dolinka",
      "lat": 47.7,
      "lng": 36.016667
    },
    {
      "cityName": "Dolinsk",
      "lat": 47.783333,
      "lng": 34.966667
    },
    {
      "cityName": "Dolinskoye",
      "lat": 46.971389,
      "lng": 36.454167
    },
    {
      "cityName": "Dolynske",
      "lat": 46.778611,
      "lng": 35.207222
    },
    {
      "cityName": "Domuzly",
      "lat": 46.65,
      "lng": 34.733333
    },
    {
      "cityName": "Dorozhnyanka",
      "lat": 47.5875,
      "lng": 36.257778
    },
    {
      "cityName": "Dragunskiy",
      "lat": 47.316667,
      "lng": 36.433333
    },
    {
      "cityName": "DrugaCherna",
      "lat": 46.866667,
      "lng": 34.9
    },
    {
      "cityName": "Druzhnoye",
      "lat": 47.827222,
      "lng": 35.588889
    },
    {
      "cityName": "Dubovoye",
      "lat": 47.016667,
      "lng": 35.383333
    },
    {
      "cityName": "Dudnikovo",
      "lat": 47.833333,
      "lng": 35.616667
    },
    {
      "cityName": "Dunayev",
      "lat": 47.316667,
      "lng": 35.416667
    },
    {
      "cityName": "Dunayevka",
      "lat": 46.583333,
      "lng": 35.416667
    },
    {
      "cityName": "Dunayskiy",
      "lat": 47.383333,
      "lng": 36.733333
    },
    {
      "cityName": "Durlakh",
      "lat": 47.15,
      "lng": 35.516667
    },
    {
      "cityName": "Dvadtsatiletiye Oktyabr",
      "lat": 47.654444,
      "lng": 36.1675
    },
    {
      "cityName": "Dymicha",
      "lat": 47.166667,
      "lng": 36.9
    },
    {
      "cityName": "Dzhegelna",
      "lat": 46.733333,
      "lng": 35.466667
    },
    {
      "cityName": "Energodar",
      "lat": 47.5,
      "lng": 34.466667
    },
    {
      "cityName": "Eristovka",
      "lat": 47.416667,
      "lng": 35.416667
    },
    {
      "cityName": "Eygenfeld",
      "lat": 46.75,
      "lng": 35.083333
    },
    {
      "cityName": "Fedorivka",
      "lat": 46.790833,
      "lng": 35.785833
    },
    {
      "cityName": "Fedorowka",
      "lat": 46.990556,
      "lng": 35.2675
    },
    {
      "cityName": "Firstenau",
      "lat": 47.25,
      "lng": 35.783333
    },
    {
      "cityName": "Firstenverder",
      "lat": 47.133333,
      "lng": 35.816667
    },
    {
      "cityName": "Franital",
      "lat": 47.066667,
      "lng": 36.25
    },
    {
      "cityName": "Fridensburg",
      "lat": 47.116667,
      "lng": 35.616667
    },
    {
      "cityName": "Fridensru",
      "lat": 47.033333,
      "lng": 35.85
    },
    {
      "cityName": "Fridrikhsfeld",
      "lat": 47.283333,
      "lng": 35.4
    },
    {
      "cityName": "Froudorf",
      "lat": 47.483333,
      "lng": 36.583333
    },
    {
      "cityName": "Gaichul",
      "lat": 47.433333,
      "lng": 36.683333
    },
    {
      "cityName": "Gamberg",
      "lat": 47.233333,
      "lng": 36.016667
    },
    {
      "cityName": "Gamovka",
      "lat": 46.683333,
      "lng": 35.65
    },
    {
      "cityName": "Ganberg",
      "lat": 47.366667,
      "lng": 35.533333
    },
    {
      "cityName": "Gaychur",
      "lat": 47.824722,
      "lng": 36.12
    },
    {
      "cityName": "Gelenzhik",
      "lat": 48,
      "lng": 35.733333
    },
    {
      "cityName": "Georgiyevka",
      "lat": 46.633333,
      "lng": 35.616667
    },
    {
      "cityName": "Georgiyevskiy",
      "lat": 47.983333,
      "lng": 35.266667
    },
    {
      "cityName": "Gerasimovskiy",
      "lat": 47.883333,
      "lng": 36.166667
    },
    {
      "cityName": "Giltsy",
      "lat": 47.466667,
      "lng": 36.55
    },
    {
      "cityName": "Girshau",
      "lat": 47.166667,
      "lng": 35.983333
    },
    {
      "cityName": "Girsovka",
      "lat": 46.635833,
      "lng": 35.393333
    },
    {
      "cityName": "Gladkiy",
      "lat": 47.45,
      "lng": 35.4
    },
    {
      "cityName": "Glebovka",
      "lat": 48.05,
      "lng": 35.766667
    },
    {
      "cityName": "Glebovskiy",
      "lat": 48,
      "lng": 35.75
    },
    {
      "cityName": "Glubokaya Krinitsa",
      "lat": 47.366667,
      "lng": 35.666667
    },
    {
      "cityName": "Gnadental",
      "lat": 47.133333,
      "lng": 35.866667
    },
    {
      "cityName": "Gnorovskoye",
      "lat": 48.033333,
      "lng": 35.266667
    },
    {
      "cityName": "Gokhshlet",
      "lat": 47.231389,
      "lng": 35.403889
    },
    {
      "cityName": "Golubovka",
      "lat": 47.183333,
      "lng": 35.65
    },
    {
      "cityName": "Gorbatok",
      "lat": 46.433333,
      "lng": 35.183333
    },
    {
      "cityName": "Gorelaia",
      "lat": 46.366667,
      "lng": 35.333333
    },
    {
      "cityName": "Gorelovskiy",
      "lat": 46.55,
      "lng": 35.05
    },
    {
      "cityName": "Gorki",
      "lat": 48.183333,
      "lng": 35.583333
    },
    {
      "cityName": "Gorkiy",
      "lat": 47.5,
      "lng": 36.766667
    },
    {
      "cityName": "Gorkoye",
      "lat": 47.666667,
      "lng": 36.1
    },
    {
      "cityName": "Grigorovka",
      "lat": 47.692778,
      "lng": 35.341389
    },
    {
      "cityName": "Grigoryevskiy",
      "lat": 47.75,
      "lng": 35.466667
    },
    {
      "cityName": "Grishenau",
      "lat": 47.116667,
      "lng": 35.833333
    },
    {
      "cityName": "Grosveyde",
      "lat": 47.083333,
      "lng": 36.216667
    },
    {
      "cityName": "Grozov",
      "lat": 47.466667,
      "lng": 35.45
    },
    {
      "cityName": "Grushevka",
      "lat": 47.050833,
      "lng": 35.863889
    },
    {
      "cityName": "Grushevoy",
      "lat": 47.8,
      "lng": 36.8
    },
    {
      "cityName": "Grushevy",
      "lat": 47.3,
      "lng": 36.9
    },
    {
      "cityName": "Grushovy",
      "lat": 47.716667,
      "lng": 36.333333
    },
    {
      "cityName": "Gruzskiye",
      "lat": 47.3,
      "lng": 36.716667
    },
    {
      "cityName": "GuljaiPole",
      "lat": 47.665278,
      "lng": 36.257778
    },
    {
      "cityName": "Gurtovoy",
      "lat": 47.35,
      "lng": 34.733333
    },
    {
      "cityName": "Gusarka",
      "lat": 47.362778,
      "lng": 36.523611
    },
    {
      "cityName": "Gutertal",
      "lat": 46.75,
      "lng": 35.2
    },
    {
      "cityName": "Gyunëvka",
      "lat": 47.05,
      "lng": 36.35
    },
    {
      "cityName": "Hannivka",
      "lat": 46.84,
      "lng": 36.041667
    },
    {
      "cityName": "Ilchenkovo",
      "lat": 47.4,
      "lng": 35.8
    },
    {
      "cityName": "Ilinovka",
      "lat": 47.316667,
      "lng": 35.45
    },
    {
      "cityName": "Imeni Dzerzhinskogo",
      "lat": 47.6,
      "lng": 36.316667
    },
    {
      "cityName": "Imeni Karla Libknekhta",
      "lat": 47.516667,
      "lng": 36.95
    },
    {
      "cityName": "Imeni KarlaMarksa",
      "lat": 47.066667,
      "lng": 36.966667
    },
    {
      "cityName": "Imeni Ordzhonikidze",
      "lat": 47.15,
      "lng": 34.816667
    },
    {
      "cityName": "Imeni Shevchenko",
      "lat": 47.416667,
      "lng": 35.183333
    },
    {
      "cityName": "Imeni Vorovskogo",
      "lat": 47.333333,
      "lng": 35.05
    },
    {
      "cityName": "Inzivka",
      "lat": 46.748056,
      "lng": 36.078889
    },
    {
      "cityName": "Iskrovka",
      "lat": 46.566667,
      "lng": 34.983333
    },
    {
      "cityName": "Istratyevka",
      "lat": 46.45,
      "lng": 35.083333
    },
    {
      "cityName": "Ivanenki",
      "lat": 48.033333,
      "lng": 35.283333
    },
    {
      "cityName": "Ivanivka",
      "lat": 47.481111,
      "lng": 34.753056
    },
    {
      "cityName": "IvanoGannovka",
      "lat": 47.85,
      "lng": 35.383333
    },
    {
      "cityName": "Ivanovka",
      "lat": 46.833333,
      "lng": 35.916667
    },
    {
      "cityName": "Ivanovsk",
      "lat": 47.883333,
      "lng": 35.366667
    },
    {
      "cityName": "Ivanovskiye",
      "lat": 47.2,
      "lng": 36.866667
    },
    {
      "cityName": "Ivanovskiy",
      "lat": 47.583333,
      "lng": 36.766667
    },
    {
      "cityName": "Ivanovskoye",
      "lat": 47.483333,
      "lng": 34.766667
    },
    {
      "cityName": "Kachkarovka",
      "lat": 47.266667,
      "lng": 34.583333
    },
    {
      "cityName": "Kalinovka",
      "lat": 46.583333,
      "lng": 34.966667
    },
    {
      "cityName": "KalinovkaZhovten",
      "lat": 46.916667,
      "lng": 35.8
    },
    {
      "cityName": "KamenkaDneprovskaya",
      "lat": 47.485278,
      "lng": 34.405833
    },
    {
      "cityName": "Kamenka",
      "lat": 46.6,
      "lng": 35.2
    },
    {
      "cityName": "Kamennoye",
      "lat": 47.883333,
      "lng": 35.4
    },
    {
      "cityName": "Kamenskoye",
      "lat": 47.536389,
      "lng": 35.360278
    },
    {
      "cityName": "Kamenskoye Nomer Desyat",
      "lat": 47.416667,
      "lng": 36.883333
    },
    {
      "cityName": "Kaminskoye",
      "lat": 46.55,
      "lng": 36.983333
    },
    {
      "cityName": "Kamyshavatka",
      "lat": 46.705833,
      "lng": 36.288611
    },
    {
      "cityName": "Kamyshevakha",
      "lat": 47.723056,
      "lng": 35.525278
    },
    {
      "cityName": "KamyshZarya",
      "lat": 47.316667,
      "lng": 36.683333
    },
    {
      "cityName": "Kanadskiy",
      "lat": 47.266667,
      "lng": 35.466667
    },
    {
      "cityName": "Kanevskiy",
      "lat": 47.693333,
      "lng": 35.110556
    },
    {
      "cityName": "Kapustyana",
      "lat": 47.75,
      "lng": 35.066667
    },
    {
      "cityName": "Karachekrak",
      "lat": 47.433333,
      "lng": 35.35
    },
    {
      "cityName": "KarayDubina",
      "lat": 47.4,
      "lng": 34.216667
    },
    {
      "cityName": "KarlMarks",
      "lat": 47.9,
      "lng": 35.75
    },
    {
      "cityName": "Karlsruye",
      "lat": 47.133333,
      "lng": 35.4
    },
    {
      "cityName": "Kaykulak",
      "lat": 47.266667,
      "lng": 35.966667
    },
    {
      "cityName": "Kengez",
      "lat": 46.860556,
      "lng": 36.783889
    },
    {
      "cityName": "Khitrovka",
      "lat": 47.7,
      "lng": 35.533333
    },
    {
      "cityName": "Khleborob",
      "lat": 46.833333,
      "lng": 35.583333
    },
    {
      "cityName": "Khortitsa",
      "lat": 47.866667,
      "lng": 35.016667
    },
    {
      "cityName": "Khotetskiy",
      "lat": 47.483333,
      "lng": 36.75
    },
    {
      "cityName": "Khozyain",
      "lat": 47.3,
      "lng": 35.366667
    },
    {
      "cityName": "Khristoforovo",
      "lat": 47.85,
      "lng": 36.083333
    },
    {
      "cityName": "Khutor Galushkin",
      "lat": 47.75,
      "lng": 36.633333
    },
    {
      "cityName": "Khutor Pavlovskiy",
      "lat": 47.45,
      "lng": 36.083333
    },
    {
      "cityName": "Khutor VostochnoPavlovskiy",
      "lat": 47.45,
      "lng": 36.066667
    },
    {
      "cityName": "Khvalibogovka",
      "lat": 47.783333,
      "lng": 36.183333
    },
    {
      "cityName": "Kichkas",
      "lat": 47.883333,
      "lng": 35.083333
    },
    {
      "cityName": "Kinski Rozdory",
      "lat": 47.418611,
      "lng": 36.413056
    },
    {
      "cityName": "Kirillovka",
      "lat": 46.365556,
      "lng": 35.368333
    },
    {
      "cityName": "Kirilovskiy",
      "lat": 47.55,
      "lng": 36.116667
    },
    {
      "cityName": "Kirove",
      "lat": 47.651667,
      "lng": 35.695833
    },
    {
      "cityName": "Kirovskiy",
      "lat": 47.95,
      "lng": 35.033333
    },
    {
      "cityName": "Kislik",
      "lat": 46.810833,
      "lng": 35.866389
    },
    {
      "cityName": "Kislitskiy",
      "lat": 47.483333,
      "lng": 35.516667
    },
    {
      "cityName": "Kiyevskiy",
      "lat": 48.15,
      "lng": 35.616667
    },
    {
      "cityName": "Klefeld Aleksandrkron",
      "lat": 47.033333,
      "lng": 35.766667
    },
    {
      "cityName": "Klippenfeld",
      "lat": 47.233333,
      "lng": 36.066667
    },
    {
      "cityName": "Klyuchi",
      "lat": 47.733333,
      "lng": 35.733333
    },
    {
      "cityName": "Kobylnoye",
      "lat": 47.55,
      "lng": 36.766667
    },
    {
      "cityName": "Kokhane",
      "lat": 47.291667,
      "lng": 35.503056
    },
    {
      "cityName": "Kolarivka",
      "lat": 46.903889,
      "lng": 36.335278
    },
    {
      "cityName": "Koloniya Dmitrovka",
      "lat": 47.8,
      "lng": 35.366667
    },
    {
      "cityName": "Koloniya NovoYelenovka",
      "lat": 47.766667,
      "lng": 35.366667
    },
    {
      "cityName": "Komintern",
      "lat": 46.998056,
      "lng": 36.5125
    },
    {
      "cityName": "Kommercheskiy",
      "lat": 46.916667,
      "lng": 35.316667
    },
    {
      "cityName": "Konechnyy",
      "lat": 46.6,
      "lng": 34.816667
    },
    {
      "cityName": "Konovalov",
      "lat": 47.466667,
      "lng": 35.55
    },
    {
      "cityName": "Konstantinovka",
      "lat": 46.817222,
      "lng": 35.421111
    },
    {
      "cityName": "Konteniusfeld",
      "lat": 47.116667,
      "lng": 36.1
    },
    {
      "cityName": "Kopani",
      "lat": 47.463056,
      "lng": 35.730278
    },
    {
      "cityName": "Kopani Nomer Dva",
      "lat": 47.816667,
      "lng": 35.75
    },
    {
      "cityName": "Korneyevka",
      "lat": 47.083333,
      "lng": 34.6
    },
    {
      "cityName": "Korobkino",
      "lat": 47.4,
      "lng": 35.533333
    },
    {
      "cityName": "Korolenka",
      "lat": 46.983333,
      "lng": 34.766667
    },
    {
      "cityName": "Kosik",
      "lat": 46.466667,
      "lng": 35.283333
    },
    {
      "cityName": "Kosivtseva Vtoraya",
      "lat": 47.85,
      "lng": 36.183333
    },
    {
      "cityName": "Kosoy",
      "lat": 46.966667,
      "lng": 35.05
    },
    {
      "cityName": "Kostgeym",
      "lat": 47.183333,
      "lng": 35.35
    },
    {
      "cityName": "Kotlyarëvka",
      "lat": 47.116667,
      "lng": 36.25
    },
    {
      "cityName": "Kotovskoye",
      "lat": 47.316667,
      "lng": 35.616667
    },
    {
      "cityName": "Koybash",
      "lat": 47.716667,
      "lng": 36.75
    },
    {
      "cityName": "Kozolugovka",
      "lat": 47.109167,
      "lng": 35.795278
    },
    {
      "cityName": "Kramoryanskiy",
      "lat": 47.85,
      "lng": 35.35
    },
    {
      "cityName": "Krasavich",
      "lat": 47,
      "lng": 34.75
    },
    {
      "cityName": "Krasnaya Dolina",
      "lat": 46.983333,
      "lng": 37.033333
    },
    {
      "cityName": "Krasnoarmeyskiy Nomer Vtoroy",
      "lat": 47,
      "lng": 35.15
    },
    {
      "cityName": "Krasnoarmeyskoye",
      "lat": 46.583333,
      "lng": 34.8
    },
    {
      "cityName": "Krasnosëlka",
      "lat": 47.616667,
      "lng": 36.566667
    },
    {
      "cityName": "Krasnoyarskoye",
      "lat": 47.116667,
      "lng": 34.666667
    },
    {
      "cityName": "Krasnoye",
      "lat": 47.166667,
      "lng": 35.933333
    },
    {
      "cityName": "Krasnoye Ozero",
      "lat": 47.333333,
      "lng": 36.733333
    },
    {
      "cityName": "Krasny",
      "lat": 47.083333,
      "lng": 35.2
    },
    {
      "cityName": "Krasny Kut",
      "lat": 47.883333,
      "lng": 35.533333
    },
    {
      "cityName": "Krasny Mayak",
      "lat": 47.466667,
      "lng": 36.65
    },
    {
      "cityName": "Krasny Oktyabr",
      "lat": 47.7,
      "lng": 35.583333
    },
    {
      "cityName": "Krasny Yar",
      "lat": 47.7,
      "lng": 35.9
    },
    {
      "cityName": "Krasnyye Kolodtsy",
      "lat": 46.55,
      "lng": 35.2
    },
    {
      "cityName": "Kremenchuk",
      "lat": 47.516667,
      "lng": 36.483333
    },
    {
      "cityName": "Krinichevaty",
      "lat": 47.5,
      "lng": 35.383333
    },
    {
      "cityName": "Krinichki",
      "lat": 47.6,
      "lng": 35.883333
    },
    {
      "cityName": "Krinichny",
      "lat": 47.866667,
      "lng": 35.3
    },
    {
      "cityName": "Krinovka",
      "lat": 47.866667,
      "lng": 35.866667
    },
    {
      "cityName": "Kronsfeld",
      "lat": 46.916667,
      "lng": 35.05
    },
    {
      "cityName": "Kropivnitskiy",
      "lat": 46.916667,
      "lng": 35
    },
    {
      "cityName": "Krucha",
      "lat": 46.85,
      "lng": 35.4
    },
    {
      "cityName": "Kruglik",
      "lat": 48.016667,
      "lng": 35.166667
    },
    {
      "cityName": "Krugly",
      "lat": 47.133333,
      "lng": 34.6
    },
    {
      "cityName": "Krutaya",
      "lat": 47.533333,
      "lng": 36.533333
    },
    {
      "cityName": "Krutoy Yar",
      "lat": 48.066667,
      "lng": 35.7
    },
    {
      "cityName": "Krylovka",
      "lat": 46.983333,
      "lng": 34.7
    },
    {
      "cityName": "Krymka",
      "lat": 46.938611,
      "lng": 36.467222
    },
    {
      "cityName": "Kryukov",
      "lat": 47.833333,
      "lng": 35.316667
    },
    {
      "cityName": "Kryzhchino",
      "lat": 47.3,
      "lng": 36.15
    },
    {
      "cityName": "Kuchugura",
      "lat": 46.433333,
      "lng": 35.3
    },
    {
      "cityName": "Kulikovskoye",
      "lat": 46.883333,
      "lng": 37.046111
    },
    {
      "cityName": "Kupriyanovka",
      "lat": 47.866667,
      "lng": 35.466667
    },
    {
      "cityName": "Kuryanovskiy",
      "lat": 47.966667,
      "lng": 35.2
    },
    {
      "cityName": "Kushchëva",
      "lat": 47.766667,
      "lng": 35.583333
    },
    {
      "cityName": "Kushugum",
      "lat": 47.714444,
      "lng": 35.209167
    },
    {
      "cityName": "Kutsiy",
      "lat": 47.75,
      "lng": 36.666667
    },
    {
      "cityName": "Kuybysheve",
      "lat": 47.35,
      "lng": 36.65
    },
    {
      "cityName": "Kuybyshevo",
      "lat": 46.783333,
      "lng": 34.916667
    },
    {
      "cityName": "Ladekop",
      "lat": 47.233333,
      "lng": 35.666667
    },
    {
      "cityName": "Lantsëvo",
      "lat": 47.233333,
      "lng": 36.75
    },
    {
      "cityName": "Lemanskiy",
      "lat": 48,
      "lng": 35.033333
    },
    {
      "cityName": "Leninfeld",
      "lat": 47.9,
      "lng": 35.8
    },
    {
      "cityName": "Lenino Perroye",
      "lat": 47.233333,
      "lng": 35.683333
    },
    {
      "cityName": "Lenino Vtoroye",
      "lat": 47.233333,
      "lng": 35.65
    },
    {
      "cityName": "Leninskiy",
      "lat": 47.416667,
      "lng": 36.55
    },
    {
      "cityName": "Lesnoy",
      "lat": 47.466667,
      "lng": 35.35
    },
    {
      "cityName": "LevshinoMikhaylovka",
      "lat": 47.95,
      "lng": 35.25
    },
    {
      "cityName": "Leytersgauzen",
      "lat": 47.2,
      "lng": 35.366667
    },
    {
      "cityName": "Libenau",
      "lat": 47.25,
      "lng": 35.883333
    },
    {
      "cityName": "Likhtenau",
      "lat": 47.082778,
      "lng": 35.508333
    },
    {
      "cityName": "Lindenau",
      "lat": 47.1,
      "lng": 35.533333
    },
    {
      "cityName": "Lisichi",
      "lat": 47.15,
      "lng": 34.483333
    },
    {
      "cityName": "Listovka",
      "lat": 47.85,
      "lng": 35.766667
    },
    {
      "cityName": "Lobkavo",
      "lat": 47.533333,
      "lng": 35.433333
    },
    {
      "cityName": "Lozanovka",
      "lat": 46.8025,
      "lng": 36.4375
    },
    {
      "cityName": "Lozovatka",
      "lat": 46.786667,
      "lng": 36.174167
    },
    {
      "cityName": "Lozovoy",
      "lat": 47.433333,
      "lng": 36.533333
    },
    {
      "cityName": "Lugovoy",
      "lat": 46.983333,
      "lng": 35.783333
    },
    {
      "cityName": "Lukasheve",
      "lat": 47.960278,
      "lng": 34.958333
    },
    {
      "cityName": "Lukyanovka",
      "lat": 47.616667,
      "lng": 35.45
    },
    {
      "cityName": "Lunacharske",
      "lat": 46.803611,
      "lng": 36.679167
    },
    {
      "cityName": "Lunacharskiy",
      "lat": 47.716667,
      "lng": 36.5
    },
    {
      "cityName": "Lyubimirovka",
      "lat": 48,
      "lng": 35.583333
    },
    {
      "cityName": "Lyubimovka",
      "lat": 47.35,
      "lng": 35.383333
    },
    {
      "cityName": "Lyubitskoye",
      "lat": 47.766667,
      "lng": 35.966667
    },
    {
      "cityName": "Lyubokut",
      "lat": 47.516667,
      "lng": 36.6
    },
    {
      "cityName": "Lyubymivka",
      "lat": 48.116667,
      "lng": 35.033333
    },
    {
      "cityName": "Lyutsernovskiy",
      "lat": 47.916667,
      "lng": 35.25
    },
    {
      "cityName": "Magdalinovka",
      "lat": 47.65,
      "lng": 35.45
    },
    {
      "cityName": "Makovka",
      "lat": 47.016667,
      "lng": 35.966667
    },
    {
      "cityName": "Makovka Vtoraya",
      "lat": 47.016667,
      "lng": 35.983333
    },
    {
      "cityName": "Maksimovka",
      "lat": 48.05,
      "lng": 35.666667
    },
    {
      "cityName": "Mala Bilozerka",
      "lat": 47.252222,
      "lng": 34.926111
    },
    {
      "cityName": "Malashevka",
      "lat": 47.933333,
      "lng": 34.983333
    },
    {
      "cityName": "Mala Tokmachka",
      "lat": 47.537778,
      "lng": 35.886667
    },
    {
      "cityName": "Malaya Mikharlovka",
      "lat": 46.9,
      "lng": 34.85
    },
    {
      "cityName": "Malaya Ternovka",
      "lat": 46.583333,
      "lng": 35.216667
    },
    {
      "cityName": "Malinovka",
      "lat": 47.05,
      "lng": 36.733333
    },
    {
      "cityName": "Malokaterinovka",
      "lat": 47.6525,
      "lng": 35.253889
    },
    {
      "cityName": "MaloZakharino",
      "lat": 48.05,
      "lng": 34.833333
    },
    {
      "cityName": "Malynivka",
      "lat": 47.686111,
      "lng": 36.48
    },
    {
      "cityName": "Maly Tokmak",
      "lat": 47.25,
      "lng": 35.716667
    },
    {
      "cityName": "Manoylovka",
      "lat": 46.918611,
      "lng": 36.118333
    },
    {
      "cityName": "Marfopolye",
      "lat": 47.616667,
      "lng": 36.35
    },
    {
      "cityName": "Mariangeym",
      "lat": 47.116667,
      "lng": 35.216667
    },
    {
      "cityName": "Mariavol",
      "lat": 47.1,
      "lng": 35.95
    },
    {
      "cityName": "Marienfeld",
      "lat": 46.766667,
      "lng": 35.066667
    },
    {
      "cityName": "Mariental",
      "lat": 47.016667,
      "lng": 36.116667
    },
    {
      "cityName": "Marinopol Nomer Dvadtsat Shestoy",
      "lat": 47.5,
      "lng": 36.85
    },
    {
      "cityName": "Marinovka",
      "lat": 46.831944,
      "lng": 36.234167
    },
    {
      "cityName": "Mars",
      "lat": 47.966667,
      "lng": 36.05
    },
    {
      "cityName": "Mar\"yanivka",
      "lat": 47.120556,
      "lng": 35.290833
    },
    {
      "cityName": "Maryanovka",
      "lat": 46.925,
      "lng": 36.009167
    },
    {
      "cityName": "Maryanovka Nomer Trinadtsat",
      "lat": 47.433333,
      "lng": 36.883333
    },
    {
      "cityName": "Maryivka",
      "lat": 47.689167,
      "lng": 34.999444
    },
    {
      "cityName": "Matrosskaya Sloboda",
      "lat": 46.723333,
      "lng": 36.816389
    },
    {
      "cityName": "Matsko",
      "lat": 47.916667,
      "lng": 35.716667
    },
    {
      "cityName": "Matveyevka",
      "lat": 47.0775,
      "lng": 35.144722
    },
    {
      "cityName": "Matveyevskiy",
      "lat": 47.883333,
      "lng": 35.266667
    },
    {
      "cityName": "Mayachka",
      "lat": 47.433333,
      "lng": 35.066667
    },
    {
      "cityName": "Maydorf",
      "lat": 47.783333,
      "lng": 36.5
    },
    {
      "cityName": "Mayfeld",
      "lat": 47.5,
      "lng": 36.7
    },
    {
      "cityName": "Mayorskoye",
      "lat": 47.75,
      "lng": 36.8
    },
    {
      "cityName": "Mayskiy",
      "lat": 46.966667,
      "lng": 35.15
    },
    {
      "cityName": "Melitopol",
      "lat": 46.842222,
      "lng": 35.373056
    },
    {
      "cityName": "Menchekur",
      "lat": 47.068889,
      "lng": 34.806389
    },
    {
      "cityName": "Merezhina",
      "lat": 47.616667,
      "lng": 36.516667
    },
    {
      "cityName": "MikhayloLukashevo",
      "lat": 47.956944,
      "lng": 35.591944
    },
    {
      "cityName": "Mikhaylovskiy",
      "lat": 47.983333,
      "lng": 35.916667
    },
    {
      "cityName": "Mirny",
      "lat": 47.466667,
      "lng": 36.866667
    },
    {
      "cityName": "Mirolyubovka",
      "lat": 47.916667,
      "lng": 35.666667
    },
    {
      "cityName": "Mironovka",
      "lat": 46.5,
      "lng": 35.633333
    },
    {
      "cityName": "Mirovka",
      "lat": 47.783333,
      "lng": 35.883333
    },
    {
      "cityName": "Mirskoye",
      "lat": 47.416667,
      "lng": 36.9
    },
    {
      "cityName": "Misterberg",
      "lat": 47.05,
      "lng": 35.466667
    },
    {
      "cityName": "Mistyukov",
      "lat": 47.566667,
      "lng": 36.35
    },
    {
      "cityName": "Mogila Chumatskaya",
      "lat": 47.85,
      "lng": 35.3
    },
    {
      "cityName": "Mogilyany",
      "lat": 47.15,
      "lng": 36.3
    },
    {
      "cityName": "Moguchiy",
      "lat": 47.05,
      "lng": 35.733333
    },
    {
      "cityName": "Moiseyevka",
      "lat": 46.983333,
      "lng": 34.683333
    },
    {
      "cityName": "Mokraya Konka",
      "lat": 47.283333,
      "lng": 36.483333
    },
    {
      "cityName": "Mokraya",
      "lat": 47.816667,
      "lng": 35.25
    },
    {
      "cityName": "Molochansk",
      "lat": 47.207222,
      "lng": 35.594722
    },
    {
      "cityName": "Mordvinovka",
      "lat": 46.733333,
      "lng": 35.366667
    },
    {
      "cityName": "Moskovka",
      "lat": 47.883333,
      "lng": 35.583333
    },
    {
      "cityName": "Moskovskiy",
      "lat": 47,
      "lng": 34.683333
    },
    {
      "cityName": "Mykhaylivka",
      "lat": 47.274167,
      "lng": 35.221389
    },
    {
      "cityName": "Mykolayivka",
      "lat": 46.867222,
      "lng": 36.059167
    },
    {
      "cityName": "Naberezhne",
      "lat": 46.655278,
      "lng": 36.231667
    },
    {
      "cityName": "Nadezhdina",
      "lat": 46.683333,
      "lng": 35.433333
    },
    {
      "cityName": "NadezhdoSlavyanka",
      "lat": 47.916667,
      "lng": 36.083333
    },
    {
      "cityName": "Nadëzhnaya",
      "lat": 47.583333,
      "lng": 36.833333
    },
    {
      "cityName": "Nadgornoye",
      "lat": 46.919722,
      "lng": 36.413611
    },
    {
      "cityName": "Nadiya",
      "lat": 47.016667,
      "lng": 35.583333
    },
    {
      "cityName": "Nadiyev",
      "lat": 46.816667,
      "lng": 35.983333
    },
    {
      "cityName": "Natalyevka",
      "lat": 47.833333,
      "lng": 35.35
    },
    {
      "cityName": "Naydorf",
      "lat": 46.8,
      "lng": 35.1
    },
    {
      "cityName": "Nazarovicheva",
      "lat": 47.733333,
      "lng": 36.566667
    },
    {
      "cityName": "Nechkin",
      "lat": 46.583333,
      "lng": 35.566667
    },
    {
      "cityName": "Nelgovka",
      "lat": 47.05,
      "lng": 36.25
    },
    {
      "cityName": "Neskuchnoye",
      "lat": 47.816667,
      "lng": 36.816667
    },
    {
      "cityName": "Nesterenko",
      "lat": 47.5,
      "lng": 35.666667
    },
    {
      "cityName": "Nevelichko",
      "lat": 46.991389,
      "lng": 36.498611
    },
    {
      "cityName": "Neyborg",
      "lat": 47.15,
      "lng": 35.65
    },
    {
      "cityName": "Neygeim",
      "lat": 47.833333,
      "lng": 36.683333
    },
    {
      "cityName": "Neygof",
      "lat": 47.366667,
      "lng": 35.6
    },
    {
      "cityName": "Neykirkh",
      "lat": 47.05,
      "lng": 35.866667
    },
    {
      "cityName": "Neykron",
      "lat": 47.55,
      "lng": 35.5
    },
    {
      "cityName": "Neykron Nomer Tretiy",
      "lat": 47.533333,
      "lng": 35.5
    },
    {
      "cityName": "Neykron Nomer Vtoroy",
      "lat": 47.55,
      "lng": 35.45
    },
    {
      "cityName": "NeyLeben",
      "lat": 47.616667,
      "lng": 36.733333
    },
    {
      "cityName": "Neynassau",
      "lat": 47.216667,
      "lng": 35.45
    },
    {
      "cityName": "Nikiforovskiy",
      "lat": 47.916667,
      "lng": 35.366667
    },
    {
      "cityName": "Nikolaydorf",
      "lat": 47.1,
      "lng": 35.933333
    },
    {
      "cityName": "Nikolayevka",
      "lat": 46.8,
      "lng": 35.833333
    },
    {
      "cityName": "Nikolayevka Nomer Odinnadtsatyy",
      "lat": 47.866667,
      "lng": 35.716667
    },
    {
      "cityName": "Nikolayevskiy",
      "lat": 47.766667,
      "lng": 36.433333
    },
    {
      "cityName": "Nikolayfeld",
      "lat": 47.083333,
      "lng": 35.266667
    },
    {
      "cityName": "Nikolskiy",
      "lat": 47.733333,
      "lng": 35.883333
    },
    {
      "cityName": "Nikolskoye",
      "lat": 47.9,
      "lng": 35.566667
    },
    {
      "cityName": "Nizhniy Kurkulakh",
      "lat": 47.316667,
      "lng": 35.633333
    },
    {
      "cityName": "Nizhniy Tokmak",
      "lat": 47.183333,
      "lng": 36.316667
    },
    {
      "cityName": "Nizhnyaya Khortitsa",
      "lat": 47.768056,
      "lng": 35.129167
    },
    {
      "cityName": "Nizhnyaya Krini",
      "lat": 47.491667,
      "lng": 35.28
    },
    {
      "cityName": "Nogaisk",
      "lat": 46.729444,
      "lng": 36.351389
    },
    {
      "cityName": "Norovo",
      "lat": 47.566667,
      "lng": 35.5
    },
    {
      "cityName": "Nosachi",
      "lat": 48.166667,
      "lng": 35.666667
    },
    {
      "cityName": "Novaya Aleksandrovka",
      "lat": 46.716667,
      "lng": 35.266667
    },
    {
      "cityName": "Novaya Alekseyevka",
      "lat": 46.802778,
      "lng": 36.191944
    },
    {
      "cityName": "Novaya Andreyevka",
      "lat": 47.546389,
      "lng": 35.698889
    },
    {
      "cityName": "Novaya Belozerka",
      "lat": 47.292222,
      "lng": 34.924444
    },
    {
      "cityName": "Novaya Bogdanovka",
      "lat": 47.081944,
      "lng": 35.327222
    },
    {
      "cityName": "Novaya Dacha",
      "lat": 47.366667,
      "lng": 36.35
    },
    {
      "cityName": "Novaya Danilovka",
      "lat": 46.643611,
      "lng": 35.015833
    },
    {
      "cityName": "Novaya Dneprovka",
      "lat": 47.411111,
      "lng": 34.766111
    },
    {
      "cityName": "NovayaFilippovka",
      "lat": 46.9475,
      "lng": 35.485833
    },
    {
      "cityName": "Novaya Gradovka",
      "lat": 46.983333,
      "lng": 35.7
    },
    {
      "cityName": "Novaya Grigoryevka",
      "lat": 47.333333,
      "lng": 36.283333
    },
    {
      "cityName": "Novaya Ivanovka",
      "lat": 47.066667,
      "lng": 35.083333
    },
    {
      "cityName": "Novaya Mikhaylovka",
      "lat": 47.312778,
      "lng": 36.057222
    },
    {
      "cityName": "Novaya Mirgorodka",
      "lat": 47.966667,
      "lng": 35.666667
    },
    {
      "cityName": "Novaya Nikolavevka",
      "lat": 46.891944,
      "lng": 35.201667
    },
    {
      "cityName": "Novaya Pavlovka",
      "lat": 46.814722,
      "lng": 36.443611
    },
    {
      "cityName": "Novaya Petrikovka",
      "lat": 47.616667,
      "lng": 36.933333
    },
    {
      "cityName": "Novaya Poltavka",
      "lat": 47.266667,
      "lng": 36.283333
    },
    {
      "cityName": "Novaya Selyevka",
      "lat": 47.616667,
      "lng": 36
    },
    {
      "cityName": "Novaya Semenovka",
      "lat": 47.266667,
      "lng": 36.2
    },
    {
      "cityName": "Novaya Ukrainka",
      "lat": 46.966667,
      "lng": 37
    },
    {
      "cityName": "Novaya Uspenovka",
      "lat": 47.05,
      "lng": 35.033333
    },
    {
      "cityName": "Novaya Vladimirovka",
      "lat": 47.283333,
      "lng": 35.083333
    },
    {
      "cityName": "Novaya Zelenovka",
      "lat": 46.966667,
      "lng": 36.083333
    },
    {
      "cityName": "Nove Pole",
      "lat": 47.305,
      "lng": 35.470556
    },
    {
      "cityName": "Novgorod",
      "lat": 47.55,
      "lng": 36.933333
    },
    {
      "cityName": "Novo Aleksandrovka",
      "lat": 48.033333,
      "lng": 35.616667
    },
    {
      "cityName": "NovoAleksandrovka",
      "lat": 48,
      "lng": 35.116667
    },
    {
      "cityName": "NovoAntonovka",
      "lat": 47.5,
      "lng": 36.916667
    },
    {
      "cityName": "NovoBeliki",
      "lat": 47.716667,
      "lng": 35.85
    },
    {
      "cityName": "NovoBoykovskiy",
      "lat": 47.633333,
      "lng": 35.483333
    },
    {
      "cityName": "Novodarovka",
      "lat": 47.783333,
      "lng": 36.633333
    },
    {
      "cityName": "NovoDubovka",
      "lat": 47.116667,
      "lng": 37.1
    },
    {
      "cityName": "Novofëdorovka",
      "lat": 47.083333,
      "lng": 35.316667
    },
    {
      "cityName": "NovoFedorovskiy",
      "lat": 47.483333,
      "lng": 36.033333
    },
    {
      "cityName": "NovoGupalovka",
      "lat": 48.033333,
      "lng": 35.433333
    },
    {
      "cityName": "Novoivanivka",
      "lat": 47.794167,
      "lng": 35.641389
    },
    {
      "cityName": "NovoIvanovka",
      "lat": 46.783333,
      "lng": 35.55
    },
    {
      "cityName": "NovoIvanovskiye",
      "lat": 46.989444,
      "lng": 36.877222
    },
    {
      "cityName": "NovoIvanovskiy",
      "lat": 47.466667,
      "lng": 36.033333
    },
    {
      "cityName": "NovoKazakovataya",
      "lat": 47.266667,
      "lng": 36.166667
    },
    {
      "cityName": "NovoKonstantinovka",
      "lat": 46.6,
      "lng": 35.7
    },
    {
      "cityName": "NovoLyubimovka",
      "lat": 47.266667,
      "lng": 35.5
    },
    {
      "cityName": "NovoMikhaylovskiy",
      "lat": 47.833333,
      "lng": 35.533333
    },
    {
      "cityName": "NovoMokryanskiy",
      "lat": 47.783333,
      "lng": 35.4
    },
    {
      "cityName": "NovoMoskovskiy",
      "lat": 47.916667,
      "lng": 35.483333
    },
    {
      "cityName": "NovoMuntal",
      "lat": 47.323056,
      "lng": 35.517222
    },
    {
      "cityName": "Novomykolayivka",
      "lat": 47.978333,
      "lng": 35.904167
    },
    {
      "cityName": "NovoOcheretovaty",
      "lat": 47.9,
      "lng": 36.816667
    },
    {
      "cityName": "Novooleksandrivka",
      "lat": 47.75,
      "lng": 35.366667
    },
    {
      "cityName": "Novopetrivka",
      "lat": 46.825833,
      "lng": 36.898889
    },
    {
      "cityName": "NovoPokrovskiy",
      "lat": 46.733333,
      "lng": 35.55
    },
    {
      "cityName": "Novopol",
      "lat": 47.8,
      "lng": 36.616667
    },
    {
      "cityName": "NovoProkopovka",
      "lat": 47.4,
      "lng": 35.85
    },
    {
      "cityName": "NovoRozovka",
      "lat": 47.766667,
      "lng": 35.766667
    },
    {
      "cityName": "Novoselivka",
      "lat": 47.5875,
      "lng": 36.433056
    },
    {
      "cityName": "Novosëlki",
      "lat": 47.1,
      "lng": 36.466667
    },
    {
      "cityName": "NovoSergeyevka",
      "lat": 47.733333,
      "lng": 35
    },
    {
      "cityName": "NovoSofiyevskiy",
      "lat": 47.9,
      "lng": 35.4
    },
    {
      "cityName": "NovoSoldatskiy",
      "lat": 47.033333,
      "lng": 36.9
    },
    {
      "cityName": "NovoSoloshino",
      "lat": 47.75,
      "lng": 35.916667
    },
    {
      "cityName": "Novospaske",
      "lat": 46.925556,
      "lng": 35.986944
    },
    {
      "cityName": "Novospasovka",
      "lat": 46.918056,
      "lng": 36.838611
    },
    {
      "cityName": "Novostepnyanskiy",
      "lat": 47.811389,
      "lng": 35.425556
    },
    {
      "cityName": "NovoTavricheskiy",
      "lat": 47.816667,
      "lng": 35.466667
    },
    {
      "cityName": "Novotroitskoe",
      "lat": 46.955,
      "lng": 36.661389
    },
    {
      "cityName": "NovoUkraina",
      "lat": 47.516667,
      "lng": 36.516667
    },
    {
      "cityName": "Novoukrainka",
      "lat": 47.133333,
      "lng": 34.7
    },
    {
      "cityName": "Novovasilevka",
      "lat": 46.825833,
      "lng": 35.745
    },
    {
      "cityName": "NovoVasilyerskiy",
      "lat": 47.8,
      "lng": 35.516667
    },
    {
      "cityName": "NovoViktorovka",
      "lat": 47.933333,
      "lng": 35.833333
    },
    {
      "cityName": "NovoVladimirovskiy",
      "lat": 47.866667,
      "lng": 35.433333
    },
    {
      "cityName": "Novovodyane",
      "lat": 47.428611,
      "lng": 34.696389
    },
    {
      "cityName": "NovoYakovlevka",
      "lat": 47.633333,
      "lng": 35.516667
    },
    {
      "cityName": "Novoye Zaporozhye",
      "lat": 46.958889,
      "lng": 35.040278
    },
    {
      "cityName": "NovoZelënaya",
      "lat": 47.316667,
      "lng": 36.083333
    },
    {
      "cityName": "Novozlatopil",
      "lat": 47.6625,
      "lng": 36.57
    },
    {
      "cityName": "Novoznamenka",
      "lat": 47.35,
      "lng": 34.233333
    },
    {
      "cityName": "Novy Gaychur",
      "lat": 47.866667,
      "lng": 36.1
    },
    {
      "cityName": "Novy Komar",
      "lat": 47.883333,
      "lng": 36.833333
    },
    {
      "cityName": "NovyKrasnopol Number 1",
      "lat": 48,
      "lng": 34.866667
    },
    {
      "cityName": "Novy Pokrovskiy",
      "lat": 47.5,
      "lng": 35.983333
    },
    {
      "cityName": "Novy Poselok",
      "lat": 48.183333,
      "lng": 35.683333
    },
    {
      "cityName": "Novy Svet",
      "lat": 47.766667,
      "lng": 36.15
    },
    {
      "cityName": "Novy Tokmak",
      "lat": 47.333333,
      "lng": 35.766667
    },
    {
      "cityName": "Novy Troitskiy",
      "lat": 47.366667,
      "lng": 34.7
    },
    {
      "cityName": "Obitochnaya",
      "lat": 47.15,
      "lng": 36.45
    },
    {
      "cityName": "Obitochnoye",
      "lat": 46.735278,
      "lng": 36.393056
    },
    {
      "cityName": "Obratny",
      "lat": 47.816667,
      "lng": 36.55
    },
    {
      "cityName": "Obraztsovy",
      "lat": 47.316667,
      "lng": 36.45
    },
    {
      "cityName": "Obshchaya",
      "lat": 47.683333,
      "lng": 35.65
    },
    {
      "cityName": "Ocheretovatoye",
      "lat": 47.342222,
      "lng": 35.945278
    },
    {
      "cityName": "Ocheretovaty",
      "lat": 47.366667,
      "lng": 36.783333
    },
    {
      "cityName": "Okhotnichiy",
      "lat": 47.75,
      "lng": 36.466667
    },
    {
      "cityName": "Okhrimivka",
      "lat": 46.501667,
      "lng": 35.292222
    },
    {
      "cityName": "Oktoberfeld",
      "lat": 47.25,
      "lng": 35.483333
    },
    {
      "cityName": "Oktyaberfeld",
      "lat": 47.733333,
      "lng": 36.6
    },
    {
      "cityName": "Oktyabrskiy",
      "lat": 47.166667,
      "lng": 35.25
    },
    {
      "cityName": "Olenovka",
      "lat": 46.977778,
      "lng": 36.491667
    },
    {
      "cityName": "Olgino",
      "lat": 46.925556,
      "lng": 36.801667
    },
    {
      "cityName": "Olginskiy",
      "lat": 47.733333,
      "lng": 36.516667
    },
    {
      "cityName": "Olshin Nomer Tretiy",
      "lat": 46.716667,
      "lng": 35.716667
    },
    {
      "cityName": "Olshin",
      "lat": 46.726944,
      "lng": 35.861389
    },
    {
      "cityName": "Omelnik",
      "lat": 47.639167,
      "lng": 35.880556
    },
    {
      "cityName": "Orechoff",
      "lat": 47.565556,
      "lng": 35.788611
    },
    {
      "cityName": "Orekhovka",
      "lat": 46.941389,
      "lng": 35.884444
    },
    {
      "cityName": "Orekhovskiy",
      "lat": 47.333333,
      "lng": 35.316667
    },
    {
      "cityName": "Orlinskaya",
      "lat": 47.65,
      "lng": 36.766667
    },
    {
      "cityName": "Orlivka",
      "lat": 46.704722,
      "lng": 36.033056
    },
    {
      "cityName": "Orlovo",
      "lat": 47.066667,
      "lng": 35.566667
    },
    {
      "cityName": "Orlyanske",
      "lat": 47.335278,
      "lng": 35.097778
    },
    {
      "cityName": "Ostapovka",
      "lat": 47.883333,
      "lng": 36.2
    },
    {
      "cityName": "Ostrokovka",
      "lat": 47.25,
      "lng": 35.9
    },
    {
      "cityName": "Ostrovskiy",
      "lat": 47.966667,
      "lng": 35.85
    },
    {
      "cityName": "Otradnoye",
      "lat": 47.033333,
      "lng": 35.65
    },
    {
      "cityName": "Otradnyy",
      "lat": 47.783333,
      "lng": 36.733333
    },
    {
      "cityName": "Otrishki",
      "lat": 47.816667,
      "lng": 35.783333
    },
    {
      "cityName": "Ovsiyevka",
      "lat": 47.566667,
      "lng": 35.55
    },
    {
      "cityName": "Palauzovka",
      "lat": 46.936944,
      "lng": 36.646389
    },
    {
      "cityName": "Panovka",
      "lat": 47.916667,
      "lng": 36.05
    },
    {
      "cityName": "Pastva",
      "lat": 47.1,
      "lng": 36.283333
    },
    {
      "cityName": "Paulsgeym",
      "lat": 47.1,
      "lng": 35.983333
    },
    {
      "cityName": "Pavlograd",
      "lat": 47,
      "lng": 35.05
    },
    {
      "cityName": "Pavlovka",
      "lat": 47.383333,
      "lng": 34.983333
    },
    {
      "cityName": "Peremozhets",
      "lat": 46.674167,
      "lng": 34.790278
    },
    {
      "cityName": "Pereverzevka",
      "lat": 47.133333,
      "lng": 34.983333
    },
    {
      "cityName": "Perun",
      "lat": 48.083333,
      "lng": 35.083333
    },
    {
      "cityName": "Pervomayerka",
      "lat": 47.4,
      "lng": 34.733333
    },
    {
      "cityName": "Pervoye Maya",
      "lat": 47.416667,
      "lng": 35.2
    },
    {
      "cityName": "Pervozvakovka",
      "lat": 48.116667,
      "lng": 35.4
    },
    {
      "cityName": "Peschany",
      "lat": 47.866667,
      "lng": 36.183333
    },
    {
      "cityName": "Peskosheno",
      "lat": 47.133333,
      "lng": 34.783333
    },
    {
      "cityName": "Petersa",
      "lat": 48.033333,
      "lng": 34.966667
    },
    {
      "cityName": "Petersgagen",
      "lat": 47.216667,
      "lng": 35.633333
    },
    {
      "cityName": "Petrivka",
      "lat": 46.805556,
      "lng": 34.915278
    },
    {
      "cityName": "PetroMikhaylovka",
      "lat": 48.066667,
      "lng": 35.233333
    },
    {
      "cityName": "Petropavlovka",
      "lat": 46.933333,
      "lng": 35.033333
    },
    {
      "cityName": "Petropavlovskiy",
      "lat": 47.923611,
      "lng": 35.776667
    },
    {
      "cityName": "PetroSvistunovo",
      "lat": 48.133333,
      "lng": 35.183333
    },
    {
      "cityName": "Petrovka",
      "lat": 46.55,
      "lng": 35.6
    },
    {
      "cityName": "Petrovo",
      "lat": 48.116667,
      "lng": 35.2
    },
    {
      "cityName": "Petrovskiy",
      "lat": 47.4,
      "lng": 36.716667
    },
    {
      "cityName": "Petrovskogo",
      "lat": 47.066667,
      "lng": 35.2
    },
    {
      "cityName": "Plenenfeld",
      "lat": 47.516667,
      "lng": 35.566667
    },
    {
      "cityName": "Plodorodiye",
      "lat": 47.15,
      "lng": 35.25
    },
    {
      "cityName": "Plodorodnoye",
      "lat": 47.166667,
      "lng": 35.316667
    },
    {
      "cityName": "Pobeda",
      "lat": 46.55,
      "lng": 35.433333
    },
    {
      "cityName": "Podgorny",
      "lat": 47.133333,
      "lng": 35.216667
    },
    {
      "cityName": "Podovka",
      "lat": 46.85,
      "lng": 35.633333
    },
    {
      "cityName": "Podporozhnyanskoye",
      "lat": 47.916667,
      "lng": 35.15
    },
    {
      "cityName": "Podstepnoye",
      "lat": 47.617778,
      "lng": 35.285
    },
    {
      "cityName": "Pokaznoy",
      "lat": 47.316667,
      "lng": 35.566667
    },
    {
      "cityName": "Pokrovka",
      "lat": 46.726389,
      "lng": 35.637778
    },
    {
      "cityName": "Poltavka",
      "lat": 47.716667,
      "lng": 36.483333
    },
    {
      "cityName": "Ponyutino",
      "lat": 47.7,
      "lng": 35.933333
    },
    {
      "cityName": "Popovka",
      "lat": 47.213056,
      "lng": 36.54
    },
    {
      "cityName": "Popovo",
      "lat": 48.2,
      "lng": 35.266667
    },
    {
      "cityName": "Pordenau",
      "lat": 47.016667,
      "lng": 36.1
    },
    {
      "cityName": "Port Imeni Lenina",
      "lat": 47.883333,
      "lng": 35.1
    },
    {
      "cityName": "Posëlok Pervogo Maya Nomer Pervyy",
      "lat": 46.866667,
      "lng": 35.916667
    },
    {
      "cityName": "Posëlok Pervogo Maya Nomer Vtoroy",
      "lat": 46.85,
      "lng": 35.95
    },
    {
      "cityName": "Posëlok Pobeda",
      "lat": 46.583333,
      "lng": 34.933333
    },
    {
      "cityName": "Posëlok Sredniy",
      "lat": 47.9,
      "lng": 35.2
    },
    {
      "cityName": "Posëlok Voznesenskiy Pervyy",
      "lat": 46.816667,
      "lng": 35.566667
    },
    {
      "cityName": "Preobrazhenka",
      "lat": 47.582222,
      "lng": 35.796944
    },
    {
      "cityName": "Preslav",
      "lat": 46.687778,
      "lng": 36.211944
    },
    {
      "cityName": "Priluki",
      "lat": 47.75,
      "lng": 36.166667
    },
    {
      "cityName": "Primorskiy Posad",
      "lat": 46.609167,
      "lng": 35.733611
    },
    {
      "cityName": "Prishib",
      "lat": 47.216667,
      "lng": 35.583333
    },
    {
      "cityName": "Privolnoye",
      "lat": 47.866667,
      "lng": 36.716667
    },
    {
      "cityName": "Privolny",
      "lat": 47.116667,
      "lng": 35.35
    },
    {
      "cityName": "Privolye",
      "lat": 47.85,
      "lng": 36.316667
    },
    {
      "cityName": "Priyutnaya",
      "lat": 47.733333,
      "lng": 36.666667
    },
    {
      "cityName": "Probuzhdeniye Nomer Dvenadtsatyy",
      "lat": 47.416667,
      "lng": 36.833333
    },
    {
      "cityName": "Proletarskiy",
      "lat": 47.516667,
      "lng": 36.833333
    },
    {
      "cityName": "Promin",
      "lat": 47,
      "lng": 35.566667
    },
    {
      "cityName": "Pryshyb",
      "lat": 47.260278,
      "lng": 35.322778
    },
    {
      "cityName": "Pustotsvetny",
      "lat": 47.75,
      "lng": 35.8
    },
    {
      "cityName": "Pyataya Ferma",
      "lat": 46.933333,
      "lng": 34.966667
    },
    {
      "cityName": "Pyatikhatki",
      "lat": 47.5075,
      "lng": 35.456111
    },
    {
      "cityName": "Radionovka",
      "lat": 46.653333,
      "lng": 35.247222
    },
    {
      "cityName": "Radivonovka",
      "lat": 46.991667,
      "lng": 36.86
    },
    {
      "cityName": "Radolovka",
      "lat": 47.066667,
      "lng": 36.4
    },
    {
      "cityName": "Radostny",
      "lat": 47.183333,
      "lng": 35.4
    },
    {
      "cityName": "Radost",
      "lat": 47.833333,
      "lng": 36.2
    },
    {
      "cityName": "Radyanskiy",
      "lat": 47.983333,
      "lng": 34.916667
    },
    {
      "cityName": "Ratentol",
      "lat": 47.716667,
      "lng": 36.633333
    },
    {
      "cityName": "Ratskiy",
      "lat": 47.866667,
      "lng": 35.616667
    },
    {
      "cityName": "Ravnopol",
      "lat": 47.783333,
      "lng": 36.7
    },
    {
      "cityName": "Ravnopolye",
      "lat": 47.733333,
      "lng": 36.316667
    },
    {
      "cityName": "Raykovka",
      "lat": 46.680278,
      "lng": 35.966389
    },
    {
      "cityName": "Razumovka",
      "lat": 47.754444,
      "lng": 35.137222
    },
    {
      "cityName": "Rizdvyanka",
      "lat": 47.800556,
      "lng": 36.064444
    },
    {
      "cityName": "Robotino",
      "lat": 47.45,
      "lng": 35.833333
    },
    {
      "cityName": "Romanovskiy",
      "lat": 47.383333,
      "lng": 36.05
    },
    {
      "cityName": "Roskoshnyy",
      "lat": 47.066667,
      "lng": 35.766667
    },
    {
      "cityName": "Rotendorf",
      "lat": 47.5,
      "lng": 36.716667
    },
    {
      "cityName": "RotFront",
      "lat": 47.166667,
      "lng": 36.016667
    },
    {
      "cityName": "Rovnoye",
      "lat": 47.2,
      "lng": 35.483333
    },
    {
      "cityName": "Roza",
      "lat": 46.868611,
      "lng": 36.681389
    },
    {
      "cityName": "Rozdolya",
      "lat": 47.133333,
      "lng": 35.966667
    },
    {
      "cityName": "Rozenort",
      "lat": 47.083333,
      "lng": 35.616667
    },
    {
      "cityName": "Rozen",
      "lat": 47.3,
      "lng": 35.466667
    },
    {
      "cityName": "Rozivka",
      "lat": 46.936389,
      "lng": 35.770278
    },
    {
      "cityName": "Rudenkova",
      "lat": 47.35,
      "lng": 36.816667
    },
    {
      "cityName": "RudevoNikolayevka",
      "lat": 48.183333,
      "lng": 35.616667
    },
    {
      "cityName": "Rudnerveyde",
      "lat": 47.066667,
      "lng": 36.166667
    },
    {
      "cityName": "Ruga",
      "lat": 47.283333,
      "lng": 36.45
    },
    {
      "cityName": "Rybalskiy",
      "lat": 47.883333,
      "lng": 36.066667
    },
    {
      "cityName": "Sadovy",
      "lat": 47.183333,
      "lng": 36.933333
    },
    {
      "cityName": "Sadovyy",
      "lat": 47.033333,
      "lng": 35.933333
    },
    {
      "cityName": "Sady",
      "lat": 47.333333,
      "lng": 35.35
    },
    {
      "cityName": "Sakhno",
      "lat": 47.066667,
      "lng": 36.466667
    },
    {
      "cityName": "Saltychiya",
      "lat": 47.116667,
      "lng": 36.4
    },
    {
      "cityName": "Samoylovka",
      "lat": 47.583333,
      "lng": 36.7
    },
    {
      "cityName": "Samoylovskiy",
      "lat": 47.883333,
      "lng": 36.016667
    },
    {
      "cityName": "Sarafanovka",
      "lat": 47.066667,
      "lng": 34.983333
    },
    {
      "cityName": "Semdesyat Sedmoy",
      "lat": 47.833333,
      "lng": 36.416667
    },
    {
      "cityName": "Semenivka",
      "lat": 46.89,
      "lng": 35.413333
    },
    {
      "cityName": "Semikhatka",
      "lat": 46.583333,
      "lng": 35.066667
    },
    {
      "cityName": "Serafimovskiy",
      "lat": 48,
      "lng": 35.833333
    },
    {
      "cityName": "Shamrayka",
      "lat": 48.033333,
      "lng": 36.033333
    },
    {
      "cityName": "Shardau",
      "lat": 47.016667,
      "lng": 36.083333
    },
    {
      "cityName": "Shcherbaki",
      "lat": 47.55,
      "lng": 35.583333
    },
    {
      "cityName": "Shëlokovyy",
      "lat": 47.9,
      "lng": 35.283333
    },
    {
      "cityName": "Shelyugi",
      "lat": 46.549722,
      "lng": 35.225556
    },
    {
      "cityName": "Sheneberg",
      "lat": 47.75,
      "lng": 35
    },
    {
      "cityName": "Shenze",
      "lat": 47.25,
      "lng": 35.833333
    },
    {
      "cityName": "Shevchenko",
      "lat": 46.795278,
      "lng": 36.533333
    },
    {
      "cityName": "Shevchenkove",
      "lat": 46.996667,
      "lng": 36.514444
    },
    {
      "cityName": "Shevchenkovo Vtoroye",
      "lat": 47.483333,
      "lng": 36.183333
    },
    {
      "cityName": "Shevchenkovskiy",
      "lat": 47.3,
      "lng": 36.633333
    },
    {
      "cityName": "Shirokaya",
      "lat": 47.033333,
      "lng": 37.066667
    },
    {
      "cityName": "ShirokiyLan",
      "lat": 47.016667,
      "lng": 35.616667
    },
    {
      "cityName": "Shirokiy Yar",
      "lat": 47.133333,
      "lng": 35.933333
    },
    {
      "cityName": "Shmalki",
      "lat": 47.283333,
      "lng": 35.016667
    },
    {
      "cityName": "Shparau",
      "lat": 47.116667,
      "lng": 36.133333
    },
    {
      "cityName": "Sich",
      "lat": 47.8,
      "lng": 36.2
    },
    {
      "cityName": "Sinyavka",
      "lat": 47.85,
      "lng": 36.483333
    },
    {
      "cityName": "Skelevaty",
      "lat": 48,
      "lng": 35.35
    },
    {
      "cityName": "Skelivata",
      "lat": 47.283333,
      "lng": 35.916667
    },
    {
      "cityName": "Skelka",
      "lat": 47.440833,
      "lng": 35.113611
    },
    {
      "cityName": "Skhidnyy",
      "lat": 47.2,
      "lng": 35.833333
    },
    {
      "cityName": "Skvortsovoye",
      "lat": 47.9,
      "lng": 35.25
    },
    {
      "cityName": "Sladkaya Balka",
      "lat": 47.383333,
      "lng": 35.8
    },
    {
      "cityName": "Sladkiy",
      "lat": 47.15,
      "lng": 35.2
    },
    {
      "cityName": "Sladkovodnaya",
      "lat": 47.566667,
      "lng": 36.75
    },
    {
      "cityName": "Slavgorod",
      "lat": 48.1,
      "lng": 35.516667
    },
    {
      "cityName": "Slavny",
      "lat": 47.766667,
      "lng": 35.7
    },
    {
      "cityName": "Slavyanovka",
      "lat": 47.25,
      "lng": 35.366667
    },
    {
      "cityName": "Smelyy",
      "lat": 47.533333,
      "lng": 36.683333
    },
    {
      "cityName": "Smirennaya",
      "lat": 47.216667,
      "lng": 35.333333
    },
    {
      "cityName": "Sofiyevka",
      "lat": 46.989167,
      "lng": 36.674444
    },
    {
      "cityName": "Solntsevo",
      "lat": 47.616667,
      "lng": 36.766667
    },
    {
      "cityName": "Solodkin",
      "lat": 47.783333,
      "lng": 36.316667
    },
    {
      "cityName": "Solontsevataya",
      "lat": 47.75,
      "lng": 35.95
    },
    {
      "cityName": "Sorochino",
      "lat": 47.366667,
      "lng": 35.85
    },
    {
      "cityName": "Sorochinskiy",
      "lat": 47.583333,
      "lng": 36.116667
    },
    {
      "cityName": "Sosnovka",
      "lat": 46.683333,
      "lng": 35.166667
    },
    {
      "cityName": "Srebropolye",
      "lat": 47.616667,
      "lng": 36.1
    },
    {
      "cityName": "Sredneye",
      "lat": 46.783333,
      "lng": 34.833333
    },
    {
      "cityName": "Stalino",
      "lat": 47.583333,
      "lng": 36.316667
    },
    {
      "cityName": "Starchenkove",
      "lat": 47.266667,
      "lng": 36.983333
    },
    {
      "cityName": "StaroBogdanovka",
      "lat": 47.116667,
      "lng": 35.5
    },
    {
      "cityName": "Starodubovka",
      "lat": 47.1,
      "lng": 37.05
    },
    {
      "cityName": "StaroKermentschik",
      "lat": 47.683333,
      "lng": 36.833333
    },
    {
      "cityName": "Staropetrivka",
      "lat": 46.842222,
      "lng": 36.8525
    },
    {
      "cityName": "StaroUkrainka",
      "lat": 47.683333,
      "lng": 36.233333
    },
    {
      "cityName": "Stepanivka Persha",
      "lat": 46.472222,
      "lng": 35.541667
    },
    {
      "cityName": "Stepnaya",
      "lat": 47.8,
      "lng": 35.3
    },
    {
      "cityName": "Stepok",
      "lat": 46.316667,
      "lng": 35.3
    },
    {
      "cityName": "Stroganovka",
      "lat": 46.666667,
      "lng": 35.866667
    },
    {
      "cityName": "Stulneve",
      "lat": 47.217222,
      "lng": 36.109444
    },
    {
      "cityName": "Sukhoivanivske",
      "lat": 47.583333,
      "lng": 35.366667
    },
    {
      "cityName": "Svistunovo",
      "lat": 48.1,
      "lng": 35.366667
    },
    {
      "cityName": "Svobodnaya Zhizn",
      "lat": 46.6,
      "lng": 35.05
    },
    {
      "cityName": "Svobodnyy",
      "lat": 46.95,
      "lng": 35.7
    },
    {
      "cityName": "Svyatodukhovka",
      "lat": 47.65,
      "lng": 36.683333
    },
    {
      "cityName": "Sysykulak",
      "lat": 47.2,
      "lng": 36.233333
    },
    {
      "cityName": "Tambovka",
      "lat": 46.916667,
      "lng": 35.45
    },
    {
      "cityName": "Tarasivka",
      "lat": 47.408333,
      "lng": 36.128333
    },
    {
      "cityName": "Tarasovka",
      "lat": 47.033333,
      "lng": 36.183333
    },
    {
      "cityName": "Tarasovskiy",
      "lat": 47.766667,
      "lng": 35.45
    },
    {
      "cityName": "Tarasov",
      "lat": 47.233333,
      "lng": 36.733333
    },
    {
      "cityName": "Tavricheskiy",
      "lat": 46.7,
      "lng": 35.616667
    },
    {
      "cityName": "Tavriya",
      "lat": 47.370833,
      "lng": 35.537778
    },
    {
      "cityName": "Temirovka",
      "lat": 47.833333,
      "lng": 36.566667
    },
    {
      "cityName": "Ternovatka",
      "lat": 47.933333,
      "lng": 34.85
    },
    {
      "cityName": "Ternovatoye",
      "lat": 47.83,
      "lng": 36.126111
    },
    {
      "cityName": "Ternovy",
      "lat": 47.333333,
      "lng": 36.833333
    },
    {
      "cityName": "Terpeniye",
      "lat": 46.970556,
      "lng": 35.421111
    },
    {
      "cityName": "Terstyanka",
      "lat": 47.883333,
      "lng": 35.9
    },
    {
      "cityName": "Tigengagen",
      "lat": 47.166667,
      "lng": 35.583333
    },
    {
      "cityName": "Tigerveyde",
      "lat": 47.1,
      "lng": 35.75
    },
    {
      "cityName": "Tige",
      "lat": 47.066667,
      "lng": 35.583333
    },
    {
      "cityName": "Tikhiy Gay",
      "lat": 46.983333,
      "lng": 35.883333
    },
    {
      "cityName": "Tikhonovka",
      "lat": 46.916667,
      "lng": 35.55
    },
    {
      "cityName": "Timoshëvka",
      "lat": 47.1825,
      "lng": 35.109444
    },
    {
      "cityName": "Tokmachansk",
      "lat": 47.183333,
      "lng": 36.216667
    },
    {
      "cityName": "Tristanovy",
      "lat": 47.233333,
      "lng": 36.7
    },
    {
      "cityName": "Troyany",
      "lat": 46.876389,
      "lng": 36.611389
    },
    {
      "cityName": "Trudolyubimovka",
      "lat": 47.183333,
      "lng": 35.466667
    },
    {
      "cityName": "Trudolyubovka",
      "lat": 46.933333,
      "lng": 35.016667
    },
    {
      "cityName": "Trudovik",
      "lat": 47.316667,
      "lng": 35.35
    },
    {
      "cityName": "Trudovoye",
      "lat": 47.8,
      "lng": 36.483333
    },
    {
      "cityName": "Trudovoy",
      "lat": 47.316667,
      "lng": 36.583333
    },
    {
      "cityName": "Trudoyelenovka",
      "lat": 47.85,
      "lng": 35.716667
    },
    {
      "cityName": "Tsarëvyy",
      "lat": 48.016667,
      "lng": 35.233333
    },
    {
      "cityName": "Tsentr Oktyabrya",
      "lat": 47.533333,
      "lng": 36.783333
    },
    {
      "cityName": "Tsvetkov",
      "lat": 47.35,
      "lng": 34.716667
    },
    {
      "cityName": "Tulga Nomer Tretiy",
      "lat": 46.666667,
      "lng": 35.366667
    },
    {
      "cityName": "Turgenevka",
      "lat": 48.133333,
      "lng": 35.516667
    },
    {
      "cityName": "Udachny",
      "lat": 47.866667,
      "lng": 35.633333
    },
    {
      "cityName": "Udelnenskiy",
      "lat": 47.733333,
      "lng": 34.966667
    },
    {
      "cityName": "Ukrainka",
      "lat": 46.95,
      "lng": 35.083333
    },
    {
      "cityName": "Ukrainskiy",
      "lat": 47.033333,
      "lng": 35.633333
    },
    {
      "cityName": "Ukromny",
      "lat": 47.883333,
      "lng": 35.683333
    },
    {
      "cityName": "Ulyanovka",
      "lat": 46.983333,
      "lng": 35.85
    },
    {
      "cityName": "Ulyanovskiy Nomer Dva",
      "lat": 47.433333,
      "lng": 36.183333
    },
    {
      "cityName": "Ulyanovskiy Nomer Odin",
      "lat": 47.4,
      "lng": 36.233333
    },
    {
      "cityName": "Ulyanovskiy Nomer Tretiy",
      "lat": 47.45,
      "lng": 36.15
    },
    {
      "cityName": "Uralskiy",
      "lat": 48.1,
      "lng": 35.633333
    },
    {
      "cityName": "Ural",
      "lat": 46.666667,
      "lng": 35.5
    },
    {
      "cityName": "Uritskoye Nomer Shestnadtsat",
      "lat": 47.5,
      "lng": 36.95
    },
    {
      "cityName": "Uspenivka",
      "lat": 47.779722,
      "lng": 36.399722
    },
    {
      "cityName": "Uspenovka",
      "lat": 47.066667,
      "lng": 36.6
    },
    {
      "cityName": "Uspenskoye",
      "lat": 47.083333,
      "lng": 36.083333
    },
    {
      "cityName": "Valentinovka",
      "lat": 47.733333,
      "lng": 35.95
    },
    {
      "cityName": "Varvarovka",
      "lat": 47.733333,
      "lng": 36.2
    },
    {
      "cityName": "Vasilevka",
      "lat": 47.436944,
      "lng": 35.274167
    },
    {
      "cityName": "Vasilyevkana Dnepre",
      "lat": 48.2,
      "lng": 35.216667
    },
    {
      "cityName": "Vasilyevka",
      "lat": 47.433333,
      "lng": 35.3
    },
    {
      "cityName": "Vasilyevskiy",
      "lat": 47.8,
      "lng": 35.833333
    },
    {
      "cityName": "Vasinovka",
      "lat": 47.666667,
      "lng": 35.833333
    },
    {
      "cityName": "Vasserau",
      "lat": 47.2,
      "lng": 35.433333
    },
    {
      "cityName": "Vaynau",
      "lat": 47.166667,
      "lng": 35.533333
    },
    {
      "cityName": "Velikiy Lug",
      "lat": 47.916667,
      "lng": 35.083333
    },
    {
      "cityName": "Verbove",
      "lat": 47.433333,
      "lng": 35.970833
    },
    {
      "cityName": "Verbovy",
      "lat": 47.8,
      "lng": 36.116667
    },
    {
      "cityName": "VerkhneTokmak",
      "lat": 47.2,
      "lng": 36.366667
    },
    {
      "cityName": "Verkhnya Tersa",
      "lat": 47.6975,
      "lng": 36.085278
    },
    {
      "cityName": "Verny",
      "lat": 47.333333,
      "lng": 36.866667
    },
    {
      "cityName": "Vershina Pervaya",
      "lat": 47.4,
      "lng": 36.833333
    },
    {
      "cityName": "Vershina Vtoraya",
      "lat": 47.233333,
      "lng": 36.483333
    },
    {
      "cityName": "Vesëlaya",
      "lat": 47.7,
      "lng": 36.683333
    },
    {
      "cityName": "Vesëlaya Yevreyka",
      "lat": 47.683333,
      "lng": 36.616667
    },
    {
      "cityName": "Vesele",
      "lat": 47.013056,
      "lng": 34.913611
    },
    {
      "cityName": "Veselyanka",
      "lat": 47.683333,
      "lng": 35.369444
    },
    {
      "cityName": "Vesely Gay",
      "lat": 47.969167,
      "lng": 35.803056
    },
    {
      "cityName": "Vesely",
      "lat": 47.05,
      "lng": 37.033333
    },
    {
      "cityName": "Vesely Yar",
      "lat": 47.95,
      "lng": 34.883333
    },
    {
      "cityName": "Vesëlyy Podol",
      "lat": 47.383333,
      "lng": 35.183333
    },
    {
      "cityName": "Vetry",
      "lat": 47.666667,
      "lng": 36.033333
    },
    {
      "cityName": "VilnoAndreyevskiy",
      "lat": 47.966667,
      "lng": 35.15
    },
    {
      "cityName": "VilnoUlyanovskiye",
      "lat": 47.95,
      "lng": 35.183333
    },
    {
      "cityName": "Vilnyansk",
      "lat": 47.941944,
      "lng": 35.428056
    },
    {
      "cityName": "Vinogradovka",
      "lat": 46.8,
      "lng": 35.55
    },
    {
      "cityName": "Vishnevaya",
      "lat": 46.75,
      "lng": 35.483333
    },
    {
      "cityName": "Vishnëvoye",
      "lat": 47.683333,
      "lng": 36.566667
    },
    {
      "cityName": "Vishnëvskiy",
      "lat": 47.3,
      "lng": 35.55
    },
    {
      "cityName": "Vishnevy",
      "lat": 47.3,
      "lng": 35.333333
    },
    {
      "cityName": "Vishnyakovka",
      "lat": 47.066667,
      "lng": 36.983333
    },
    {
      "cityName": "Vladimirovka",
      "lat": 46.655278,
      "lng": 35.151667
    },
    {
      "cityName": "Vladimirovskiy",
      "lat": 47.95,
      "lng": 35.533333
    },
    {
      "cityName": "Vodyane",
      "lat": 47.488889,
      "lng": 34.496667
    },
    {
      "cityName": "Vodyanoy",
      "lat": 47.3,
      "lng": 36.833333
    },
    {
      "cityName": "Volchanskoye",
      "lat": 46.575,
      "lng": 35.105278
    },
    {
      "cityName": "Volchiy",
      "lat": 46.466667,
      "lng": 35.166667
    },
    {
      "cityName": "Voldorf",
      "lat": 47.966667,
      "lng": 35.783333
    },
    {
      "cityName": "Volkovo",
      "lat": 47.45,
      "lng": 35.533333
    },
    {
      "cityName": "Volna",
      "lat": 46.65,
      "lng": 35.483333
    },
    {
      "cityName": "Volnyanka",
      "lat": 47.769444,
      "lng": 35.820833
    },
    {
      "cityName": "Volny NovoMokryanskiy",
      "lat": 47.783333,
      "lng": 35.45
    },
    {
      "cityName": "Volny",
      "lat": 46.983333,
      "lng": 34.65
    },
    {
      "cityName": "Volodina",
      "lat": 47.7,
      "lng": 36.766667
    },
    {
      "cityName": "Vorobyevka",
      "lat": 47.083333,
      "lng": 35.1
    },
    {
      "cityName": "Voroshilovka",
      "lat": 46.8,
      "lng": 35.05
    },
    {
      "cityName": "Vostochny",
      "lat": 47.316667,
      "lng": 36.516667
    },
    {
      "cityName": "Vovniga",
      "lat": 48.133333,
      "lng": 35.083333
    },
    {
      "cityName": "Voyskovoye",
      "lat": 48.166667,
      "lng": 35.166667
    },
    {
      "cityName": "Vozdvizhenka",
      "lat": 47.751111,
      "lng": 36.08
    },
    {
      "cityName": "Voznesenka",
      "lat": 46.861111,
      "lng": 35.455556
    },
    {
      "cityName": "Vozrozhdeniye",
      "lat": 47.083333,
      "lng": 35.233333
    },
    {
      "cityName": "Vremyevka",
      "lat": 47.833333,
      "lng": 36.816667
    },
    {
      "cityName": "Vtoraya Ferma",
      "lat": 46.833333,
      "lng": 34.95
    },
    {
      "cityName": "Vyacheslavka",
      "lat": 46.861111,
      "lng": 36.282778
    },
    {
      "cityName": "Vyboyevo",
      "lat": 47.116667,
      "lng": 36.816667
    },
    {
      "cityName": "Vygodnaya",
      "lat": 48.033333,
      "lng": 35.95
    },
    {
      "cityName": "Yagodny",
      "lat": 47.633333,
      "lng": 36.533333
    },
    {
      "cityName": "Yagoryevka",
      "lat": 47.866667,
      "lng": 36.283333
    },
    {
      "cityName": "Yakimovka",
      "lat": 48.1,
      "lng": 35.466667
    },
    {
      "cityName": "Yakobinskiy",
      "lat": 47.016667,
      "lng": 34.683333
    },
    {
      "cityName": "Yakovlevskiy",
      "lat": 47.9,
      "lng": 35.45
    },
    {
      "cityName": "Yalnskoye",
      "lat": 47.65,
      "lng": 36.916667
    },
    {
      "cityName": "Yanchur",
      "lat": 47.55,
      "lng": 36.716667
    },
    {
      "cityName": "Yasenevatoye",
      "lat": 48.116667,
      "lng": 35.183333
    },
    {
      "cityName": "Yashnikovo",
      "lat": 47.833333,
      "lng": 36.616667
    },
    {
      "cityName": "Yasna Polyana",
      "lat": 47.809444,
      "lng": 35.737222
    },
    {
      "cityName": "Yasnaya Polyana",
      "lat": 47.066667,
      "lng": 34.833333
    },
    {
      "cityName": "Yasne",
      "lat": 47.036667,
      "lng": 35.670556
    },
    {
      "cityName": "Yegorovka",
      "lat": 47.633333,
      "lng": 35.933333
    },
    {
      "cityName": "Yekaterinofeld",
      "lat": 47.783333,
      "lng": 35.583333
    },
    {
      "cityName": "Yelënovka",
      "lat": 46.933333,
      "lng": 35.566667
    },
    {
      "cityName": "Yëlisavetovka",
      "lat": 46.962222,
      "lng": 36.424444
    },
    {
      "cityName": "Yeliseyevka",
      "lat": 47.016667,
      "lng": 36.4
    },
    {
      "cityName": "Yelizavetovka",
      "lat": 46.7,
      "lng": 34.933333
    },
    {
      "cityName": "Yelizavettal",
      "lat": 47.033333,
      "lng": 36.033333
    },
    {
      "cityName": "Yevreyskaya Koloniya",
      "lat": 47.633333,
      "lng": 36.616667
    },
    {
      "cityName": "Yulyevka",
      "lat": 47.7,
      "lng": 35.45
    },
    {
      "cityName": "Yurevka",
      "lat": 46.945556,
      "lng": 36.275
    },
    {
      "cityName": "Yurkivka",
      "lat": 47.651389,
      "lng": 35.668056
    },
    {
      "cityName": "Yurtuk",
      "lat": 47.3,
      "lng": 35.45
    },
    {
      "cityName": "Yuzhnyy",
      "lat": 46.816667,
      "lng": 35.65
    },
    {
      "cityName": "Zakharyevka",
      "lat": 47.15,
      "lng": 36.983333
    },
    {
      "cityName": "Zalivnoye",
      "lat": 47.866667,
      "lng": 35.9
    },
    {
      "cityName": "Zamostye",
      "lat": 47.066667,
      "lng": 36.05
    },
    {
      "cityName": "Zapasnyy",
      "lat": 47.65,
      "lng": 35.533333
    },
    {
      "cityName": "Zaporozhskiy",
      "lat": 47.583333,
      "lng": 36.733333
    },
    {
      "cityName": "Zaporozhye Levoye",
      "lat": 47.85,
      "lng": 35.283333
    },
    {
      "cityName": "Zarya",
      "lat": 47.266667,
      "lng": 36.366667
    },
    {
      "cityName": "Zatishye",
      "lat": 47.683333,
      "lng": 36.333333
    },
    {
      "cityName": "Zavetne Bazhannya",
      "lat": 47.716667,
      "lng": 36.816667
    },
    {
      "cityName": "Zayachiy",
      "lat": 48.166667,
      "lng": 35.6
    },
    {
      "cityName": "Zelënaya Dubrova",
      "lat": 47.833333,
      "lng": 35.966667
    },
    {
      "cityName": "Zelenchuk",
      "lat": 46.9,
      "lng": 35.116667
    },
    {
      "cityName": "Zelenivka",
      "lat": 46.972222,
      "lng": 36.229722
    },
    {
      "cityName": "Zelenopolye",
      "lat": 47.55,
      "lng": 36.85
    },
    {
      "cityName": "Zeleny Gay",
      "lat": 47.016667,
      "lng": 34.716667
    },
    {
      "cityName": "Zeleny Hay",
      "lat": 47.390833,
      "lng": 35.3625
    },
    {
      "cityName": "Zeleny Lug",
      "lat": 46.716667,
      "lng": 35.3
    },
    {
      "cityName": "Zeleny Yar",
      "lat": 47.2,
      "lng": 37.05
    },
    {
      "cityName": "Zeleny",
      "lat": 47.6,
      "lng": 36.666667
    },
    {
      "cityName": "Zemenovka",
      "lat": 47.321111,
      "lng": 36.298889
    },
    {
      "cityName": "Zhëltaya Krucha",
      "lat": 47.733333,
      "lng": 35.683333
    },
    {
      "cityName": "Zherebets",
      "lat": 47.65,
      "lng": 35.7
    },
    {
      "cityName": "Zhovtnevyy",
      "lat": 47.733333,
      "lng": 36.183333
    },
    {
      "cityName": "Zirnitsya",
      "lat": 47.816667,
      "lng": 35.983333
    },
    {
      "cityName": "Zlatopol",
      "lat": 47.4,
      "lng": 35.016667
    }
  ]
}