{
  "name": "Coast",
  "cities": [
    {
      "cityName": "Abarat",
      "lat": -0.5747222,
      "lng": 39.7347222
    },
    {
      "cityName": "Achivwa",
      "lat": -3.7666667,
      "lng": 39.15
    },
    {
      "cityName": "Ada",
      "lat": -4.2,
      "lng": 39.0833333
    },
    {
      "cityName": "Adu",
      "lat": -2.845,
      "lng": 39.9927778
    },
    {
      "cityName": "Amu",
      "lat": -2.2783333,
      "lng": 40.9033333
    },
    {
      "cityName": "Anasa",
      "lat": -2.5241667,
      "lng": 40.3069444
    },
    {
      "cityName": "Ankish",
      "lat": -1.9627778,
      "lng": 40.8697222
    },
    {
      "cityName": "Arabuko",
      "lat": -3.25,
      "lng": 39.9666667
    },
    {
      "cityName": "Ariti",
      "lat": -2.5166667,
      "lng": 40.3
    },
    {
      "cityName": "Arosen",
      "lat": -1.95,
      "lng": 40.7166667
    },
    {
      "cityName": "Asa",
      "lat": -2.0833333,
      "lng": 39.4333333
    },
    {
      "cityName": "Ashuwei",
      "lat": -1.9333333,
      "lng": 41.3166667
    },
    {
      "cityName": "Bahadale",
      "lat": -0.0430556,
      "lng": 39.0711111
    },
    {
      "cityName": "Bajumali",
      "lat": -2.0888889,
      "lng": 41.1472222
    },
    {
      "cityName": "Balguda",
      "lat": -1.4666667,
      "lng": 39.85
    },
    {
      "cityName": "Bamba",
      "lat": -3.5333333,
      "lng": 39.5166667
    },
    {
      "cityName": "Bamburi",
      "lat": -4,
      "lng": 39.7166667
    },
    {
      "cityName": "Banda Ra Salama",
      "lat": -3.7833333,
      "lng": 39.7
    },
    {
      "cityName": "Bandari",
      "lat": -3.4666667,
      "lng": 39.5333333
    },
    {
      "cityName": "Banga",
      "lat": -4.1,
      "lng": 39.2333333
    },
    {
      "cityName": "Bania",
      "lat": -3.9166667,
      "lng": 39.6333333
    },
    {
      "cityName": "Baomo",
      "lat": -1.9305556,
      "lng": 40.135
    },
    {
      "cityName": "Bara Hoyo",
      "lat": -3.9333333,
      "lng": 39.7666667
    },
    {
      "cityName": "Barane",
      "lat": -3.5833333,
      "lng": 39.8333333
    },
    {
      "cityName": "Bargoni",
      "lat": -2.0488889,
      "lng": 40.8002778
    },
    {
      "cityName": "Baricho",
      "lat": -3.1,
      "lng": 39.7833333
    },
    {
      "cityName": "Batani",
      "lat": -3.9,
      "lng": 39.6
    },
    {
      "cityName": "Bazo",
      "lat": -4.6666667,
      "lng": 39.2166667
    },
    {
      "cityName": "Belewa",
      "lat": -3.95,
      "lng": 39.6333333
    },
    {
      "cityName": "Bengoni",
      "lat": -3.6333333,
      "lng": 39.4333333
    },
    {
      "cityName": "Bibitoli",
      "lat": -2.8666667,
      "lng": 39.8833333
    },
    {
      "cityName": "Bili",
      "lat": -0.6113889,
      "lng": 39.7152778
    },
    {
      "cityName": "Bodhei",
      "lat": -1.8686111,
      "lng": 40.7275
    },
    {
      "cityName": "Bofu",
      "lat": -3.9666667,
      "lng": 39.4333333
    },
    {
      "cityName": "Bohoni",
      "lat": -1.3666667,
      "lng": 40
    },
    {
      "cityName": "Bole",
      "lat": -0.55,
      "lng": 39.7
    },
    {
      "cityName": "Bomani",
      "lat": -3.8666667,
      "lng": 39.75
    },
    {
      "cityName": "Boma Upande",
      "lat": -3.0666667,
      "lng": 40.1166667
    },
    {
      "cityName": "Bongonoko",
      "lat": -0.7666667,
      "lng": 39.8
    },
    {
      "cityName": "Bora Imani",
      "lat": -2.2,
      "lng": 40.8666667
    },
    {
      "cityName": "Borobini",
      "lat": -2.4566667,
      "lng": 40.2025
    },
    {
      "cityName": "Bubesa",
      "lat": -2.05,
      "lng": 40.1666667
    },
    {
      "cityName": "Buji Albati",
      "lat": -2.95,
      "lng": 39.8166667
    },
    {
      "cityName": "Bukatwavi",
      "lat": -2.8166667,
      "lng": 39.9666667
    },
    {
      "cityName": "Bungule",
      "lat": -3.85,
      "lng": 38.6666667
    },
    {
      "cityName": "Bura",
      "lat": -1.0941667,
      "lng": 39.9533333
    },
    {
      "cityName": "Busa",
      "lat": -4.1333333,
      "lng": 39.0666667
    },
    {
      "cityName": "Busho",
      "lat": -3.9,
      "lng": 39.0666667
    },
    {
      "cityName": "Bwaga Cheti",
      "lat": -4.5333333,
      "lng": 39.15
    },
    {
      "cityName": "Campi ya Bibi",
      "lat": -3.4,
      "lng": 38.0333333
    },
    {
      "cityName": "Chabia",
      "lat": -3.4833333,
      "lng": 38.35
    },
    {
      "cityName": "Chala",
      "lat": -3.3166667,
      "lng": 37.7166667
    },
    {
      "cityName": "Chanani",
      "lat": -1.55,
      "lng": 40.05
    },
    {
      "cityName": "Changamwe",
      "lat": -4.0166667,
      "lng": 39.6333333
    },
    {
      "cityName": "Chathoro",
      "lat": -2.5,
      "lng": 40.2666667
    },
    {
      "cityName": "Chengo",
      "lat": -3.85,
      "lng": 39.7
    },
    {
      "cityName": "Chevani",
      "lat": -1.4166667,
      "lng": 40.0166667
    },
    {
      "cityName": "Chewele",
      "lat": -1.1666667,
      "lng": 39.9666667
    },
    {
      "cityName": "Chidutani",
      "lat": -3.7666667,
      "lng": 39.7166667
    },
    {
      "cityName": "Chiffiri",
      "lat": -1.2955556,
      "lng": 39.7233333
    },
    {
      "cityName": "Chingwede",
      "lat": -4.5,
      "lng": 39.45
    },
    {
      "cityName": "Chirte Hiyasa",
      "lat": -2.1166667,
      "lng": 39.65
    },
    {
      "cityName": "Choke",
      "lat": -3.3666667,
      "lng": 38.3833333
    },
    {
      "cityName": "Chonye",
      "lat": -3.7833333,
      "lng": 39.6833333
    },
    {
      "cityName": "Clema Dui",
      "lat": -1.6,
      "lng": 39.5333333
    },
    {
      "cityName": "Daba",
      "lat": -1.5666667,
      "lng": 39.45
    },
    {
      "cityName": "Dabida",
      "lat": -3.4166667,
      "lng": 38.3
    },
    {
      "cityName": "Dagamra",
      "lat": -3.1833333,
      "lng": 39.9333333
    },
    {
      "cityName": "Dakacha",
      "lat": -3.0166667,
      "lng": 39.8
    },
    {
      "cityName": "Dakawachu",
      "lat": -2.6861111,
      "lng": 39.6308333
    },
    {
      "cityName": "Dambale",
      "lat": -3.7,
      "lng": 39.2666667
    },
    {
      "cityName": "Dembwa",
      "lat": -3.45,
      "lng": 38.3666667
    },
    {
      "cityName": "Denge",
      "lat": -4.0666667,
      "lng": 39.15
    },
    {
      "cityName": "Dida",
      "lat": -3.4333333,
      "lng": 39.8
    },
    {
      "cityName": "Dida Waredi",
      "lat": -2.4244444,
      "lng": 40.4127778
    },
    {
      "cityName": "Digo",
      "lat": -4.2333333,
      "lng": 39.1833333
    },
    {
      "cityName": "Dindiri",
      "lat": -3.7333333,
      "lng": 39.8
    },
    {
      "cityName": "Dodori",
      "lat": -1.9,
      "lng": 41.0666667
    },
    {
      "cityName": "Dololo",
      "lat": -3.85,
      "lng": 39.1
    },
    {
      "cityName": "Duldul",
      "lat": -1.9166667,
      "lng": 40.7333333
    },
    {
      "cityName": "Dulukiza",
      "lat": -3.3833333,
      "lng": 39.6333333
    },
    {
      "cityName": "Dumi",
      "lat": -2.25,
      "lng": 40.1333333
    },
    {
      "cityName": "Dundani",
      "lat": -4.0833333,
      "lng": 39.2
    },
    {
      "cityName": "Dungicha",
      "lat": -3.4833333,
      "lng": 39.6166667
    },
    {
      "cityName": "Duruma",
      "lat": -4.55,
      "lng": 39.0833333
    },
    {
      "cityName": "Dzirive",
      "lat": -4.5833333,
      "lng": 39.1666667
    },
    {
      "cityName": "Dzitsuhe",
      "lat": -2.8666667,
      "lng": 39.9666667
    },
    {
      "cityName": "Egge",
      "lat": -2.25,
      "lng": 40.1166667
    },
    {
      "cityName": "El Jera",
      "lat": -1.6666667,
      "lng": 39.6
    },
    {
      "cityName": "Fanjua",
      "lat": -1.6666667,
      "lng": 40.1166667
    },
    {
      "cityName": "Faza",
      "lat": -2.0666667,
      "lng": 41.1055556
    },
    {
      "cityName": "Figini",
      "lat": -3.3833333,
      "lng": 38.3833333
    },
    {
      "cityName": "Fitina",
      "lat": -2.5,
      "lng": 40.2833333
    },
    {
      "cityName": "Frere Town",
      "lat": -4.0166667,
      "lng": 39.7
    },
    {
      "cityName": "Fundi Isa",
      "lat": -2.9408333,
      "lng": 40.1036111
    },
    {
      "cityName": "Fundisa",
      "lat": -2.9,
      "lng": 40.1
    },
    {
      "cityName": "Fundisa Kibaoni",
      "lat": -2.9408333,
      "lng": 40.1411111
    },
    {
      "cityName": "Funi Dela",
      "lat": -1,
      "lng": 39.9
    },
    {
      "cityName": "Funzi",
      "lat": -4.5666667,
      "lng": 39.4333333
    },
    {
      "cityName": "Furaha",
      "lat": -2.4833333,
      "lng": 40.2
    },
    {
      "cityName": "Galamani",
      "lat": -1.3986111,
      "lng": 40.0111111
    },
    {
      "cityName": "Galanema",
      "lat": -3.7166667,
      "lng": 39.7
    },
    {
      "cityName": "Galole",
      "lat": -1.5036111,
      "lng": 40.0288889
    },
    {
      "cityName": "Galu",
      "lat": -4.35,
      "lng": 39.5666667
    },
    {
      "cityName": "Ganda",
      "lat": -3.2166667,
      "lng": 40.0666667
    },
    {
      "cityName": "Gandini",
      "lat": -4.0333333,
      "lng": 39.4666667
    },
    {
      "cityName": "Ganze",
      "lat": -3.5333333,
      "lng": 39.6833333
    },
    {
      "cityName": "Garashi",
      "lat": -3.1166667,
      "lng": 39.8833333
    },
    {
      "cityName": "Garsen",
      "lat": -2.2697222,
      "lng": 40.12
    },
    {
      "cityName": "Gasi",
      "lat": -4.4166667,
      "lng": 39.5
    },
    {
      "cityName": "Gede",
      "lat": -3.3,
      "lng": 40.0166667
    },
    {
      "cityName": "Gifyonzo",
      "lat": -4.2,
      "lng": 39.25
    },
    {
      "cityName": "Giriama",
      "lat": -3.8,
      "lng": 39.5833333
    },
    {
      "cityName": "Godoma",
      "lat": -4.4,
      "lng": 39.2833333
    },
    {
      "cityName": "Gogoni",
      "lat": -4.4166667,
      "lng": 39.4833333
    },
    {
      "cityName": "Golini",
      "lat": -4.15,
      "lng": 39.4666667
    },
    {
      "cityName": "Golo",
      "lat": -3.9333333,
      "lng": 39.6166667
    },
    {
      "cityName": "Gongoni",
      "lat": -3.0333333,
      "lng": 40.1333333
    },
    {
      "cityName": "Gonja",
      "lat": -4.55,
      "lng": 39.0666667
    },
    {
      "cityName": "Goshi",
      "lat": -3.45,
      "lng": 39.4166667
    },
    {
      "cityName": "Gotani",
      "lat": -3.7833333,
      "lng": 39.5333333
    },
    {
      "cityName": "Gubani",
      "lat": -1.7166667,
      "lng": 40.1166667
    },
    {
      "cityName": "Gulanzi",
      "lat": -4.1833333,
      "lng": 39.2166667
    },
    {
      "cityName": "Gutini",
      "lat": -3.4166667,
      "lng": 38.6333333
    },
    {
      "cityName": "Haluabagala",
      "lat": -2.85,
      "lng": 39.6666667
    },
    {
      "cityName": "Handampia",
      "lat": -1.5833333,
      "lng": 40.0666667
    },
    {
      "cityName": "Handarako",
      "lat": -1.7833333,
      "lng": 39.35
    },
    {
      "cityName": "Hewani",
      "lat": -2.2361111,
      "lng": 40.1947222
    },
    {
      "cityName": "Hidio",
      "lat": -2.235,
      "lng": 40.7433333
    },
    {
      "cityName": "Hindi",
      "lat": -2.1813889,
      "lng": 40.825
    },
    {
      "cityName": "Idsowe",
      "lat": -2.2991667,
      "lng": 40.1358333
    },
    {
      "cityName": "Ikanga",
      "lat": -3.3666667,
      "lng": 38.5166667
    },
    {
      "cityName": "Ingile",
      "lat": -1.6,
      "lng": 39.8166667
    },
    {
      "cityName": "Irangi",
      "lat": -0.35,
      "lng": 39.4833333
    },
    {
      "cityName": "Jambe",
      "lat": -4.6,
      "lng": 39.1666667
    },
    {
      "cityName": "Jarabuni",
      "lat": -3.6333333,
      "lng": 39.7333333
    },
    {
      "cityName": "Jara",
      "lat": -0.7111111,
      "lng": 39.8102778
    },
    {
      "cityName": "Jego",
      "lat": -4.65,
      "lng": 39.1833333
    },
    {
      "cityName": "Jeure",
      "lat": -3.8666667,
      "lng": 39.7833333
    },
    {
      "cityName": "Jila",
      "lat": -3.4166667,
      "lng": 39.5333333
    },
    {
      "cityName": "Jilore",
      "lat": -3.1833333,
      "lng": 39.9
    },
    {
      "cityName": "Jipe",
      "lat": -2.1666667,
      "lng": 40.8833333
    },
    {
      "cityName": "Jiweni",
      "lat": -4.25,
      "lng": 39.1833333
    },
    {
      "cityName": "Jomvu",
      "lat": -3.9833333,
      "lng": 39.6166667
    },
    {
      "cityName": "Jora",
      "lat": -3.8333333,
      "lng": 38.65
    },
    {
      "cityName": "Jumba la Mtwana",
      "lat": -3.95,
      "lng": 39.7666667
    },
    {
      "cityName": "Junda",
      "lat": -4.0166667,
      "lng": 39.6666667
    },
    {
      "cityName": "Junja",
      "lat": -2.0833333,
      "lng": 40.7666667
    },
    {
      "cityName": "Junju",
      "lat": -3.85,
      "lng": 39.7333333
    },
    {
      "cityName": "Kabiboni",
      "lat": -3,
      "lng": 40.0166667
    },
    {
      "cityName": "Kabieni",
      "lat": -3.8833333,
      "lng": 39.5833333
    },
    {
      "cityName": "Kadzeweni",
      "lat": -3.65,
      "lng": 39.4833333
    },
    {
      "cityName": "Kadzinuni",
      "lat": -3.75,
      "lng": 39.8166667
    },
    {
      "cityName": "Kaembekaesha",
      "lat": -3.0666667,
      "lng": 40.1
    },
    {
      "cityName": "Kajire",
      "lat": -3.5166667,
      "lng": 38.6
    },
    {
      "cityName": "Kakomani",
      "lat": -3.85,
      "lng": 39.6333333
    },
    {
      "cityName": "Kakoneni",
      "lat": -3.1666667,
      "lng": 39.8666667
    },
    {
      "cityName": "Kakuyuni",
      "lat": -3.2166667,
      "lng": 40
    },
    {
      "cityName": "Kakya",
      "lat": -1.6,
      "lng": 39.0333333
    },
    {
      "cityName": "Kalaluwe",
      "lat": -2.9825,
      "lng": 39.7391667
    },
    {
      "cityName": "Kaloleni",
      "lat": -3.8166667,
      "lng": 39.6333333
    },
    {
      "cityName": "Kalota",
      "lat": -2.5166667,
      "lng": 40.3666667
    },
    {
      "cityName": "Kamale",
      "lat": -2.75,
      "lng": 40
    },
    {
      "cityName": "Kamleza",
      "lat": -3.45,
      "lng": 37.6833333
    },
    {
      "cityName": "Kampi ya Kerengenzi",
      "lat": -2.9166667,
      "lng": 40.1333333
    },
    {
      "cityName": "Kamudi",
      "lat": -0.65,
      "lng": 39.8
    },
    {
      "cityName": "Kanjonja",
      "lat": -1.7569444,
      "lng": 40.1338889
    },
    {
      "cityName": "Karawa",
      "lat": -2.6527778,
      "lng": 40.2075
    },
    {
      "cityName": "Karere",
      "lat": -0.3305556,
      "lng": 39.5627778
    },
    {
      "cityName": "Karimani",
      "lat": -3.4166667,
      "lng": 39.45
    },
    {
      "cityName": "Kashani",
      "lat": -3.95,
      "lng": 39.7
    },
    {
      "cityName": "Kasidi",
      "lat": -3.8833333,
      "lng": 39.6
    },
    {
      "cityName": "Kaufumbani",
      "lat": -4.65,
      "lng": 39.2166667
    },
    {
      "cityName": "Kau",
      "lat": -2.4888889,
      "lng": 40.4519444
    },
    {
      "cityName": "Kavuluni",
      "lat": -3.3333333,
      "lng": 39.65
    },
    {
      "cityName": "Kayafungo",
      "lat": -3.7833333,
      "lng": 39.5166667
    },
    {
      "cityName": "Kazakini",
      "lat": -2.95,
      "lng": 39.75
    },
    {
      "cityName": "Kesanguri",
      "lat": -1.6166667,
      "lng": 39.7166667
    },
    {
      "cityName": "Kiangwe",
      "lat": -1.9375,
      "lng": 40.9780556
    },
    {
      "cityName": "Kibandaongo",
      "lat": -4.05,
      "lng": 39.4
    },
    {
      "cityName": "Kibaoni",
      "lat": -3.7166667,
      "lng": 39.8333333
    },
    {
      "cityName": "Kibarani",
      "lat": -3.6,
      "lng": 39.85
    },
    {
      "cityName": "Kibaya",
      "lat": -4.4666667,
      "lng": 39.1166667
    },
    {
      "cityName": "Kibirikani",
      "lat": -2.25,
      "lng": 40.7666667
    },
    {
      "cityName": "Kibuguni",
      "lat": -4.5,
      "lng": 39.35
    },
    {
      "cityName": "Kibusu",
      "lat": -2.3522222,
      "lng": 40.1636111
    },
    {
      "cityName": "Kichangalaweni",
      "lat": -4.45,
      "lng": 39.1833333
    },
    {
      "cityName": "Kidaya",
      "lat": -3.4333333,
      "lng": 38.3333333
    },
    {
      "cityName": "Kidimu",
      "lat": -4.55,
      "lng": 39.3666667
    },
    {
      "cityName": "Kiduruni",
      "lat": -1.8969444,
      "lng": 41.2227778
    },
    {
      "cityName": "Kidzumo",
      "lat": -4.2,
      "lng": 39.5833333
    },
    {
      "cityName": "Kifumbu",
      "lat": -3.8166667,
      "lng": 38.65
    },
    {
      "cityName": "Kigala",
      "lat": -3.3666667,
      "lng": 38.4833333
    },
    {
      "cityName": "Kigato",
      "lat": -4.1833333,
      "lng": 39.55
    },
    {
      "cityName": "Kigombero",
      "lat": -4.4833333,
      "lng": 39.35
    },
    {
      "cityName": "Kigombo",
      "lat": -3.3833333,
      "lng": 38.45
    },
    {
      "cityName": "Kijangwani",
      "lat": -3.7833333,
      "lng": 39.8333333
    },
    {
      "cityName": "Kijipoa",
      "lat": -3.8333333,
      "lng": 39.8
    },
    {
      "cityName": "Kijiwetanga",
      "lat": -3.25,
      "lng": 40.0833333
    },
    {
      "cityName": "Kikambala",
      "lat": -3.9,
      "lng": 39.7833333
    },
    {
      "cityName": "Kiko Koni",
      "lat": -2.5191667,
      "lng": 40.4611111
    },
    {
      "cityName": "Kikomani",
      "lat": -2.2666667,
      "lng": 40.9166667
    },
    {
      "cityName": "Kikoneni",
      "lat": -4.45,
      "lng": 39.3
    },
    {
      "cityName": "Kikoni",
      "lat": -2.2333333,
      "lng": 40.8666667
    },
    {
      "cityName": "Kikwezani",
      "lat": -4.6666667,
      "lng": 39.2
    },
    {
      "cityName": "Kilibasi",
      "lat": -3.9666667,
      "lng": 38.95
    },
    {
      "cityName": "Kilifi",
      "lat": -3.6333333,
      "lng": 39.85
    },
    {
      "cityName": "Kililana",
      "lat": -2.2166667,
      "lng": 40.9166667
    },
    {
      "cityName": "Kilole",
      "lat": -4.35,
      "lng": 39.5
    },
    {
      "cityName": "Kilweni",
      "lat": -2.0372222,
      "lng": 41.0266667
    },
    {
      "cityName": "Kimala",
      "lat": -3.4,
      "lng": 37.7
    },
    {
      "cityName": "Kimara Maganga",
      "lat": -2.2166667,
      "lng": 40.9
    },
    {
      "cityName": "Kinagoni",
      "lat": -3.8666667,
      "lng": 39.2333333
    },
    {
      "cityName": "Kinane",
      "lat": -3.7666667,
      "lng": 39.6
    },
    {
      "cityName": "Kinango",
      "lat": -4.1333333,
      "lng": 39.3166667
    },
    {
      "cityName": "Kinarane",
      "lat": -3.7333333,
      "lng": 39.5666667
    },
    {
      "cityName": "Kindunguni",
      "lat": -4.0833333,
      "lng": 39.6333333
    },
    {
      "cityName": "Kinondo",
      "lat": -4.3833333,
      "lng": 39.55
    },
    {
      "cityName": "Kinyadu",
      "lat": -2.0166667,
      "lng": 40.15
    },
    {
      "cityName": "Kiongwe",
      "lat": -2.3977778,
      "lng": 40.7886111
    },
    {
      "cityName": "Kipendi",
      "lat": -1.8,
      "lng": 40.1166667
    },
    {
      "cityName": "Kipevu",
      "lat": -4.0333333,
      "lng": 39.6333333
    },
    {
      "cityName": "Kipini",
      "lat": -2.5227778,
      "lng": 40.5388889
    },
    {
      "cityName": "Kipungani",
      "lat": -2.3,
      "lng": 40.8166667
    },
    {
      "cityName": "Kipusi",
      "lat": -3.45,
      "lng": 38.3833333
    },
    {
      "cityName": "Kirewe",
      "lat": -4.2666667,
      "lng": 39.3
    },
    {
      "cityName": "Kirumbi",
      "lat": -3.75,
      "lng": 39.4666667
    },
    {
      "cityName": "Kirwilu",
      "lat": -3.7833333,
      "lng": 39.8166667
    },
    {
      "cityName": "Kisaoni",
      "lat": -4.0333333,
      "lng": 39.6833333
    },
    {
      "cityName": "Kisimachande",
      "lat": -4.4833333,
      "lng": 39.4833333
    },
    {
      "cityName": "Kisingatani",
      "lat": -2.0666667,
      "lng": 41.15
    },
    {
      "cityName": "Kitere",
      "lat": -1.9569444,
      "lng": 40.1497222
    },
    {
      "cityName": "Kitsantse",
      "lat": -4.1333333,
      "lng": 39.45
    },
    {
      "cityName": "Kituu",
      "lat": -4.0333333,
      "lng": 39.25
    },
    {
      "cityName": "Kiunga",
      "lat": -1.7447222,
      "lng": 41.4986111
    },
    {
      "cityName": "Kiviogo",
      "lat": -4.5,
      "lng": 39.4333333
    },
    {
      "cityName": "Kivukoni",
      "lat": -1.7833333,
      "lng": 40.1166667
    },
    {
      "cityName": "Kiwegu",
      "lat": -4.6333333,
      "lng": 39.2
    },
    {
      "cityName": "Kizurini",
      "lat": -3.8,
      "lng": 39.6166667
    },
    {
      "cityName": "Koito",
      "lat": -3.0166667,
      "lng": 39.1166667
    },
    {
      "cityName": "Kombo Kombo",
      "lat": -1.7666667,
      "lng": 41.0666667
    },
    {
      "cityName": "Kone",
      "lat": -1.5,
      "lng": 40.05
    },
    {
      "cityName": "Koreni",
      "lat": -2.2725,
      "lng": 40.7025
    },
    {
      "cityName": "Korokora",
      "lat": -0.6119444,
      "lng": 39.7938889
    },
    {
      "cityName": "Kowa Gulecha",
      "lat": -2.6833333,
      "lng": 39.7
    },
    {
      "cityName": "Kulelet",
      "lat": -2.0333333,
      "lng": 39.15
    },
    {
      "cityName": "Kulesa",
      "lat": -2.1833333,
      "lng": 40.1666667
    },
    {
      "cityName": "Kumbi",
      "lat": -1.2833333,
      "lng": 40
    },
    {
      "cityName": "Kungu",
      "lat": -3.4166667,
      "lng": 38.35
    },
    {
      "cityName": "Kusitawi",
      "lat": -3.95,
      "lng": 39.5
    },
    {
      "cityName": "Kwa Bwana Keri",
      "lat": -2.1,
      "lng": 40.7666667
    },
    {
      "cityName": "Kwa Dadu",
      "lat": -3.25,
      "lng": 39.6833333
    },
    {
      "cityName": "Kwademu",
      "lat": -3.7,
      "lng": 39.6
    },
    {
      "cityName": "Kwa Jomvu",
      "lat": -4.0166667,
      "lng": 39.6
    },
    {
      "cityName": "Kwale",
      "lat": -4.1833333,
      "lng": 39.45
    },
    {
      "cityName": "Kwa Mkamba",
      "lat": -4.0333333,
      "lng": 39.1333333
    },
    {
      "cityName": "Kwaringoi",
      "lat": -3.8,
      "lng": 38.65
    },
    {
      "cityName": "Laini",
      "lat": -2.5141667,
      "lng": 40.2775
    },
    {
      "cityName": "Laza",
      "lat": -1.5,
      "lng": 40.0333333
    },
    {
      "cityName": "Lazima",
      "lat": -2.1166667,
      "lng": 40.1666667
    },
    {
      "cityName": "Leka",
      "lat": -1.3333333,
      "lng": 39.8333333
    },
    {
      "cityName": "Lenda",
      "lat": -1.5666667,
      "lng": 40.0666667
    },
    {
      "cityName": "Likoni",
      "lat": -4.0833333,
      "lng": 39.65
    },
    {
      "cityName": "Livundoni",
      "lat": -4.4833333,
      "lng": 39.05
    },
    {
      "cityName": "Lughena",
      "lat": -5.0833333,
      "lng": 40.8833333
    },
    {
      "cityName": "Lukongo",
      "lat": -3.8833333,
      "lng": 39.5
    },
    {
      "cityName": "Lunga-Lunga",
      "lat": -4.55,
      "lng": 39.1166667
    },
    {
      "cityName": "Lushangonyi",
      "lat": -3.4,
      "lng": 38.3166667
    },
    {
      "cityName": "Luswani",
      "lat": -3.4666667,
      "lng": 39.55
    },
    {
      "cityName": "Lutsangani",
      "lat": -3.75,
      "lng": 39.7333333
    },
    {
      "cityName": "Mabatani",
      "lat": -4.4833333,
      "lng": 39.45
    },
    {
      "cityName": "Mabogi",
      "lat": -2.0666667,
      "lng": 41.1166667
    },
    {
      "cityName": "Mackinnon Road",
      "lat": -3.7333333,
      "lng": 39.05
    },
    {
      "cityName": "Madabogo",
      "lat": -3.4333333,
      "lng": 38.3833333
    },
    {
      "cityName": "Maduma",
      "lat": -3.5166667,
      "lng": 39.65
    },
    {
      "cityName": "Madungoni",
      "lat": -3.1833333,
      "lng": 39.9833333
    },
    {
      "cityName": "Mafigani",
      "lat": -3.9166667,
      "lng": 39.65
    },
    {
      "cityName": "Magarini",
      "lat": -3.0333333,
      "lng": 40.0666667
    },
    {
      "cityName": "Magongo",
      "lat": -3.85,
      "lng": 39.2333333
    },
    {
      "cityName": "Magumba",
      "lat": -2.0302778,
      "lng": 40.8786111
    },
    {
      "cityName": "Magunda",
      "lat": -4.45,
      "lng": 39.15
    },
    {
      "cityName": "Magutu",
      "lat": -4.3,
      "lng": 39.55
    },
    {
      "cityName": "Mahuruni",
      "lat": -4.5333333,
      "lng": 39.1333333
    },
    {
      "cityName": "Mahuzumia",
      "lat": -2.5166667,
      "lng": 40.3333333
    },
    {
      "cityName": "Majego",
      "lat": -3.4666667,
      "lng": 38.4166667
    },
    {
      "cityName": "Majengo",
      "lat": -1.6833333,
      "lng": 40.1166667
    },
    {
      "cityName": "Maji ya Chumvi",
      "lat": -3.7833333,
      "lng": 39.3666667
    },
    {
      "cityName": "Majongoni",
      "lat": -2.1333333,
      "lng": 41.0833333
    },
    {
      "cityName": "Majoreni",
      "lat": -4.5666667,
      "lng": 39.2833333
    },
    {
      "cityName": "Makalanga",
      "lat": -4.4333333,
      "lng": 39.1166667
    },
    {
      "cityName": "Makamini",
      "lat": -3.9833333,
      "lng": 39.2333333
    },
    {
      "cityName": "Makere",
      "lat": -1.3486111,
      "lng": 40.0052778
    },
    {
      "cityName": "Makere ya Gwano",
      "lat": -1.8666667,
      "lng": 40.1333333
    },
    {
      "cityName": "Makinyambu",
      "lat": -3.3166667,
      "lng": 38.3
    },
    {
      "cityName": "Makobeni",
      "lat": -3.8666667,
      "lng": 39.6333333
    },
    {
      "cityName": "Makondeni",
      "lat": -4.15,
      "lng": 39.5833333
    },
    {
      "cityName": "Makongani",
      "lat": -3.4333333,
      "lng": 39.6
    },
    {
      "cityName": "Makowe",
      "lat": -2.2311111,
      "lng": 40.8586111
    },
    {
      "cityName": "Maktau",
      "lat": -3.4,
      "lng": 38.1333333
    },
    {
      "cityName": "Makumbwani",
      "lat": -3.7833333,
      "lng": 39.5833333
    },
    {
      "cityName": "Makwara",
      "lat": -3.65,
      "lng": 39.5
    },
    {
      "cityName": "Malamba",
      "lat": -3.85,
      "lng": 39.5666667
    },
    {
      "cityName": "Malandoni",
      "lat": -2.2777778,
      "lng": 40.8547222
    },
    {
      "cityName": "Maledi",
      "lat": -4.45,
      "lng": 39.1333333
    },
    {
      "cityName": "Malibati",
      "lat": -1.3,
      "lng": 40
    },
    {
      "cityName": "Malindi",
      "lat": -3.2166667,
      "lng": 40.1166667
    },
    {
      "cityName": "Mambore",
      "lat": -1.8086111,
      "lng": 41.4275
    },
    {
      "cityName": "Mambosasa",
      "lat": -2.3833333,
      "lng": 40.5333333
    },
    {
      "cityName": "Mambrui",
      "lat": -3.1166667,
      "lng": 40.15
    },
    {
      "cityName": "Manamare",
      "lat": -3.8,
      "lng": 39.5333333
    },
    {
      "cityName": "Mandeni",
      "lat": -2.4333333,
      "lng": 40.5333333
    },
    {
      "cityName": "Mangai",
      "lat": -1.75,
      "lng": 41.1666667
    },
    {
      "cityName": "Manyeso",
      "lat": -2.9880556,
      "lng": 39.7838889
    },
    {
      "cityName": "Mapenya",
      "lat": -2.35,
      "lng": 40.7
    },
    {
      "cityName": "Mapfanga",
      "lat": -4.1666667,
      "lng": 39.1333333
    },
    {
      "cityName": "Mapotea",
      "lat": -3.3833333,
      "lng": 39.45
    },
    {
      "cityName": "Marafa",
      "lat": -3.0333333,
      "lng": 39.95
    },
    {
      "cityName": "Maranu",
      "lat": -3.3833333,
      "lng": 37.7
    },
    {
      "cityName": "Mararani",
      "lat": -1.71,
      "lng": 41.3105556
    },
    {
      "cityName": "Mararui",
      "lat": -1.9333333,
      "lng": 41.3
    },
    {
      "cityName": "Marereni",
      "lat": -2.8691667,
      "lng": 40.1455556
    },
    {
      "cityName": "Mariakani",
      "lat": -3.8666667,
      "lng": 39.4666667
    },
    {
      "cityName": "Marigiza",
      "lat": -4.45,
      "lng": 39.4666667
    },
    {
      "cityName": "Marikebuni",
      "lat": -3.0833333,
      "lng": 40.1166667
    },
    {
      "cityName": "Mariwenyi",
      "lat": -3.4333333,
      "lng": 38.5166667
    },
    {
      "cityName": "Marongo",
      "lat": -4.6166667,
      "lng": 39.2
    },
    {
      "cityName": "Maroni",
      "lat": -1.85,
      "lng": 40.1
    },
    {
      "cityName": "Maruvesa",
      "lat": -3.6666667,
      "lng": 39.2666667
    },
    {
      "cityName": "Masabubu",
      "lat": -1.2130556,
      "lng": 40.0175
    },
    {
      "cityName": "Masalani",
      "lat": -1.7138889,
      "lng": 40.1288889
    },
    {
      "cityName": "Masanga",
      "lat": -2.25,
      "lng": 40.6833333
    },
    {
      "cityName": "Mashanda",
      "lat": -3.5,
      "lng": 38.5833333
    },
    {
      "cityName": "Mashimdwani",
      "lat": -2.2,
      "lng": 40.8833333
    },
    {
      "cityName": "Matapani",
      "lat": -2.4738889,
      "lng": 40.4930556
    },
    {
      "cityName": "Matironi",
      "lat": -1.95,
      "lng": 41.3
    },
    {
      "cityName": "Matolani",
      "lat": -3.6666667,
      "lng": 39.4666667
    },
    {
      "cityName": "Matsangoni",
      "lat": -3.4,
      "lng": 39.9333333
    },
    {
      "cityName": "Matsavini",
      "lat": -3.6833333,
      "lng": 39.4666667
    },
    {
      "cityName": "Matuga",
      "lat": -4.1666667,
      "lng": 39.5666667
    },
    {
      "cityName": "Matumbi",
      "lat": -3.9666667,
      "lng": 39.3833333
    },
    {
      "cityName": "Maweu",
      "lat": -3.9333333,
      "lng": 39.4666667
    },
    {
      "cityName": "Mazeras",
      "lat": -3.9666667,
      "lng": 39.55
    },
    {
      "cityName": "Mazijini",
      "lat": -2.9675,
      "lng": 40.0011111
    },
    {
      "cityName": "Maziwa Matatu",
      "lat": -2.3333333,
      "lng": 40.65
    },
    {
      "cityName": "Mazola",
      "lat": -4.0833333,
      "lng": 39.3166667
    },
    {
      "cityName": "Mazuni",
      "lat": -1.6333333,
      "lng": 40.1
    },
    {
      "cityName": "Mbale",
      "lat": -3.4,
      "lng": 38.3833333
    },
    {
      "cityName": "Mbaoni",
      "lat": -3.15,
      "lng": 40.0166667
    },
    {
      "cityName": "Mbauro",
      "lat": -3.4166667,
      "lng": 38.3666667
    },
    {
      "cityName": "Mbegani",
      "lat": -4.35,
      "lng": 39.1833333
    },
    {
      "cityName": "Mbongo",
      "lat": -3.6666667,
      "lng": 39.45
    },
    {
      "cityName": "Mbuji",
      "lat": -4.45,
      "lng": 39.1
    },
    {
      "cityName": "Mbuyuni",
      "lat": -3.15,
      "lng": 39.8833333
    },
    {
      "cityName": "Mdundonyi",
      "lat": -3.3833333,
      "lng": 38.3166667
    },
    {
      "cityName": "Mdzimure",
      "lat": -3.7333333,
      "lng": 39.4833333
    },
    {
      "cityName": "Meda",
      "lat": -3.3166667,
      "lng": 39.9666667
    },
    {
      "cityName": "Mere",
      "lat": -3.2166667,
      "lng": 40.0333333
    },
    {
      "cityName": "Mgamboni",
      "lat": -3.5833333,
      "lng": 39.4
    },
    {
      "cityName": "Mgambonyi",
      "lat": -3.3333333,
      "lng": 38.3666667
    },
    {
      "cityName": "Midoina",
      "lat": -3.55,
      "lng": 39.3166667
    },
    {
      "cityName": "Mienzeni",
      "lat": -4.0166667,
      "lng": 39.4833333
    },
    {
      "cityName": "Mikinduni",
      "lat": -1.5333333,
      "lng": 40.05
    },
    {
      "cityName": "Mikuani",
      "lat": -4.3666667,
      "lng": 39.1666667
    },
    {
      "cityName": "Milalani",
      "lat": -4.4666667,
      "lng": 39.45
    },
    {
      "cityName": "Milimani",
      "lat": -1.7758333,
      "lng": 40.8375
    },
    {
      "cityName": "Milinga",
      "lat": -2.2833333,
      "lng": 40.9666667
    },
    {
      "cityName": "Minjila",
      "lat": -2.3227778,
      "lng": 40.1302778
    },
    {
      "cityName": "Mirarani",
      "lat": -3.9833333,
      "lng": 39.65
    },
    {
      "cityName": "Mirihini",
      "lat": -4,
      "lng": 39.5666667
    },
    {
      "cityName": "Misaroni",
      "lat": -4.0666667,
      "lng": 39.1
    },
    {
      "cityName": "Mitsolokanani",
      "lat": -3.9666667,
      "lng": 39.6333333
    },
    {
      "cityName": "Mkokoni",
      "lat": -1.9666667,
      "lng": 41.3
    },
    {
      "cityName": "Mkomaniboi",
      "lat": -1.6166667,
      "lng": 40.1
    },
    {
      "cityName": "Mkomba",
      "lat": -4.3,
      "lng": 39.2666667
    },
    {
      "cityName": "Mkondo wa Simiti",
      "lat": -2.9833333,
      "lng": 40.1333333
    },
    {
      "cityName": "Mkongani",
      "lat": -3.6833333,
      "lng": 39.8
    },
    {
      "cityName": "Mkonumbia",
      "lat": -2.3122222,
      "lng": 40.7011111
    },
    {
      "cityName": "Mkuluni",
      "lat": -3.7333333,
      "lng": 39.4166667
    },
    {
      "cityName": "Mkunguni",
      "lat": -4.0666667,
      "lng": 39.6166667
    },
    {
      "cityName": "Mkwiro",
      "lat": -4.6666667,
      "lng": 39.4
    },
    {
      "cityName": "Mlegwa",
      "lat": -3.4833333,
      "lng": 38.3166667
    },
    {
      "cityName": "Mlimani",
      "lat": -3.35,
      "lng": 39.55
    },
    {
      "cityName": "Mnazi Moja",
      "lat": -3.6833333,
      "lng": 39.4833333
    },
    {
      "cityName": "Mnazinia",
      "lat": -1.9791667,
      "lng": 40.1469444
    },
    {
      "cityName": "Mnyenzeni",
      "lat": -3.7833333,
      "lng": 39.4833333
    },
    {
      "cityName": "Mombasa",
      "lat": -4.05,
      "lng": 39.6666667
    },
    {
      "cityName": "Mrangi",
      "lat": -3.3,
      "lng": 38.45
    },
    {
      "cityName": "Mrugua",
      "lat": -3.4333333,
      "lng": 38.3
    },
    {
      "cityName": "Msabaha",
      "lat": -3.2666667,
      "lng": 40.05
    },
    {
      "cityName": "Msambweni",
      "lat": -4.4666667,
      "lng": 39.4833333
    },
    {
      "cityName": "Msangatifu",
      "lat": -3.9166667,
      "lng": 39.4666667
    },
    {
      "cityName": "Msau",
      "lat": -3.4166667,
      "lng": 38.4
    },
    {
      "cityName": "Msomarini",
      "lat": -2.1,
      "lng": 40.7833333
    },
    {
      "cityName": "Msuakini",
      "lat": -2.43,
      "lng": 40.7119444
    },
    {
      "cityName": "Mtaa",
      "lat": -4,
      "lng": 39.3333333
    },
    {
      "cityName": "Mteza",
      "lat": -4.4333333,
      "lng": 39.1
    },
    {
      "cityName": "Mtongwe",
      "lat": -4.0666667,
      "lng": 39.6333333
    },
    {
      "cityName": "Mto Panga",
      "lat": -4,
      "lng": 39.7
    },
    {
      "cityName": "Mtungi",
      "lat": -3.4666667,
      "lng": 38.3833333
    },
    {
      "cityName": "Mudomo",
      "lat": -3.9,
      "lng": 39.2333333
    },
    {
      "cityName": "Mugome",
      "lat": -4.4,
      "lng": 39.1833333
    },
    {
      "cityName": "Muhaka Mbavu",
      "lat": -4.3333333,
      "lng": 39.5
    },
    {
      "cityName": "Mukunguni",
      "lat": -3.1333333,
      "lng": 40.0333333
    },
    {
      "cityName": "Muliloni",
      "lat": -4.1333333,
      "lng": 39.0833333
    },
    {
      "cityName": "Mulunguni",
      "lat": -2.8,
      "lng": 40
    },
    {
      "cityName": "Munge",
      "lat": -4.5166667,
      "lng": 39.45
    },
    {
      "cityName": "Munguvini",
      "lat": -2.0238889,
      "lng": 40.1616667
    },
    {
      "cityName": "Muritu",
      "lat": -2.9833333,
      "lng": 39.7666667
    },
    {
      "cityName": "Murka",
      "lat": -3.3666667,
      "lng": 37.9333333
    },
    {
      "cityName": "Mutuli",
      "lat": -3.55,
      "lng": 39.5
    },
    {
      "cityName": "Mvindeni",
      "lat": -1.9166667,
      "lng": 41.3333333
    },
    {
      "cityName": "Mvuleni",
      "lat": -4.3333333,
      "lng": 39.4833333
    },
    {
      "cityName": "Mwabani",
      "lat": -3.7166667,
      "lng": 39.4666667
    },
    {
      "cityName": "Mwabaya Nyundo",
      "lat": -3.8166667,
      "lng": 39.6
    },
    {
      "cityName": "Mwabila",
      "lat": -4.2833333,
      "lng": 39.4833333
    },
    {
      "cityName": "Mwachirunge Bomu",
      "lat": -3.9333333,
      "lng": 39.65
    },
    {
      "cityName": "Mwachirunge",
      "lat": -3.95,
      "lng": 39.6666667
    },
    {
      "cityName": "Mwachirunje ya Pwani",
      "lat": -3.95,
      "lng": 39.65
    },
    {
      "cityName": "Mwaga",
      "lat": -3.2333333,
      "lng": 39.7
    },
    {
      "cityName": "Mwaketutu",
      "lat": -3.4833333,
      "lng": 38.3666667
    },
    {
      "cityName": "Mwakinyungu",
      "lat": -3.4166667,
      "lng": 38.4166667
    },
    {
      "cityName": "Mwakunde",
      "lat": -3.9166667,
      "lng": 39.6166667
    },
    {
      "cityName": "Mwalili",
      "lat": -3.5166667,
      "lng": 39.6833333
    },
    {
      "cityName": "Mwaluvanga",
      "lat": -4.4166667,
      "lng": 39.35
    },
    {
      "cityName": "Mwambiri",
      "lat": -3.1,
      "lng": 39.8
    },
    {
      "cityName": "Mwamkuchi",
      "lat": -4.3833333,
      "lng": 39.15
    },
    {
      "cityName": "Mwanachini",
      "lat": -4.4166667,
      "lng": 39.1833333
    },
    {
      "cityName": "Mwana Mwinga",
      "lat": -3.75,
      "lng": 39.55
    },
    {
      "cityName": "Mwanathamba",
      "lat": -2.4333333,
      "lng": 40.2
    },
    {
      "cityName": "Mwanda",
      "lat": -3.4166667,
      "lng": 38.2666667
    },
    {
      "cityName": "Mwandimu",
      "lat": -4.1666667,
      "lng": 39.0166667
    },
    {
      "cityName": "Mwandoni",
      "lat": -3.8666667,
      "lng": 39.2833333
    },
    {
      "cityName": "Mwangoni",
      "lat": -4.05,
      "lng": 39.2
    },
    {
      "cityName": "Mwangulu",
      "lat": -4.4166667,
      "lng": 39.1333333
    },
    {
      "cityName": "Mwanyora",
      "lat": -4.5666667,
      "lng": 39.1
    },
    {
      "cityName": "Mwarakaya",
      "lat": -3.8,
      "lng": 39.7
    },
    {
      "cityName": "Mwarungu",
      "lat": -3.3666667,
      "lng": 38.35
    },
    {
      "cityName": "Mwatate",
      "lat": -3.5,
      "lng": 38.3833333
    },
    {
      "cityName": "Mwazare",
      "lat": -4.45,
      "lng": 39.3333333
    },
    {
      "cityName": "Mwazi",
      "lat": -1.9,
      "lng": 41.2166667
    },
    {
      "cityName": "Mweza",
      "lat": -3.6833333,
      "lng": 39.4
    },
    {
      "cityName": "Mwogahendi",
      "lat": -1.4269444,
      "lng": 40.0247222
    },
    {
      "cityName": "Nanigi East",
      "lat": -0.8536111,
      "lng": 39.8775
    },
    {
      "cityName": "Nanigi West",
      "lat": -0.8583333,
      "lng": 39.8455556
    },
    {
      "cityName": "Nasibu",
      "lat": -3.4833333,
      "lng": 39.6833333
    },
    {
      "cityName": "Ndambwe",
      "lat": -2.3166667,
      "lng": 40.7166667
    },
    {
      "cityName": "Ndau",
      "lat": -2,
      "lng": 41.2166667
    },
    {
      "cityName": "Ndavaya",
      "lat": -4.25,
      "lng": 39.1666667
    },
    {
      "cityName": "Ndile",
      "lat": -3.3333333,
      "lng": 38.4833333
    },
    {
      "cityName": "Ndome",
      "lat": -3.3,
      "lng": 38.4833333
    },
    {
      "cityName": "Ngambinyi",
      "lat": -3.4166667,
      "lng": 38.3333333
    },
    {
      "cityName": "Nganja",
      "lat": -4.4666667,
      "lng": 39.4666667
    },
    {
      "cityName": "Ngao",
      "lat": -2.4216667,
      "lng": 40.2091667
    },
    {
      "cityName": "Nghonji",
      "lat": -3.45,
      "lng": 37.7333333
    },
    {
      "cityName": "Nginda",
      "lat": -2.0666667,
      "lng": 40.6666667
    },
    {
      "cityName": "Ngindo",
      "lat": -3.9333333,
      "lng": 39.6333333
    },
    {
      "cityName": "Ngombani",
      "lat": -4.3833333,
      "lng": 39.1166667
    },
    {
      "cityName": "Ngombeni",
      "lat": -4.1333333,
      "lng": 39.6166667
    },
    {
      "cityName": "Ngomeni",
      "lat": -3.0033333,
      "lng": 40.1911111
    },
    {
      "cityName": "Nguruweni",
      "lat": -4.4666667,
      "lng": 39.4166667
    },
    {
      "cityName": "Ngwaru",
      "lat": -4.45,
      "lng": 39.35
    },
    {
      "cityName": "Ngwena",
      "lat": -1.45,
      "lng": 40.0333333
    },
    {
      "cityName": "Njele",
      "lat": -4.3166667,
      "lng": 39.4666667
    },
    {
      "cityName": "Nunguni",
      "lat": -3.95,
      "lng": 39.4666667
    },
    {
      "cityName": "Nyalani",
      "lat": -4.1,
      "lng": 39.1166667
    },
    {
      "cityName": "Nyali",
      "lat": -4.05,
      "lng": 39.7
    },
    {
      "cityName": "Nyangore",
      "lat": -2.3277778,
      "lng": 40.3472222
    },
    {
      "cityName": "Nyangwani",
      "lat": -1.25,
      "lng": 40.0166667
    },
    {
      "cityName": "Nyika",
      "lat": -3.8833333,
      "lng": 39.2166667
    },
    {
      "cityName": "Obo",
      "lat": -1.35,
      "lng": 40
    },
    {
      "cityName": "Oda",
      "lat": -2.4838889,
      "lng": 40.2075
    },
    {
      "cityName": "Orbu",
      "lat": -0.6569444,
      "lng": 39.7802778
    },
    {
      "cityName": "Oseni",
      "lat": -1.9627778,
      "lng": 41.3075
    },
    {
      "cityName": "Pandanguo",
      "lat": -2.2202778,
      "lng": 40.5027778
    },
    {
      "cityName": "Pangani",
      "lat": -2.3666667,
      "lng": 40.5705556
    },
    {
      "cityName": "Pangayambo",
      "lat": -3.8,
      "lng": 39.55
    },
    {
      "cityName": "Pate",
      "lat": -2.1411111,
      "lng": 41.0116667
    },
    {
      "cityName": "Pemba",
      "lat": -3.95,
      "lng": 39.4333333
    },
    {
      "cityName": "Penda Kula",
      "lat": -3.3833333,
      "lng": 39.9333333
    },
    {
      "cityName": "Pendeza",
      "lat": -1.4833333,
      "lng": 40.0333333
    },
    {
      "cityName": "Pingilikani",
      "lat": -3.7833333,
      "lng": 39.7833333
    },
    {
      "cityName": "Pongwe",
      "lat": -4.55,
      "lng": 39.35
    },
    {
      "cityName": "Pumwani",
      "lat": -1.2,
      "lng": 39.9833333
    },
    {
      "cityName": "Ramada",
      "lat": -2.8980556,
      "lng": 40.035
    },
    {
      "cityName": "Ramisi",
      "lat": -4.5333333,
      "lng": 39.3833333
    },
    {
      "cityName": "Rhoka",
      "lat": -1.2788889,
      "lng": 39.9913889
    },
    {
      "cityName": "Ria Kalui",
      "lat": -3.95,
      "lng": 39.2333333
    },
    {
      "cityName": "Ribe Mission",
      "lat": -3.8833333,
      "lng": 39.6333333
    },
    {
      "cityName": "Rubu",
      "lat": -1.8783333,
      "lng": 41.3830556
    },
    {
      "cityName": "Rukanga",
      "lat": -3.8166667,
      "lng": 38.6333333
    },
    {
      "cityName": "Saadani",
      "lat": -1.95,
      "lng": 41.1333333
    },
    {
      "cityName": "Sadani",
      "lat": -4.4333333,
      "lng": 39.3166667
    },
    {
      "cityName": "Safarisi",
      "lat": -2.2,
      "lng": 40.8
    },
    {
      "cityName": "Sagala",
      "lat": -3.5166667,
      "lng": 38.5666667
    },
    {
      "cityName": "Sailoni",
      "lat": -2.15,
      "lng": 40.1833333
    },
    {
      "cityName": "Saka",
      "lat": -0.1402778,
      "lng": 39.3461111
    },
    {
      "cityName": "Samburu",
      "lat": -3.7666667,
      "lng": 39.2833333
    },
    {
      "cityName": "Samicha",
      "lat": -2.5166667,
      "lng": 40.3166667
    },
    {
      "cityName": "Samikaro",
      "lat": -2.5166667,
      "lng": 40.2833333
    },
    {
      "cityName": "Sarbuye",
      "lat": -2.1833333,
      "lng": 39.9
    },
    {
      "cityName": "Secho",
      "lat": -3.5,
      "lng": 38.3333333
    },
    {
      "cityName": "Selaloni",
      "lat": -3.6166667,
      "lng": 39.2833333
    },
    {
      "cityName": "Semandaro",
      "lat": -2.1833333,
      "lng": 40.8833333
    },
    {
      "cityName": "Sendeni",
      "lat": -1.8833333,
      "lng": 41.3666667
    },
    {
      "cityName": "Shakadula",
      "lat": -3.0666667,
      "lng": 39.8666667
    },
    {
      "cityName": "Shámanzi",
      "lat": -4.05,
      "lng": 39.6333333
    },
    {
      "cityName": "Shambini",
      "lat": -4.05,
      "lng": 39.1666667
    },
    {
      "cityName": "Shambweni",
      "lat": -3.4,
      "lng": 39.6166667
    },
    {
      "cityName": "Shanzu",
      "lat": -3.9666667,
      "lng": 39.75
    },
    {
      "cityName": "Shauri Moya",
      "lat": -3.0166667,
      "lng": 40.0333333
    },
    {
      "cityName": "Shela",
      "lat": -2.2975,
      "lng": 40.9161111
    },
    {
      "cityName": "Shelemba",
      "lat": -3.4333333,
      "lng": 38.4666667
    },
    {
      "cityName": "Shigaro",
      "lat": -3.4,
      "lng": 38.3666667
    },
    {
      "cityName": "Shimo la Tewa",
      "lat": -3.95,
      "lng": 39.7333333
    },
    {
      "cityName": "Shimoni",
      "lat": -4.65,
      "lng": 39.3833333
    },
    {
      "cityName": "Shirazi",
      "lat": -4.5333333,
      "lng": 39.4166667
    },
    {
      "cityName": "Sinoia",
      "lat": -3.1666667,
      "lng": 40.1
    },
    {
      "cityName": "Siyu",
      "lat": -2.1141667,
      "lng": 41.0688889
    },
    {
      "cityName": "Sokoke",
      "lat": -3.5333333,
      "lng": 39.8166667
    },
    {
      "cityName": "Sumai",
      "lat": -1.5333333,
      "lng": 39.3166667
    },
    {
      "cityName": "Sungululu",
      "lat": -3.3833333,
      "lng": 38.3666667
    },
    {
      "cityName": "Takaungu",
      "lat": -3.6833333,
      "lng": 39.85
    },
    {
      "cityName": "Talio",
      "lat": -3.5333333,
      "lng": 38.5833333
    },
    {
      "cityName": "Taru",
      "lat": -3.7333333,
      "lng": 39.15
    },
    {
      "cityName": "Taveta",
      "lat": -3.4,
      "lng": 37.6833333
    },
    {
      "cityName": "Teso",
      "lat": -1.3,
      "lng": 39.6666667
    },
    {
      "cityName": "Tezo",
      "lat": -3.5333333,
      "lng": 39.85
    },
    {
      "cityName": "Thuva",
      "lat": -3.5833333,
      "lng": 39.7
    },
    {
      "cityName": "Timbila",
      "lat": -3.3666667,
      "lng": 37.7
    },
    {
      "cityName": "Tindini",
      "lat": -3.65,
      "lng": 39.4666667
    },
    {
      "cityName": "Tiribe",
      "lat": -4.3166667,
      "lng": 39.25
    },
    {
      "cityName": "Titila",
      "lat": -1.5333333,
      "lng": 39.2166667
    },
    {
      "cityName": "Tiwi",
      "lat": -4.2333333,
      "lng": 39.5833333
    },
    {
      "cityName": "Tsangalaweni",
      "lat": -3.5166667,
      "lng": 39.7
    },
    {
      "cityName": "Tsangatsini",
      "lat": -3.7166667,
      "lng": 39.45
    },
    {
      "cityName": "Tsavo Station",
      "lat": -2.9833333,
      "lng": 38.4666667
    },
    {
      "cityName": "Tsunguni",
      "lat": -3.8166667,
      "lng": 39.6666667
    },
    {
      "cityName": "Tula",
      "lat": -0.8333333,
      "lng": 39.705
    },
    {
      "cityName": "Tulu",
      "lat": -2.2666667,
      "lng": 40.1
    },
    {
      "cityName": "Ukunda",
      "lat": -4.2833333,
      "lng": 39.5666667
    },
    {
      "cityName": "Ushingo",
      "lat": -2.7666667,
      "lng": 39.6666667
    },
    {
      "cityName": "Utange",
      "lat": -3.9666667,
      "lng": 39.7166667
    },
    {
      "cityName": "Uyombo",
      "lat": -3.3833333,
      "lng": 39.95
    },
    {
      "cityName": "Vikinduni",
      "lat": -4.25,
      "lng": 39.15
    },
    {
      "cityName": "Vinagoni",
      "lat": -3.7,
      "lng": 39.5333333
    },
    {
      "cityName": "Vinuni",
      "lat": -4.1833333,
      "lng": 39.5333333
    },
    {
      "cityName": "Vipingoni",
      "lat": -3.8166667,
      "lng": 39.8
    },
    {
      "cityName": "Vitengeni",
      "lat": -3.3666667,
      "lng": 39.7166667
    },
    {
      "cityName": "Vivini",
      "lat": -4.4666667,
      "lng": 39.35
    },
    {
      "cityName": "Voi",
      "lat": -3.3833333,
      "lng": 38.5666667
    },
    {
      "cityName": "Vuga",
      "lat": -4.1833333,
      "lng": 39.5
    },
    {
      "cityName": "Wachakone",
      "lat": -1.4333333,
      "lng": 40.0166667
    },
    {
      "cityName": "Wagu",
      "lat": -1.5333333,
      "lng": 39.5833333
    },
    {
      "cityName": "Walu",
      "lat": -1.7,
      "lng": 40.1333333
    },
    {
      "cityName": "Wama",
      "lat": -2.1808333,
      "lng": 40.1930556
    },
    {
      "cityName": "Wange",
      "lat": -2,
      "lng": 40.9166667
    },
    {
      "cityName": "Waresa",
      "lat": -2.7722222,
      "lng": 40.0025
    },
    {
      "cityName": "Wasini",
      "lat": -4.6666667,
      "lng": 39.3666667
    },
    {
      "cityName": "Watamu",
      "lat": -3.35,
      "lng": 40.0166667
    },
    {
      "cityName": "Wenje",
      "lat": -1.7891667,
      "lng": 40.1086111
    },
    {
      "cityName": "Weruga",
      "lat": -3.3833333,
      "lng": 38.3333333
    },
    {
      "cityName": "Wesu",
      "lat": -3.4,
      "lng": 38.35
    },
    {
      "cityName": "Witu",
      "lat": -2.3905556,
      "lng": 40.4530556
    },
    {
      "cityName": "Wmingo",
      "lat": -3.3666667,
      "lng": 38.3333333
    },
    {
      "cityName": "Wongonyi",
      "lat": -3.3166667,
      "lng": 38.4333333
    },
    {
      "cityName": "Yaka",
      "lat": -1.55,
      "lng": 39.3833333
    },
    {
      "cityName": "Yedi",
      "lat": -1.0333333,
      "lng": 39.8833333
    },
    {
      "cityName": "Zare",
      "lat": -3.5,
      "lng": 38.3166667
    },
    {
      "cityName": "Ziwani",
      "lat": -3.3833333,
      "lng": 37.7833333
    }
  ]
}