{
  "name": "Unnamed region 02",
  "cities": [
    {
      "cityName": "Abadogo",
      "lat": 7.5166667,
      "lng": 11.3166667
    },
    {
      "cityName": "Abago",
      "lat": 7.3333333,
      "lng": 10.2333333
    },
    {
      "cityName": "Abako",
      "lat": 7.6333333,
      "lng": 9.9
    },
    {
      "cityName": "Abaku",
      "lat": 7.8166667,
      "lng": 11.2833333
    },
    {
      "cityName": "Abakum",
      "lat": 7.7166667,
      "lng": 11.0166667
    },
    {
      "cityName": "Abashishir",
      "lat": 7.65,
      "lng": 11.1
    },
    {
      "cityName": "Aboday",
      "lat": 7.8,
      "lng": 11.3166667
    },
    {
      "cityName": "Aboe",
      "lat": 6.85,
      "lng": 10.8666667
    },
    {
      "cityName": "Aboki",
      "lat": 7.3166667,
      "lng": 10.1833333
    },
    {
      "cityName": "Abokpa",
      "lat": 7.6,
      "lng": 10.05
    },
    {
      "cityName": "Abong",
      "lat": 6.9833333,
      "lng": 10.7333333
    },
    {
      "cityName": "Abong Yeri",
      "lat": 6.9666667,
      "lng": 10.7833333
    },
    {
      "cityName": "Abonu",
      "lat": 8.3,
      "lng": 11.05
    },
    {
      "cityName": "Aboshin",
      "lat": 7.6166667,
      "lng": 10.1666667
    },
    {
      "cityName": "Acha",
      "lat": 7.05,
      "lng": 9.95
    },
    {
      "cityName": "Achifa",
      "lat": 7.0333333,
      "lng": 10.1166667
    },
    {
      "cityName": "Achifeten",
      "lat": 7.35,
      "lng": 10.55
    },
    {
      "cityName": "Achilo",
      "lat": 7.0333333,
      "lng": 10.0333333
    },
    {
      "cityName": "Achuna",
      "lat": 7.4833333,
      "lng": 10.1
    },
    {
      "cityName": "Adagba",
      "lat": 7.4166667,
      "lng": 10.05
    },
    {
      "cityName": "Adagore",
      "lat": 7.6833333,
      "lng": 11.5833333
    },
    {
      "cityName": "Adaji",
      "lat": 7.1666667,
      "lng": 10.6833333
    },
    {
      "cityName": "Adama",
      "lat": 7.3666667,
      "lng": 10.4333333
    },
    {
      "cityName": "Adamu",
      "lat": 7.0666667,
      "lng": 10.1666667
    },
    {
      "cityName": "Adamu Jimi",
      "lat": 8.1,
      "lng": 11.9833333
    },
    {
      "cityName": "Adi",
      "lat": 7.3333333,
      "lng": 10.5166667
    },
    {
      "cityName": "Adigi",
      "lat": 7.45,
      "lng": 10.0666667
    },
    {
      "cityName": "Adobe",
      "lat": 7.0666667,
      "lng": 10.7666667
    },
    {
      "cityName": "Adogo",
      "lat": 8.45,
      "lng": 10.0166667
    },
    {
      "cityName": "Adogon",
      "lat": 7.4166667,
      "lng": 10.1
    },
    {
      "cityName": "Adugu",
      "lat": 7.7833333,
      "lng": 10.2166667
    },
    {
      "cityName": "Afo",
      "lat": 7.0333333,
      "lng": 10.8666667
    },
    {
      "cityName": "Agabi",
      "lat": 7.6166667,
      "lng": 10.15
    },
    {
      "cityName": "Agame",
      "lat": 7.85,
      "lng": 10.0166667
    },
    {
      "cityName": "Agbede",
      "lat": 7.6,
      "lng": 10.0666667
    },
    {
      "cityName": "Agbemda",
      "lat": 7.6,
      "lng": 10.0166667
    },
    {
      "cityName": "Agbugbu",
      "lat": 7.1666667,
      "lng": 10.1666667
    },
    {
      "cityName": "Agema",
      "lat": 7.4166667,
      "lng": 10.0333333
    },
    {
      "cityName": "Agera",
      "lat": 7.4833333,
      "lng": 10.1333333
    },
    {
      "cityName": "Ago",
      "lat": 7.3666667,
      "lng": 10.5166667
    },
    {
      "cityName": "Agudu",
      "lat": 7.4833333,
      "lng": 10.6666667
    },
    {
      "cityName": "Agwa",
      "lat": 7.4166667,
      "lng": 10.55
    },
    {
      "cityName": "Ahenda",
      "lat": 7.35,
      "lng": 10.2333333
    },
    {
      "cityName": "Ahua",
      "lat": 7.4333333,
      "lng": 10.25
    },
    {
      "cityName": "Ajetola",
      "lat": 7.85,
      "lng": 10
    },
    {
      "cityName": "Akabu",
      "lat": 7,
      "lng": 10.85
    },
    {
      "cityName": "Aketi",
      "lat": 7.7166667,
      "lng": 10.0166667
    },
    {
      "cityName": "Akia",
      "lat": 7.1,
      "lng": 10.85
    },
    {
      "cityName": "Akoforo",
      "lat": 6.9666667,
      "lng": 10.9
    },
    {
      "cityName": "Akonko",
      "lat": 6.9833333,
      "lng": 10.8333333
    },
    {
      "cityName": "Akonkwe",
      "lat": 7.0166667,
      "lng": 10.8333333
    },
    {
      "cityName": "Akonto",
      "lat": 7.0333333,
      "lng": 10.85
    },
    {
      "cityName": "Akpela",
      "lat": 7.4333333,
      "lng": 10.0166667
    },
    {
      "cityName": "Akpo",
      "lat": 7.0833333,
      "lng": 10.5333333
    },
    {
      "cityName": "Akume",
      "lat": 7.6833333,
      "lng": 10.1166667
    },
    {
      "cityName": "Akwangi",
      "lat": 7.15,
      "lng": 10.85
    },
    {
      "cityName": "Alabar",
      "lat": 7.5333333,
      "lng": 10.0166667
    },
    {
      "cityName": "Ali",
      "lat": 7.3333333,
      "lng": 10.5833333
    },
    {
      "cityName": "Aligbo",
      "lat": 7.5166667,
      "lng": 10.0666667
    },
    {
      "cityName": "Amadu",
      "lat": 8.2,
      "lng": 12
    },
    {
      "cityName": "Amale",
      "lat": 7.3,
      "lng": 10.9
    },
    {
      "cityName": "Amba",
      "lat": 6.7833333,
      "lng": 10.9166667
    },
    {
      "cityName": "Ambora",
      "lat": 7.3666667,
      "lng": 10.8666667
    },
    {
      "cityName": "Amburu",
      "lat": 7.15,
      "lng": 10.8166667
    },
    {
      "cityName": "Ambwe",
      "lat": 7.1166667,
      "lng": 10.7333333
    },
    {
      "cityName": "Aminu",
      "lat": 7.65,
      "lng": 11.0333333
    },
    {
      "cityName": "Ananum",
      "lat": 7.65,
      "lng": 10.2166667
    },
    {
      "cityName": "Andaforo",
      "lat": 7.2333333,
      "lng": 10.7666667
    },
    {
      "cityName": "Ande",
      "lat": 7.3833333,
      "lng": 10.0666667
    },
    {
      "cityName": "Andebe",
      "lat": 7.1166667,
      "lng": 10.1666667
    },
    {
      "cityName": "Ange",
      "lat": 7.4,
      "lng": 10
    },
    {
      "cityName": "Angwe",
      "lat": 7.0333333,
      "lng": 10.9166667
    },
    {
      "cityName": "Anhwange",
      "lat": 7.35,
      "lng": 10.0666667
    },
    {
      "cityName": "Antere",
      "lat": 6.7333333,
      "lng": 11.0166667
    },
    {
      "cityName": "Anwen",
      "lat": 7.35,
      "lng": 10.0333333
    },
    {
      "cityName": "Anza",
      "lat": 7.6666667,
      "lng": 10.1666667
    },
    {
      "cityName": "Anzwa",
      "lat": 8.0333333,
      "lng": 10
    },
    {
      "cityName": "Aondokpa",
      "lat": 7.3666667,
      "lng": 10.0666667
    },
    {
      "cityName": "Aperver",
      "lat": 7.9166667,
      "lng": 10.4166667
    },
    {
      "cityName": "Apezan",
      "lat": 7.9,
      "lng": 10.35
    },
    {
      "cityName": "Ardo Abaki",
      "lat": 7.85,
      "lng": 10.8833333
    },
    {
      "cityName": "Ardo Musa",
      "lat": 7.3666667,
      "lng": 11.7333333
    },
    {
      "cityName": "Ardo Sambo",
      "lat": 7.9333333,
      "lng": 12.0166667
    },
    {
      "cityName": "Ardo Sovini",
      "lat": 8.2833333,
      "lng": 11.0166667
    },
    {
      "cityName": "Arnado Dogo",
      "lat": 8.2166667,
      "lng": 12.0333333
    },
    {
      "cityName": "Arne da Bako",
      "lat": 8.05,
      "lng": 11.8
    },
    {
      "cityName": "Asha",
      "lat": 7.0833333,
      "lng": 10.7833333
    },
    {
      "cityName": "Ashi Arage",
      "lat": 7.9666667,
      "lng": 10.3833333
    },
    {
      "cityName": "Ashiya",
      "lat": 7.7833333,
      "lng": 10
    },
    {
      "cityName": "Asibi",
      "lat": 7.3166667,
      "lng": 10.55
    },
    {
      "cityName": "Asine",
      "lat": 7.9333333,
      "lng": 10.95
    },
    {
      "cityName": "Askanabi",
      "lat": 7.2333333,
      "lng": 10.1833333
    },
    {
      "cityName": "Asudzun",
      "lat": 7.0666667,
      "lng": 10.15
    },
    {
      "cityName": "Atawe",
      "lat": 7.5666667,
      "lng": 10.0666667
    },
    {
      "cityName": "Atigsi",
      "lat": 7.0666667,
      "lng": 10.1833333
    },
    {
      "cityName": "Atitse",
      "lat": 7.4166667,
      "lng": 10.0666667
    },
    {
      "cityName": "Atotso",
      "lat": 7.1,
      "lng": 10.1333333
    },
    {
      "cityName": "Atov",
      "lat": 7.45,
      "lng": 10.05
    },
    {
      "cityName": "Atsagba",
      "lat": 7.8666667,
      "lng": 10.3166667
    },
    {
      "cityName": "Atta",
      "lat": 7.1,
      "lng": 10.8333333
    },
    {
      "cityName": "Audu",
      "lat": 7.1333333,
      "lng": 10.6
    },
    {
      "cityName": "Audu Maikyauta",
      "lat": 7.4333333,
      "lng": 10.3166667
    },
    {
      "cityName": "Avangwa",
      "lat": 7.4,
      "lng": 10.2333333
    },
    {
      "cityName": "Avermun",
      "lat": 7.55,
      "lng": 10.1
    },
    {
      "cityName": "Awube",
      "lat": 8.45,
      "lng": 11.0833333
    },
    {
      "cityName": "Awuhe",
      "lat": 7.3833333,
      "lng": 10.0166667
    },
    {
      "cityName": "Ayaboro",
      "lat": 7.0166667,
      "lng": 10.7333333
    },
    {
      "cityName": "Ayayi",
      "lat": 7.1833333,
      "lng": 10.1666667
    },
    {
      "cityName": "Azagetsu",
      "lat": 7.6166667,
      "lng": 10.0666667
    },
    {
      "cityName": "Babeleta",
      "lat": 8.15,
      "lng": 12.05
    },
    {
      "cityName": "Bada Koshi",
      "lat": 8.0333333,
      "lng": 10.9
    },
    {
      "cityName": "Bagoni",
      "lat": 7.8833333,
      "lng": 10.7166667
    },
    {
      "cityName": "Bagudu",
      "lat": 7.8333333,
      "lng": 11.45
    },
    {
      "cityName": "Baguni",
      "lat": 7.8333333,
      "lng": 11.2166667
    },
    {
      "cityName": "Bahago",
      "lat": 7.5333333,
      "lng": 11.35
    },
    {
      "cityName": "Ba Hausa",
      "lat": 7.5333333,
      "lng": 10.5666667
    },
    {
      "cityName": "Baissa",
      "lat": 7.2333333,
      "lng": 10.6333333
    },
    {
      "cityName": "Bajabure",
      "lat": 8.3166667,
      "lng": 11.05
    },
    {
      "cityName": "Baji",
      "lat": 7.4666667,
      "lng": 10.7166667
    },
    {
      "cityName": "Baki",
      "lat": 7.4666667,
      "lng": 10.0833333
    },
    {
      "cityName": "Bako",
      "lat": 7.95,
      "lng": 10.3833333
    },
    {
      "cityName": "Bakundi",
      "lat": 8.05,
      "lng": 10.7833333
    },
    {
      "cityName": "Balewa",
      "lat": 7.5166667,
      "lng": 11.3666667
    },
    {
      "cityName": "Bali",
      "lat": 6.8166667,
      "lng": 11.55
    },
    {
      "cityName": "Bambado",
      "lat": 7.8166667,
      "lng": 10.8166667
    },
    {
      "cityName": "Bam",
      "lat": 7.5833333,
      "lng": 11.6166667
    },
    {
      "cityName": "Bambando",
      "lat": 7.9333333,
      "lng": 11.3666667
    },
    {
      "cityName": "Banda",
      "lat": 6.8166667,
      "lng": 11.2333333
    },
    {
      "cityName": "Bandoma",
      "lat": 7.3166667,
      "lng": 10.15
    },
    {
      "cityName": "Bandugun",
      "lat": 8.3666667,
      "lng": 11.3
    },
    {
      "cityName": "Banga",
      "lat": 6.7833333,
      "lng": 11.35
    },
    {
      "cityName": "Bangara",
      "lat": 7.2,
      "lng": 10.65
    },
    {
      "cityName": "Bangela",
      "lat": 8.1166667,
      "lng": 11.4
    },
    {
      "cityName": "Bankayire",
      "lat": 8.2,
      "lng": 11.1166667
    },
    {
      "cityName": "Bantaji",
      "lat": 8.1,
      "lng": 10.1
    },
    {
      "cityName": "Barde",
      "lat": 7.0166667,
      "lng": 11.4
    },
    {
      "cityName": "Barde Ndoro",
      "lat": 7.0833333,
      "lng": 11
    },
    {
      "cityName": "Baruwa",
      "lat": 7.35,
      "lng": 11.4666667
    },
    {
      "cityName": "Batu Afi",
      "lat": 7.0833333,
      "lng": 10.9166667
    },
    {
      "cityName": "Batu Amanda",
      "lat": 7.05,
      "lng": 10.9
    },
    {
      "cityName": "Batu Kamino",
      "lat": 7.0333333,
      "lng": 10.9333333
    },
    {
      "cityName": "Bauchi Gusga",
      "lat": 7.9666667,
      "lng": 12
    },
    {
      "cityName": "Baudeu",
      "lat": 7.8,
      "lng": 11.3333333
    },
    {
      "cityName": "Bawa",
      "lat": 7.4,
      "lng": 11.2666667
    },
    {
      "cityName": "Bayawa",
      "lat": 7.7166667,
      "lng": 11.5833333
    },
    {
      "cityName": "Bayawal",
      "lat": 7.8,
      "lng": 10.0666667
    },
    {
      "cityName": "Bayero",
      "lat": 8.2833333,
      "lng": 11.0666667
    },
    {
      "cityName": "Belel",
      "lat": 7.2333333,
      "lng": 11.0166667
    },
    {
      "cityName": "Beli",
      "lat": 7.8666667,
      "lng": 10.9666667
    },
    {
      "cityName": "Bende",
      "lat": 7.2666667,
      "lng": 10.0333333
    },
    {
      "cityName": "Bente",
      "lat": 7.2833333,
      "lng": 10.7
    },
    {
      "cityName": "Bente Sama",
      "lat": 7.3,
      "lng": 10.7166667
    },
    {
      "cityName": "Betsesere",
      "lat": 7.9166667,
      "lng": 11.3833333
    },
    {
      "cityName": "Beya",
      "lat": 7.8666667,
      "lng": 10.85
    },
    {
      "cityName": "Bika",
      "lat": 7.2,
      "lng": 10.0166667
    },
    {
      "cityName": "Bilikani",
      "lat": 7.3666667,
      "lng": 10.45
    },
    {
      "cityName": "Biriji",
      "lat": 7.6,
      "lng": 11.7833333
    },
    {
      "cityName": "Bissaula",
      "lat": 7.0166667,
      "lng": 10.45
    },
    {
      "cityName": "Bitup",
      "lat": 7.1833333,
      "lng": 10.15
    },
    {
      "cityName": "Bodel",
      "lat": 7.45,
      "lng": 11.3
    },
    {
      "cityName": "Boi",
      "lat": 7.3,
      "lng": 10.1833333
    },
    {
      "cityName": "Bojimay",
      "lat": 7.4166667,
      "lng": 10.25
    },
    {
      "cityName": "Bokki",
      "lat": 8.1166667,
      "lng": 10.7666667
    },
    {
      "cityName": "Bong",
      "lat": 7.15,
      "lng": 10.2333333
    },
    {
      "cityName": "Bongvong",
      "lat": 7.3,
      "lng": 10.3833333
    },
    {
      "cityName": "Boro",
      "lat": 7.0666667,
      "lng": 10.5833333
    },
    {
      "cityName": "Boube",
      "lat": 8.1833333,
      "lng": 12.0833333
    },
    {
      "cityName": "Bube",
      "lat": 7.1666667,
      "lng": 10.9833333
    },
    {
      "cityName": "Bubu",
      "lat": 7.8333333,
      "lng": 11.4333333
    },
    {
      "cityName": "Budan",
      "lat": 7.2333333,
      "lng": 11.6666667
    },
    {
      "cityName": "Buktaso",
      "lat": 8.1833333,
      "lng": 11.2833333
    },
    {
      "cityName": "Bunkawo",
      "lat": 7.2166667,
      "lng": 11.0333333
    },
    {
      "cityName": "Buptan",
      "lat": 8.0166667,
      "lng": 12.15
    },
    {
      "cityName": "Burba",
      "lat": 7.1833333,
      "lng": 11.0666667
    },
    {
      "cityName": "Burtol",
      "lat": 7.6833333,
      "lng": 11.45
    },
    {
      "cityName": "Buru",
      "lat": 7.0166667,
      "lng": 10.8833333
    },
    {
      "cityName": "Buru Sama",
      "lat": 7.0333333,
      "lng": 10.9
    },
    {
      "cityName": "Busum",
      "lat": 7.15,
      "lng": 10.7333333
    },
    {
      "cityName": "Cecim",
      "lat": 8.35,
      "lng": 11.1833333
    },
    {
      "cityName": "Chan Gasuwa",
      "lat": 7.9833333,
      "lng": 10.0833333
    },
    {
      "cityName": "Chanta",
      "lat": 7.45,
      "lng": 10.1166667
    },
    {
      "cityName": "Chanyi",
      "lat": 7.4666667,
      "lng": 10.0333333
    },
    {
      "cityName": "Che Adekae",
      "lat": 7.4166667,
      "lng": 10.0833333
    },
    {
      "cityName": "Cheako",
      "lat": 7.5666667,
      "lng": 10.0333333
    },
    {
      "cityName": "Chealeva",
      "lat": 7.5166667,
      "lng": 10.0333333
    },
    {
      "cityName": "Cheanar",
      "lat": 7.5833333,
      "lng": 10.1666667
    },
    {
      "cityName": "Chediya",
      "lat": 8.1833333,
      "lng": 10.2
    },
    {
      "cityName": "Chegingir",
      "lat": 7.6,
      "lng": 10.15
    },
    {
      "cityName": "Chegusa",
      "lat": 7.5,
      "lng": 10.15
    },
    {
      "cityName": "Chekoshu",
      "lat": 7.5333333,
      "lng": 10.1333333
    },
    {
      "cityName": "Chena",
      "lat": 8.3166667,
      "lng": 11.4333333
    },
    {
      "cityName": "Chenchenji",
      "lat": 7.5166667,
      "lng": 9.9333333
    },
    {
      "cityName": "Chendam",
      "lat": 7.0666667,
      "lng": 10.8166667
    },
    {
      "cityName": "Cheordam",
      "lat": 7.4166667,
      "lng": 10.1333333
    },
    {
      "cityName": "Chetamen",
      "lat": 7.4333333,
      "lng": 10.0833333
    },
    {
      "cityName": "Chevgo",
      "lat": 7.55,
      "lng": 10.0333333
    },
    {
      "cityName": "Chini",
      "lat": 7.8833333,
      "lng": 10.6333333
    },
    {
      "cityName": "Chiruma",
      "lat": 7.7666667,
      "lng": 10.5333333
    },
    {
      "cityName": "Chong",
      "lat": 7.0333333,
      "lng": 10.7666667
    },
    {
      "cityName": "Chonku",
      "lat": 7.7666667,
      "lng": 9.7833333
    },
    {
      "cityName": "Chul",
      "lat": 8.5166667,
      "lng": 10.7666667
    },
    {
      "cityName": "Chuwa",
      "lat": 6.6666667,
      "lng": 11.3166667
    },
    {
      "cityName": "Dabara",
      "lat": 8.2166667,
      "lng": 12.0166667
    },
    {
      "cityName": "Dadiglon",
      "lat": 8.1833333,
      "lng": 11.9833333
    },
    {
      "cityName": "Dadin Kowa",
      "lat": 8.35,
      "lng": 10.55
    },
    {
      "cityName": "Dadiri",
      "lat": 7.7833333,
      "lng": 11.7
    },
    {
      "cityName": "Dagbera",
      "lat": 7.3166667,
      "lng": 10.1
    },
    {
      "cityName": "Dalli",
      "lat": 8.2,
      "lng": 10.6
    },
    {
      "cityName": "Dama",
      "lat": 7.0833333,
      "lng": 10.8
    },
    {
      "cityName": "Damasa",
      "lat": 7.2833333,
      "lng": 10.1
    },
    {
      "cityName": "Dambara",
      "lat": 7.9333333,
      "lng": 11.6
    },
    {
      "cityName": "Dam",
      "lat": 8.1166667,
      "lng": 12.0333333
    },
    {
      "cityName": "Damisa",
      "lat": 7.7166667,
      "lng": 9.9833333
    },
    {
      "cityName": "Danbaki",
      "lat": 7.1666667,
      "lng": 10.45
    },
    {
      "cityName": "Danbecki",
      "lat": 7.3166667,
      "lng": 10.5666667
    },
    {
      "cityName": "Danbeki",
      "lat": 7.3,
      "lng": 10.0833333
    },
    {
      "cityName": "Dandadu",
      "lat": 8.4666667,
      "lng": 10.7666667
    },
    {
      "cityName": "Dandi",
      "lat": 7.85,
      "lng": 11.0166667
    },
    {
      "cityName": "Daneji",
      "lat": 7.7333333,
      "lng": 12
    },
    {
      "cityName": "Dan Fulani",
      "lat": 6.9,
      "lng": 11.05
    },
    {
      "cityName": "Dangari",
      "lat": 7.9,
      "lng": 10.4
    },
    {
      "cityName": "Danjuma",
      "lat": 7.1333333,
      "lng": 10.0833333
    },
    {
      "cityName": "Dan Zomo",
      "lat": 7.9666667,
      "lng": 11.1833333
    },
    {
      "cityName": "Dashan",
      "lat": 7.2666667,
      "lng": 10.0166667
    },
    {
      "cityName": "Dauda",
      "lat": 8.2833333,
      "lng": 11.0333333
    },
    {
      "cityName": "Deiba",
      "lat": 8.4833333,
      "lng": 10.65
    },
    {
      "cityName": "Didan",
      "lat": 7.3333333,
      "lng": 10.55
    },
    {
      "cityName": "Dikko",
      "lat": 7.4666667,
      "lng": 11.45
    },
    {
      "cityName": "Djawé",
      "lat": 6.9166667,
      "lng": 11.5666667
    },
    {
      "cityName": "Dodo",
      "lat": 7.1833333,
      "lng": 10.6833333
    },
    {
      "cityName": "Dogani Tiv",
      "lat": 7.85,
      "lng": 10.95
    },
    {
      "cityName": "Dogo Ajan",
      "lat": 7.5166667,
      "lng": 11.4333333
    },
    {
      "cityName": "Dogo",
      "lat": 7.05,
      "lng": 10.1333333
    },
    {
      "cityName": "Dogon Gawa",
      "lat": 7.2666667,
      "lng": 9.8833333
    },
    {
      "cityName": "Dogon Jigawa",
      "lat": 7.15,
      "lng": 10.3833333
    },
    {
      "cityName": "Dombo",
      "lat": 7.0833333,
      "lng": 10.95
    },
    {
      "cityName": "Domini",
      "lat": 7.1666667,
      "lng": 11.0666667
    },
    {
      "cityName": "Donga",
      "lat": 7.7166667,
      "lng": 10.05
    },
    {
      "cityName": "Dooga",
      "lat": 7.5166667,
      "lng": 10.1
    },
    {
      "cityName": "Dori",
      "lat": 7.6,
      "lng": 10.8
    },
    {
      "cityName": "Dorofi",
      "lat": 6.5666667,
      "lng": 11.4166667
    },
    {
      "cityName": "Dou Jiman",
      "lat": 7.85,
      "lng": 11.8666667
    },
    {
      "cityName": "Dowa",
      "lat": 7.1666667,
      "lng": 11.05
    },
    {
      "cityName": "Dugeri",
      "lat": 7.3,
      "lng": 10.0666667
    },
    {
      "cityName": "Dujere",
      "lat": 7.1333333,
      "lng": 10.9666667
    },
    {
      "cityName": "Dumakusum",
      "lat": 7.9333333,
      "lng": 11.5
    },
    {
      "cityName": "Dumen",
      "lat": 7.8,
      "lng": 11.4333333
    },
    {
      "cityName": "Duna",
      "lat": 7.9333333,
      "lng": 11.3333333
    },
    {
      "cityName": "Dunapeta",
      "lat": 7.9666667,
      "lng": 11.2
    },
    {
      "cityName": "Dundewa",
      "lat": 8.4166667,
      "lng": 10.4833333
    },
    {
      "cityName": "Ebba",
      "lat": 7.8666667,
      "lng": 10.6333333
    },
    {
      "cityName": "Ekas",
      "lat": 7.2,
      "lng": 10.0333333
    },
    {
      "cityName": "Emwe",
      "lat": 7.05,
      "lng": 10.7833333
    },
    {
      "cityName": "Faasema",
      "lat": 7.3166667,
      "lng": 10.1166667
    },
    {
      "cityName": "Fachi",
      "lat": 7.5,
      "lng": 10.0666667
    },
    {
      "cityName": "Fadawante",
      "lat": 8.2333333,
      "lng": 11.4666667
    },
    {
      "cityName": "Fali",
      "lat": 7.45,
      "lng": 10.7166667
    },
    {
      "cityName": "Fikyu",
      "lat": 7.0833333,
      "lng": 10.0166667
    },
    {
      "cityName": "Filibi",
      "lat": 7.0166667,
      "lng": 10.2666667
    },
    {
      "cityName": "Filinga",
      "lat": 7.2833333,
      "lng": 11.75
    },
    {
      "cityName": "Filinga Sekenoma",
      "lat": 7.25,
      "lng": 11.75
    },
    {
      "cityName": "Forum Gabti",
      "lat": 7.9,
      "lng": 11.9166667
    },
    {
      "cityName": "Gabbu",
      "lat": 8.3666667,
      "lng": 11.0666667
    },
    {
      "cityName": "Gada Mayo",
      "lat": 8.1166667,
      "lng": 10.0333333
    },
    {
      "cityName": "Gadin",
      "lat": 6.8833333,
      "lng": 9.8166667
    },
    {
      "cityName": "Gagara",
      "lat": 7.2666667,
      "lng": 10.9
    },
    {
      "cityName": "Gaiama",
      "lat": 7.3833333,
      "lng": 10.3833333
    },
    {
      "cityName": "Gajere",
      "lat": 8.1,
      "lng": 11.1833333
    },
    {
      "cityName": "Gaji",
      "lat": 8.3666667,
      "lng": 11.0333333
    },
    {
      "cityName": "Galabije",
      "lat": 7.9166667,
      "lng": 12.0166667
    },
    {
      "cityName": "Galadima Anju",
      "lat": 7.9166667,
      "lng": 10.4
    },
    {
      "cityName": "Galdima Cecim",
      "lat": 8.3833333,
      "lng": 11.1833333
    },
    {
      "cityName": "Galea",
      "lat": 7.2833333,
      "lng": 10.6833333
    },
    {
      "cityName": "Galinzina",
      "lat": 7.55,
      "lng": 11.2666667
    },
    {
      "cityName": "Gambo Jatau",
      "lat": 7.7333333,
      "lng": 10.5
    },
    {
      "cityName": "Gamen",
      "lat": 7.5666667,
      "lng": 11.4
    },
    {
      "cityName": "Gamso",
      "lat": 8.15,
      "lng": 11.1166667
    },
    {
      "cityName": "Ganadere Kuku",
      "lat": 8.1166667,
      "lng": 11.1666667
    },
    {
      "cityName": "Ganadere Zomo",
      "lat": 8.1166667,
      "lng": 11.1833333
    },
    {
      "cityName": "Ganbum",
      "lat": 7.9166667,
      "lng": 11.25
    },
    {
      "cityName": "Ganburamaso",
      "lat": 8.2166667,
      "lng": 11.4
    },
    {
      "cityName": "Ganduma",
      "lat": 8.3333333,
      "lng": 11.0333333
    },
    {
      "cityName": "Ganfur Banduguri",
      "lat": 8.3666667,
      "lng": 11.2666667
    },
    {
      "cityName": "Ganfur",
      "lat": 8.2833333,
      "lng": 11.2333333
    },
    {
      "cityName": "Gangome",
      "lat": 7.8833333,
      "lng": 11.1833333
    },
    {
      "cityName": "Gangseren",
      "lat": 8.1666667,
      "lng": 12.05
    },
    {
      "cityName": "Gangumi",
      "lat": 7.2,
      "lng": 11.4166667
    },
    {
      "cityName": "Gankoi Ase",
      "lat": 7.5833333,
      "lng": 10.3666667
    },
    {
      "cityName": "Gankoi Ido",
      "lat": 7.5833333,
      "lng": 10.4
    },
    {
      "cityName": "Gankoi Yeba",
      "lat": 7.5833333,
      "lng": 10.3333333
    },
    {
      "cityName": "Gankuli",
      "lat": 8.4166667,
      "lng": 11.1666667
    },
    {
      "cityName": "Gankuri",
      "lat": 8.3666667,
      "lng": 11.1333333
    },
    {
      "cityName": "Gansa",
      "lat": 8.4,
      "lng": 11.1166667
    },
    {
      "cityName": "Ganti",
      "lat": 7.9166667,
      "lng": 11.45
    },
    {
      "cityName": "Ganyasum",
      "lat": 8.2333333,
      "lng": 11.4833333
    },
    {
      "cityName": "Ganyatsum",
      "lat": 8.3,
      "lng": 11.4666667
    },
    {
      "cityName": "Ganyesim",
      "lat": 8.2666667,
      "lng": 11.4666667
    },
    {
      "cityName": "Ganyo",
      "lat": 8.1833333,
      "lng": 11.1666667
    },
    {
      "cityName": "Gararia",
      "lat": 7.5166667,
      "lng": 10.3666667
    },
    {
      "cityName": "Garbabi",
      "lat": 7.8333333,
      "lng": 11.0333333
    },
    {
      "cityName": "Garba",
      "lat": 7.1,
      "lng": 11.3666667
    },
    {
      "cityName": "Garin Abubakari",
      "lat": 8.4666667,
      "lng": 11.0666667
    },
    {
      "cityName": "Garin Baki",
      "lat": 8.0833333,
      "lng": 11.2
    },
    {
      "cityName": "Garin Baya",
      "lat": 7.4333333,
      "lng": 11.3166667
    },
    {
      "cityName": "Garin Gidado",
      "lat": 8.4666667,
      "lng": 10.75
    },
    {
      "cityName": "Garin Jatau",
      "lat": 7.9,
      "lng": 10.65
    },
    {
      "cityName": "Garin Kuri",
      "lat": 8.4166667,
      "lng": 11.15
    },
    {
      "cityName": "Garin Kusa",
      "lat": 8.2666667,
      "lng": 10.5333333
    },
    {
      "cityName": "Garin La",
      "lat": 8.3333333,
      "lng": 11.0833333
    },
    {
      "cityName": "Garin Maiburtu",
      "lat": 8.4166667,
      "lng": 11.0833333
    },
    {
      "cityName": "Garin Maichibi",
      "lat": 7.95,
      "lng": 10.9833333
    },
    {
      "cityName": "Garin Maigoge",
      "lat": 7.7333333,
      "lng": 10.5166667
    },
    {
      "cityName": "Garin Maikasua",
      "lat": 7.6333333,
      "lng": 10.7833333
    },
    {
      "cityName": "Garin Maizanko",
      "lat": 8.3333333,
      "lng": 11.2
    },
    {
      "cityName": "Garin Mallam Babba",
      "lat": 8.3,
      "lng": 10.6
    },
    {
      "cityName": "Garin Mallam Bawa",
      "lat": 8.3166667,
      "lng": 10.5833333
    },
    {
      "cityName": "Garin Mbororo",
      "lat": 8.2166667,
      "lng": 10.7
    },
    {
      "cityName": "Garin Musa",
      "lat": 7.8666667,
      "lng": 10.8333333
    },
    {
      "cityName": "Garin Sadi",
      "lat": 7.8833333,
      "lng": 11.1333333
    },
    {
      "cityName": "Garin Ulu",
      "lat": 7.7166667,
      "lng": 10.5
    },
    {
      "cityName": "Garin Yelwa",
      "lat": 8.55,
      "lng": 10.7666667
    },
    {
      "cityName": "Garke",
      "lat": 8.1833333,
      "lng": 11.3
    },
    {
      "cityName": "Garko",
      "lat": 7.85,
      "lng": 11
    },
    {
      "cityName": "Garwa",
      "lat": 8.2833333,
      "lng": 10.6333333
    },
    {
      "cityName": "Gasa Noppi",
      "lat": 7.9166667,
      "lng": 11.5666667
    },
    {
      "cityName": "Gashaka",
      "lat": 7.3666667,
      "lng": 11.4833333
    },
    {
      "cityName": "Gatari",
      "lat": 7.0333333,
      "lng": 10.7166667
    },
    {
      "cityName": "Gateri",
      "lat": 8.1166667,
      "lng": 11.4166667
    },
    {
      "cityName": "Gatijum",
      "lat": 8,
      "lng": 11.2833333
    },
    {
      "cityName": "Gauzumbe",
      "lat": 8.4333333,
      "lng": 11.1333333
    },
    {
      "cityName": "Gayam",
      "lat": 7.8,
      "lng": 11.2333333
    },
    {
      "cityName": "Gba",
      "lat": 7.3333333,
      "lng": 10.1333333
    },
    {
      "cityName": "Gbakpo",
      "lat": 7.8166667,
      "lng": 10.1833333
    },
    {
      "cityName": "Gbamuna",
      "lat": 7.4166667,
      "lng": 10.35
    },
    {
      "cityName": "Gbando",
      "lat": 7.5833333,
      "lng": 10.05
    },
    {
      "cityName": "Gberndier",
      "lat": 7.35,
      "lng": 10.1333333
    },
    {
      "cityName": "Gboko",
      "lat": 7.4333333,
      "lng": 10.1
    },
    {
      "cityName": "Gbundu",
      "lat": 7.6333333,
      "lng": 10.0833333
    },
    {
      "cityName": "Gembu",
      "lat": 6.7,
      "lng": 11.2666667
    },
    {
      "cityName": "Gende Kila",
      "lat": 7.9166667,
      "lng": 11.8833333
    },
    {
      "cityName": "Gese",
      "lat": 7.6333333,
      "lng": 10
    },
    {
      "cityName": "Gidan Adamu",
      "lat": 7.6,
      "lng": 10.2833333
    },
    {
      "cityName": "Gidan Aji",
      "lat": 7.1833333,
      "lng": 10.2666667
    },
    {
      "cityName": "Gidan Alhaji",
      "lat": 7.15,
      "lng": 11.0333333
    },
    {
      "cityName": "Gidan Amadu",
      "lat": 7.4,
      "lng": 9.95
    },
    {
      "cityName": "Gidan Anju",
      "lat": 8.0333333,
      "lng": 11.0833333
    },
    {
      "cityName": "Gidan Ardo Ali",
      "lat": 7.15,
      "lng": 11.0666667
    },
    {
      "cityName": "Gidan Ati",
      "lat": 7.6666667,
      "lng": 11.0833333
    },
    {
      "cityName": "Gidan Dajeru",
      "lat": 8.05,
      "lng": 11.0666667
    },
    {
      "cityName": "Gidan Dogo",
      "lat": 7.1666667,
      "lng": 10.6
    },
    {
      "cityName": "Gidan Dujere",
      "lat": 7.15,
      "lng": 10.9666667
    },
    {
      "cityName": "Gidan el Haji",
      "lat": 8.2333333,
      "lng": 10.05
    },
    {
      "cityName": "Gidan Garba",
      "lat": 7.1833333,
      "lng": 10.6333333
    },
    {
      "cityName": "Gidan Giwa",
      "lat": 7.2,
      "lng": 10.7
    },
    {
      "cityName": "Gidan Hamman",
      "lat": 7.45,
      "lng": 10.8166667
    },
    {
      "cityName": "Gidan Hassan",
      "lat": 7.3,
      "lng": 10.5833333
    },
    {
      "cityName": "Gidan Ibrahim",
      "lat": 7.0666667,
      "lng": 10.6666667
    },
    {
      "cityName": "Gidan Idi",
      "lat": 7.9333333,
      "lng": 9.8833333
    },
    {
      "cityName": "Gidan Isa",
      "lat": 6.8666667,
      "lng": 9.8166667
    },
    {
      "cityName": "Gidan Isubu",
      "lat": 8.35,
      "lng": 9.9833333
    },
    {
      "cityName": "Gidan Jatau",
      "lat": 7.4333333,
      "lng": 10.3833333
    },
    {
      "cityName": "Gidan Jato",
      "lat": 7.0333333,
      "lng": 10.5833333
    },
    {
      "cityName": "Gidan Kaduna",
      "lat": 7.5333333,
      "lng": 10.3833333
    },
    {
      "cityName": "Gidan Madaiki",
      "lat": 7.25,
      "lng": 10.4333333
    },
    {
      "cityName": "Gidan Madugu",
      "lat": 7.7333333,
      "lng": 10.7833333
    },
    {
      "cityName": "Gidan Maichibi",
      "lat": 7.5,
      "lng": 10.6
    },
    {
      "cityName": "Gidan Maiguru",
      "lat": 7.0833333,
      "lng": 10.6666667
    },
    {
      "cityName": "Gidan Maikudi",
      "lat": 7.6666667,
      "lng": 10.4833333
    },
    {
      "cityName": "Gidan Makeri",
      "lat": 7.35,
      "lng": 10.2833333
    },
    {
      "cityName": "Gidan Malaha",
      "lat": 7.1833333,
      "lng": 10.2
    },
    {
      "cityName": "Gidan Mallan Kagwa",
      "lat": 8.0833333,
      "lng": 9.7833333
    },
    {
      "cityName": "Gidan Nduna",
      "lat": 7.6833333,
      "lng": 10.8666667
    },
    {
      "cityName": "Gidan Nufawa",
      "lat": 8.3166667,
      "lng": 9.9833333
    },
    {
      "cityName": "Gidan Salatu",
      "lat": 7.5666667,
      "lng": 9.8833333
    },
    {
      "cityName": "Gidan Sarakin Samari",
      "lat": 7.3166667,
      "lng": 10.5833333
    },
    {
      "cityName": "Gidan Sogida",
      "lat": 7.1333333,
      "lng": 11.05
    },
    {
      "cityName": "Gidan Takere",
      "lat": 7.55,
      "lng": 10.4666667
    },
    {
      "cityName": "Gidan Tomi",
      "lat": 7.1666667,
      "lng": 10.7333333
    },
    {
      "cityName": "Gidan Ulu",
      "lat": 8.3333333,
      "lng": 9.9833333
    },
    {
      "cityName": "Gidan Usaini",
      "lat": 7.0666667,
      "lng": 10.9333333
    },
    {
      "cityName": "Gidan Usumanu",
      "lat": 7.5666667,
      "lng": 10.4166667
    },
    {
      "cityName": "Gidan Waya",
      "lat": 7.1,
      "lng": 10.7666667
    },
    {
      "cityName": "Gidan Wuka",
      "lat": 7.45,
      "lng": 10.4833333
    },
    {
      "cityName": "Gidan Yausa",
      "lat": 7.3333333,
      "lng": 10.45
    },
    {
      "cityName": "Gidda Manti",
      "lat": 7.4333333,
      "lng": 11.4333333
    },
    {
      "cityName": "Gidimbiri",
      "lat": 8.2166667,
      "lng": 11.4833333
    },
    {
      "cityName": "Gikau",
      "lat": 6.8833333,
      "lng": 11.45
    },
    {
      "cityName": "Gindin Dutse",
      "lat": 7.35,
      "lng": 10.2666667
    },
    {
      "cityName": "Gindiri",
      "lat": 7.25,
      "lng": 10.6166667
    },
    {
      "cityName": "Gipso",
      "lat": 8,
      "lng": 11.1666667
    },
    {
      "cityName": "Gobiri Tiv",
      "lat": 7.8,
      "lng": 10.5833333
    },
    {
      "cityName": "Goje",
      "lat": 7.1666667,
      "lng": 10.5666667
    },
    {
      "cityName": "Golbembal",
      "lat": 8.5333333,
      "lng": 10.6666667
    },
    {
      "cityName": "Gombe Doka",
      "lat": 8.4833333,
      "lng": 10.7166667
    },
    {
      "cityName": "Gombe",
      "lat": 7.9,
      "lng": 10.4166667
    },
    {
      "cityName": "Gondo",
      "lat": 7.85,
      "lng": 10.2833333
    },
    {
      "cityName": "Gong",
      "lat": 8.2833333,
      "lng": 11.05
    },
    {
      "cityName": "Great Nama",
      "lat": 7.1,
      "lng": 10.65
    },
    {
      "cityName": "Gum",
      "lat": 7.4833333,
      "lng": 10.1166667
    },
    {
      "cityName": "Gumti",
      "lat": 7.65,
      "lng": 11.7666667
    },
    {
      "cityName": "Gunduma",
      "lat": 7.1666667,
      "lng": 10.65
    },
    {
      "cityName": "Gungu Abdulahi",
      "lat": 8.2166667,
      "lng": 9.8833333
    },
    {
      "cityName": "Gurama",
      "lat": 7.7166667,
      "lng": 10.75
    },
    {
      "cityName": "Gurgu Sudan",
      "lat": 7,
      "lng": 11.0833333
    },
    {
      "cityName": "Guroji",
      "lat": 6.95,
      "lng": 11.1166667
    },
    {
      "cityName": "Guruja",
      "lat": 7.7166667,
      "lng": 11.8833333
    },
    {
      "cityName": "Guruza",
      "lat": 7.7833333,
      "lng": 10.0166667
    },
    {
      "cityName": "Gwabbaji",
      "lat": 8.45,
      "lng": 11.1
    },
    {
      "cityName": "Gwa",
      "lat": 7.8833333,
      "lng": 10.9833333
    },
    {
      "cityName": "Gwanda",
      "lat": 7.2166667,
      "lng": 10.55
    },
    {
      "cityName": "Gwiwan Kogi",
      "lat": 8.3,
      "lng": 10.0333333
    },
    {
      "cityName": "Hainare",
      "lat": 6.5166667,
      "lng": 11.3166667
    },
    {
      "cityName": "Haliru",
      "lat": 7.3666667,
      "lng": 11.5
    },
    {
      "cityName": "Hamatukur",
      "lat": 8.2166667,
      "lng": 11.9833333
    },
    {
      "cityName": "Hamua",
      "lat": 7.1666667,
      "lng": 10.6333333
    },
    {
      "cityName": "Haruna",
      "lat": 7.3333333,
      "lng": 10.9
    },
    {
      "cityName": "Horeyuware",
      "lat": 7.9333333,
      "lng": 11.9833333
    },
    {
      "cityName": "Hoyon",
      "lat": 7.9666667,
      "lng": 10.0833333
    },
    {
      "cityName": "Ibi",
      "lat": 7.8833333,
      "lng": 10.3333333
    },
    {
      "cityName": "Ichur",
      "lat": 7.5666667,
      "lng": 10.2333333
    },
    {
      "cityName": "Igbiandue",
      "lat": 7.5833333,
      "lng": 10.2166667
    },
    {
      "cityName": "Igurda",
      "lat": 7.1333333,
      "lng": 11.0833333
    },
    {
      "cityName": "Ija",
      "lat": 7.25,
      "lng": 10.1666667
    },
    {
      "cityName": "Ijerbe",
      "lat": 7.6166667,
      "lng": 10.1166667
    },
    {
      "cityName": "Ilike",
      "lat": 7.3333333,
      "lng": 10.0333333
    },
    {
      "cityName": "Ilim",
      "lat": 7.8333333,
      "lng": 10.2666667
    },
    {
      "cityName": "Inkiri",
      "lat": 6.7833333,
      "lng": 10.9833333
    },
    {
      "cityName": "Ioiya",
      "lat": 7.8333333,
      "lng": 10.05
    },
    {
      "cityName": "Isa",
      "lat": 7.3166667,
      "lng": 10.1333333
    },
    {
      "cityName": "Isember",
      "lat": 7.4666667,
      "lng": 10.1666667
    },
    {
      "cityName": "Ishir",
      "lat": 7.1666667,
      "lng": 10.2166667
    },
    {
      "cityName": "Ityo",
      "lat": 7.7666667,
      "lng": 10.1666667
    },
    {
      "cityName": "Iwarnor",
      "lat": 7.8833333,
      "lng": 10.35
    },
    {
      "cityName": "Iyorkuu",
      "lat": 7.3333333,
      "lng": 10.2
    },
    {
      "cityName": "Iyorngaem",
      "lat": 7.4833333,
      "lng": 10.0166667
    },
    {
      "cityName": "Iyortsu",
      "lat": 7.3833333,
      "lng": 10.2333333
    },
    {
      "cityName": "Iyorver",
      "lat": 7.4166667,
      "lng": 10.2833333
    },
    {
      "cityName": "Jaba",
      "lat": 7.8666667,
      "lng": 11.1
    },
    {
      "cityName": "Jabbo Kokri",
      "lat": 7.75,
      "lng": 12.0166667
    },
    {
      "cityName": "Jabu",
      "lat": 6.8333333,
      "lng": 11.4833333
    },
    {
      "cityName": "Jahuna",
      "lat": 8.1666667,
      "lng": 10.1666667
    },
    {
      "cityName": "Jakka",
      "lat": 7.8,
      "lng": 11.6833333
    },
    {
      "cityName": "Jakuba",
      "lat": 7.2666667,
      "lng": 11.6333333
    },
    {
      "cityName": "Jamiri",
      "lat": 7.85,
      "lng": 10.9833333
    },
    {
      "cityName": "Jam",
      "lat": 7.4666667,
      "lng": 10.1
    },
    {
      "cityName": "Jamtari",
      "lat": 7.8,
      "lng": 11.3666667
    },
    {
      "cityName": "Jarang",
      "lat": 8.2,
      "lng": 11.35
    },
    {
      "cityName": "Jarma Gansa",
      "lat": 8.4,
      "lng": 11.1
    },
    {
      "cityName": "Jatau",
      "lat": 7.7166667,
      "lng": 10.4
    },
    {
      "cityName": "Jatau Sobti",
      "lat": 8.2333333,
      "lng": 11.0833333
    },
    {
      "cityName": "Jatau Tiv",
      "lat": 7.8333333,
      "lng": 10.5833333
    },
    {
      "cityName": "Jauro Belleri",
      "lat": 8.3833333,
      "lng": 11.1166667
    },
    {
      "cityName": "Jauro Gabdo",
      "lat": 8.4333333,
      "lng": 11.1166667
    },
    {
      "cityName": "Jauro Garba",
      "lat": 8.1166667,
      "lng": 12.05
    },
    {
      "cityName": "Jauro Gatani",
      "lat": 7.9833333,
      "lng": 11.3166667
    },
    {
      "cityName": "Jauro Gomki",
      "lat": 8.4,
      "lng": 11.1333333
    },
    {
      "cityName": "Jauro Gotel",
      "lat": 8.15,
      "lng": 12.0333333
    },
    {
      "cityName": "Jauro Jalo",
      "lat": 7.6333333,
      "lng": 11.1333333
    },
    {
      "cityName": "Jauro Shebu",
      "lat": 8.4333333,
      "lng": 11.0833333
    },
    {
      "cityName": "Jauro Sidi",
      "lat": 8.1666667,
      "lng": 10.35
    },
    {
      "cityName": "Jauro Yaji",
      "lat": 8.2,
      "lng": 12.0333333
    },
    {
      "cityName": "Jerimi",
      "lat": 8.2,
      "lng": 11.4833333
    },
    {
      "cityName": "Jibu",
      "lat": 8.3,
      "lng": 9.9833333
    },
    {
      "cityName": "Jija",
      "lat": 7.55,
      "lng": 10.0666667
    },
    {
      "cityName": "Jiman Buwanga",
      "lat": 7.8666667,
      "lng": 11.7333333
    },
    {
      "cityName": "Jiman Jangale",
      "lat": 7.8333333,
      "lng": 11.7166667
    },
    {
      "cityName": "Jimeta",
      "lat": 7.5166667,
      "lng": 10.5
    },
    {
      "cityName": "Jirhemba",
      "lat": 7.3666667,
      "lng": 10.05
    },
    {
      "cityName": "Jonam",
      "lat": 7.8333333,
      "lng": 10.0666667
    },
    {
      "cityName": "Jon",
      "lat": 7.8666667,
      "lng": 10.3333333
    },
    {
      "cityName": "Juli",
      "lat": 7.25,
      "lng": 10.9833333
    },
    {
      "cityName": "Kabarin Batore",
      "lat": 7.8166667,
      "lng": 11.0666667
    },
    {
      "cityName": "Kabij",
      "lat": 8.2833333,
      "lng": 10.4
    },
    {
      "cityName": "Kabri",
      "lat": 6.6666667,
      "lng": 11.4166667
    },
    {
      "cityName": "Kadarko",
      "lat": 7.8166667,
      "lng": 10.2166667
    },
    {
      "cityName": "Kadiri",
      "lat": 8.25,
      "lng": 11.05
    },
    {
      "cityName": "Kaduna Lissam",
      "lat": 7.1833333,
      "lng": 10.0666667
    },
    {
      "cityName": "Kaka",
      "lat": 8.1166667,
      "lng": 11.2
    },
    {
      "cityName": "Kakara",
      "lat": 6.8333333,
      "lng": 11.1166667
    },
    {
      "cityName": "Kalahi",
      "lat": 7.5666667,
      "lng": 11.7
    },
    {
      "cityName": "Kalnyaka",
      "lat": 6.85,
      "lng": 11.55
    },
    {
      "cityName": "Kambe",
      "lat": 8.05,
      "lng": 10
    },
    {
      "cityName": "Kamindua",
      "lat": 7.3333333,
      "lng": 10.5333333
    },
    {
      "cityName": "Kamnan",
      "lat": 7.3666667,
      "lng": 10.1833333
    },
    {
      "cityName": "Kana",
      "lat": 8.1833333,
      "lng": 11.45
    },
    {
      "cityName": "Kan Iyaka",
      "lat": 7.0166667,
      "lng": 10.9833333
    },
    {
      "cityName": "Kankani",
      "lat": 8.3666667,
      "lng": 11.05
    },
    {
      "cityName": "Kanon Kabawa",
      "lat": 7.95,
      "lng": 10.0666667
    },
    {
      "cityName": "Kanyon",
      "lat": 7.65,
      "lng": 10.05
    },
    {
      "cityName": "Kapya",
      "lat": 7.05,
      "lng": 9.8666667
    },
    {
      "cityName": "Kara",
      "lat": 6.7333333,
      "lng": 11.3666667
    },
    {
      "cityName": "Karamti",
      "lat": 7.7166667,
      "lng": 11.4833333
    },
    {
      "cityName": "Kararuwa",
      "lat": 7.1166667,
      "lng": 10.7166667
    },
    {
      "cityName": "Kare",
      "lat": 7.9,
      "lng": 11.35
    },
    {
      "cityName": "Kasala",
      "lat": 8.1,
      "lng": 12.05
    },
    {
      "cityName": "Katsina",
      "lat": 8.1666667,
      "lng": 10.6666667
    },
    {
      "cityName": "Kauyen Boyi",
      "lat": 8.1333333,
      "lng": 9.8
    },
    {
      "cityName": "Kauyen Gobi",
      "lat": 8.1166667,
      "lng": 9.7666667
    },
    {
      "cityName": "Kauyen Issa",
      "lat": 8.15,
      "lng": 9.7833333
    },
    {
      "cityName": "Kazon",
      "lat": 7.2333333,
      "lng": 10.1666667
    },
    {
      "cityName": "Kecha",
      "lat": 7.2166667,
      "lng": 10.1
    },
    {
      "cityName": "Keme",
      "lat": 7.8666667,
      "lng": 11.45
    },
    {
      "cityName": "Kena",
      "lat": 7.9833333,
      "lng": 11.5333333
    },
    {
      "cityName": "Kendu",
      "lat": 7.3,
      "lng": 10.3166667
    },
    {
      "cityName": "Kifam",
      "lat": 7.25,
      "lng": 10.1166667
    },
    {
      "cityName": "Kikundu",
      "lat": 7.9833333,
      "lng": 10.0166667
    },
    {
      "cityName": "Kila Daje",
      "lat": 8.2333333,
      "lng": 11.05
    },
    {
      "cityName": "Kila",
      "lat": 7.4333333,
      "lng": 11.35
    },
    {
      "cityName": "Kilating",
      "lat": 6.5833333,
      "lng": 11.35
    },
    {
      "cityName": "Kiri",
      "lat": 8.15,
      "lng": 11.95
    },
    {
      "cityName": "Kofa Ndaforo",
      "lat": 7.2,
      "lng": 10.6833333
    },
    {
      "cityName": "Kogin Baba",
      "lat": 7.9,
      "lng": 11.5333333
    },
    {
      "cityName": "Koitap",
      "lat": 7.8333333,
      "lng": 11.4
    },
    {
      "cityName": "Kokan",
      "lat": 7.0666667,
      "lng": 10.0833333
    },
    {
      "cityName": "Kombor",
      "lat": 8.1166667,
      "lng": 12.1166667
    },
    {
      "cityName": "Konti",
      "lat": 7.9,
      "lng": 11.5166667
    },
    {
      "cityName": "Koti",
      "lat": 7.7,
      "lng": 11.5166667
    },
    {
      "cityName": "Kouar",
      "lat": 6.6666667,
      "lng": 11.1166667
    },
    {
      "cityName": "Kowa",
      "lat": 7.45,
      "lng": 10.3166667
    },
    {
      "cityName": "Kpaa",
      "lat": 7.2666667,
      "lng": 11.4333333
    },
    {
      "cityName": "Kpacha",
      "lat": 7.05,
      "lng": 10.1166667
    },
    {
      "cityName": "Kpambai",
      "lat": 7.15,
      "lng": 9.9333333
    },
    {
      "cityName": "Kpamber",
      "lat": 7.45,
      "lng": 10.0166667
    },
    {
      "cityName": "Kpambo",
      "lat": 7.1666667,
      "lng": 9.9833333
    },
    {
      "cityName": "Kpambo Puri",
      "lat": 7,
      "lng": 10.0166667
    },
    {
      "cityName": "Kpambo Yashe",
      "lat": 7.0166667,
      "lng": 10.0166667
    },
    {
      "cityName": "Kpantin",
      "lat": 7.45,
      "lng": 10.1333333
    },
    {
      "cityName": "Kpawala",
      "lat": 7.2666667,
      "lng": 10.6166667
    },
    {
      "cityName": "Kpenwanboka",
      "lat": 8.1666667,
      "lng": 12.0333333
    },
    {
      "cityName": "Kpenwe",
      "lat": 7.4833333,
      "lng": 10.0833333
    },
    {
      "cityName": "Kubaji",
      "lat": 7.9333333,
      "lng": 11.8
    },
    {
      "cityName": "Kudore",
      "lat": 7.9833333,
      "lng": 11.55
    },
    {
      "cityName": "Kufai",
      "lat": 7.1666667,
      "lng": 10.3666667
    },
    {
      "cityName": "Kufayin Sale",
      "lat": 7.5166667,
      "lng": 10.5333333
    },
    {
      "cityName": "Kufi",
      "lat": 7.15,
      "lng": 10.0666667
    },
    {
      "cityName": "Ku",
      "lat": 6.6666667,
      "lng": 11.2166667
    },
    {
      "cityName": "Kumaga",
      "lat": 7.65,
      "lng": 10.1
    },
    {
      "cityName": "Kuma",
      "lat": 6.9,
      "lng": 11.3833333
    },
    {
      "cityName": "Kumbo",
      "lat": 7.3166667,
      "lng": 10.3333333
    },
    {
      "cityName": "Kumbu",
      "lat": 7.3,
      "lng": 10.2
    },
    {
      "cityName": "Kumbur",
      "lat": 7.35,
      "lng": 10
    },
    {
      "cityName": "Kumtso",
      "lat": 7.2,
      "lng": 10.1833333
    },
    {
      "cityName": "Kunbotan",
      "lat": 7.8,
      "lng": 11.1666667
    },
    {
      "cityName": "Kundi",
      "lat": 7.9833333,
      "lng": 10.8
    },
    {
      "cityName": "Kundin",
      "lat": 7.7,
      "lng": 11.0833333
    },
    {
      "cityName": "Kunfan",
      "lat": 7.8166667,
      "lng": 11.15
    },
    {
      "cityName": "Kungana Habe",
      "lat": 7.8166667,
      "lng": 10.5833333
    },
    {
      "cityName": "Kuruku",
      "lat": 7.25,
      "lng": 10.0166667
    },
    {
      "cityName": "Kuse",
      "lat": 7.4166667,
      "lng": 10
    },
    {
      "cityName": "Kusuku",
      "lat": 6.8833333,
      "lng": 11.1333333
    },
    {
      "cityName": "Kutava",
      "lat": 7.3333333,
      "lng": 10.1833333
    },
    {
      "cityName": "Kutukwo",
      "lat": 7.2,
      "lng": 10.15
    },
    {
      "cityName": "Kwararfa",
      "lat": 8.2333333,
      "lng": 10.3833333
    },
    {
      "cityName": "Kwasan Bariki",
      "lat": 7.6166667,
      "lng": 10.5166667
    },
    {
      "cityName": "Kwatan Boya",
      "lat": 7.9666667,
      "lng": 10.0666667
    },
    {
      "cityName": "Kwau",
      "lat": 7.5666667,
      "lng": 10.1166667
    },
    {
      "cityName": "Kwawu",
      "lat": 8.2166667,
      "lng": 9.9833333
    },
    {
      "cityName": "Kweisong",
      "lat": 7.05,
      "lng": 10.0833333
    },
    {
      "cityName": "Kwossa",
      "lat": 7.5333333,
      "lng": 10.55
    },
    {
      "cityName": "Kyan",
      "lat": 7.3,
      "lng": 10.0333333
    },
    {
      "cityName": "Kyanso",
      "lat": 7.0833333,
      "lng": 10.1833333
    },
    {
      "cityName": "Labare",
      "lat": 6.65,
      "lng": 11.4666667
    },
    {
      "cityName": "Lamba",
      "lat": 7.9333333,
      "lng": 11.4
    },
    {
      "cityName": "Lanam",
      "lat": 7.9333333,
      "lng": 10
    },
    {
      "cityName": "Lanki",
      "lat": 6.8666667,
      "lng": 9.8333333
    },
    {
      "cityName": "Lanzan",
      "lat": 7.6166667,
      "lng": 11.7833333
    },
    {
      "cityName": "Lasukwe",
      "lat": 7.1,
      "lng": 10.15
    },
    {
      "cityName": "Lasum",
      "lat": 8.05,
      "lng": 12.0166667
    },
    {
      "cityName": "Lekita",
      "lat": 7.0833333,
      "lng": 10.7166667
    },
    {
      "cityName": "Leme",
      "lat": 6.75,
      "lng": 11.2
    },
    {
      "cityName": "Letere",
      "lat": 8.1833333,
      "lng": 11.1166667
    },
    {
      "cityName": "Lissam",
      "lat": 7.1833333,
      "lng": 10.0333333
    },
    {
      "cityName": "Lissam Sambo",
      "lat": 7,
      "lng": 10.0833333
    },
    {
      "cityName": "Lubatari",
      "lat": 6.8833333,
      "lng": 11.55
    },
    {
      "cityName": "Lumbo",
      "lat": 7.1,
      "lng": 10.0666667
    },
    {
      "cityName": "Lupwe",
      "lat": 7.2333333,
      "lng": 10
    },
    {
      "cityName": "Maaji",
      "lat": 7.6333333,
      "lng": 11.0166667
    },
    {
      "cityName": "Mabaji",
      "lat": 7.2,
      "lng": 10.0666667
    },
    {
      "cityName": "Madaiki",
      "lat": 7.05,
      "lng": 10.1
    },
    {
      "cityName": "Madaki",
      "lat": 7.9666667,
      "lng": 11.1666667
    },
    {
      "cityName": "Madani",
      "lat": 8.2,
      "lng": 10.5333333
    },
    {
      "cityName": "Mafindi Daka",
      "lat": 8.2166667,
      "lng": 11.1
    },
    {
      "cityName": "Magu",
      "lat": 6.95,
      "lng": 11.0166667
    },
    {
      "cityName": "Mahanga",
      "lat": 7.9,
      "lng": 10.9666667
    },
    {
      "cityName": "Maiangwa Alim",
      "lat": 7.7833333,
      "lng": 11.6833333
    },
    {
      "cityName": "Mai Dakin Sama",
      "lat": 7.7833333,
      "lng": 10.0333333
    },
    {
      "cityName": "Mai Fula",
      "lat": 8,
      "lng": 11
    },
    {
      "cityName": "Mai Gandi",
      "lat": 7.7666667,
      "lng": 11.1
    },
    {
      "cityName": "Mai Gari",
      "lat": 7.9666667,
      "lng": 10.8666667
    },
    {
      "cityName": "Mai Hula",
      "lat": 7.1666667,
      "lng": 10.8333333
    },
    {
      "cityName": "Mai Idanu",
      "lat": 7.0833333,
      "lng": 11.3666667
    },
    {
      "cityName": "Mai Inoru",
      "lat": 8.1,
      "lng": 12.0166667
    },
    {
      "cityName": "Maikarfi",
      "lat": 7.7333333,
      "lng": 10.4166667
    },
    {
      "cityName": "Mai Kyau",
      "lat": 7.4666667,
      "lng": 10.4666667
    },
    {
      "cityName": "Mailaya",
      "lat": 8.0333333,
      "lng": 11.2166667
    },
    {
      "cityName": "Mai Nyebe",
      "lat": 7.0333333,
      "lng": 11
    },
    {
      "cityName": "Maio Yim",
      "lat": 7.8,
      "lng": 11.7
    },
    {
      "cityName": "Mai Panpo",
      "lat": 7.9333333,
      "lng": 10.9833333
    },
    {
      "cityName": "Mai Saje",
      "lat": 7.3833333,
      "lng": 10.6333333
    },
    {
      "cityName": "Maisamari",
      "lat": 7.8333333,
      "lng": 10.95
    },
    {
      "cityName": "Mai Sango",
      "lat": 7.2166667,
      "lng": 10.6666667
    },
    {
      "cityName": "Maisemari",
      "lat": 8.35,
      "lng": 11.0833333
    },
    {
      "cityName": "Mai Sera",
      "lat": 7.0833333,
      "lng": 11.3333333
    },
    {
      "cityName": "Mai Shera",
      "lat": 7.2166667,
      "lng": 10.7
    },
    {
      "cityName": "Maisuma",
      "lat": 7.8,
      "lng": 11.1
    },
    {
      "cityName": "Mai Wuya",
      "lat": 7.0333333,
      "lng": 10.4666667
    },
    {
      "cityName": "Maiyanga",
      "lat": 7.0166667,
      "lng": 10.75
    },
    {
      "cityName": "Maizobe",
      "lat": 7.8166667,
      "lng": 11.2166667
    },
    {
      "cityName": "Makeri",
      "lat": 7.0666667,
      "lng": 10.7
    },
    {
      "cityName": "Maki",
      "lat": 7.4166667,
      "lng": 10.1166667
    },
    {
      "cityName": "Makudu",
      "lat": 7.3166667,
      "lng": 10.4166667
    },
    {
      "cityName": "Mallam Kari",
      "lat": 7.9833333,
      "lng": 10.8333333
    },
    {
      "cityName": "Mallam Yaro",
      "lat": 8.1166667,
      "lng": 10.6833333
    },
    {
      "cityName": "Maluanti",
      "lat": 7.4166667,
      "lng": 10.0166667
    },
    {
      "cityName": "Mamam",
      "lat": 7.5833333,
      "lng": 11.5166667
    },
    {
      "cityName": "Mamman",
      "lat": 7.2166667,
      "lng": 10.65
    },
    {
      "cityName": "Manya",
      "lat": 7.3166667,
      "lng": 10.25
    },
    {
      "cityName": "Manza",
      "lat": 7.5833333,
      "lng": 11.6
    },
    {
      "cityName": "Manzu",
      "lat": 7.2833333,
      "lng": 10.1333333
    },
    {
      "cityName": "Mararaba",
      "lat": 7.5,
      "lng": 10.3666667
    },
    {
      "cityName": "Masabiu",
      "lat": 7.0166667,
      "lng": 10.7833333
    },
    {
      "cityName": "Mashayi",
      "lat": 7.1333333,
      "lng": 10.9333333
    },
    {
      "cityName": "Maya",
      "lat": 8.2,
      "lng": 11.2333333
    },
    {
      "cityName": "Mayilim",
      "lat": 7.5833333,
      "lng": 11.65
    },
    {
      "cityName": "Mayo Baji",
      "lat": 8,
      "lng": 11.8333333
    },
    {
      "cityName": "Mayo Brum",
      "lat": 7.65,
      "lng": 11.5666667
    },
    {
      "cityName": "Mayo Butale",
      "lat": 7.9833333,
      "lng": 11.9833333
    },
    {
      "cityName": "Mayo Daga",
      "lat": 6.9166667,
      "lng": 11.4333333
    },
    {
      "cityName": "Mayo Dim",
      "lat": 7.3333333,
      "lng": 11.5833333
    },
    {
      "cityName": "Mayo Fundam",
      "lat": 7.2166667,
      "lng": 11.2
    },
    {
      "cityName": "Mayo Habe",
      "lat": 7.75,
      "lng": 11.9666667
    },
    {
      "cityName": "Mayo Hendu",
      "lat": 7.55,
      "lng": 11.3833333
    },
    {
      "cityName": "Mayo Jaa",
      "lat": 7.7166667,
      "lng": 11.8333333
    },
    {
      "cityName": "Mayo Jamtari",
      "lat": 7.7833333,
      "lng": 11.4166667
    },
    {
      "cityName": "Mayo Jarandi",
      "lat": 7.3333333,
      "lng": 11.2
    },
    {
      "cityName": "Mayo Jigawal",
      "lat": 7.15,
      "lng": 11.2833333
    },
    {
      "cityName": "Mayo Juji",
      "lat": 7.4166667,
      "lng": 11.1833333
    },
    {
      "cityName": "Mayo Kom",
      "lat": 8.1333333,
      "lng": 12.05
    },
    {
      "cityName": "Mayo Njim",
      "lat": 7.4333333,
      "lng": 11.3
    },
    {
      "cityName": "Mayo Sabere",
      "lat": 7.0333333,
      "lng": 11.5833333
    },
    {
      "cityName": "Mayo Selbe",
      "lat": 7.2833333,
      "lng": 11.1333333
    },
    {
      "cityName": "Mayo Sumsum",
      "lat": 8,
      "lng": 12.0166667
    },
    {
      "cityName": "Mayo Tolore",
      "lat": 7.0333333,
      "lng": 11.3833333
    },
    {
      "cityName": "Mayo Yum",
      "lat": 7.4666667,
      "lng": 11.5166667
    },
    {
      "cityName": "Mbam",
      "lat": 7.0166667,
      "lng": 11.3833333
    },
    {
      "cityName": "Mbamnga",
      "lat": 6.6166667,
      "lng": 11.2166667
    },
    {
      "cityName": "Mbarka Manga",
      "lat": 6.7166667,
      "lng": 11.5333333
    },
    {
      "cityName": "Mbar",
      "lat": 6.6,
      "lng": 11.1666667
    },
    {
      "cityName": "Mbesa",
      "lat": 7.0833333,
      "lng": 10.6833333
    },
    {
      "cityName": "Mbese",
      "lat": 7.1333333,
      "lng": 10.65
    },
    {
      "cityName": "Mbunti",
      "lat": 7.7833333,
      "lng": 11.0666667
    },
    {
      "cityName": "Mbusa",
      "lat": 7.7,
      "lng": 9.9166667
    },
    {
      "cityName": "Meiki",
      "lat": 7.3333333,
      "lng": 10.15
    },
    {
      "cityName": "Memtani",
      "lat": 8.1333333,
      "lng": 12.0166667
    },
    {
      "cityName": "Metap",
      "lat": 7.5166667,
      "lng": 11.3
    },
    {
      "cityName": "Miji Dadi",
      "lat": 7.5833333,
      "lng": 11.6333333
    },
    {
      "cityName": "Mijindaadi",
      "lat": 7.5333333,
      "lng": 10.2166667
    },
    {
      "cityName": "Mindi",
      "lat": 7.7,
      "lng": 10.1833333
    },
    {
      "cityName": "Msondo",
      "lat": 7.7333333,
      "lng": 10.15
    },
    {
      "cityName": "Mude",
      "lat": 7.8,
      "lng": 11.2
    },
    {
      "cityName": "Muji",
      "lat": 7.2666667,
      "lng": 10.0833333
    },
    {
      "cityName": "Murg",
      "lat": 7.85,
      "lng": 10.8666667
    },
    {
      "cityName": "Murna Chehu",
      "lat": 8.4,
      "lng": 11.0833333
    },
    {
      "cityName": "Musa",
      "lat": 7.1,
      "lng": 10.9833333
    },
    {
      "cityName": "Mutumbiyu",
      "lat": 7.2666667,
      "lng": 10.6
    },
    {
      "cityName": "Nabayi",
      "lat": 8.5333333,
      "lng": 10.7
    },
    {
      "cityName": "Nafuche",
      "lat": 8.3,
      "lng": 10.4833333
    },
    {
      "cityName": "Nahuta",
      "lat": 8.0666667,
      "lng": 11.0166667
    },
    {
      "cityName": "Naka",
      "lat": 7.3666667,
      "lng": 10
    },
    {
      "cityName": "Nakoda",
      "lat": 7.2166667,
      "lng": 11.1
    },
    {
      "cityName": "Nama Gangere",
      "lat": 7.1,
      "lng": 10.6833333
    },
    {
      "cityName": "Nanguru",
      "lat": 8.25,
      "lng": 10.55
    },
    {
      "cityName": "Nasarawa",
      "lat": 8.4166667,
      "lng": 10.3833333
    },
    {
      "cityName": "Nasawa",
      "lat": 7.7166667,
      "lng": 10.0333333
    },
    {
      "cityName": "Nasiri",
      "lat": 8.2,
      "lng": 12.0666667
    },
    {
      "cityName": "Nbada",
      "lat": 7.3666667,
      "lng": 10.1333333
    },
    {
      "cityName": "Nbaume",
      "lat": 7.4,
      "lng": 10.0666667
    },
    {
      "cityName": "Ndaforo",
      "lat": 7.2,
      "lng": 10.6166667
    },
    {
      "cityName": "Ndakagbara",
      "lat": 7,
      "lng": 10.2833333
    },
    {
      "cityName": "Ndambazau",
      "lat": 8.5,
      "lng": 10.5833333
    },
    {
      "cityName": "Ndekwe",
      "lat": 7.1166667,
      "lng": 10
    },
    {
      "cityName": "Ndombo Sama",
      "lat": 7.1,
      "lng": 10.9333333
    },
    {
      "cityName": "Ngbebe",
      "lat": 7.8333333,
      "lng": 10
    },
    {
      "cityName": "Ngelforo",
      "lat": 7.0166667,
      "lng": 11.1166667
    },
    {
      "cityName": "Ngel Nyaki",
      "lat": 7.0666667,
      "lng": 11.0666667
    },
    {
      "cityName": "Ngikar",
      "lat": 6.7666667,
      "lng": 11.1166667
    },
    {
      "cityName": "Ngubin",
      "lat": 6.8333333,
      "lng": 11.25
    },
    {
      "cityName": "Nguga",
      "lat": 7.65,
      "lng": 10.0333333
    },
    {
      "cityName": "Ngurore",
      "lat": 7.85,
      "lng": 11.0333333
    },
    {
      "cityName": "Nissin",
      "lat": 7.4666667,
      "lng": 10.3333333
    },
    {
      "cityName": "Njebi",
      "lat": 7.1833333,
      "lng": 11.0833333
    },
    {
      "cityName": "Njeke",
      "lat": 6.9166667,
      "lng": 11.3833333
    },
    {
      "cityName": "Njida Garua",
      "lat": 7.2166667,
      "lng": 11.0666667
    },
    {
      "cityName": "Njiddawo",
      "lat": 8.3666667,
      "lng": 10.5166667
    },
    {
      "cityName": "Nomhwange",
      "lat": 7.3333333,
      "lng": 10.0833333
    },
    {
      "cityName": "Nomyugh",
      "lat": 7.5,
      "lng": 10.0833333
    },
    {
      "cityName": "Norjajo",
      "lat": 7.5666667,
      "lng": 10.15
    },
    {
      "cityName": "Nor",
      "lat": 7.7333333,
      "lng": 10.1666667
    },
    {
      "cityName": "Nukpo",
      "lat": 7.5166667,
      "lng": 10.55
    },
    {
      "cityName": "Nungkwam",
      "lat": 7.7833333,
      "lng": 11.1
    },
    {
      "cityName": "Nver",
      "lat": 6.6833333,
      "lng": 11.6666667
    },
    {
      "cityName": "Nyabar",
      "lat": 7.6166667,
      "lng": 11.4166667
    },
    {
      "cityName": "Nyabe",
      "lat": 7.4,
      "lng": 10.3
    },
    {
      "cityName": "Nyakuri",
      "lat": 8.3,
      "lng": 11.2333333
    },
    {
      "cityName": "Nyakwe",
      "lat": 7.1166667,
      "lng": 10.8833333
    },
    {
      "cityName": "Nyamata Manda",
      "lat": 8.4833333,
      "lng": 10.9333333
    },
    {
      "cityName": "Nyankola",
      "lat": 8.2,
      "lng": 10.0166667
    },
    {
      "cityName": "Nyasikasi",
      "lat": 7.8333333,
      "lng": 11.6333333
    },
    {
      "cityName": "Nyazo",
      "lat": 7.0666667,
      "lng": 10.05
    },
    {
      "cityName": "Nyibango",
      "lat": 7.8166667,
      "lng": 11.3333333
    },
    {
      "cityName": "Nyido",
      "lat": 7.1,
      "lng": 10.1
    },
    {
      "cityName": "Nyigan",
      "lat": 7.2833333,
      "lng": 10.7166667
    },
    {
      "cityName": "Nyikwagh",
      "lat": 7.8666667,
      "lng": 10.8
    },
    {
      "cityName": "Nyita",
      "lat": 7.4166667,
      "lng": 10.3
    },
    {
      "cityName": "Nyiti",
      "lat": 7.1666667,
      "lng": 10.15
    },
    {
      "cityName": "Nyityo",
      "lat": 7.4333333,
      "lng": 10.1333333
    },
    {
      "cityName": "Ovor",
      "lat": 7.8333333,
      "lng": 10.2166667
    },
    {
      "cityName": "Pangri",
      "lat": 8.1333333,
      "lng": 10.9833333
    },
    {
      "cityName": "Panwai",
      "lat": 7.8166667,
      "lng": 11.1166667
    },
    {
      "cityName": "Pashimbe",
      "lat": 7.2666667,
      "lng": 10.1833333
    },
    {
      "cityName": "Pasoki",
      "lat": 7.8166667,
      "lng": 10.35
    },
    {
      "cityName": "Peneru",
      "lat": 7.65,
      "lng": 10.1166667
    },
    {
      "cityName": "Rafin Kada",
      "lat": 7.7166667,
      "lng": 9.8833333
    },
    {
      "cityName": "Rorel Burle",
      "lat": 7.0166667,
      "lng": 11.2333333
    },
    {
      "cityName": "Saadu",
      "lat": 8.3,
      "lng": 11.0333333
    },
    {
      "cityName": "Saa",
      "lat": 7.3166667,
      "lng": 10.0833333
    },
    {
      "cityName": "Sababbin Samari",
      "lat": 8.3333333,
      "lng": 11.1166667
    },
    {
      "cityName": "Sabon Dale",
      "lat": 7.9166667,
      "lng": 10.9833333
    },
    {
      "cityName": "Sabon Gari",
      "lat": 7.95,
      "lng": 11.9166667
    },
    {
      "cityName": "Sabon Gida Mai Suna",
      "lat": 7.4833333,
      "lng": 10.5
    },
    {
      "cityName": "Sabon Gida",
      "lat": 7.4666667,
      "lng": 10.3666667
    },
    {
      "cityName": "Sabon Gida Tati",
      "lat": 7.2833333,
      "lng": 10.15
    },
    {
      "cityName": "Sabon Gida Tukura",
      "lat": 7.35,
      "lng": 10.5
    },
    {
      "cityName": "Sai",
      "lat": 7.5666667,
      "lng": 9.9
    },
    {
      "cityName": "Sakpan",
      "lat": 8.25,
      "lng": 11.3833333
    },
    {
      "cityName": "Sakpa",
      "lat": 7.95,
      "lng": 10.0166667
    },
    {
      "cityName": "Salama",
      "lat": 7.2166667,
      "lng": 10.6333333
    },
    {
      "cityName": "Salihu",
      "lat": 7.2333333,
      "lng": 10.5666667
    },
    {
      "cityName": "Samaya",
      "lat": 7.55,
      "lng": 10.0833333
    },
    {
      "cityName": "Sandaru",
      "lat": 8.5,
      "lng": 10.7166667
    },
    {
      "cityName": "Sanganare",
      "lat": 8.0666667,
      "lng": 12.0166667
    },
    {
      "cityName": "Sangeri",
      "lat": 7.2666667,
      "lng": 10.1333333
    },
    {
      "cityName": "Sansani",
      "lat": 8.1166667,
      "lng": 10.9833333
    },
    {
      "cityName": "Sansanne",
      "lat": 8.4,
      "lng": 10.15
    },
    {
      "cityName": "Sansan",
      "lat": 7.2166667,
      "lng": 10.1333333
    },
    {
      "cityName": "Sarakin Bokka",
      "lat": 7.2666667,
      "lng": 10.65
    },
    {
      "cityName": "Sardauna",
      "lat": 7.2666667,
      "lng": 10.0666667
    },
    {
      "cityName": "Sarkin Baka",
      "lat": 7.7833333,
      "lng": 10.3166667
    },
    {
      "cityName": "Sarkin Danko",
      "lat": 7.6,
      "lng": 10.7
    },
    {
      "cityName": "Sarkin Dutse",
      "lat": 7.9666667,
      "lng": 10.8833333
    },
    {
      "cityName": "Sarkin Karofi",
      "lat": 8.4833333,
      "lng": 10.7833333
    },
    {
      "cityName": "Sarkin Kudu",
      "lat": 7.25,
      "lng": 10.35
    },
    {
      "cityName": "Sarkin Noma",
      "lat": 8.3333333,
      "lng": 11.1333333
    },
    {
      "cityName": "Sasa Kere",
      "lat": 8.1166667,
      "lng": 12.1
    },
    {
      "cityName": "Serti",
      "lat": 7.5,
      "lng": 11.3666667
    },
    {
      "cityName": "Shamaki",
      "lat": 7.0166667,
      "lng": 10.1
    },
    {
      "cityName": "Shanengem",
      "lat": 7.3833333,
      "lng": 10.1333333
    },
    {
      "cityName": "Shehla",
      "lat": 7.2166667,
      "lng": 11.0166667
    },
    {
      "cityName": "Shekusum",
      "lat": 8.1166667,
      "lng": 11.1333333
    },
    {
      "cityName": "Shemeli",
      "lat": 7.7666667,
      "lng": 11.7333333
    },
    {
      "cityName": "Shinkafa",
      "lat": 7.25,
      "lng": 10.0333333
    },
    {
      "cityName": "Shinsham",
      "lat": 7.6166667,
      "lng": 11.15
    },
    {
      "cityName": "Shinye",
      "lat": 8.2666667,
      "lng": 9.7666667
    },
    {
      "cityName": "Shoho",
      "lat": 7.85,
      "lng": 10.05
    },
    {
      "cityName": "Shuwaka",
      "lat": 7.3833333,
      "lng": 10.8
    },
    {
      "cityName": "Shuwa",
      "lat": 8.4,
      "lng": 11.0666667
    },
    {
      "cityName": "Sinam",
      "lat": 7.7666667,
      "lng": 11.2166667
    },
    {
      "cityName": "Sinbon",
      "lat": 7.7833333,
      "lng": 11.2666667
    },
    {
      "cityName": "Sita",
      "lat": 7.1,
      "lng": 10.1666667
    },
    {
      "cityName": "Soki",
      "lat": 7.3666667,
      "lng": 10.2333333
    },
    {
      "cityName": "Songeli",
      "lat": 7.9166667,
      "lng": 11.6666667
    },
    {
      "cityName": "Spamatsu",
      "lat": 7.5166667,
      "lng": 10.1666667
    },
    {
      "cityName": "Sunkuru",
      "lat": 7.4666667,
      "lng": 10.85
    },
    {
      "cityName": "Suntai Bakundi",
      "lat": 7.6,
      "lng": 10.4
    },
    {
      "cityName": "Suntai",
      "lat": 7.9,
      "lng": 10.3833333
    },
    {
      "cityName": "Supen",
      "lat": 8,
      "lng": 11.5833333
    },
    {
      "cityName": "Tafida Gwani",
      "lat": 8.2333333,
      "lng": 11.1166667
    },
    {
      "cityName": "Takum",
      "lat": 7.2666667,
      "lng": 9.9833333
    },
    {
      "cityName": "Tame",
      "lat": 7.3333333,
      "lng": 10.0666667
    },
    {
      "cityName": "Tamian",
      "lat": 6.5333333,
      "lng": 11.2333333
    },
    {
      "cityName": "Tanadone",
      "lat": 7.1333333,
      "lng": 10.6833333
    },
    {
      "cityName": "Tandabikum",
      "lat": 7.2166667,
      "lng": 10.1833333
    },
    {
      "cityName": "Tangbula",
      "lat": 7.85,
      "lng": 10.3
    },
    {
      "cityName": "Tanjo",
      "lat": 6.8,
      "lng": 10.9666667
    },
    {
      "cityName": "Tanko",
      "lat": 7.3,
      "lng": 10.85
    },
    {
      "cityName": "Tarhembe",
      "lat": 7.3333333,
      "lng": 10.1
    },
    {
      "cityName": "Tatindoro",
      "lat": 7.3666667,
      "lng": 10.4833333
    },
    {
      "cityName": "Tegisiv",
      "lat": 7.2166667,
      "lng": 10.15
    },
    {
      "cityName": "Timbangor",
      "lat": 7.7166667,
      "lng": 11.8
    },
    {
      "cityName": "Timbila",
      "lat": 7.9666667,
      "lng": 11.6166667
    },
    {
      "cityName": "Timoke",
      "lat": 7.4166667,
      "lng": 10.5166667
    },
    {
      "cityName": "Tipsan",
      "lat": 7.8833333,
      "lng": 12.0333333
    },
    {
      "cityName": "Tissa",
      "lat": 7.4166667,
      "lng": 10.2666667
    },
    {
      "cityName": "Titong",
      "lat": 6.7833333,
      "lng": 11.4166667
    },
    {
      "cityName": "Tobdiri",
      "lat": 8.1833333,
      "lng": 11.4833333
    },
    {
      "cityName": "Tongopetel",
      "lat": 7.9,
      "lng": 11.6
    },
    {
      "cityName": "Tornyi",
      "lat": 7.3666667,
      "lng": 10.1166667
    },
    {
      "cityName": "Tor Ruwam",
      "lat": 7.8833333,
      "lng": 10.0833333
    },
    {
      "cityName": "Tosso",
      "lat": 6.9166667,
      "lng": 10.2333333
    },
    {
      "cityName": "Totondo",
      "lat": 7.9,
      "lng": 10.9833333
    },
    {
      "cityName": "Tsepian",
      "lat": 7.5833333,
      "lng": 10.0166667
    },
    {
      "cityName": "Tsewende",
      "lat": 7.5666667,
      "lng": 10.0166667
    },
    {
      "cityName": "Tshemba",
      "lat": 7.85,
      "lng": 10.3833333
    },
    {
      "cityName": "Tsinge",
      "lat": 7.2666667,
      "lng": 10.1
    },
    {
      "cityName": "Tsokundi",
      "lat": 7.8833333,
      "lng": 10.0166667
    },
    {
      "cityName": "Tsukwa",
      "lat": 7.5166667,
      "lng": 10.1833333
    },
    {
      "cityName": "Tudan Wada",
      "lat": 7.1,
      "lng": 10.6666667
    },
    {
      "cityName": "Tudun Wada Bibinu",
      "lat": 7.45,
      "lng": 10.3666667
    },
    {
      "cityName": "Tuduri",
      "lat": 8.1333333,
      "lng": 11.45
    },
    {
      "cityName": "Tukura",
      "lat": 7.3,
      "lng": 10.1333333
    },
    {
      "cityName": "Tukurua",
      "lat": 7.9,
      "lng": 11.3833333
    },
    {
      "cityName": "Tunari",
      "lat": 7.9166667,
      "lng": 10.0666667
    },
    {
      "cityName": "Tunga",
      "lat": 7.05,
      "lng": 10.15
    },
    {
      "cityName": "Tutare",
      "lat": 8.5833333,
      "lng": 10.6833333
    },
    {
      "cityName": "Tutua",
      "lat": 7.1666667,
      "lng": 10.25
    },
    {
      "cityName": "Uba",
      "lat": 7.4333333,
      "lng": 10
    },
    {
      "cityName": "Ugba",
      "lat": 7.7333333,
      "lng": 10.1166667
    },
    {
      "cityName": "Uhembe",
      "lat": 7.3666667,
      "lng": 10.0166667
    },
    {
      "cityName": "Ukari",
      "lat": 7.85,
      "lng": 9.7833333
    },
    {
      "cityName": "Ukum",
      "lat": 7.3833333,
      "lng": 10.1166667
    },
    {
      "cityName": "Ulaade",
      "lat": 7.9833333,
      "lng": 10.6666667
    },
    {
      "cityName": "Umaru",
      "lat": 7.1333333,
      "lng": 10.9833333
    },
    {
      "cityName": "Uro Tukun",
      "lat": 8.05,
      "lng": 9.9
    },
    {
      "cityName": "Usaa",
      "lat": 7.4333333,
      "lng": 10.15
    },
    {
      "cityName": "Useni",
      "lat": 8.15,
      "lng": 12.0666667
    },
    {
      "cityName": "Usuman",
      "lat": 7.2333333,
      "lng": 11.0333333
    },
    {
      "cityName": "Usum",
      "lat": 7.6166667,
      "lng": 10
    },
    {
      "cityName": "Utser",
      "lat": 7.4333333,
      "lng": 10.05
    },
    {
      "cityName": "Vimpera",
      "lat": 7.25,
      "lng": 10.0833333
    },
    {
      "cityName": "Vindir",
      "lat": 7.7666667,
      "lng": 10.1833333
    },
    {
      "cityName": "Wajiri Dungle",
      "lat": 8.0666667,
      "lng": 11.8166667
    },
    {
      "cityName": "Wajiri",
      "lat": 7.2,
      "lng": 11.0666667
    },
    {
      "cityName": "Wakili Buba",
      "lat": 7,
      "lng": 11.1666667
    },
    {
      "cityName": "Wakili Goma",
      "lat": 6.95,
      "lng": 11.1333333
    },
    {
      "cityName": "Wakilin Njeke",
      "lat": 7.0666667,
      "lng": 11.3666667
    },
    {
      "cityName": "Wakili Zupe",
      "lat": 8.3833333,
      "lng": 11.05
    },
    {
      "cityName": "Wakki Jaleka",
      "lat": 8.3666667,
      "lng": 11.15
    },
    {
      "cityName": "Waldi",
      "lat": 7.3,
      "lng": 10.7333333
    },
    {
      "cityName": "Walur Gadaru",
      "lat": 7.9666667,
      "lng": 11.9666667
    },
    {
      "cityName": "Wamgbe",
      "lat": 7.9666667,
      "lng": 10.0166667
    },
    {
      "cityName": "Waniho",
      "lat": 7.4,
      "lng": 10.0166667
    },
    {
      "cityName": "Wankian",
      "lat": 7.3,
      "lng": 10.15
    },
    {
      "cityName": "Wankunya",
      "lat": 7.45,
      "lng": 10.1666667
    },
    {
      "cityName": "Wansua",
      "lat": 7.5,
      "lng": 10.1
    },
    {
      "cityName": "Wantiya",
      "lat": 8.0666667,
      "lng": 12.1
    },
    {
      "cityName": "Warkaka",
      "lat": 6.5333333,
      "lng": 11.1
    },
    {
      "cityName": "Wassagi",
      "lat": 7.45,
      "lng": 10.4333333
    },
    {
      "cityName": "Wotire",
      "lat": 7.8166667,
      "lng": 10
    },
    {
      "cityName": "Wurbo",
      "lat": 7.9333333,
      "lng": 10.35
    },
    {
      "cityName": "Wurio",
      "lat": 8.4,
      "lng": 10.4833333
    },
    {
      "cityName": "Wurno",
      "lat": 8.2666667,
      "lng": 10.5666667
    },
    {
      "cityName": "Wuro Abdullahi",
      "lat": 8.0333333,
      "lng": 10.2166667
    },
    {
      "cityName": "Wuro Adamu",
      "lat": 8.3666667,
      "lng": 11.1666667
    },
    {
      "cityName": "Wuro Babam",
      "lat": 8.1,
      "lng": 12.0833333
    },
    {
      "cityName": "Wuro Dogari",
      "lat": 8.35,
      "lng": 11.2166667
    },
    {
      "cityName": "Wuro Dogo",
      "lat": 8.3833333,
      "lng": 11.15
    },
    {
      "cityName": "Wuro Faluku",
      "lat": 7.8666667,
      "lng": 11.4833333
    },
    {
      "cityName": "Wuro Gole",
      "lat": 7.2,
      "lng": 11.0833333
    },
    {
      "cityName": "Wuro Jam",
      "lat": 8.4833333,
      "lng": 10.25
    },
    {
      "cityName": "Wurojan",
      "lat": 7.2833333,
      "lng": 10.5833333
    },
    {
      "cityName": "Wuro Jatau",
      "lat": 7.9833333,
      "lng": 11.5166667
    },
    {
      "cityName": "Wuro Kela",
      "lat": 8.3333333,
      "lng": 11.2333333
    },
    {
      "cityName": "Wuro Lawan",
      "lat": 8.1,
      "lng": 10.7166667
    },
    {
      "cityName": "Wuro Masenger",
      "lat": 8.2666667,
      "lng": 11.0666667
    },
    {
      "cityName": "Wuro Shakau",
      "lat": 8.5,
      "lng": 10.2833333
    },
    {
      "cityName": "Wutile",
      "lat": 8.1333333,
      "lng": 12
    },
    {
      "cityName": "Yamsa Achilo",
      "lat": 7.05,
      "lng": 10.05
    },
    {
      "cityName": "Yamusa",
      "lat": 6.8666667,
      "lng": 9.8666667
    },
    {
      "cityName": "Yarima Tongo",
      "lat": 8.2333333,
      "lng": 11.3333333
    },
    {
      "cityName": "Yausi",
      "lat": 7.3333333,
      "lng": 10.4166667
    },
    {
      "cityName": "Yelwa Babalso",
      "lat": 8.5166667,
      "lng": 10.6833333
    },
    {
      "cityName": "Yelwa",
      "lat": 7.2666667,
      "lng": 10.9166667
    },
    {
      "cityName": "Yerima Jira",
      "lat": 8.3166667,
      "lng": 11.0333333
    },
    {
      "cityName": "Yerimaru",
      "lat": 6.8,
      "lng": 11.05
    },
    {
      "cityName": "Yira Teku",
      "lat": 7.2833333,
      "lng": 10.1166667
    },
    {
      "cityName": "Yirum",
      "lat": 6.9333333,
      "lng": 11.3166667
    },
    {
      "cityName": "Yiwamba",
      "lat": 7.8666667,
      "lng": 10.0666667
    },
    {
      "cityName": "Yofa",
      "lat": 7.8333333,
      "lng": 10.6
    },
    {
      "cityName": "Yoku",
      "lat": 7.4,
      "lng": 10.2166667
    },
    {
      "cityName": "Yola Bodewa",
      "lat": 8.4833333,
      "lng": 10.5666667
    },
    {
      "cityName": "Yola Kareje",
      "lat": 8.4,
      "lng": 10.6
    },
    {
      "cityName": "Yongu",
      "lat": 7.45,
      "lng": 10.0333333
    },
    {
      "cityName": "Yurakwati",
      "lat": 7.2833333,
      "lng": 10.1833333
    },
    {
      "cityName": "Zaga",
      "lat": 7.6833333,
      "lng": 10.4666667
    },
    {
      "cityName": "Zambana",
      "lat": 7.5166667,
      "lng": 10.2166667
    },
    {
      "cityName": "Zambuka",
      "lat": 7.0333333,
      "lng": 10.2
    },
    {
      "cityName": "Zanaka",
      "lat": 7.0166667,
      "lng": 10.1833333
    },
    {
      "cityName": "Zauru",
      "lat": 6.8833333,
      "lng": 9.8666667
    },
    {
      "cityName": "Zongbi",
      "lat": 7.8,
      "lng": 12.0666667
    },
    {
      "cityName": "Zongoagia",
      "lat": 6.9833333,
      "lng": 11.0166667
    },
    {
      "cityName": "Zongo Mata",
      "lat": 7.0333333,
      "lng": 10.95
    },
    {
      "cityName": "Zore",
      "lat": 7.7333333,
      "lng": 11.3333333
    },
    {
      "cityName": "Zudei",
      "lat": 8.3,
      "lng": 10.8
    },
    {
      "cityName": "Zungwe",
      "lat": 7.4833333,
      "lng": 10.1666667
    }
  ]
}