{
  "name": "Bauchi",
  "cities": [
    {
      "cityName": "Abadawa",
      "lat": 10.3833333,
      "lng": 8.7
    },
    {
      "cityName": "Abarchari",
      "lat": 12.1,
      "lng": 10.5666667
    },
    {
      "cityName": "Abore",
      "lat": 11.6166667,
      "lng": 9.7666667
    },
    {
      "cityName": "Abusta",
      "lat": 12.1833333,
      "lng": 10.3833333
    },
    {
      "cityName": "Adamani",
      "lat": 11.4333333,
      "lng": 9.9
    },
    {
      "cityName": "Afoto",
      "lat": 11.6333333,
      "lng": 9.7833333
    },
    {
      "cityName": "Aftaka",
      "lat": 11.35,
      "lng": 10.4666667
    },
    {
      "cityName": "Agaji",
      "lat": 10.6166667,
      "lng": 8.65
    },
    {
      "cityName": "Agusha",
      "lat": 12.1833333,
      "lng": 10.25
    },
    {
      "cityName": "Ajangara",
      "lat": 11.45,
      "lng": 9.9666667
    },
    {
      "cityName": "Ajikemai",
      "lat": 8.6833333,
      "lng": 9.6666667
    },
    {
      "cityName": "Ajili",
      "lat": 11.3166667,
      "lng": 10.5166667
    },
    {
      "cityName": "Akwiam",
      "lat": 11.4666667,
      "lng": 10.6166667
    },
    {
      "cityName": "Alayidi",
      "lat": 11.4333333,
      "lng": 10.4666667
    },
    {
      "cityName": "Algarna",
      "lat": 11.6166667,
      "lng": 9.7166667
    },
    {
      "cityName": "Alhajiri",
      "lat": 11.3333333,
      "lng": 10.3833333
    },
    {
      "cityName": "Alkalere",
      "lat": 10.2694444,
      "lng": 10.3361111
    },
    {
      "cityName": "Amar",
      "lat": 8.6833333,
      "lng": 10.3666667
    },
    {
      "cityName": "Amawa",
      "lat": 10.2833333,
      "lng": 8.6666667
    },
    {
      "cityName": "Amon Kasa Bisa",
      "lat": 10.2333333,
      "lng": 8.65
    },
    {
      "cityName": "Ampan",
      "lat": 9.3666667,
      "lng": 9.55
    },
    {
      "cityName": "Amper",
      "lat": 9.35,
      "lng": 9.7
    },
    {
      "cityName": "Anafari",
      "lat": 11.5833333,
      "lng": 9.8666667
    },
    {
      "cityName": "Andelewa",
      "lat": 11.8166667,
      "lng": 9.7666667
    },
    {
      "cityName": "Andubu",
      "lat": 11.55,
      "lng": 9.8166667
    },
    {
      "cityName": "Angawan Kutari",
      "lat": 10.6333333,
      "lng": 10.1833333
    },
    {
      "cityName": "Anguri",
      "lat": 9.6988889,
      "lng": 10.2744444
    },
    {
      "cityName": "Anguwan Ari",
      "lat": 10.8833333,
      "lng": 9.8333333
    },
    {
      "cityName": "Anguwan Dabo",
      "lat": 9.65,
      "lng": 9.7166667
    },
    {
      "cityName": "Anguwan Digawa",
      "lat": 11.0333333,
      "lng": 9.65
    },
    {
      "cityName": "Anguwan Dirti",
      "lat": 9.9666667,
      "lng": 9.7666667
    },
    {
      "cityName": "Anguwan Galadima",
      "lat": 9.6166667,
      "lng": 9.7166667
    },
    {
      "cityName": "Anguwan Gumeru",
      "lat": 10.7833333,
      "lng": 9.7833333
    },
    {
      "cityName": "Anguwan Gwaldabu",
      "lat": 10.5833333,
      "lng": 9.9
    },
    {
      "cityName": "Anguwan Maizamani",
      "lat": 10.2166667,
      "lng": 9.5166667
    },
    {
      "cityName": "Anguwan Mallam Alkali",
      "lat": 10.7,
      "lng": 10.4833333
    },
    {
      "cityName": "Anguwan Wawa",
      "lat": 10.6333333,
      "lng": 9.7333333
    },
    {
      "cityName": "Anguwar Bawa",
      "lat": 10.4333333,
      "lng": 8.65
    },
    {
      "cityName": "Anguwar Kotci",
      "lat": 10.4333333,
      "lng": 8.6
    },
    {
      "cityName": "Anguwar Sarkin Yaki Polchi",
      "lat": 10.15,
      "lng": 9.6166667
    },
    {
      "cityName": "Anun",
      "lat": 9.6166667,
      "lng": 9.7833333
    },
    {
      "cityName": "Arabana",
      "lat": 11.3333333,
      "lng": 10.3
    },
    {
      "cityName": "Arawa",
      "lat": 10.2833333,
      "lng": 10.4166667
    },
    {
      "cityName": "Aria",
      "lat": 12.2166667,
      "lng": 10.3333333
    },
    {
      "cityName": "Ari",
      "lat": 11.05,
      "lng": 9.5333333
    },
    {
      "cityName": "Asburbum",
      "lat": 12.4333333,
      "lng": 10.3333333
    },
    {
      "cityName": "Asoke",
      "lat": 12.2166667,
      "lng": 10.2666667
    },
    {
      "cityName": "Azare",
      "lat": 11.6783333,
      "lng": 10.1919444
    },
    {
      "cityName": "Azendi",
      "lat": 10.2,
      "lng": 8.5666667
    },
    {
      "cityName": "Babaye",
      "lat": 11.3166667,
      "lng": 10.6333333
    },
    {
      "cityName": "Badagari",
      "lat": 10.05,
      "lng": 9.7333333
    },
    {
      "cityName": "Badakoshi",
      "lat": 10.55,
      "lng": 10.0166667
    },
    {
      "cityName": "Badara",
      "lat": 10.35,
      "lng": 10.3666667
    },
    {
      "cityName": "Badawari",
      "lat": 10.2833333,
      "lng": 10.3666667
    },
    {
      "cityName": "Badayeso",
      "lat": 11.1,
      "lng": 9.6833333
    },
    {
      "cityName": "Bad",
      "lat": 9.6,
      "lng": 9.8666667
    },
    {
      "cityName": "Badikko",
      "lat": 10.1666667,
      "lng": 9.1
    },
    {
      "cityName": "Badni",
      "lat": 9.6,
      "lng": 9.3
    },
    {
      "cityName": "Badsweni",
      "lat": 11.6833333,
      "lng": 9.7666667
    },
    {
      "cityName": "Bagali",
      "lat": 10.25,
      "lng": 10.0333333
    },
    {
      "cityName": "Bagam",
      "lat": 12.3719444,
      "lng": 10.5497222
    },
    {
      "cityName": "Bagau",
      "lat": 11.4666667,
      "lng": 9.9666667
    },
    {
      "cityName": "Bagel",
      "lat": 10.05,
      "lng": 9.6
    },
    {
      "cityName": "Baggawo",
      "lat": 11.4833333,
      "lng": 10.4333333
    },
    {
      "cityName": "Bahawa",
      "lat": 10.6,
      "lng": 8.7166667
    },
    {
      "cityName": "Baino",
      "lat": 11.4666667,
      "lng": 10.9333333
    },
    {
      "cityName": "Baiya",
      "lat": 10.8,
      "lng": 10.0333333
    },
    {
      "cityName": "Bajoga",
      "lat": 10.3166667,
      "lng": 9.95
    },
    {
      "cityName": "Bakata",
      "lat": 11.8833333,
      "lng": 10.6
    },
    {
      "cityName": "Bakin Dutse",
      "lat": 9.9666667,
      "lng": 10.1833333
    },
    {
      "cityName": "Bakin Kogi",
      "lat": 10.0833333,
      "lng": 10.35
    },
    {
      "cityName": "Bakodak",
      "lat": 9.7166667,
      "lng": 9.5833333
    },
    {
      "cityName": "Bakunawa",
      "lat": 10.7833333,
      "lng": 10.3833333
    },
    {
      "cityName": "Bakwari",
      "lat": 9.6333333,
      "lng": 10.7166667
    },
    {
      "cityName": "Bala",
      "lat": 10.6,
      "lng": 10.4333333
    },
    {
      "cityName": "Balijan",
      "lat": 11.3166667,
      "lng": 9.9666667
    },
    {
      "cityName": "Balo",
      "lat": 10.1333333,
      "lng": 8.5666667
    },
    {
      "cityName": "Baltap",
      "lat": 9.0166667,
      "lng": 9.5833333
    },
    {
      "cityName": "Bambiyo",
      "lat": 11.3833333,
      "lng": 10.25
    },
    {
      "cityName": "Banga",
      "lat": 11.1333333,
      "lng": 9.1666667
    },
    {
      "cityName": "Bangalela",
      "lat": 8.9,
      "lng": 10.4833333
    },
    {
      "cityName": "Banga Luri",
      "lat": 10.6666667,
      "lng": 10.4666667
    },
    {
      "cityName": "Bangarati",
      "lat": 11.2833333,
      "lng": 10.4666667
    },
    {
      "cityName": "Bangontama",
      "lat": 10.6,
      "lng": 8.9833333
    },
    {
      "cityName": "Bangwelli",
      "lat": 10.35,
      "lng": 9.15
    },
    {
      "cityName": "Barakin Dawa",
      "lat": 10.4333333,
      "lng": 8.9833333
    },
    {
      "cityName": "Barakin French",
      "lat": 10.45,
      "lng": 8.9666667
    },
    {
      "cityName": "Barakin Kaya",
      "lat": 9.4833333,
      "lng": 9.45
    },
    {
      "cityName": "Barakin Limoro",
      "lat": 10.2333333,
      "lng": 8.9333333
    },
    {
      "cityName": "Barakin Yelwa Rishi",
      "lat": 10.4666667,
      "lng": 8.95
    },
    {
      "cityName": "Baram",
      "lat": 10.2,
      "lng": 9.7166667
    },
    {
      "cityName": "Barayi",
      "lat": 10.8333333,
      "lng": 8.95
    },
    {
      "cityName": "Bar",
      "lat": 9.9,
      "lng": 9.7
    },
    {
      "cityName": "Bargar",
      "lat": 10.1166667,
      "lng": 9.1333333
    },
    {
      "cityName": "Barkaya",
      "lat": 10.5166667,
      "lng": 9.8666667
    },
    {
      "cityName": "Barnawa",
      "lat": 11.5666667,
      "lng": 9.9833333
    },
    {
      "cityName": "Baru Babba",
      "lat": 9.95,
      "lng": 10.0666667
    },
    {
      "cityName": "Basirka",
      "lat": 11.15,
      "lng": 10.3333333
    },
    {
      "cityName": "Batal",
      "lat": 9.85,
      "lng": 9.85
    },
    {
      "cityName": "Batal Sama",
      "lat": 9.8666667,
      "lng": 9.85
    },
    {
      "cityName": "Batu",
      "lat": 10.8833333,
      "lng": 9.45
    },
    {
      "cityName": "Bauchi",
      "lat": 10.3158333,
      "lng": 9.8441667
    },
    {
      "cityName": "Bauda",
      "lat": 10.2666667,
      "lng": 8.7166667
    },
    {
      "cityName": "Bauna",
      "lat": 12.0166667,
      "lng": 10.5333333
    },
    {
      "cityName": "Bauri",
      "lat": 12.0333333,
      "lng": 9.9333333
    },
    {
      "cityName": "Bawa",
      "lat": 10.6833333,
      "lng": 10.5
    },
    {
      "cityName": "Bawari",
      "lat": 11.3833333,
      "lng": 10.4666667
    },
    {
      "cityName": "Bayan Dutse",
      "lat": 11.0166667,
      "lng": 9.9
    },
    {
      "cityName": "Bayara",
      "lat": 10.2166667,
      "lng": 9.7333333
    },
    {
      "cityName": "Bayawo",
      "lat": 11.3166667,
      "lng": 10.4
    },
    {
      "cityName": "Bela",
      "lat": 11.4166667,
      "lng": 10.05
    },
    {
      "cityName": "Belako",
      "lat": 11.6,
      "lng": 10.5833333
    },
    {
      "cityName": "Beli Kadiyel",
      "lat": 10.5833333,
      "lng": 10.5666667
    },
    {
      "cityName": "Belnin",
      "lat": 9.2,
      "lng": 9.4166667
    },
    {
      "cityName": "Beni",
      "lat": 10.45,
      "lng": 10.4
    },
    {
      "cityName": "Beti",
      "lat": 11.25,
      "lng": 10.4
    },
    {
      "cityName": "Bichiki",
      "lat": 10.25,
      "lng": 9.6166667
    },
    {
      "cityName": "Bigi",
      "lat": 10.25,
      "lng": 9.85
    },
    {
      "cityName": "Bijim",
      "lat": 9.55,
      "lng": 9.45
    },
    {
      "cityName": "Bijimi",
      "lat": 10.5833333,
      "lng": 8.8
    },
    {
      "cityName": "Bilsin",
      "lat": 9.5,
      "lng": 9.75
    },
    {
      "cityName": "Bingi",
      "lat": 10.95,
      "lng": 10.3833333
    },
    {
      "cityName": "Birgi",
      "lat": 10.4,
      "lng": 9.1
    },
    {
      "cityName": "Biri",
      "lat": 10.6666667,
      "lng": 9.8333333
    },
    {
      "cityName": "Birikincha",
      "lat": 12.0833333,
      "lng": 10.3666667
    },
    {
      "cityName": "Birim",
      "lat": 10.0666667,
      "lng": 10
    },
    {
      "cityName": "Birizi",
      "lat": 10.1166667,
      "lng": 9.1666667
    },
    {
      "cityName": "Birjin Gwanki",
      "lat": 10.75,
      "lng": 8.85
    },
    {
      "cityName": "Birnin Mailafia",
      "lat": 10.7833333,
      "lng": 9.0666667
    },
    {
      "cityName": "Birnin Rijiy",
      "lat": 9.0166667,
      "lng": 10
    },
    {
      "cityName": "Birshi",
      "lat": 10.25,
      "lng": 9.8
    },
    {
      "cityName": "Bishi",
      "lat": 10.25,
      "lng": 10.1
    },
    {
      "cityName": "Bishiwai",
      "lat": 10.4833333,
      "lng": 8.8666667
    },
    {
      "cityName": "Bodinga",
      "lat": 11.5833333,
      "lng": 9.9666667
    },
    {
      "cityName": "Bogoro",
      "lat": 9.65,
      "lng": 9.6166667
    },
    {
      "cityName": "Bogwas",
      "lat": 9.5666667,
      "lng": 10.4833333
    },
    {
      "cityName": "Boi",
      "lat": 9.5683333,
      "lng": 9.4952778
    },
    {
      "cityName": "Bokoki",
      "lat": 10.3833333,
      "lng": 9.05
    },
    {
      "cityName": "Boli",
      "lat": 10.5666667,
      "lng": 10.4666667
    },
    {
      "cityName": "Bombata",
      "lat": 11.75,
      "lng": 9.9333333
    },
    {
      "cityName": "Bonamari",
      "lat": 12.2666667,
      "lng": 10.5833333
    },
    {
      "cityName": "Bonga",
      "lat": 10.0666667,
      "lng": 10.3833333
    },
    {
      "cityName": "Bonu",
      "lat": 11.6,
      "lng": 10
    },
    {
      "cityName": "Bori",
      "lat": 10.0166667,
      "lng": 10.4666667
    },
    {
      "cityName": "Bornesu",
      "lat": 12.3333333,
      "lng": 10.35
    },
    {
      "cityName": "Bowas",
      "lat": 9.3833333,
      "lng": 10.0333333
    },
    {
      "cityName": "Buda",
      "lat": 10.7,
      "lng": 10.2166667
    },
    {
      "cityName": "Bugun",
      "lat": 9.6333333,
      "lng": 9.7
    },
    {
      "cityName": "Buji",
      "lat": 10.1166667,
      "lng": 8.8333333
    },
    {
      "cityName": "Bukul",
      "lat": 11.35,
      "lng": 9.9333333
    },
    {
      "cityName": "Bula",
      "lat": 10.1022222,
      "lng": 9.6622222
    },
    {
      "cityName": "Bulama",
      "lat": 12.3,
      "lng": 10.6666667
    },
    {
      "cityName": "Bulamari",
      "lat": 10.95,
      "lng": 10.4166667
    },
    {
      "cityName": "Bulanna",
      "lat": 12.3,
      "lng": 10.6333333
    },
    {
      "cityName": "Bulaudo",
      "lat": 11.95,
      "lng": 10.7166667
    },
    {
      "cityName": "Bulawa",
      "lat": 11.4,
      "lng": 10.7666667
    },
    {
      "cityName": "Bulkachuwa",
      "lat": 11.65,
      "lng": 10.5166667
    },
    {
      "cityName": "Bulmari",
      "lat": 10.2833333,
      "lng": 10.5166667
    },
    {
      "cityName": "Bulo",
      "lat": 10.9666667,
      "lng": 10.3666667
    },
    {
      "cityName": "Bulum",
      "lat": 10.8,
      "lng": 9.85
    },
    {
      "cityName": "Bulus",
      "lat": 11.6833333,
      "lng": 10.7666667
    },
    {
      "cityName": "Bulyital",
      "lat": 9.8833333,
      "lng": 9.7
    },
    {
      "cityName": "Bumlar",
      "lat": 9.7,
      "lng": 9.8
    },
    {
      "cityName": "Bumnid",
      "lat": 9.5333333,
      "lng": 9.65
    },
    {
      "cityName": "Bundiai",
      "lat": 11.6833333,
      "lng": 9.9833333
    },
    {
      "cityName": "Bundila",
      "lat": 9.9833333,
      "lng": 9.4833333
    },
    {
      "cityName": "Bunduli",
      "lat": 9.9666667,
      "lng": 9.5166667
    },
    {
      "cityName": "Bundum",
      "lat": 10.2666667,
      "lng": 9.1666667
    },
    {
      "cityName": "Bundura",
      "lat": 10.5,
      "lng": 10.4166667
    },
    {
      "cityName": "Bunga",
      "lat": 11.0666667,
      "lng": 9.6333333
    },
    {
      "cityName": "Bungan Bauchi",
      "lat": 11.05,
      "lng": 9.6333333
    },
    {
      "cityName": "Bungan Ningi",
      "lat": 11.0666667,
      "lng": 9.65
    },
    {
      "cityName": "Bununu",
      "lat": 10,
      "lng": 9.5166667
    },
    {
      "cityName": "Bununu Kasa",
      "lat": 9.8680556,
      "lng": 9.6627778
    },
    {
      "cityName": "Burako",
      "lat": 10.95,
      "lng": 9.9833333
    },
    {
      "cityName": "Burat",
      "lat": 9.1833333,
      "lng": 9.8166667
    },
    {
      "cityName": "Burdinga",
      "lat": 10.5833333,
      "lng": 9.05
    },
    {
      "cityName": "Bure",
      "lat": 10.5188889,
      "lng": 10.3380556
    },
    {
      "cityName": "Buren Duguri",
      "lat": 10,
      "lng": 10.4833333
    },
    {
      "cityName": "Burga",
      "lat": 9.8166667,
      "lng": 9.8333333
    },
    {
      "cityName": "Buri Buri",
      "lat": 10.7166667,
      "lng": 10.4833333
    },
    {
      "cityName": "Burra",
      "lat": 11.0166667,
      "lng": 8.9
    },
    {
      "cityName": "Buruku",
      "lat": 10.8166667,
      "lng": 8.95
    },
    {
      "cityName": "Busai",
      "lat": 10.25,
      "lng": 9.6666667
    },
    {
      "cityName": "Bususu",
      "lat": 11.5666667,
      "lng": 9.8666667
    },
    {
      "cityName": "Chali",
      "lat": 10.4,
      "lng": 9.6333333
    },
    {
      "cityName": "Chediya",
      "lat": 10.2833333,
      "lng": 8.95
    },
    {
      "cityName": "Cheledi",
      "lat": 10.4,
      "lng": 10.4166667
    },
    {
      "cityName": "Chemso",
      "lat": 9.5833333,
      "lng": 9.25
    },
    {
      "cityName": "Chikauje",
      "lat": 11.1333333,
      "lng": 10.4666667
    },
    {
      "cityName": "Chinade",
      "lat": 11.5166667,
      "lng": 10.4166667
    },
    {
      "cityName": "Chip",
      "lat": 9.1833333,
      "lng": 9.3833333
    },
    {
      "cityName": "Chokobo",
      "lat": 10.35,
      "lng": 8.85
    },
    {
      "cityName": "Dababe",
      "lat": 10.5,
      "lng": 8.85
    },
    {
      "cityName": "Daba",
      "lat": 11.05,
      "lng": 10
    },
    {
      "cityName": "Dabbo",
      "lat": 10.25,
      "lng": 9.2166667
    },
    {
      "cityName": "Dabbolungu",
      "lat": 10.2,
      "lng": 9.2
    },
    {
      "cityName": "Dabbo Sarari",
      "lat": 10.2333333,
      "lng": 9.2
    },
    {
      "cityName": "Dada",
      "lat": 9.55,
      "lng": 10.3833333
    },
    {
      "cityName": "Dadangu",
      "lat": 10.2333333,
      "lng": 9.8333333
    },
    {
      "cityName": "Dadinga",
      "lat": 10.85,
      "lng": 10.4
    },
    {
      "cityName": "Dadin Kowa",
      "lat": 10.7,
      "lng": 8.6333333
    },
    {
      "cityName": "Dagam",
      "lat": 9.2166667,
      "lng": 9.75
    },
    {
      "cityName": "Dagli",
      "lat": 9.9833333,
      "lng": 10.2
    },
    {
      "cityName": "Dagon Jaji",
      "lat": 11.7333333,
      "lng": 9.95
    },
    {
      "cityName": "Dagudi",
      "lat": 9.8333333,
      "lng": 10.1666667
    },
    {
      "cityName": "Dajim",
      "lat": 10.05,
      "lng": 9.65
    },
    {
      "cityName": "Dakiti",
      "lat": 10.4666667,
      "lng": 10.45
    },
    {
      "cityName": "Dal",
      "lat": 9.5,
      "lng": 9.9666667
    },
    {
      "cityName": "Dallari",
      "lat": 11.3833333,
      "lng": 10.45
    },
    {
      "cityName": "Dalli",
      "lat": 11.6166667,
      "lng": 10.1166667
    },
    {
      "cityName": "Dallol Aisha",
      "lat": 10.8333333,
      "lng": 10.5333333
    },
    {
      "cityName": "Dalong",
      "lat": 9.25,
      "lng": 9.65
    },
    {
      "cityName": "Damadi",
      "lat": 12.4333333,
      "lng": 10.6166667
    },
    {
      "cityName": "Dambam",
      "lat": 11.68,
      "lng": 10.7088889
    },
    {
      "cityName": "Dambari",
      "lat": 10.2666667,
      "lng": 8.9166667
    },
    {
      "cityName": "Damewa",
      "lat": 11.9166667,
      "lng": 10.3333333
    },
    {
      "cityName": "Damou",
      "lat": 10.3666667,
      "lng": 8.6
    },
    {
      "cityName": "Dampar",
      "lat": 8.5333333,
      "lng": 10.1333333
    },
    {
      "cityName": "Dan Alhaji",
      "lat": 10.4166667,
      "lng": 8.5333333
    },
    {
      "cityName": "Dandalmari",
      "lat": 10.2833333,
      "lng": 10.3333333
    },
    {
      "cityName": "Dan",
      "lat": 9.8833333,
      "lng": 10.1666667
    },
    {
      "cityName": "Dandole",
      "lat": 10.3666667,
      "lng": 8.5166667
    },
    {
      "cityName": "Dan Gummai",
      "lat": 11.6833333,
      "lng": 9.8666667
    },
    {
      "cityName": "Dan Jaba",
      "lat": 10.3833333,
      "lng": 8.6333333
    },
    {
      "cityName": "Danka",
      "lat": 10.3,
      "lng": 9.0666667
    },
    {
      "cityName": "Dan Kurma",
      "lat": 9.9833333,
      "lng": 9.1333333
    },
    {
      "cityName": "Daramushe",
      "lat": 11.6833333,
      "lng": 10.0833333
    },
    {
      "cityName": "Daranji",
      "lat": 9.75,
      "lng": 9.2833333
    },
    {
      "cityName": "Darazo",
      "lat": 10.9952778,
      "lng": 10.4133333
    },
    {
      "cityName": "Dare",
      "lat": 10.7833333,
      "lng": 10.1833333
    },
    {
      "cityName": "Dargazu",
      "lat": 11.6333333,
      "lng": 10.35
    },
    {
      "cityName": "Dari",
      "lat": 10.75,
      "lng": 10.1833333
    },
    {
      "cityName": "Dariya",
      "lat": 10.6666667,
      "lng": 8.8
    },
    {
      "cityName": "Darrari",
      "lat": 10.0333333,
      "lng": 9.3833333
    },
    {
      "cityName": "Dasha",
      "lat": 10.6,
      "lng": 10.1166667
    },
    {
      "cityName": "Dass",
      "lat": 10.0008333,
      "lng": 9.5161111
    },
    {
      "cityName": "Dauduwo",
      "lat": 10.8666667,
      "lng": 10.4
    },
    {
      "cityName": "Daura",
      "lat": 10.3,
      "lng": 10.5666667
    },
    {
      "cityName": "Dawaki",
      "lat": 9.4333333,
      "lng": 9.5666667
    },
    {
      "cityName": "Daya",
      "lat": 12.2666667,
      "lng": 10.4666667
    },
    {
      "cityName": "Debe Mai Kasuwa",
      "lat": 10.5333333,
      "lng": 10.0833333
    },
    {
      "cityName": "Deben Kasa",
      "lat": 10.5333333,
      "lng": 10.1166667
    },
    {
      "cityName": "Degele",
      "lat": 10.5666667,
      "lng": 10.1333333
    },
    {
      "cityName": "Dela",
      "lat": 10.9333333,
      "lng": 10
    },
    {
      "cityName": "Dengi",
      "lat": 9.3666667,
      "lng": 9.95
    },
    {
      "cityName": "Deno",
      "lat": 10.6833333,
      "lng": 10.2833333
    },
    {
      "cityName": "Deriko",
      "lat": 10.0833333,
      "lng": 8.9833333
    },
    {
      "cityName": "Dewu",
      "lat": 10.5,
      "lng": 10.45
    },
    {
      "cityName": "Dibir",
      "lat": 9.4833333,
      "lng": 9.7333333
    },
    {
      "cityName": "Did",
      "lat": 9.5666667,
      "lng": 9.6666667
    },
    {
      "cityName": "Digijim",
      "lat": 11.15,
      "lng": 10.3
    },
    {
      "cityName": "Digisa",
      "lat": 11.65,
      "lng": 9.9833333
    },
    {
      "cityName": "Dimis",
      "lat": 9.9,
      "lng": 10.15
    },
    {
      "cityName": "Dinchi",
      "lat": 11.6,
      "lng": 10.8666667
    },
    {
      "cityName": "Dindawa",
      "lat": 10.2377778,
      "lng": 10.1483333
    },
    {
      "cityName": "Dindibus",
      "lat": 11.5,
      "lng": 9.8
    },
    {
      "cityName": "Dindima",
      "lat": 10.2333333,
      "lng": 10.15
    },
    {
      "cityName": "Din",
      "lat": 10.1,
      "lng": 9.7833333
    },
    {
      "cityName": "Diri",
      "lat": 10.95,
      "lng": 9.2666667
    },
    {
      "cityName": "Diriya",
      "lat": 10.6666667,
      "lng": 10.15
    },
    {
      "cityName": "Disina",
      "lat": 11.4833333,
      "lng": 9.9166667
    },
    {
      "cityName": "Dogon Daji",
      "lat": 10.1333333,
      "lng": 9.2
    },
    {
      "cityName": "Dogonjeji",
      "lat": 11.7,
      "lng": 9.8666667
    },
    {
      "cityName": "Dogon Kania",
      "lat": 9.6666667,
      "lng": 9.65
    },
    {
      "cityName": "Dogon Kawo",
      "lat": 10.5666667,
      "lng": 8.85
    },
    {
      "cityName": "Dogon Koli",
      "lat": 10.2,
      "lng": 9.3833333
    },
    {
      "cityName": "Dogon Ruwa",
      "lat": 9.6,
      "lng": 10.1
    },
    {
      "cityName": "Dogon Yaro",
      "lat": 10.2333333,
      "lng": 8.7833333
    },
    {
      "cityName": "Dogo Ruwa",
      "lat": 9.1333333,
      "lng": 10.3333333
    },
    {
      "cityName": "Dogua",
      "lat": 10.55,
      "lng": 8.9833333
    },
    {
      "cityName": "Doguwa",
      "lat": 11.3833333,
      "lng": 10.1666667
    },
    {
      "cityName": "Doka",
      "lat": 10.2666667,
      "lng": 8.5666667
    },
    {
      "cityName": "Dokan Tofa",
      "lat": 9.1,
      "lng": 9.3333333
    },
    {
      "cityName": "Dokore",
      "lat": 10.1666667,
      "lng": 8.9833333
    },
    {
      "cityName": "Dole",
      "lat": 10.0333333,
      "lng": 8.95
    },
    {
      "cityName": "Domarwa",
      "lat": 10.4166667,
      "lng": 8.7333333
    },
    {
      "cityName": "Dongwan",
      "lat": 8.9166667,
      "lng": 9.7333333
    },
    {
      "cityName": "Doti",
      "lat": 10.0333333,
      "lng": 9.5166667
    },
    {
      "cityName": "Dott",
      "lat": 10.0166667,
      "lng": 9.5333333
    },
    {
      "cityName": "Dua",
      "lat": 10.9333333,
      "lng": 9.1333333
    },
    {
      "cityName": "Dugguri",
      "lat": 11.2166667,
      "lng": 10.5333333
    },
    {
      "cityName": "Dugum",
      "lat": 9.6666667,
      "lng": 9.9333333
    },
    {
      "cityName": "Duguza",
      "lat": 10.0166667,
      "lng": 9.1333333
    },
    {
      "cityName": "Dulbu",
      "lat": 10.2166667,
      "lng": 9.8833333
    },
    {
      "cityName": "Dulem",
      "lat": 9.8666667,
      "lng": 9.6666667
    },
    {
      "cityName": "Dull",
      "lat": 9.65,
      "lng": 9.9166667
    },
    {
      "cityName": "Dumba",
      "lat": 12.0333333,
      "lng": 10.5833333
    },
    {
      "cityName": "Dumi",
      "lat": 10.2833333,
      "lng": 9.8666667
    },
    {
      "cityName": "Dummadummi Kyaure",
      "lat": 12,
      "lng": 9.85
    },
    {
      "cityName": "Dumunu",
      "lat": 11.9705556,
      "lng": 10.1308333
    },
    {
      "cityName": "Duneru",
      "lat": 11.5833333,
      "lng": 9.8333333
    },
    {
      "cityName": "Dungel",
      "lat": 10.2833333,
      "lng": 9.7333333
    },
    {
      "cityName": "Dungulbi",
      "lat": 10.2833333,
      "lng": 9.9333333
    },
    {
      "cityName": "Dungun",
      "lat": 9.3333333,
      "lng": 9.5833333
    },
    {
      "cityName": "Dunkui",
      "lat": 11.3333333,
      "lng": 10.5333333
    },
    {
      "cityName": "Dunkurmi",
      "lat": 11.4666667,
      "lng": 10.3333333
    },
    {
      "cityName": "Durawa",
      "lat": 11.6333333,
      "lng": 9.8333333
    },
    {
      "cityName": "Durgumi",
      "lat": 10.5833333,
      "lng": 9.95
    },
    {
      "cityName": "Durmi",
      "lat": 10.2166667,
      "lng": 9.5833333
    },
    {
      "cityName": "Durum",
      "lat": 10.5166667,
      "lng": 9.7666667
    },
    {
      "cityName": "Dusi",
      "lat": 11.5333333,
      "lng": 9.8666667
    },
    {
      "cityName": "Dutsen Fulani",
      "lat": 10.4333333,
      "lng": 9.4666667
    },
    {
      "cityName": "Dutsen Fusam",
      "lat": 11.9333333,
      "lng": 9.8666667
    },
    {
      "cityName": "Dutsen Habe",
      "lat": 10.5166667,
      "lng": 9.4666667
    },
    {
      "cityName": "Dutsen Marra",
      "lat": 10.8333333,
      "lng": 9.3
    },
    {
      "cityName": "Dutsen Rimi",
      "lat": 8.9666667,
      "lng": 9.9166667
    },
    {
      "cityName": "Duwari",
      "lat": 12.05,
      "lng": 10.6666667
    },
    {
      "cityName": "Duwo",
      "lat": 10.8333333,
      "lng": 10.4333333
    },
    {
      "cityName": "Fadisonka",
      "lat": 10.3833333,
      "lng": 8.8166667
    },
    {
      "cityName": "Faggo",
      "lat": 11.3791667,
      "lng": 9.9511111
    },
    {
      "cityName": "Fagurum",
      "lat": 11.45,
      "lng": 10.3833333
    },
    {
      "cityName": "Fanga",
      "lat": 10.5666667,
      "lng": 10.1666667
    },
    {
      "cityName": "Federe",
      "lat": 10.3333333,
      "lng": 8.7666667
    },
    {
      "cityName": "Fefur",
      "lat": 10.0333333,
      "lng": 9.15
    },
    {
      "cityName": "Feidi",
      "lat": 10.2333333,
      "lng": 9.6
    },
    {
      "cityName": "Feru",
      "lat": 10.0166667,
      "lng": 9.2
    },
    {
      "cityName": "Ferum",
      "lat": 9.95,
      "lng": 9.1333333
    },
    {
      "cityName": "Fier",
      "lat": 9.4,
      "lng": 9.4166667
    },
    {
      "cityName": "Firse",
      "lat": 9.9666667,
      "lng": 9.1333333
    },
    {
      "cityName": "Firu Piru",
      "lat": 10.4166667,
      "lng": 9.8666667
    },
    {
      "cityName": "Fulatan",
      "lat": 11.4666667,
      "lng": 10.4333333
    },
    {
      "cityName": "Fuskam",
      "lat": 10.1833333,
      "lng": 8.9
    },
    {
      "cityName": "Gabai",
      "lat": 11.7,
      "lng": 10.3166667
    },
    {
      "cityName": "Gabali",
      "lat": 11.4,
      "lng": 9.9666667
    },
    {
      "cityName": "Gabami",
      "lat": 10.2666667,
      "lng": 8.9333333
    },
    {
      "cityName": "Gabarin",
      "lat": 11.1116667,
      "lng": 10.4436111
    },
    {
      "cityName": "Gabi",
      "lat": 10.6666667,
      "lng": 10.45
    },
    {
      "cityName": "Gaburgo",
      "lat": 11.3833333,
      "lng": 10.1166667
    },
    {
      "cityName": "Gada Biyu",
      "lat": 10.1833333,
      "lng": 9.3333333
    },
    {
      "cityName": "Gadagum",
      "lat": 11.8,
      "lng": 10.75
    },
    {
      "cityName": "Gadan Dan Fulani",
      "lat": 10.5833333,
      "lng": 10.1666667
    },
    {
      "cityName": "Gadan",
      "lat": 11.8347222,
      "lng": 10.1669444
    },
    {
      "cityName": "Gadia",
      "lat": 11.9652778,
      "lng": 10.4491667
    },
    {
      "cityName": "Gadua",
      "lat": 12.4833333,
      "lng": 10.55
    },
    {
      "cityName": "Gagalun",
      "lat": 11.3666667,
      "lng": 10.5666667
    },
    {
      "cityName": "Gagudura",
      "lat": 11.5666667,
      "lng": 10.0166667
    },
    {
      "cityName": "Gaina Fulani",
      "lat": 11.4,
      "lng": 10.5833333
    },
    {
      "cityName": "Gaina",
      "lat": 11.3833333,
      "lng": 10.5833333
    },
    {
      "cityName": "Gaji",
      "lat": 9.7166667,
      "lng": 10.2
    },
    {
      "cityName": "Gaji Gamo",
      "lat": 9.7166667,
      "lng": 10.1833333
    },
    {
      "cityName": "Gaklang",
      "lat": 8.9166667,
      "lng": 9.7666667
    },
    {
      "cityName": "Galadao",
      "lat": 11.75,
      "lng": 10.2666667
    },
    {
      "cityName": "Galagam",
      "lat": 10.1166667,
      "lng": 9.3833333
    },
    {
      "cityName": "Galbamori",
      "lat": 11.6666667,
      "lng": 9.75
    },
    {
      "cityName": "Galda",
      "lat": 10.25,
      "lng": 9.55
    },
    {
      "cityName": "Gale",
      "lat": 10.05,
      "lng": 10.3333333
    },
    {
      "cityName": "Gali",
      "lat": 10.7666667,
      "lng": 10.2833333
    },
    {
      "cityName": "Gamadadi",
      "lat": 10.6666667,
      "lng": 10.2
    },
    {
      "cityName": "Gamadaji",
      "lat": 10.3,
      "lng": 9.7333333
    },
    {
      "cityName": "Gama",
      "lat": 10.35,
      "lng": 8.6
    },
    {
      "cityName": "Gamasura",
      "lat": 10.6166667,
      "lng": 10.2
    },
    {
      "cityName": "Gamawa",
      "lat": 12.1372222,
      "lng": 10.5386111
    },
    {
      "cityName": "Gambaki",
      "lat": 11.5833333,
      "lng": 10.3666667
    },
    {
      "cityName": "Gamji",
      "lat": 11.8666667,
      "lng": 10.05
    },
    {
      "cityName": "Gammadaji",
      "lat": 9.7833333,
      "lng": 9.8833333
    },
    {
      "cityName": "Gana",
      "lat": 10.4166667,
      "lng": 8.85
    },
    {
      "cityName": "Gandu",
      "lat": 10.2333333,
      "lng": 9.7333333
    },
    {
      "cityName": "Ganduha",
      "lat": 11.6,
      "lng": 10.2333333
    },
    {
      "cityName": "Gandum",
      "lat": 11.0666667,
      "lng": 10.55
    },
    {
      "cityName": "Gangai",
      "lat": 11.5,
      "lng": 10.4833333
    },
    {
      "cityName": "Gangalawai",
      "lat": 11.15,
      "lng": 10.4333333
    },
    {
      "cityName": "Gani",
      "lat": 9.1833333,
      "lng": 9.9
    },
    {
      "cityName": "Ganji",
      "lat": 10.0666667,
      "lng": 8.95
    },
    {
      "cityName": "Ganjiwo",
      "lat": 11.4833333,
      "lng": 10.1833333
    },
    {
      "cityName": "Ganjua",
      "lat": 10.85,
      "lng": 10.1666667
    },
    {
      "cityName": "Ganuwa",
      "lat": 10.5666667,
      "lng": 8.7166667
    },
    {
      "cityName": "Garam",
      "lat": 9.25,
      "lng": 9.5166667
    },
    {
      "cityName": "Gar",
      "lat": 10.0833333,
      "lng": 10.2666667
    },
    {
      "cityName": "Garin Bajingi",
      "lat": 11.4,
      "lng": 10.4
    },
    {
      "cityName": "Garin Kanawa",
      "lat": 10.2666667,
      "lng": 10.5666667
    },
    {
      "cityName": "Garin Kufai",
      "lat": 8.7833333,
      "lng": 10.5666667
    },
    {
      "cityName": "Garin Zaka",
      "lat": 11.5,
      "lng": 10.6666667
    },
    {
      "cityName": "Garka",
      "lat": 11.2333333,
      "lng": 10.5333333
    },
    {
      "cityName": "Garnua",
      "lat": 11.6333333,
      "lng": 9.95
    },
    {
      "cityName": "Garoza",
      "lat": 11.5833333,
      "lng": 10.7166667
    },
    {
      "cityName": "Garun Kurama",
      "lat": 10.1666667,
      "lng": 8.5833333
    },
    {
      "cityName": "Gasina",
      "lat": 11.1166667,
      "lng": 9.7333333
    },
    {
      "cityName": "Gasna",
      "lat": 11.0666667,
      "lng": 9.7
    },
    {
      "cityName": "Gassol",
      "lat": 8.5333333,
      "lng": 10.4666667
    },
    {
      "cityName": "Gatafoa",
      "lat": 11.9666667,
      "lng": 10.0666667
    },
    {
      "cityName": "Gatataro",
      "lat": 12.2333333,
      "lng": 10.45
    },
    {
      "cityName": "Gate",
      "lat": 9.3,
      "lng": 9.4666667
    },
    {
      "cityName": "Gau",
      "lat": 10.3666667,
      "lng": 9.2333333
    },
    {
      "cityName": "Gawani",
      "lat": 10.1,
      "lng": 9.5666667
    },
    {
      "cityName": "Gayawa",
      "lat": 10.1,
      "lng": 9.1166667
    },
    {
      "cityName": "Gayril",
      "lat": 9.75,
      "lng": 9.8166667
    },
    {
      "cityName": "Geduwa",
      "lat": 10.9333333,
      "lng": 10.0833333
    },
    {
      "cityName": "Geji",
      "lat": 10.2833333,
      "lng": 9.65
    },
    {
      "cityName": "Geli",
      "lat": 10.1666667,
      "lng": 8.5333333
    },
    {
      "cityName": "Gellar",
      "lat": 11.7166667,
      "lng": 9.9666667
    },
    {
      "cityName": "Gennaret",
      "lat": 9.5,
      "lng": 9.2666667
    },
    {
      "cityName": "Geren Madaki",
      "lat": 10.55,
      "lng": 10.1333333
    },
    {
      "cityName": "Geren Sama",
      "lat": 10.5666667,
      "lng": 10.1166667
    },
    {
      "cityName": "Geriam",
      "lat": 9.4333333,
      "lng": 9.7333333
    },
    {
      "cityName": "Gerkawa",
      "lat": 8.9666667,
      "lng": 9.8166667
    },
    {
      "cityName": "Gerla",
      "lat": 9.6666667,
      "lng": 9.8
    },
    {
      "cityName": "Gerla Najarowa",
      "lat": 9.6666667,
      "lng": 9.7833333
    },
    {
      "cityName": "Giade",
      "lat": 11.4,
      "lng": 10.2
    },
    {
      "cityName": "Gidan Danlaji",
      "lat": 9.5333333,
      "lng": 9.6833333
    },
    {
      "cityName": "Gidan Gwano",
      "lat": 10.9833333,
      "lng": 10.3666667
    },
    {
      "cityName": "Gidanjo",
      "lat": 10.2138889,
      "lng": 9.8252778
    },
    {
      "cityName": "Gidan Lifidi",
      "lat": 9.0333333,
      "lng": 9.4
    },
    {
      "cityName": "Gidan Shehu",
      "lat": 8.9166667,
      "lng": 10.0166667
    },
    {
      "cityName": "Gidan Shere",
      "lat": 10.6833333,
      "lng": 8.7333333
    },
    {
      "cityName": "Gidenari",
      "lat": 11.5666667,
      "lng": 10.0333333
    },
    {
      "cityName": "Gidgid",
      "lat": 9.4833333,
      "lng": 9.8333333
    },
    {
      "cityName": "Gidi",
      "lat": 10.2,
      "lng": 10.5833333
    },
    {
      "cityName": "Gigyara",
      "lat": 9.8833333,
      "lng": 9.9166667
    },
    {
      "cityName": "Gilik",
      "lat": 11.6833333,
      "lng": 10.5666667
    },
    {
      "cityName": "Gilliri",
      "lat": 10.4,
      "lng": 9.9833333
    },
    {
      "cityName": "Gimsum",
      "lat": 9.7166667,
      "lng": 9.6833333
    },
    {
      "cityName": "Gingido",
      "lat": 11.1666667,
      "lng": 10.1166667
    },
    {
      "cityName": "Ginje",
      "lat": 10.4333333,
      "lng": 10.45
    },
    {
      "cityName": "Girsili",
      "lat": 10.2,
      "lng": 9.4
    },
    {
      "cityName": "Gital",
      "lat": 9.7833333,
      "lng": 9.6
    },
    {
      "cityName": "Gobiyan Kasuwa",
      "lat": 9.6333333,
      "lng": 9.7166667
    },
    {
      "cityName": "Godawal",
      "lat": 12.2666667,
      "lng": 10.2
    },
    {
      "cityName": "Gogdi",
      "lat": 9.6666667,
      "lng": 10.0333333
    },
    {
      "cityName": "Gokaka",
      "lat": 10.65,
      "lng": 9.85
    },
    {
      "cityName": "Gololo",
      "lat": 12.35,
      "lng": 10.7
    },
    {
      "cityName": "Gomlar",
      "lat": 9.45,
      "lng": 9.8
    },
    {
      "cityName": "Gongo",
      "lat": 11.7,
      "lng": 9.95
    },
    {
      "cityName": "Gorio",
      "lat": 10.5666667,
      "lng": 10.4333333
    },
    {
      "cityName": "Gorom",
      "lat": 9.2666667,
      "lng": 10.1333333
    },
    {
      "cityName": "Goronkawo",
      "lat": 11.7,
      "lng": 10.4333333
    },
    {
      "cityName": "Goshin Dutsi",
      "lat": 9.5,
      "lng": 9.5166667
    },
    {
      "cityName": "Gragaia",
      "lat": 12.0333333,
      "lng": 9.9666667
    },
    {
      "cityName": "Gubda",
      "lat": 11.45,
      "lng": 10.2333333
    },
    {
      "cityName": "Gubi",
      "lat": 10.4397222,
      "lng": 9.8130556
    },
    {
      "cityName": "Guda",
      "lat": 11.0666667,
      "lng": 9.5666667
    },
    {
      "cityName": "Gu",
      "lat": 9.2666667,
      "lng": 9.2833333
    },
    {
      "cityName": "Gugur",
      "lat": 9.3,
      "lng": 9.6833333
    },
    {
      "cityName": "Gugwal",
      "lat": 9.3833333,
      "lng": 9.8
    },
    {
      "cityName": "Guin",
      "lat": 9.8666667,
      "lng": 9.6166667
    },
    {
      "cityName": "Gukaru",
      "lat": 10.1833333,
      "lng": 10.1833333
    },
    {
      "cityName": "Gulawa",
      "lat": 10.35,
      "lng": 8.9833333
    },
    {
      "cityName": "Gumai",
      "lat": 12.0333333,
      "lng": 10.3333333
    },
    {
      "cityName": "Gumale",
      "lat": 10.2666667,
      "lng": 9.7166667
    },
    {
      "cityName": "Gumamai",
      "lat": 10.8333333,
      "lng": 8.8333333
    },
    {
      "cityName": "Gumau",
      "lat": 10.15,
      "lng": 10.1833333
    },
    {
      "cityName": "Gum",
      "lat": 9.6666667,
      "lng": 9.9666667
    },
    {
      "cityName": "Gumshir",
      "lat": 9.35,
      "lng": 9.8
    },
    {
      "cityName": "Gunda",
      "lat": 10.7166667,
      "lng": 8.9833333
    },
    {
      "cityName": "Gunduri",
      "lat": 11.0666667,
      "lng": 10.4333333
    },
    {
      "cityName": "Gungu",
      "lat": 8.65,
      "lng": 10.3833333
    },
    {
      "cityName": "Gungume",
      "lat": 10.8666667,
      "lng": 9.0666667
    },
    {
      "cityName": "Gungura",
      "lat": 10.6333333,
      "lng": 10.4166667
    },
    {
      "cityName": "Gunji",
      "lat": 10.1,
      "lng": 8.55
    },
    {
      "cityName": "Gunta",
      "lat": 11.0558333,
      "lng": 9.6322222
    },
    {
      "cityName": "Guraka",
      "lat": 10.6666667,
      "lng": 8.8666667
    },
    {
      "cityName": "Gurara",
      "lat": 11.6666667,
      "lng": 9.8166667
    },
    {
      "cityName": "Gurbutu",
      "lat": 12.05,
      "lng": 10.6
    },
    {
      "cityName": "Gurda",
      "lat": 11.5,
      "lng": 9.9666667
    },
    {
      "cityName": "Gurdu",
      "lat": 11.4666667,
      "lng": 9.95
    },
    {
      "cityName": "Gurfa",
      "lat": 10.65,
      "lng": 9.1
    },
    {
      "cityName": "Gurjia",
      "lat": 10.3666667,
      "lng": 8.7666667
    },
    {
      "cityName": "Gurka",
      "lat": 12.35,
      "lng": 10.2333333
    },
    {
      "cityName": "Gurza",
      "lat": 10.0833333,
      "lng": 8.5333333
    },
    {
      "cityName": "Gurzum",
      "lat": 10.55,
      "lng": 9.9
    },
    {
      "cityName": "Guskie",
      "lat": 10.1333333,
      "lng": 9.15
    },
    {
      "cityName": "Gusu",
      "lat": 10.1833333,
      "lng": 8.95
    },
    {
      "cityName": "Gwadagum",
      "lat": 11.8166667,
      "lng": 10.4166667
    },
    {
      "cityName": "Gwadayi",
      "lat": 11.5833333,
      "lng": 9.7666667
    },
    {
      "cityName": "Gwadong",
      "lat": 9.95,
      "lng": 9.1833333
    },
    {
      "cityName": "Gwagura",
      "lat": 11.4333333,
      "lng": 9.8333333
    },
    {
      "cityName": "Gwaktok",
      "lat": 9.2833333,
      "lng": 9.55
    },
    {
      "cityName": "Gwalam",
      "lat": 9.7166667,
      "lng": 9.8166667
    },
    {
      "cityName": "Gwalgafuran",
      "lat": 10.3,
      "lng": 9.8
    },
    {
      "cityName": "Gwandu",
      "lat": 10.3,
      "lng": 9.1166667
    },
    {
      "cityName": "Gwaram",
      "lat": 10.2361111,
      "lng": 10.2861111
    },
    {
      "cityName": "Gwaranduwi",
      "lat": 10.9333333,
      "lng": 10.0333333
    },
    {
      "cityName": "Gwardim",
      "lat": 9.8166667,
      "lng": 9.85
    },
    {
      "cityName": "Gwaya",
      "lat": 12.0666667,
      "lng": 10.7166667
    },
    {
      "cityName": "Gwiwan Kogi",
      "lat": 8.9333333,
      "lng": 10.3166667
    },
    {
      "cityName": "Gwodel",
      "lat": 10.8833333,
      "lng": 10.4666667
    },
    {
      "cityName": "Gwole",
      "lat": 10.55,
      "lng": 10.3
    },
    {
      "cityName": "Gwolong",
      "lat": 9.3333333,
      "lng": 9.45
    },
    {
      "cityName": "Gwungal",
      "lat": 11.5833333,
      "lng": 9.8166667
    },
    {
      "cityName": "Gyambar",
      "lat": 9.4666667,
      "lng": 9.8833333
    },
    {
      "cityName": "Gyangyan",
      "lat": 9.5833333,
      "lng": 9.8166667
    },
    {
      "cityName": "Haejeldi",
      "lat": 11.7,
      "lng": 9.85
    },
    {
      "cityName": "Hardawa",
      "lat": 11.4166667,
      "lng": 10.4666667
    },
    {
      "cityName": "Hardo",
      "lat": 10.4,
      "lng": 8.7833333
    },
    {
      "cityName": "Hausawa",
      "lat": 11.9,
      "lng": 10.2166667
    },
    {
      "cityName": "Ibawo",
      "lat": 11.35,
      "lng": 10.55
    },
    {
      "cityName": "Inkil",
      "lat": 10.3,
      "lng": 9.9
    },
    {
      "cityName": "Inshar",
      "lat": 8.8166667,
      "lng": 9.6666667
    },
    {
      "cityName": "Isawa",
      "lat": 11.45,
      "lng": 9.85
    },
    {
      "cityName": "Ishemi",
      "lat": 10.2833333,
      "lng": 8.6
    },
    {
      "cityName": "Ishu",
      "lat": 9.2666667,
      "lng": 9.0833333
    },
    {
      "cityName": "Isore",
      "lat": 11.5333333,
      "lng": 9.8
    },
    {
      "cityName": "Itas",
      "lat": 11.8591667,
      "lng": 9.9677778
    },
    {
      "cityName": "Jabdo",
      "lat": 11.45,
      "lng": 10.45
    },
    {
      "cityName": "Jadori",
      "lat": 12.15,
      "lng": 10.5666667
    },
    {
      "cityName": "Jaekil",
      "lat": 11.6833333,
      "lng": 10.0166667
    },
    {
      "cityName": "Jagana",
      "lat": 12.2,
      "lng": 10.5
    },
    {
      "cityName": "Jahunu",
      "lat": 10.5833333,
      "lng": 8.6
    },
    {
      "cityName": "Jaja",
      "lat": 10.1166667,
      "lng": 9.15
    },
    {
      "cityName": "Jaka",
      "lat": 11.4,
      "lng": 10
    },
    {
      "cityName": "Jakas",
      "lat": 11.3666667,
      "lng": 9.8666667
    },
    {
      "cityName": "Jalam",
      "lat": 11.5666667,
      "lng": 10.8333333
    },
    {
      "cityName": "Jali",
      "lat": 10.0166667,
      "lng": 9.1666667
    },
    {
      "cityName": "Jalingo",
      "lat": 11.4,
      "lng": 10.0666667
    },
    {
      "cityName": "Jama'an Iya",
      "lat": 10.1666667,
      "lng": 8.5166667
    },
    {
      "cityName": "Jamaan Mamar",
      "lat": 11.9333333,
      "lng": 9.8
    },
    {
      "cityName": "Jama'are",
      "lat": 11.6666667,
      "lng": 9.9313889
    },
    {
      "cityName": "Jambari",
      "lat": 9.4666667,
      "lng": 9.95
    },
    {
      "cityName": "Jamberi",
      "lat": 12.3666667,
      "lng": 10.6666667
    },
    {
      "cityName": "Jambil",
      "lat": 9.95,
      "lng": 9.75
    },
    {
      "cityName": "Jamda",
      "lat": 10.0666667,
      "lng": 9.7
    },
    {
      "cityName": "Jam",
      "lat": 9.4333333,
      "lng": 10.0833333
    },
    {
      "cityName": "Janda",
      "lat": 11.5333333,
      "lng": 10.8833333
    },
    {
      "cityName": "Jangarawa",
      "lat": 11.6,
      "lng": 9.7833333
    },
    {
      "cityName": "Jangu",
      "lat": 10.7833333,
      "lng": 9.5833333
    },
    {
      "cityName": "Jarawa",
      "lat": 9.9833333,
      "lng": 9.1
    },
    {
      "cityName": "Jarmari",
      "lat": 11.8166667,
      "lng": 10.65
    },
    {
      "cityName": "Jauro Garmaho",
      "lat": 8.9666667,
      "lng": 9.4166667
    },
    {
      "cityName": "Jauro",
      "lat": 10.2833333,
      "lng": 9.35
    },
    {
      "cityName": "Jawo",
      "lat": 11.55,
      "lng": 10.25
    },
    {
      "cityName": "Jebjeb",
      "lat": 9.2333333,
      "lng": 10.6833333
    },
    {
      "cityName": "Jemaa",
      "lat": 10.1666667,
      "lng": 9.4166667
    },
    {
      "cityName": "Jenge",
      "lat": 10.4333333,
      "lng": 9.2833333
    },
    {
      "cityName": "Jengre",
      "lat": 10.2333333,
      "lng": 8.8
    },
    {
      "cityName": "Jepal",
      "lat": 9.1,
      "lng": 9.1666667
    },
    {
      "cityName": "Jerau",
      "lat": 12.45,
      "lng": 10.3166667
    },
    {
      "cityName": "Jere",
      "lat": 10.1833333,
      "lng": 8.8666667
    },
    {
      "cityName": "Jerkoya",
      "lat": 10.9,
      "lng": 8.9666667
    },
    {
      "cityName": "Jerwa",
      "lat": 11.9333333,
      "lng": 10.5
    },
    {
      "cityName": "Jibam",
      "lat": 9.1666667,
      "lng": 9.3333333
    },
    {
      "cityName": "Jibilik",
      "lat": 9.2833333,
      "lng": 9.2666667
    },
    {
      "cityName": "Jigawa",
      "lat": 11.1333333,
      "lng": 9.4166667
    },
    {
      "cityName": "Jigi",
      "lat": 9.6166667,
      "lng": 9.3166667
    },
    {
      "cityName": "Jimbim",
      "lat": 10.8,
      "lng": 9.8833333
    },
    {
      "cityName": "Jimjim",
      "lat": 9.55,
      "lng": 9.3666667
    },
    {
      "cityName": "Jimmi",
      "lat": 10.95,
      "lng": 9.2833333
    },
    {
      "cityName": "Jira",
      "lat": 10.6833333,
      "lng": 9.1333333
    },
    {
      "cityName": "Jirawa",
      "lat": 10.25,
      "lng": 9.9333333
    },
    {
      "cityName": "Jitar",
      "lat": 10.2333333,
      "lng": 9.8666667
    },
    {
      "cityName": "Jobo",
      "lat": 10.55,
      "lng": 10.2666667
    },
    {
      "cityName": "Joula",
      "lat": 10.05,
      "lng": 8.95
    },
    {
      "cityName": "Juga",
      "lat": 10.1666667,
      "lng": 9.2166667
    },
    {
      "cityName": "Jugga",
      "lat": 11.7166667,
      "lng": 10.3833333
    },
    {
      "cityName": "Jugudu",
      "lat": 11.3666667,
      "lng": 10.2166667
    },
    {
      "cityName": "Ju",
      "lat": 10.2,
      "lng": 9.8333333
    },
    {
      "cityName": "Juran Kari",
      "lat": 10.3833333,
      "lng": 8.6166667
    },
    {
      "cityName": "Jurara Abas",
      "lat": 10.6833333,
      "lng": 10.4666667
    },
    {
      "cityName": "Jurawan Lazuru",
      "lat": 10.3333333,
      "lng": 8.6833333
    },
    {
      "cityName": "Kabwir",
      "lat": 9.4,
      "lng": 9.5666667
    },
    {
      "cityName": "Kadun",
      "lat": 9.4833333,
      "lng": 9.4166667
    },
    {
      "cityName": "Kafi",
      "lat": 10.0833333,
      "lng": 10.2833333
    },
    {
      "cityName": "Kafin Fulani",
      "lat": 10.9666667,
      "lng": 9.2333333
    },
    {
      "cityName": "Kafingara",
      "lat": 11.5333333,
      "lng": 9.7833333
    },
    {
      "cityName": "Kafin Hardobawa",
      "lat": 10.6,
      "lng": 10.4666667
    },
    {
      "cityName": "Kafin Hardo",
      "lat": 11.4333333,
      "lng": 10.1833333
    },
    {
      "cityName": "Kafin Iyal",
      "lat": 10.5833333,
      "lng": 10.4666667
    },
    {
      "cityName": "Kafin Kawo",
      "lat": 10.6333333,
      "lng": 9.7666667
    },
    {
      "cityName": "Kafin Larabawa",
      "lat": 11.9333333,
      "lng": 10.3
    },
    {
      "cityName": "Kafin Liman",
      "lat": 10.6166667,
      "lng": 9.7666667
    },
    {
      "cityName": "Kafin Madaki",
      "lat": 10.6855556,
      "lng": 9.76
    },
    {
      "cityName": "Kafin Magaji",
      "lat": 10.8333333,
      "lng": 10.2666667
    },
    {
      "cityName": "Kafin Musa",
      "lat": 9.65,
      "lng": 9.7
    },
    {
      "cityName": "Kafin Romi",
      "lat": 12.05,
      "lng": 10.5166667
    },
    {
      "cityName": "Kafin Sarkin Yaki",
      "lat": 10.5333333,
      "lng": 10.4166667
    },
    {
      "cityName": "Kafin Zaki",
      "lat": 10.8833333,
      "lng": 9.5833333
    },
    {
      "cityName": "Kagadama",
      "lat": 10.0166667,
      "lng": 9.55
    },
    {
      "cityName": "Kagan Dama",
      "lat": 10.6333333,
      "lng": 8.7333333
    },
    {
      "cityName": "Kaguma",
      "lat": 11.9333333,
      "lng": 10.3833333
    },
    {
      "cityName": "Kahum",
      "lat": 10.9,
      "lng": 10.4833333
    },
    {
      "cityName": "Kaiel",
      "lat": 11.8333333,
      "lng": 9.9666667
    },
    {
      "cityName": "Kaigamari",
      "lat": 11.7333333,
      "lng": 10.7333333
    },
    {
      "cityName": "Kaijawa",
      "lat": 12.2666667,
      "lng": 10.5
    },
    {
      "cityName": "Kajawai",
      "lat": 12.45,
      "lng": 10.35
    },
    {
      "cityName": "Kakuma",
      "lat": 10.6333333,
      "lng": 10.2
    },
    {
      "cityName": "Kakwonka",
      "lat": 10.2666667,
      "lng": 8.8166667
    },
    {
      "cityName": "Kalaguri",
      "lat": 11.8166667,
      "lng": 9.95
    },
    {
      "cityName": "Kalan Boli",
      "lat": 10.5333333,
      "lng": 10.45
    },
    {
      "cityName": "Kalasu",
      "lat": 10.85,
      "lng": 9.5833333
    },
    {
      "cityName": "Kalatu",
      "lat": 10.7666667,
      "lng": 9.0333333
    },
    {
      "cityName": "Kaloma",
      "lat": 10.2833333,
      "lng": 10.4333333
    },
    {
      "cityName": "Kalong",
      "lat": 8.7166667,
      "lng": 9.5
    },
    {
      "cityName": "Kambari",
      "lat": 8.7333333,
      "lng": 10.5333333
    },
    {
      "cityName": "Kamiaku",
      "lat": 11.55,
      "lng": 9.8833333
    },
    {
      "cityName": "Kanam",
      "lat": 9.05,
      "lng": 9.4166667
    },
    {
      "cityName": "Kanawa",
      "lat": 10.4166667,
      "lng": 9.7833333
    },
    {
      "cityName": "Kangere",
      "lat": 10.25,
      "lng": 10.0166667
    },
    {
      "cityName": "Kan",
      "lat": 11.0333333,
      "lng": 9.3666667
    },
    {
      "cityName": "Kantanna",
      "lat": 9.5,
      "lng": 10.0833333
    },
    {
      "cityName": "Kanva",
      "lat": 10.2,
      "lng": 8.9833333
    },
    {
      "cityName": "Kapali",
      "lat": 10.1833333,
      "lng": 10.1666667
    },
    {
      "cityName": "Karagari",
      "lat": 11.9166667,
      "lng": 9.7833333
    },
    {
      "cityName": "Karambana",
      "lat": 10.1166667,
      "lng": 8.65
    },
    {
      "cityName": "Karara",
      "lat": 10.4833333,
      "lng": 8.8833333
    },
    {
      "cityName": "Kardam",
      "lat": 9.7833333,
      "lng": 9.4
    },
    {
      "cityName": "Kare",
      "lat": 11.5166667,
      "lng": 10.3666667
    },
    {
      "cityName": "Karel",
      "lat": 8.5666667,
      "lng": 10.4833333
    },
    {
      "cityName": "Karfel",
      "lat": 9.2166667,
      "lng": 9.9166667
    },
    {
      "cityName": "Karfi",
      "lat": 10.3666667,
      "lng": 8.65
    },
    {
      "cityName": "Karfin Sama",
      "lat": 10.3833333,
      "lng": 10.45
    },
    {
      "cityName": "Kari",
      "lat": 10.7,
      "lng": 8.95
    },
    {
      "cityName": "Kariya",
      "lat": 10.9166667,
      "lng": 9.7833333
    },
    {
      "cityName": "Kasuan Gainyi",
      "lat": 10.1166667,
      "lng": 9.05
    },
    {
      "cityName": "Katagum",
      "lat": 10.0105556,
      "lng": 9.7763889
    },
    {
      "cityName": "Katako",
      "lat": 10.1833333,
      "lng": 8.7666667
    },
    {
      "cityName": "Katanga",
      "lat": 11.6333333,
      "lng": 10.2333333
    },
    {
      "cityName": "Katirje",
      "lat": 9.7333333,
      "lng": 9.3333333
    },
    {
      "cityName": "Katuna",
      "lat": 9.9833333,
      "lng": 10.2166667
    },
    {
      "cityName": "Kayerda",
      "lat": 10.5,
      "lng": 8.6
    },
    {
      "cityName": "Kealori",
      "lat": 12.0333333,
      "lng": 10.4333333
    },
    {
      "cityName": "Kediya",
      "lat": 10.6333333,
      "lng": 10.4666667
    },
    {
      "cityName": "Kensedi",
      "lat": 10.5833333,
      "lng": 9.9333333
    },
    {
      "cityName": "Kereng",
      "lat": 9.3333333,
      "lng": 9.1833333
    },
    {
      "cityName": "Kesu",
      "lat": 10.4833333,
      "lng": 10.45
    },
    {
      "cityName": "Keta",
      "lat": 10.95,
      "lng": 8.9
    },
    {
      "cityName": "Kiberi",
      "lat": 12.1833333,
      "lng": 10.5
    },
    {
      "cityName": "Kiel",
      "lat": 11.6,
      "lng": 9.85
    },
    {
      "cityName": "Kilari",
      "lat": 10.5666667,
      "lng": 10.4166667
    },
    {
      "cityName": "Kilpin",
      "lat": 10.7,
      "lng": 9.9333333
    },
    {
      "cityName": "Kinci",
      "lat": 11.2666667,
      "lng": 10.5666667
    },
    {
      "cityName": "Kinsha",
      "lat": 12.32,
      "lng": 10.6897222
    },
    {
      "cityName": "Kirbori",
      "lat": 11.6166667,
      "lng": 10.0333333
    },
    {
      "cityName": "Kirindi",
      "lat": 11.4666667,
      "lng": 10.7166667
    },
    {
      "cityName": "Kisa",
      "lat": 8.7833333,
      "lng": 9.4833333
    },
    {
      "cityName": "Kishr",
      "lat": 8.5666667,
      "lng": 10.3166667
    },
    {
      "cityName": "Kobonka",
      "lat": 10.3166667,
      "lng": 8.7833333
    },
    {
      "cityName": "Kofayi",
      "lat": 10.0166667,
      "lng": 9.25
    },
    {
      "cityName": "Koginbar",
      "lat": 10.1166667,
      "lng": 9.8
    },
    {
      "cityName": "Kogin Garga",
      "lat": 9.6,
      "lng": 10.1666667
    },
    {
      "cityName": "Kogo",
      "lat": 10.8166667,
      "lng": 9.0333333
    },
    {
      "cityName": "Koluki",
      "lat": 11.0333333,
      "lng": 9.0666667
    },
    {
      "cityName": "Kongel",
      "lat": 11.6166667,
      "lng": 9.85
    },
    {
      "cityName": "Kongoro",
      "lat": 10.9155556,
      "lng": 9.1783333
    },
    {
      "cityName": "Konkomeri",
      "lat": 11.8166667,
      "lng": 10.4
    },
    {
      "cityName": "Konzogo",
      "lat": 11.4333333,
      "lng": 10.3666667
    },
    {
      "cityName": "Koptara",
      "lat": 11.3,
      "lng": 10.3
    },
    {
      "cityName": "Kopte",
      "lat": 9.7833333,
      "lng": 9.3
    },
    {
      "cityName": "Koran",
      "lat": 12.0166667,
      "lng": 10.5666667
    },
    {
      "cityName": "Kore",
      "lat": 12.4166667,
      "lng": 10.4166667
    },
    {
      "cityName": "Korori",
      "lat": 12.15,
      "lng": 10.5166667
    },
    {
      "cityName": "Kubi",
      "lat": 10.5666667,
      "lng": 10.2166667
    },
    {
      "cityName": "Kubuwa",
      "lat": 11.9333333,
      "lng": 10.2166667
    },
    {
      "cityName": "Kuchiya",
      "lat": 10.4333333,
      "lng": 10.3833333
    },
    {
      "cityName": "Kufai",
      "lat": 9.9833333,
      "lng": 9.2333333
    },
    {
      "cityName": "Kufa",
      "lat": 10.6666667,
      "lng": 10.2166667
    },
    {
      "cityName": "Kuhu",
      "lat": 10.4666667,
      "lng": 9.7666667
    },
    {
      "cityName": "Kujum",
      "lat": 12.3,
      "lng": 10.4666667
    },
    {
      "cityName": "Kuka",
      "lat": 10.05,
      "lng": 10.35
    },
    {
      "cityName": "Kukin Burera",
      "lat": 11.6,
      "lng": 9.8833333
    },
    {
      "cityName": "Kula",
      "lat": 9.5166667,
      "lng": 9.6333333
    },
    {
      "cityName": "Kulfana",
      "lat": 10.4,
      "lng": 9.05
    },
    {
      "cityName": "Kuluntun",
      "lat": 10.25,
      "lng": 9.7166667
    },
    {
      "cityName": "Kumbala",
      "lat": 9.9,
      "lng": 10.0666667
    },
    {
      "cityName": "Kumbuli",
      "lat": 10.1833333,
      "lng": 9.6666667
    },
    {
      "cityName": "Kumgas",
      "lat": 10.0666667,
      "lng": 9.8833333
    },
    {
      "cityName": "Kumun",
      "lat": 11.4333333,
      "lng": 9.9166667
    },
    {
      "cityName": "Kumuo",
      "lat": 11.45,
      "lng": 9.9
    },
    {
      "cityName": "Kuna",
      "lat": 10.6333333,
      "lng": 10.2333333
    },
    {
      "cityName": "Kundak",
      "lat": 9.7833333,
      "lng": 9.9
    },
    {
      "cityName": "Kunde",
      "lat": 10.7166667,
      "lng": 10.5333333
    },
    {
      "cityName": "Kundum",
      "lat": 10.4333333,
      "lng": 9.65
    },
    {
      "cityName": "Kungibar",
      "lat": 10.0333333,
      "lng": 10.25
    },
    {
      "cityName": "Kunkyan",
      "lat": 9.3333333,
      "lng": 9.95
    },
    {
      "cityName": "Kup",
      "lat": 9.2166667,
      "lng": 9.5833333
    },
    {
      "cityName": "Kura",
      "lat": 10.35,
      "lng": 9.8666667
    },
    {
      "cityName": "Kuraman Jura",
      "lat": 10.5333333,
      "lng": 8.65
    },
    {
      "cityName": "Kurba",
      "lat": 11.3,
      "lng": 10.2
    },
    {
      "cityName": "Kurgo",
      "lat": 11.5,
      "lng": 9.9166667
    },
    {
      "cityName": "Kurmi",
      "lat": 11.0166667,
      "lng": 9.0333333
    },
    {
      "cityName": "Kurmin Dodo",
      "lat": 10.15,
      "lng": 8.6333333
    },
    {
      "cityName": "Kurun",
      "lat": 11.1166667,
      "lng": 9.4166667
    },
    {
      "cityName": "Kusinawa",
      "lat": 10.2,
      "lng": 9.6
    },
    {
      "cityName": "Kutaru",
      "lat": 9.9,
      "lng": 9.8333333
    },
    {
      "cityName": "Kutunas",
      "lat": 12.2,
      "lng": 10.3333333
    },
    {
      "cityName": "Kwabzak",
      "lat": 9.1333333,
      "lng": 9.5
    },
    {
      "cityName": "Kwachchiyal",
      "lat": 10.0833333,
      "lng": 9.2833333
    },
    {
      "cityName": "Kwaltukurwa",
      "lat": 9.9333333,
      "lng": 9.5
    },
    {
      "cityName": "Kwambo",
      "lat": 10.3333333,
      "lng": 9.5
    },
    {
      "cityName": "Kwanbo",
      "lat": 10.3666667,
      "lng": 9.5333333
    },
    {
      "cityName": "Kwanda",
      "lat": 11.95,
      "lng": 9.8166667
    },
    {
      "cityName": "Kwangi",
      "lat": 10.7666667,
      "lng": 9.15
    },
    {
      "cityName": "Kwanka",
      "lat": 9.5166667,
      "lng": 9.3666667
    },
    {
      "cityName": "Kwankan",
      "lat": 9.05,
      "lng": 9.7166667
    },
    {
      "cityName": "Kwankel",
      "lat": 11.7666667,
      "lng": 9.8333333
    },
    {
      "cityName": "Kwankiyal",
      "lat": 11.15,
      "lng": 10.4666667
    },
    {
      "cityName": "Kwanyi",
      "lat": 10.0333333,
      "lng": 9.75
    },
    {
      "cityName": "Kwatan Nanido",
      "lat": 8.7166667,
      "lng": 10.7166667
    },
    {
      "cityName": "Kwatan Taru",
      "lat": 8.7333333,
      "lng": 10.55
    },
    {
      "cityName": "Kwatara",
      "lat": 10.4,
      "lng": 8.6666667
    },
    {
      "cityName": "Kwendeli",
      "lat": 10.1833333,
      "lng": 8.5333333
    },
    {
      "cityName": "Kwenjiai",
      "lat": 11.6,
      "lng": 9.8333333
    },
    {
      "cityName": "Kwondo",
      "lat": 10.7,
      "lng": 8.7
    },
    {
      "cityName": "Kwong",
      "lat": 9.0166667,
      "lng": 9.2666667
    },
    {
      "cityName": "Kwonjimbar",
      "lat": 9.9,
      "lng": 10.4666667
    },
    {
      "cityName": "Lafia",
      "lat": 11.7666667,
      "lng": 10.0666667
    },
    {
      "cityName": "Lafiya",
      "lat": 11.4333333,
      "lng": 10.4833333
    },
    {
      "cityName": "Lafiyari",
      "lat": 10.5333333,
      "lng": 9.9333333
    },
    {
      "cityName": "Lafiyaru",
      "lat": 11,
      "lng": 10.45
    },
    {
      "cityName": "Lago",
      "lat": 11.1833333,
      "lng": 10.4833333
    },
    {
      "cityName": "Laguru",
      "lat": 10.9166667,
      "lng": 10.0333333
    },
    {
      "cityName": "Lakushi Makat",
      "lat": 8.5833333,
      "lng": 9.5666667
    },
    {
      "cityName": "Lalin",
      "lat": 9.0666667,
      "lng": 9.6666667
    },
    {
      "cityName": "Lamba",
      "lat": 10.6166667,
      "lng": 9.7833333
    },
    {
      "cityName": "Lame",
      "lat": 10.4433333,
      "lng": 9.2433333
    },
    {
      "cityName": "Lando",
      "lat": 10.2666667,
      "lng": 10.35
    },
    {
      "cityName": "Langtang",
      "lat": 9.1333333,
      "lng": 9.7833333
    },
    {
      "cityName": "Lankan",
      "lat": 9.3,
      "lng": 9.3333333
    },
    {
      "cityName": "Lanpo",
      "lat": 11.4166667,
      "lng": 10.8
    },
    {
      "cityName": "Lanzai",
      "lat": 11.4341667,
      "lng": 10.8094444
    },
    {
      "cityName": "Lariae",
      "lat": 11.5833333,
      "lng": 9.85
    },
    {
      "cityName": "Laru",
      "lat": 10.2333333,
      "lng": 9.0333333
    },
    {
      "cityName": "Lata",
      "lat": 11.0666667,
      "lng": 9.9666667
    },
    {
      "cityName": "Lauru",
      "lat": 11.4666667,
      "lng": 10.4666667
    },
    {
      "cityName": "Lerebi",
      "lat": 10.8,
      "lng": 8.75
    },
    {
      "cityName": "Lere",
      "lat": 10.3833333,
      "lng": 8.5833333
    },
    {
      "cityName": "Lidin",
      "lat": 10.1666667,
      "lng": 8.5666667
    },
    {
      "cityName": "Ligri",
      "lat": 9.4333333,
      "lng": 10.7666667
    },
    {
      "cityName": "Liguri",
      "lat": 9.5,
      "lng": 9.4333333
    },
    {
      "cityName": "Limoro",
      "lat": 10.2333333,
      "lng": 8.9
    },
    {
      "cityName": "Lirini",
      "lat": 11.7,
      "lng": 10.5833333
    },
    {
      "cityName": "Lizai",
      "lat": 11.7833333,
      "lng": 10.3
    },
    {
      "cityName": "Lliyasu",
      "lat": 11.05,
      "lng": 10.45
    },
    {
      "cityName": "Lowi",
      "lat": 10.5833333,
      "lng": 10.0166667
    },
    {
      "cityName": "Luchambi",
      "lat": 11.7333333,
      "lng": 10.8333333
    },
    {
      "cityName": "Luchi",
      "lat": 10.0166667,
      "lng": 9.3
    },
    {
      "cityName": "Ludumi",
      "lat": 10.8,
      "lng": 10.3166667
    },
    {
      "cityName": "Lugge",
      "lat": 10.1,
      "lng": 9.6666667
    },
    {
      "cityName": "Luma",
      "lat": 10.3666667,
      "lng": 10.1
    },
    {
      "cityName": "Lumba",
      "lat": 9.2166667,
      "lng": 10.0166667
    },
    {
      "cityName": "Lumbo",
      "lat": 11.6666667,
      "lng": 10.8
    },
    {
      "cityName": "Lumbu",
      "lat": 11.1166667,
      "lng": 9.3333333
    },
    {
      "cityName": "Lusa Jeji",
      "lat": 9.5333333,
      "lng": 9.6
    },
    {
      "cityName": "Lusa",
      "lat": 9.6166667,
      "lng": 9.5833333
    },
    {
      "cityName": "Lushi",
      "lat": 10.2666667,
      "lng": 9.8166667
    },
    {
      "cityName": "Machido",
      "lat": 10.05,
      "lng": 10.3166667
    },
    {
      "cityName": "Machiyan Kuka",
      "lat": 9.8666667,
      "lng": 9.7
    },
    {
      "cityName": "Madachi",
      "lat": 11.5,
      "lng": 10.4333333
    },
    {
      "cityName": "Madadiya",
      "lat": 10.8666667,
      "lng": 10.3666667
    },
    {
      "cityName": "Madakiri",
      "lat": 11.3166667,
      "lng": 10.3166667
    },
    {
      "cityName": "Madara",
      "lat": 11.7833333,
      "lng": 10.45
    },
    {
      "cityName": "Madawa",
      "lat": 10.5166667,
      "lng": 8.7833333
    },
    {
      "cityName": "Madobi",
      "lat": 11.6333333,
      "lng": 10.0166667
    },
    {
      "cityName": "Mafudi",
      "lat": 11.2166667,
      "lng": 10.1166667
    },
    {
      "cityName": "Magama",
      "lat": 10.0833333,
      "lng": 9.1666667
    },
    {
      "cityName": "Maganda",
      "lat": 10.65,
      "lng": 8.7666667
    },
    {
      "cityName": "Magangani",
      "lat": 10.7166667,
      "lng": 8.6833333
    },
    {
      "cityName": "Magaria",
      "lat": 11.6166667,
      "lng": 10.3333333
    },
    {
      "cityName": "Mahanga",
      "lat": 10.3166667,
      "lng": 8.7166667
    },
    {
      "cityName": "Maharba",
      "lat": 10.8666667,
      "lng": 10.45
    },
    {
      "cityName": "Mahur",
      "lat": 10.1333333,
      "lng": 9.2833333
    },
    {
      "cityName": "Mai Binda",
      "lat": 10.3,
      "lng": 8.6333333
    },
    {
      "cityName": "Maidubi",
      "lat": 10.85,
      "lng": 9.1333333
    },
    {
      "cityName": "Maigemu",
      "lat": 10.0166667,
      "lng": 9.1833333
    },
    {
      "cityName": "Maigyeme",
      "lat": 9.7333333,
      "lng": 9.35
    },
    {
      "cityName": "Maikogo",
      "lat": 10.7,
      "lng": 8.9833333
    },
    {
      "cityName": "Mai Lumba",
      "lat": 10.7833333,
      "lng": 8.9833333
    },
    {
      "cityName": "Maina Maji",
      "lat": 10.0536111,
      "lng": 10.2908333
    },
    {
      "cityName": "Mainari",
      "lat": 12.0833333,
      "lng": 10.4333333
    },
    {
      "cityName": "Maio",
      "lat": 11.7666667,
      "lng": 9.9666667
    },
    {
      "cityName": "Mai Rimi",
      "lat": 10.35,
      "lng": 8.6333333
    },
    {
      "cityName": "Maiwa",
      "lat": 12.3833333,
      "lng": 10.2666667
    },
    {
      "cityName": "Makadangi",
      "lat": 9.6666667,
      "lng": 10.3666667
    },
    {
      "cityName": "Makarfai",
      "lat": 10.65,
      "lng": 8.6833333
    },
    {
      "cityName": "Makawa",
      "lat": 12.2333333,
      "lng": 10.2
    },
    {
      "cityName": "Makiya",
      "lat": 12.3333333,
      "lng": 10.5333333
    },
    {
      "cityName": "Malakadala",
      "lat": 11.3833333,
      "lng": 9.9666667
    },
    {
      "cityName": "Malatin",
      "lat": 11.5,
      "lng": 10.7166667
    },
    {
      "cityName": "Mallam Baka",
      "lat": 10.1333333,
      "lng": 9.4666667
    },
    {
      "cityName": "Mallemadigo",
      "lat": 11.95,
      "lng": 10.2166667
    },
    {
      "cityName": "Mallurin Tudu",
      "lat": 10.9,
      "lng": 10.5833333
    },
    {
      "cityName": "Malori",
      "lat": 11.55,
      "lng": 9.9666667
    },
    {
      "cityName": "Maluma",
      "lat": 11.5666667,
      "lng": 9.85
    },
    {
      "cityName": "Mamajo",
      "lat": 11.9833333,
      "lng": 9.95
    },
    {
      "cityName": "Mamako",
      "lat": 12.3833333,
      "lng": 10.3666667
    },
    {
      "cityName": "Mamalok",
      "lat": 9.65,
      "lng": 10.15
    },
    {
      "cityName": "Mamudu",
      "lat": 10.7833333,
      "lng": 10.4666667
    },
    {
      "cityName": "Manakwa",
      "lat": 11.0333333,
      "lng": 9.95
    },
    {
      "cityName": "Mana",
      "lat": 10.3666667,
      "lng": 9.1
    },
    {
      "cityName": "Mangas",
      "lat": 10.1666667,
      "lng": 9.8333333
    },
    {
      "cityName": "Maniyo",
      "lat": 12.2,
      "lng": 10.4333333
    },
    {
      "cityName": "Manji",
      "lat": 8.6166667,
      "lng": 10.7166667
    },
    {
      "cityName": "Mansur",
      "lat": 9.55,
      "lng": 10.6166667
    },
    {
      "cityName": "Mara",
      "lat": 10.35,
      "lng": 9.3
    },
    {
      "cityName": "Marbini",
      "lat": 10.9166667,
      "lng": 10.1666667
    },
    {
      "cityName": "Mareso",
      "lat": 10.4666667,
      "lng": 8.7166667
    },
    {
      "cityName": "Maresu",
      "lat": 10.4833333,
      "lng": 8.7666667
    },
    {
      "cityName": "Marewo",
      "lat": 11.35,
      "lng": 10.45
    },
    {
      "cityName": "Marga",
      "lat": 10.75,
      "lng": 10.2833333
    },
    {
      "cityName": "Maruta",
      "lat": 11.45,
      "lng": 9.8666667
    },
    {
      "cityName": "Masama",
      "lat": 10.6666667,
      "lng": 8.7166667
    },
    {
      "cityName": "Mashamo",
      "lat": 11.7833333,
      "lng": 9.95
    },
    {
      "cityName": "Masuri",
      "lat": 10.25,
      "lng": 10.3166667
    },
    {
      "cityName": "Masuwa",
      "lat": 10.6,
      "lng": 10.2166667
    },
    {
      "cityName": "Matsango",
      "lat": 11.2833333,
      "lng": 10.4
    },
    {
      "cityName": "Matsira",
      "lat": 9.9333333,
      "lng": 10.1666667
    },
    {
      "cityName": "Mikelem",
      "lat": 9.8166667,
      "lng": 9.9
    },
    {
      "cityName": "Minduwi",
      "lat": 10.6333333,
      "lng": 9.8333333
    },
    {
      "cityName": "Miri (1)",
      "lat": 10.3333333,
      "lng": 9.7666667
    },
    {
      "cityName": "Miri (2)",
      "lat": 10.3166667,
      "lng": 9.75
    },
    {
      "cityName": "Misau",
      "lat": 11.3183333,
      "lng": 10.4677778
    },
    {
      "cityName": "Miya",
      "lat": 10.895,
      "lng": 9.8291667
    },
    {
      "cityName": "Mongun",
      "lat": 9.2166667,
      "lng": 9.15
    },
    {
      "cityName": "Mpan",
      "lat": 9.3,
      "lng": 9.2
    },
    {
      "cityName": "Mube",
      "lat": 11.75,
      "lng": 9.95
    },
    {
      "cityName": "Muda",
      "lat": 11.0666667,
      "lng": 9.8166667
    },
    {
      "cityName": "Mudon",
      "lat": 9.05,
      "lng": 9.4666667
    },
    {
      "cityName": "Mulas",
      "lat": 9.3333333,
      "lng": 10.05
    },
    {
      "cityName": "Mundal",
      "lat": 9.6833333,
      "lng": 10.2333333
    },
    {
      "cityName": "Mundum",
      "lat": 10.4666667,
      "lng": 9.3833333
    },
    {
      "cityName": "Mun",
      "lat": 9.4166667,
      "lng": 9.9666667
    },
    {
      "cityName": "Munsal",
      "lat": 10.1833333,
      "lng": 9.8833333
    },
    {
      "cityName": "Murno",
      "lat": 9.7333333,
      "lng": 9.2833333
    },
    {
      "cityName": "Musaria",
      "lat": 12.4833333,
      "lng": 10.45
    },
    {
      "cityName": "Nabayi",
      "lat": 10.8333333,
      "lng": 10.35
    },
    {
      "cityName": "Nabordo",
      "lat": 10.2261111,
      "lng": 9.405
    },
    {
      "cityName": "Nafuta",
      "lat": 10.9333333,
      "lng": 10.4
    },
    {
      "cityName": "Nafuta Sutumi",
      "lat": 10.2,
      "lng": 9.3
    },
    {
      "cityName": "Nahani",
      "lat": 10.2,
      "lng": 8.5833333
    },
    {
      "cityName": "Nahuche",
      "lat": 11.4166667,
      "lng": 9.8
    },
    {
      "cityName": "Nahuchi",
      "lat": 11.6166667,
      "lng": 9.8
    },
    {
      "cityName": "Nahuta",
      "lat": 10.1833333,
      "lng": 9.2666667
    },
    {
      "cityName": "Nainawa",
      "lat": 10.2666667,
      "lng": 10.3166667
    },
    {
      "cityName": "Namuran",
      "lat": 9.2833333,
      "lng": 9.9
    },
    {
      "cityName": "Narabi",
      "lat": 10.0333333,
      "lng": 8.9666667
    },
    {
      "cityName": "Nasarawa",
      "lat": 10.6166667,
      "lng": 9.9166667
    },
    {
      "cityName": "Nassarawa",
      "lat": 10.4833333,
      "lng": 9.0833333
    },
    {
      "cityName": "Nasudu",
      "lat": 10.5833333,
      "lng": 8.6166667
    },
    {
      "cityName": "Natsira",
      "lat": 10.2666667,
      "lng": 9.9666667
    },
    {
      "cityName": "Nduku",
      "lat": 9.6833333,
      "lng": 9.7833333
    },
    {
      "cityName": "Nelbijam",
      "lat": 11.25,
      "lng": 10.3833333
    },
    {
      "cityName": "Ner",
      "lat": 9.35,
      "lng": 9.45
    },
    {
      "cityName": "Ngettanni",
      "lat": 11.3166667,
      "lng": 10.3666667
    },
    {
      "cityName": "Ningi",
      "lat": 10.9666667,
      "lng": 9.3833333
    },
    {
      "cityName": "Njikar",
      "lat": 9.8333333,
      "lng": 9.9
    },
    {
      "cityName": "Njimob",
      "lat": 9.5333333,
      "lng": 9.7833333
    },
    {
      "cityName": "Nujap",
      "lat": 9.95,
      "lng": 9.15
    },
    {
      "cityName": "Nyelan",
      "lat": 9.45,
      "lng": 9.4
    },
    {
      "cityName": "Pakuru",
      "lat": 10.4666667,
      "lng": 9.1333333
    },
    {
      "cityName": "Palama",
      "lat": 9.9833333,
      "lng": 9.3
    },
    {
      "cityName": "Pala",
      "lat": 10.75,
      "lng": 10.3333333
    },
    {
      "cityName": "Pamayaji",
      "lat": 10.3166667,
      "lng": 8.7666667
    },
    {
      "cityName": "Pango",
      "lat": 11.7166667,
      "lng": 9.8166667
    },
    {
      "cityName": "Panshanu",
      "lat": 10.1,
      "lng": 9.2166667
    },
    {
      "cityName": "Panyam",
      "lat": 9.4166667,
      "lng": 9.2166667
    },
    {
      "cityName": "Passaganga",
      "lat": 11.4166667,
      "lng": 9.8166667
    },
    {
      "cityName": "Pegi p",
      "lat": 10.1333333,
      "lng": 9.4333333
    },
    {
      "cityName": "Pella Tabilang",
      "lat": 10.3833333,
      "lng": 10.5333333
    },
    {
      "cityName": "Pem Giji",
      "lat": 9.5833333,
      "lng": 9.3166667
    },
    {
      "cityName": "Pepen",
      "lat": 10.05,
      "lng": 8.9333333
    },
    {
      "cityName": "Perma",
      "lat": 11.1333333,
      "lng": 9.0666667
    },
    {
      "cityName": "Peshiep",
      "lat": 8.8166667,
      "lng": 9.4333333
    },
    {
      "cityName": "Pichere",
      "lat": 10.3166667,
      "lng": 8.9666667
    },
    {
      "cityName": "Pinau",
      "lat": 8.8666667,
      "lng": 10.3666667
    },
    {
      "cityName": "Pingana",
      "lat": 10.15,
      "lng": 8.9833333
    },
    {
      "cityName": "Pingell",
      "lat": 10.3333333,
      "lng": 9.0833333
    },
    {
      "cityName": "Piru",
      "lat": 10.4,
      "lng": 9.8666667
    },
    {
      "cityName": "Polchi",
      "lat": 10.1166667,
      "lng": 9.3333333
    },
    {
      "cityName": "Pyapun",
      "lat": 9.0333333,
      "lng": 9.5166667
    },
    {
      "cityName": "Rabadi",
      "lat": 11.2,
      "lng": 10.1833333
    },
    {
      "cityName": "Rafin Chiawa",
      "lat": 10.8333333,
      "lng": 9.4
    },
    {
      "cityName": "Rafin Dadi",
      "lat": 10.5666667,
      "lng": 8.7333333
    },
    {
      "cityName": "Rafin Dinga",
      "lat": 10.85,
      "lng": 9.0833333
    },
    {
      "cityName": "Rafin Gora",
      "lat": 10.6166667,
      "lng": 8.85
    },
    {
      "cityName": "Ragada",
      "lat": 10.6666667,
      "lng": 8.65
    },
    {
      "cityName": "Ragom",
      "lat": 11.7333333,
      "lng": 10.1
    },
    {
      "cityName": "Rahama Bauchi",
      "lat": 10.45,
      "lng": 8.75
    },
    {
      "cityName": "Rahama",
      "lat": 10.4166667,
      "lng": 8.6833333
    },
    {
      "cityName": "Ramin Kura",
      "lat": 10.2666667,
      "lng": 8.55
    },
    {
      "cityName": "Rampa",
      "lat": 11.0333333,
      "lng": 10.4166667
    },
    {
      "cityName": "Ranbaya",
      "lat": 10.3666667,
      "lng": 9.7
    },
    {
      "cityName": "Rankin",
      "lat": 9.4,
      "lng": 9.6333333
    },
    {
      "cityName": "Rapawa",
      "lat": 10.0166667,
      "lng": 10.2166667
    },
    {
      "cityName": "Rek",
      "lat": 9.2333333,
      "lng": 9.7833333
    },
    {
      "cityName": "Reri",
      "lat": 10.5333333,
      "lng": 10.0666667
    },
    {
      "cityName": "Riban Garmu",
      "lat": 10.5166667,
      "lng": 10.45
    },
    {
      "cityName": "Ribina",
      "lat": 10.1,
      "lng": 9.0666667
    },
    {
      "cityName": "Rigan Mallam Shehu",
      "lat": 10.9166667,
      "lng": 10.45
    },
    {
      "cityName": "Rigansu",
      "lat": 10.6833333,
      "lng": 10.2333333
    },
    {
      "cityName": "Rimi",
      "lat": 10.2833333,
      "lng": 8.55
    },
    {
      "cityName": "Ringa",
      "lat": 10.0666667,
      "lng": 10.3666667
    },
    {
      "cityName": "Ringim",
      "lat": 10.6833333,
      "lng": 9.6833333
    },
    {
      "cityName": "Rinjim Gaini",
      "lat": 10.0666667,
      "lng": 9.1
    },
    {
      "cityName": "Ririwai",
      "lat": 10.75,
      "lng": 8.7333333
    },
    {
      "cityName": "Ririwan Dalma",
      "lat": 10.2833333,
      "lng": 8.9833333
    },
    {
      "cityName": "Rishi",
      "lat": 10.4833333,
      "lng": 8.9333333
    },
    {
      "cityName": "Rogon Turaki",
      "lat": 11.55,
      "lng": 10.0166667
    },
    {
      "cityName": "Ruduyausa",
      "lat": 10.4666667,
      "lng": 9.85
    },
    {
      "cityName": "Rugan Gilliri",
      "lat": 10.3,
      "lng": 10.0166667
    },
    {
      "cityName": "Rugan Jaunro Adamu",
      "lat": 10.8333333,
      "lng": 10.3833333
    },
    {
      "cityName": "Rugan Zp",
      "lat": 10.6666667,
      "lng": 10.2333333
    },
    {
      "cityName": "Ruhu",
      "lat": 10.6,
      "lng": 9.1
    },
    {
      "cityName": "Rumfan Gwamna",
      "lat": 10.0833333,
      "lng": 8.8833333
    },
    {
      "cityName": "Runko",
      "lat": 11.55,
      "lng": 9.8666667
    },
    {
      "cityName": "Ruwa Uku",
      "lat": 11.1,
      "lng": 9.7833333
    },
    {
      "cityName": "Sabolo",
      "lat": 10.1166667,
      "lng": 8.8833333
    },
    {
      "cityName": "Sabon Bariki",
      "lat": 10.2,
      "lng": 9.2666667
    },
    {
      "cityName": "Sabon Birni",
      "lat": 10.45,
      "lng": 8.65
    },
    {
      "cityName": "Sabon Gari",
      "lat": 10.6702778,
      "lng": 9.0094444
    },
    {
      "cityName": "Sabon Gida",
      "lat": 10.0833333,
      "lng": 9.6833333
    },
    {
      "cityName": "Sabon Kaura",
      "lat": 10.4833333,
      "lng": 8.9666667
    },
    {
      "cityName": "Sabon Keffi",
      "lat": 11.7333333,
      "lng": 9.8666667
    },
    {
      "cityName": "Sabon Riga",
      "lat": 11.4833333,
      "lng": 10.6333333
    },
    {
      "cityName": "Sabon Sara",
      "lat": 11.4333333,
      "lng": 10.3
    },
    {
      "cityName": "Sabou",
      "lat": 11.5666667,
      "lng": 9.7333333
    },
    {
      "cityName": "Sabu",
      "lat": 11.1333333,
      "lng": 10.4833333
    },
    {
      "cityName": "Sade",
      "lat": 11.3666667,
      "lng": 10.6666667
    },
    {
      "cityName": "Sagi",
      "lat": 11.2,
      "lng": 10.15
    },
    {
      "cityName": "Sakarumbu",
      "lat": 10.9,
      "lng": 10.4333333
    },
    {
      "cityName": "Sakwa",
      "lat": 12.1288889,
      "lng": 10.2922222
    },
    {
      "cityName": "Saluwai",
      "lat": 9.1833333,
      "lng": 9.9833333
    },
    {
      "cityName": "Sama",
      "lat": 10.9333333,
      "lng": 9.05
    },
    {
      "cityName": "Sambori",
      "lat": 10.8333333,
      "lng": 10.5166667
    },
    {
      "cityName": "Samiya",
      "lat": 9.6833333,
      "lng": 10.2
    },
    {
      "cityName": "Sammo",
      "lat": 11.0333333,
      "lng": 9.4
    },
    {
      "cityName": "Sandigalou",
      "lat": 12.0455556,
      "lng": 10.2525
    },
    {
      "cityName": "Sangar",
      "lat": 10.0666667,
      "lng": 10.3333333
    },
    {
      "cityName": "Sanga",
      "lat": 10.25,
      "lng": 8.9666667
    },
    {
      "cityName": "San",
      "lat": 10.1166667,
      "lng": 9.6166667
    },
    {
      "cityName": "Saradugum",
      "lat": 12.3666667,
      "lng": 10.4166667
    },
    {
      "cityName": "Sara",
      "lat": 9.6166667,
      "lng": 9.4166667
    },
    {
      "cityName": "Sarma",
      "lat": 11.4333333,
      "lng": 10.6333333
    },
    {
      "cityName": "Sebore",
      "lat": 11.4166667,
      "lng": 10.45
    },
    {
      "cityName": "Sendirdi",
      "lat": 8.55,
      "lng": 10.3833333
    },
    {
      "cityName": "Seri",
      "lat": 9.4,
      "lng": 9.7
    },
    {
      "cityName": "Shabal",
      "lat": 11.2833333,
      "lng": 10.5333333
    },
    {
      "cityName": "Shabua",
      "lat": 11.5166667,
      "lng": 9.85
    },
    {
      "cityName": "Shadareki",
      "lat": 10.8833333,
      "lng": 10.3833333
    },
    {
      "cityName": "Shadowanka",
      "lat": 10.3333333,
      "lng": 9.8166667
    },
    {
      "cityName": "Shafada",
      "lat": 11.0666667,
      "lng": 9.95
    },
    {
      "cityName": "Shafan Bano",
      "lat": 10.0333333,
      "lng": 10.3833333
    },
    {
      "cityName": "Shafa",
      "lat": 9.6833333,
      "lng": 10.25
    },
    {
      "cityName": "Shani",
      "lat": 10.3833333,
      "lng": 8.75
    },
    {
      "cityName": "Shanshani",
      "lat": 10.6833333,
      "lng": 8.9833333
    },
    {
      "cityName": "Share",
      "lat": 9.9666667,
      "lng": 9.05
    },
    {
      "cityName": "Shau",
      "lat": 10.4666667,
      "lng": 9.15
    },
    {
      "cityName": "Shedori",
      "lat": 10.8166667,
      "lng": 10.5333333
    },
    {
      "cityName": "Shellim",
      "lat": 11.6666667,
      "lng": 10.5333333
    },
    {
      "cityName": "Shemankar",
      "lat": 8.6333333,
      "lng": 9.5166667
    },
    {
      "cityName": "Shendam",
      "lat": 8.8833333,
      "lng": 9.5333333
    },
    {
      "cityName": "Sheru",
      "lat": 10.5166667,
      "lng": 9.0666667
    },
    {
      "cityName": "Shibi",
      "lat": 10.6666667,
      "lng": 8.9166667
    },
    {
      "cityName": "Shiburu",
      "lat": 10.7333333,
      "lng": 8.6666667
    },
    {
      "cityName": "Shika",
      "lat": 8.6333333,
      "lng": 10.5833333
    },
    {
      "cityName": "Shira",
      "lat": 11.45,
      "lng": 10.05
    },
    {
      "cityName": "Shiwer",
      "lat": 9.3166667,
      "lng": 9.6666667
    },
    {
      "cityName": "Sigau",
      "lat": 10.3666667,
      "lng": 8.5666667
    },
    {
      "cityName": "Sigidi",
      "lat": 9.6666667,
      "lng": 9.35
    },
    {
      "cityName": "Siri",
      "lat": 10.6333333,
      "lng": 10.2166667
    },
    {
      "cityName": "Sirko",
      "lat": 11.3666667,
      "lng": 10.4666667
    },
    {
      "cityName": "Si",
      "lat": 10.5666667,
      "lng": 9.9
    },
    {
      "cityName": "Sol",
      "lat": 9.8333333,
      "lng": 9.4666667
    },
    {
      "cityName": "Somni",
      "lat": 10.5,
      "lng": 10.1166667
    },
    {
      "cityName": "Soro",
      "lat": 10.7833333,
      "lng": 10.3
    },
    {
      "cityName": "Suari",
      "lat": 11.6333333,
      "lng": 9.8666667
    },
    {
      "cityName": "Suborogi",
      "lat": 11.6166667,
      "lng": 9.9833333
    },
    {
      "cityName": "Sudaye",
      "lat": 9.65,
      "lng": 9.3333333
    },
    {
      "cityName": "Sufa",
      "lat": 12.1666667,
      "lng": 10.4333333
    },
    {
      "cityName": "Sumba",
      "lat": 11.5166667,
      "lng": 9.9833333
    },
    {
      "cityName": "Surr",
      "lat": 9.55,
      "lng": 9.75
    },
    {
      "cityName": "Tabela",
      "lat": 10.9666667,
      "lng": 9.4333333
    },
    {
      "cityName": "Tadnim",
      "lat": 9.6166667,
      "lng": 9.8
    },
    {
      "cityName": "Tafawa-Balewa",
      "lat": 9.7583333,
      "lng": 9.5572222
    },
    {
      "cityName": "Tafingarda",
      "lat": 10.8166667,
      "lng": 10.3333333
    },
    {
      "cityName": "Tagwaye",
      "lat": 10.2666667,
      "lng": 8.5833333
    },
    {
      "cityName": "Tagwur",
      "lat": 9.8833333,
      "lng": 10.0333333
    },
    {
      "cityName": "Takabundu",
      "lat": 10.2166667,
      "lng": 9.3166667
    },
    {
      "cityName": "Taka Fulani",
      "lat": 8.6,
      "lng": 10.6666667
    },
    {
      "cityName": "Takalafiya",
      "lat": 10.1,
      "lng": 10.2166667
    },
    {
      "cityName": "Takara",
      "lat": 12.4333333,
      "lng": 10.4666667
    },
    {
      "cityName": "Taki",
      "lat": 9.6333333,
      "lng": 9.9333333
    },
    {
      "cityName": "Takkos",
      "lat": 9.4666667,
      "lng": 9.3833333
    },
    {
      "cityName": "Taksawat",
      "lat": 9.7833333,
      "lng": 10.4166667
    },
    {
      "cityName": "Tambal",
      "lat": 11.5166667,
      "lng": 9.9
    },
    {
      "cityName": "Tambes",
      "lat": 9.3833333,
      "lng": 9.4
    },
    {
      "cityName": "Tambila",
      "lat": 10.1666667,
      "lng": 9.2833333
    },
    {
      "cityName": "Tanko",
      "lat": 10.6666667,
      "lng": 8.6666667
    },
    {
      "cityName": "Tarabaji",
      "lat": 10.7166667,
      "lng": 10.2833333
    },
    {
      "cityName": "Taramal",
      "lat": 9.7166667,
      "lng": 10.1666667
    },
    {
      "cityName": "Tarbi",
      "lat": 10.2166667,
      "lng": 8.5166667
    },
    {
      "cityName": "Tashan Gidan Waya",
      "lat": 10.5666667,
      "lng": 10.0833333
    },
    {
      "cityName": "Taskai",
      "lat": 11.45,
      "lng": 10.6333333
    },
    {
      "cityName": "Taude",
      "lat": 11.2166667,
      "lng": 10.5166667
    },
    {
      "cityName": "Taura",
      "lat": 10.5333333,
      "lng": 9.05
    },
    {
      "cityName": "Tauya",
      "lat": 10.8,
      "lng": 10.5333333
    },
    {
      "cityName": "Teshena",
      "lat": 12.3,
      "lng": 10.2833333
    },
    {
      "cityName": "Tibchi",
      "lat": 10.85,
      "lng": 8.9833333
    },
    {
      "cityName": "Tikirze",
      "lat": 12.4666667,
      "lng": 10.6166667
    },
    {
      "cityName": "Tilden Fulani",
      "lat": 10.05,
      "lng": 8.9833333
    },
    {
      "cityName": "Tillei",
      "lat": 10.0666667,
      "lng": 9.25
    },
    {
      "cityName": "Tim",
      "lat": 9.1166667,
      "lng": 9.1166667
    },
    {
      "cityName": "Tingaro",
      "lat": 11.4166667,
      "lng": 10.1833333
    },
    {
      "cityName": "Tipap",
      "lat": 9.1666667,
      "lng": 9.6333333
    },
    {
      "cityName": "Tiri",
      "lat": 11.1,
      "lng": 9.0833333
    },
    {
      "cityName": "Tirsa",
      "lat": 10.8833333,
      "lng": 10.4166667
    },
    {
      "cityName": "Tirwin",
      "lat": 10.35,
      "lng": 9.8833333
    },
    {
      "cityName": "Torfa",
      "lat": 11.0666667,
      "lng": 9.0833333
    },
    {
      "cityName": "Toro",
      "lat": 10.0575,
      "lng": 9.0675
    },
    {
      "cityName": "Tsafi",
      "lat": 11.3666667,
      "lng": 10.1
    },
    {
      "cityName": "Tsaiga",
      "lat": 10.6666667,
      "lng": 10.5166667
    },
    {
      "cityName": "Tsakani",
      "lat": 10.2666667,
      "lng": 9.65
    },
    {
      "cityName": "Tsangayari",
      "lat": 10.9,
      "lng": 10.4666667
    },
    {
      "cityName": "Tsofon Gari",
      "lat": 10.8166667,
      "lng": 8.8
    },
    {
      "cityName": "Tsofon Sariki",
      "lat": 10.6333333,
      "lng": 8.7
    },
    {
      "cityName": "Tsofua",
      "lat": 11.5666667,
      "lng": 10.0833333
    },
    {
      "cityName": "Tsuaya",
      "lat": 11.6,
      "lng": 9.7166667
    },
    {
      "cityName": "Tudan Wada",
      "lat": 10.1166667,
      "lng": 9.0166667
    },
    {
      "cityName": "Tudun Fulani",
      "lat": 10.3666667,
      "lng": 8.7
    },
    {
      "cityName": "Tudun Wada",
      "lat": 10,
      "lng": 10.2166667
    },
    {
      "cityName": "Tukur",
      "lat": 11.55,
      "lng": 9.7666667
    },
    {
      "cityName": "Tukutu",
      "lat": 10.1833333,
      "lng": 8.9833333
    },
    {
      "cityName": "Tulu",
      "lat": 10.5833333,
      "lng": 9.0333333
    },
    {
      "cityName": "Tunku",
      "lat": 10.0333333,
      "lng": 9.7833333
    },
    {
      "cityName": "Turyam",
      "lat": 9.4833333,
      "lng": 10.1
    },
    {
      "cityName": "Udubo",
      "lat": 11.9397222,
      "lng": 10.6383333
    },
    {
      "cityName": "Umala",
      "lat": 11.45,
      "lng": 10.5333333
    },
    {
      "cityName": "Unguwar Bako",
      "lat": 10.15,
      "lng": 8.6
    },
    {
      "cityName": "Unguwar Bawa",
      "lat": 10.4,
      "lng": 8.6166667
    },
    {
      "cityName": "Unguwar Madugu",
      "lat": 10.3333333,
      "lng": 8.5666667
    },
    {
      "cityName": "Unguwar Mele",
      "lat": 10.4666667,
      "lng": 8.7
    },
    {
      "cityName": "Unguwar Waziri",
      "lat": 10.4833333,
      "lng": 8.6166667
    },
    {
      "cityName": "Ungwan Didila",
      "lat": 10.2833333,
      "lng": 9.0166667
    },
    {
      "cityName": "Ungwan Kurama",
      "lat": 10.4166667,
      "lng": 8.5
    },
    {
      "cityName": "Vodni",
      "lat": 9.4,
      "lng": 9.2666667
    },
    {
      "cityName": "Wabu",
      "lat": 12,
      "lng": 10.65
    },
    {
      "cityName": "Wa'eri",
      "lat": 10.45,
      "lng": 8.9833333
    },
    {
      "cityName": "Wahu",
      "lat": 11.3833333,
      "lng": 10.65
    },
    {
      "cityName": "Wailo",
      "lat": 10.7166667,
      "lng": 10.2333333
    },
    {
      "cityName": "Wai",
      "lat": 9.8666667,
      "lng": 9.4333333
    },
    {
      "cityName": "Waliya",
      "lat": 11.3833333,
      "lng": 10.4333333
    },
    {
      "cityName": "Wanje",
      "lat": 10.25,
      "lng": 8.9
    },
    {
      "cityName": "Wanka",
      "lat": 10.45,
      "lng": 10.4333333
    },
    {
      "cityName": "Warok",
      "lat": 9.2166667,
      "lng": 9.7
    },
    {
      "cityName": "Wase",
      "lat": 9.1,
      "lng": 9.9666667
    },
    {
      "cityName": "Watar",
      "lat": 10.5666667,
      "lng": 8.7
    },
    {
      "cityName": "Wawus",
      "lat": 9.7666667,
      "lng": 9.9
    },
    {
      "cityName": "Widibida",
      "lat": 10.5333333,
      "lng": 9.95
    },
    {
      "cityName": "Wikki",
      "lat": 9.7694444,
      "lng": 10.5327778
    },
    {
      "cityName": "Wokkos",
      "lat": 9.3333333,
      "lng": 9.5
    },
    {
      "cityName": "Womborum",
      "lat": 11.6333333,
      "lng": 9.9833333
    },
    {
      "cityName": "Wom",
      "lat": 10.2333333,
      "lng": 9.5333333
    },
    {
      "cityName": "Wono",
      "lat": 10.2333333,
      "lng": 9.1
    },
    {
      "cityName": "Wundi",
      "lat": 10.4833333,
      "lng": 8.9
    },
    {
      "cityName": "Wuno Mayo",
      "lat": 9.7,
      "lng": 9.8166667
    },
    {
      "cityName": "Wuntin Dada",
      "lat": 10.3166667,
      "lng": 9.7666667
    },
    {
      "cityName": "Wurno",
      "lat": 10.4,
      "lng": 8.8333333
    },
    {
      "cityName": "Wuro Bogga",
      "lat": 11.45,
      "lng": 10.1833333
    },
    {
      "cityName": "Wuro Bundu",
      "lat": 10.8333333,
      "lng": 10.55
    },
    {
      "cityName": "Wuro Chita",
      "lat": 10.5166667,
      "lng": 10.4166667
    },
    {
      "cityName": "Wurogwabbo",
      "lat": 10.2333333,
      "lng": 9.75
    },
    {
      "cityName": "Wuro Madi",
      "lat": 10.7333333,
      "lng": 10.5
    },
    {
      "cityName": "Wuro Nagge",
      "lat": 10.8833333,
      "lng": 10.4
    },
    {
      "cityName": "Wuronai",
      "lat": 10.2333333,
      "lng": 9.8166667
    },
    {
      "cityName": "Wuseli",
      "lat": 9.4333333,
      "lng": 9.45
    },
    {
      "cityName": "Yaba",
      "lat": 11.7833333,
      "lng": 10.1
    },
    {
      "cityName": "Yaga",
      "lat": 10.5333333,
      "lng": 10.15
    },
    {
      "cityName": "Yagwaram",
      "lat": 10.95,
      "lng": 10.4333333
    },
    {
      "cityName": "Yakase",
      "lat": 11.6166667,
      "lng": 9.9166667
    },
    {
      "cityName": "Yali",
      "lat": 10.5333333,
      "lng": 9.85
    },
    {
      "cityName": "Yalwa",
      "lat": 10.8,
      "lng": 8.7166667
    },
    {
      "cityName": "Yamai",
      "lat": 11.5677778,
      "lng": 10.6461111
    },
    {
      "cityName": "Yamini",
      "lat": 8.5166667,
      "lng": 9.6666667
    },
    {
      "cityName": "Yamrat",
      "lat": 10.1166667,
      "lng": 9.8333333
    },
    {
      "cityName": "Yam",
      "lat": 9.75,
      "lng": 10.0666667
    },
    {
      "cityName": "Yana",
      "lat": 11.4091667,
      "lng": 10.0177778
    },
    {
      "cityName": "Yanda Bayo",
      "lat": 11.5166667,
      "lng": 10.75
    },
    {
      "cityName": "Yanda Kulus",
      "lat": 11.4666667,
      "lng": 10.75
    },
    {
      "cityName": "Yangamaku",
      "lat": 11.6666667,
      "lng": 9.9
    },
    {
      "cityName": "Yankari",
      "lat": 9.6,
      "lng": 10.6666667
    },
    {
      "cityName": "Yargidi",
      "lat": 10.5666667,
      "lng": 10.0166667
    },
    {
      "cityName": "Yarimari",
      "lat": 12.1166667,
      "lng": 10.6166667
    },
    {
      "cityName": "Yarimar Tukur",
      "lat": 10.4,
      "lng": 10.4
    },
    {
      "cityName": "Yeba",
      "lat": 11.95,
      "lng": 10.75
    },
    {
      "cityName": "Yelkatari",
      "lat": 11.5333333,
      "lng": 9.9833333
    },
    {
      "cityName": "Yelwa Kahum",
      "lat": 10.8833333,
      "lng": 10.35
    },
    {
      "cityName": "Yelwan Galambi",
      "lat": 10.1333333,
      "lng": 10.2
    },
    {
      "cityName": "Yelwa Nono",
      "lat": 9.2166667,
      "lng": 9.95
    },
    {
      "cityName": "Yelwa",
      "lat": 10.2833333,
      "lng": 9.7833333
    },
    {
      "cityName": "Yerda",
      "lat": 12,
      "lng": 10.0166667
    },
    {
      "cityName": "Yerimari",
      "lat": 11.5,
      "lng": 10
    },
    {
      "cityName": "Yinda",
      "lat": 10.9,
      "lng": 10.2
    },
    {
      "cityName": "Yiyakka",
      "lat": 10.5666667,
      "lng": 8.7666667
    },
    {
      "cityName": "Yola",
      "lat": 9.15,
      "lng": 10
    },
    {
      "cityName": "Yoli",
      "lat": 10.2333333,
      "lng": 10.0166667
    },
    {
      "cityName": "Yoll",
      "lat": 10.0833333,
      "lng": 10.3166667
    },
    {
      "cityName": "Yubunga",
      "lat": 11.25,
      "lng": 10.5833333
    },
    {
      "cityName": "Zaba",
      "lat": 11.5,
      "lng": 10.2833333
    },
    {
      "cityName": "Zadawa",
      "lat": 11.45,
      "lng": 10.3666667
    },
    {
      "cityName": "Zagaina",
      "lat": 10.4666667,
      "lng": 10.5333333
    },
    {
      "cityName": "Zakara",
      "lat": 10.9177778,
      "lng": 9.5930556
    },
    {
      "cityName": "Zakari",
      "lat": 10.35,
      "lng": 8.6833333
    },
    {
      "cityName": "Zaka",
      "lat": 10.7333333,
      "lng": 10.3666667
    },
    {
      "cityName": "Zakshi",
      "lat": 9.9333333,
      "lng": 9.3333333
    },
    {
      "cityName": "Zalanga",
      "lat": 10.6172222,
      "lng": 10.1763889
    },
    {
      "cityName": "Zalau",
      "lat": 10.4,
      "lng": 9.0166667
    },
    {
      "cityName": "Zallaki",
      "lat": 10.1333333,
      "lng": 8.9666667
    },
    {
      "cityName": "Zamani",
      "lat": 10.4166667,
      "lng": 10.4166667
    },
    {
      "cityName": "Zambu",
      "lat": 10.0333333,
      "lng": 10.4166667
    },
    {
      "cityName": "Zamerum",
      "lat": 9.1,
      "lng": 9.8333333
    },
    {
      "cityName": "Zamko",
      "lat": 9,
      "lng": 9.85
    },
    {
      "cityName": "Zandam",
      "lat": 11.3,
      "lng": 10.6
    },
    {
      "cityName": "Zangli",
      "lat": 9.9333333,
      "lng": 10.1333333
    },
    {
      "cityName": "Zango",
      "lat": 9.7666667,
      "lng": 9.3666667
    },
    {
      "cityName": "Zaranda Habe",
      "lat": 10.2833333,
      "lng": 9.5666667
    },
    {
      "cityName": "Zaranda",
      "lat": 10.2333333,
      "lng": 9.5166667
    },
    {
      "cityName": "Zaran Fulani",
      "lat": 10.95,
      "lng": 10.3666667
    },
    {
      "cityName": "Zaran Mai Chibi",
      "lat": 10.95,
      "lng": 10.35
    },
    {
      "cityName": "Zara",
      "lat": 10.9166667,
      "lng": 10
    },
    {
      "cityName": "Zaru",
      "lat": 11.3666667,
      "lng": 10.6833333
    },
    {
      "cityName": "Zarya",
      "lat": 10.3833333,
      "lng": 8.8333333
    },
    {
      "cityName": "Zehi",
      "lat": 10.9666667,
      "lng": 8.9166667
    },
    {
      "cityName": "Zenabi",
      "lat": 10.7833333,
      "lng": 8.7666667
    },
    {
      "cityName": "Zerami",
      "lat": 11.5833333,
      "lng": 10.0333333
    },
    {
      "cityName": "Ziem",
      "lat": 10.15,
      "lng": 9.2833333
    },
    {
      "cityName": "Zigau",
      "lat": 11.4166667,
      "lng": 9.95
    },
    {
      "cityName": "Zindiri",
      "lat": 11.4333333,
      "lng": 10.2333333
    },
    {
      "cityName": "Zindi",
      "lat": 11.2833333,
      "lng": 10.55
    },
    {
      "cityName": "Zip",
      "lat": 8.7333333,
      "lng": 10.65
    },
    {
      "cityName": "Zokaram",
      "lat": 11.8,
      "lng": 9.95
    },
    {
      "cityName": "Zomo",
      "lat": 10.7833333,
      "lng": 8.9166667
    },
    {
      "cityName": "Zoro",
      "lat": 10.95,
      "lng": 10.45
    },
    {
      "cityName": "Zubuki",
      "lat": 11.8333333,
      "lng": 10.05
    },
    {
      "cityName": "Zugea",
      "lat": 12.1,
      "lng": 10.6833333
    },
    {
      "cityName": "Zuku",
      "lat": 10.5,
      "lng": 8.9166667
    },
    {
      "cityName": "Zull (1)",
      "lat": 10.2333333,
      "lng": 9.5666667
    },
    {
      "cityName": "Zull (2)",
      "lat": 10.2,
      "lng": 9.5666667
    },
    {
      "cityName": "Zumburum",
      "lat": 10.95,
      "lng": 10.1833333
    },
    {
      "cityName": "Zuna",
      "lat": 10.6166667,
      "lng": 8.8833333
    },
    {
      "cityName": "Zungur",
      "lat": 9.9738889,
      "lng": 9.7883333
    },
    {
      "cityName": "Zurak",
      "lat": 9.2333333,
      "lng": 10.5666667
    },
    {
      "cityName": "Zurfi",
      "lat": 9.55,
      "lng": 9.5666667
    }
  ]
}