{
  "name": "Kinshasa",
  "cities": [
    {
      "cityName": "Bali",
      "lat": -2.833333,
      "lng": 16.2
    },
    {
      "cityName": "Balumu",
      "lat": -4.108333,
      "lng": 15.903333
    },
    {
      "cityName": "Banga",
      "lat": -4.983333,
      "lng": 17.333333
    },
    {
      "cityName": "Bango",
      "lat": -4.916667,
      "lng": 17.266667
    },
    {
      "cityName": "Bankana",
      "lat": -4.416667,
      "lng": 16.183333
    },
    {
      "cityName": "Baringa",
      "lat": -4.416667,
      "lng": 16.75
    },
    {
      "cityName": "Baringa I",
      "lat": -5.433333,
      "lng": 16.916667
    },
    {
      "cityName": "Baringa-Lukuba",
      "lat": -4.6,
      "lng": 16.8
    },
    {
      "cityName": "Bebentsie",
      "lat": -3.766667,
      "lng": 16.583333
    },
    {
      "cityName": "Beko",
      "lat": -4.766667,
      "lng": 17.466667
    },
    {
      "cityName": "Bensati",
      "lat": -4.246667,
      "lng": 15.580833
    },
    {
      "cityName": "Benzale",
      "lat": -4.133333,
      "lng": 16.666667
    },
    {
      "cityName": "Biangala",
      "lat": -2.933333,
      "lng": 16.183333
    },
    {
      "cityName": "Biena",
      "lat": -4.791389,
      "lng": 15.883056
    },
    {
      "cityName": "Bifie",
      "lat": -3.95,
      "lng": 16.533333
    },
    {
      "cityName": "Binda-Nseke",
      "lat": -4.7,
      "lng": 16.833333
    },
    {
      "cityName": "Bita",
      "lat": -4.261944,
      "lng": 15.79
    },
    {
      "cityName": "Bitari",
      "lat": -4.416667,
      "lng": 16.866667
    },
    {
      "cityName": "Bitari-Lonzo",
      "lat": -4.716667,
      "lng": 16.683333
    },
    {
      "cityName": "Black River",
      "lat": -3.983333,
      "lng": 15.866667
    },
    {
      "cityName": "Bodjoma",
      "lat": -2.7,
      "lng": 16.466667
    },
    {
      "cityName": "Boko",
      "lat": -5.316667,
      "lng": 16.766667
    },
    {
      "cityName": "Bokobomo",
      "lat": -2.816667,
      "lng": 16.5
    },
    {
      "cityName": "Bokolo",
      "lat": -2.916667,
      "lng": 16.533333
    },
    {
      "cityName": "Boku",
      "lat": -3.916667,
      "lng": 16.916667
    },
    {
      "cityName": "Bokumi",
      "lat": -3.966667,
      "lng": 16.133333
    },
    {
      "cityName": "Bokumi II",
      "lat": -4.746944,
      "lng": 15.901111
    },
    {
      "cityName": "Bombala",
      "lat": -4.028056,
      "lng": 15.610833
    },
    {
      "cityName": "Bomenjuri",
      "lat": -2.616667,
      "lng": 16.6
    },
    {
      "cityName": "Bonga-Malembe",
      "lat": -4.083333,
      "lng": 16.933333
    },
    {
      "cityName": "Bongwe",
      "lat": -2.983333,
      "lng": 16.55
    },
    {
      "cityName": "Bonkui",
      "lat": -3.05,
      "lng": 16.416667
    },
    {
      "cityName": "Botulu",
      "lat": -3.983333,
      "lng": 16.433333
    },
    {
      "cityName": "Buantaba",
      "lat": -4.5,
      "lng": 16.15
    },
    {
      "cityName": "Bu",
      "lat": -4.254722,
      "lng": 15.796111
    },
    {
      "cityName": "Bukanga",
      "lat": -4.733333,
      "lng": 16.766667
    },
    {
      "cityName": "Bulukumbi II",
      "lat": -4.183333,
      "lng": 17.466667
    },
    {
      "cityName": "Buma",
      "lat": -4.488333,
      "lng": 15.466389
    },
    {
      "cityName": "Bumanima",
      "lat": -4.483333,
      "lng": 17.216667
    },
    {
      "cityName": "Bumba",
      "lat": -4,
      "lng": 17.25
    },
    {
      "cityName": "Buntsele",
      "lat": -3.816667,
      "lng": 16.533333
    },
    {
      "cityName": "Buntsie",
      "lat": -3.933333,
      "lng": 17.15
    },
    {
      "cityName": "Busina",
      "lat": -3.133333,
      "lng": 16.216667
    },
    {
      "cityName": "Bwalagulu",
      "lat": -4.116667,
      "lng": 16.566667
    },
    {
      "cityName": "Bwanzima",
      "lat": -4.766667,
      "lng": 17.35
    },
    {
      "cityName": "Diaka",
      "lat": -3.983333,
      "lng": 16.9
    },
    {
      "cityName": "Dinga",
      "lat": -5.316667,
      "lng": 16.566667
    },
    {
      "cityName": "Djieme",
      "lat": -3.283333,
      "lng": 16.6
    },
    {
      "cityName": "Djiji",
      "lat": -4.464167,
      "lng": 15.348889
    },
    {
      "cityName": "Dolo",
      "lat": -4.316667,
      "lng": 15.316667
    },
    {
      "cityName": "Dumi",
      "lat": -4.169167,
      "lng": 15.923889
    },
    {
      "cityName": "Dumu",
      "lat": -3.35,
      "lng": 16.733333
    },
    {
      "cityName": "Dunga-Kakenge",
      "lat": -4.516667,
      "lng": 17.466667
    },
    {
      "cityName": "Ebale",
      "lat": -3.683333,
      "lng": 16.05
    },
    {
      "cityName": "Embirima",
      "lat": -2.566667,
      "lng": 16.4
    },
    {
      "cityName": "Endala",
      "lat": -2.833333,
      "lng": 16.533333
    },
    {
      "cityName": "Etebe",
      "lat": -2.7,
      "lng": 16.216667
    },
    {
      "cityName": "Fakuri",
      "lat": -4.483333,
      "lng": 17.066667
    },
    {
      "cityName": "Fambonga",
      "lat": -4.316667,
      "lng": 17.35
    },
    {
      "cityName": "Fangulu",
      "lat": -4.383333,
      "lng": 16.9
    },
    {
      "cityName": "Fatunda",
      "lat": -4.133333,
      "lng": 17.216667
    },
    {
      "cityName": "Fayala",
      "lat": -3.983333,
      "lng": 17.183333
    },
    {
      "cityName": "Gabia",
      "lat": -4.566667,
      "lng": 17.116667
    },
    {
      "cityName": "Gana",
      "lat": -4.653056,
      "lng": 15.819167
    },
    {
      "cityName": "Gankie",
      "lat": -4.366667,
      "lng": 17.216667
    },
    {
      "cityName": "Gantoko",
      "lat": -3.133333,
      "lng": 16.183333
    },
    {
      "cityName": "Giengo",
      "lat": -4.866667,
      "lng": 16.316667
    },
    {
      "cityName": "Gonde-Nsaka",
      "lat": -4.066667,
      "lng": 16.983333
    },
    {
      "cityName": "Gondi-Masa",
      "lat": -4.266667,
      "lng": 17.366667
    },
    {
      "cityName": "Guma",
      "lat": -4.116667,
      "lng": 15.666667
    },
    {
      "cityName": "Ikabandelo",
      "lat": -2.633333,
      "lng": 16.533333
    },
    {
      "cityName": "Ikamba",
      "lat": -4.358056,
      "lng": 15.276111
    },
    {
      "cityName": "Impebe",
      "lat": -3.716667,
      "lng": 16.65
    },
    {
      "cityName": "Inga",
      "lat": -4.108611,
      "lng": 15.738056
    },
    {
      "cityName": "Ingimi",
      "lat": -3.966667,
      "lng": 16.283333
    },
    {
      "cityName": "Ingweme",
      "lat": -3.466667,
      "lng": 16.466667
    },
    {
      "cityName": "Inkiene",
      "lat": -4.061389,
      "lng": 15.551111
    },
    {
      "cityName": "Inkole",
      "lat": -3.95,
      "lng": 16.116667
    },
    {
      "cityName": "Into-Pombo",
      "lat": -4.516667,
      "lng": 17.433333
    },
    {
      "cityName": "Intsie Intérieur",
      "lat": -3.933333,
      "lng": 16.033333
    },
    {
      "cityName": "Isiala",
      "lat": -3.6,
      "lng": 16.533333
    },
    {
      "cityName": "Kaba",
      "lat": -3.583333,
      "lng": 16.1
    },
    {
      "cityName": "Kabaka",
      "lat": -4.583333,
      "lng": 16.95
    },
    {
      "cityName": "Kabiawongo",
      "lat": -5.3,
      "lng": 16.966667
    },
    {
      "cityName": "Kabongo",
      "lat": -4.133333,
      "lng": 15.533333
    },
    {
      "cityName": "Kabongo Mahieu",
      "lat": -4.129444,
      "lng": 15.534167
    },
    {
      "cityName": "Kabongo Pombaix",
      "lat": -4.139444,
      "lng": 15.539444
    },
    {
      "cityName": "Kabuba",
      "lat": -4.683333,
      "lng": 16.433333
    },
    {
      "cityName": "Kabuita",
      "lat": -5.466667,
      "lng": 17.233333
    },
    {
      "cityName": "Kafulu",
      "lat": -4.666667,
      "lng": 16.5
    },
    {
      "cityName": "Kakinga",
      "lat": -4.633333,
      "lng": 16.783333
    },
    {
      "cityName": "Kakombi",
      "lat": -5.25,
      "lng": 17.233333
    },
    {
      "cityName": "Kalanga",
      "lat": -3.416667,
      "lng": 16.75
    },
    {
      "cityName": "Kalenge",
      "lat": -4.5,
      "lng": 16.883333
    },
    {
      "cityName": "Kalina",
      "lat": -4.3,
      "lng": 15.266667
    },
    {
      "cityName": "Kalunga",
      "lat": -5.283333,
      "lng": 17.266667
    },
    {
      "cityName": "Kambamba",
      "lat": -4.766667,
      "lng": 16.5
    },
    {
      "cityName": "Kambundi",
      "lat": -4.766667,
      "lng": 17.116667
    },
    {
      "cityName": "Kapaie-Lono",
      "lat": -4.383333,
      "lng": 17.433333
    },
    {
      "cityName": "Kapalanga",
      "lat": -4.433333,
      "lng": 17.433333
    },
    {
      "cityName": "Kapanga",
      "lat": -5.066667,
      "lng": 16.966667
    },
    {
      "cityName": "Kasandji",
      "lat": -4.583333,
      "lng": 16.983333
    },
    {
      "cityName": "Kasia",
      "lat": -4.4,
      "lng": 16.8
    },
    {
      "cityName": "Kasindji",
      "lat": -5.266667,
      "lng": 16.833333
    },
    {
      "cityName": "Kasongo-Dinga",
      "lat": -4.983333,
      "lng": 16.9
    },
    {
      "cityName": "Kasongo",
      "lat": -4.583333,
      "lng": 17.233333
    },
    {
      "cityName": "Kasongo-Yungu",
      "lat": -4.916667,
      "lng": 16.9
    },
    {
      "cityName": "Kayeye",
      "lat": -5.4,
      "lng": 16.583333
    },
    {
      "cityName": "Kenge",
      "lat": -4.866667,
      "lng": 16.983333
    },
    {
      "cityName": "Kenia",
      "lat": -5.166667,
      "lng": 16.85
    },
    {
      "cityName": "Kiamfu-Kia-Pemba",
      "lat": -5.4,
      "lng": 16.866667
    },
    {
      "cityName": "Kiana",
      "lat": -4.133333,
      "lng": 17.2
    },
    {
      "cityName": "Kianga",
      "lat": -4.283333,
      "lng": 17.383333
    },
    {
      "cityName": "Kianzi",
      "lat": -5.15,
      "lng": 17.1
    },
    {
      "cityName": "Kibai",
      "lat": -4.083333,
      "lng": 17.216667
    },
    {
      "cityName": "Kibambu",
      "lat": -5.416667,
      "lng": 16.516667
    },
    {
      "cityName": "Kibambula",
      "lat": -4.183333,
      "lng": 16.4
    },
    {
      "cityName": "Kibanseke II",
      "lat": -4.421111,
      "lng": 15.365833
    },
    {
      "cityName": "Kibanseke I",
      "lat": -4.4325,
      "lng": 15.381944
    },
    {
      "cityName": "Kibengele",
      "lat": -5.466667,
      "lng": 17.466667
    },
    {
      "cityName": "Kibilisa-Munipa",
      "lat": -4.2,
      "lng": 17.066667
    },
    {
      "cityName": "Kibinga",
      "lat": -4.3,
      "lng": 16.916667
    },
    {
      "cityName": "Kiboki",
      "lat": -5.333333,
      "lng": 17.016667
    },
    {
      "cityName": "Kibuanga",
      "lat": -4.466667,
      "lng": 17.35
    },
    {
      "cityName": "Kibuari",
      "lat": -4.283333,
      "lng": 16.966667
    },
    {
      "cityName": "Kibuila",
      "lat": -5.116667,
      "lng": 17.466667
    },
    {
      "cityName": "Kibunzila",
      "lat": -5.366667,
      "lng": 17.333333
    },
    {
      "cityName": "Kidunu",
      "lat": -4.405278,
      "lng": 15.674722
    },
    {
      "cityName": "Kifundisa",
      "lat": -5.316667,
      "lng": 16.966667
    },
    {
      "cityName": "Kifuti",
      "lat": -5.45,
      "lng": 17.166667
    },
    {
      "cityName": "Kigembi",
      "lat": -5.3,
      "lng": 16.8
    },
    {
      "cityName": "Kikamba",
      "lat": -4.816667,
      "lng": 16.766667
    },
    {
      "cityName": "Kikimi",
      "lat": -4.441944,
      "lng": 15.424167
    },
    {
      "cityName": "Kikolo",
      "lat": -4.166667,
      "lng": 17.183333
    },
    {
      "cityName": "Kikongo",
      "lat": -4.266667,
      "lng": 17.183333
    },
    {
      "cityName": "Kikongo-Mindanga",
      "lat": -4.8,
      "lng": 17.4
    },
    {
      "cityName": "Kikongo-Vuamba",
      "lat": -4.733333,
      "lng": 17.25
    },
    {
      "cityName": "Kikosa",
      "lat": -5.233333,
      "lng": 16.583333
    },
    {
      "cityName": "Kikoshi",
      "lat": -4.133333,
      "lng": 17.05
    },
    {
      "cityName": "Kikubi",
      "lat": -4.8,
      "lng": 16.5
    },
    {
      "cityName": "Kilembo I",
      "lat": -4.473333,
      "lng": 15.318333
    },
    {
      "cityName": "Kimangunu",
      "lat": -4.1,
      "lng": 16.6
    },
    {
      "cityName": "Kimbao",
      "lat": -5.483333,
      "lng": 17.483333
    },
    {
      "cityName": "Kimbonoko",
      "lat": -4.242778,
      "lng": 15.691389
    },
    {
      "cityName": "Kimbu",
      "lat": -4.15,
      "lng": 17.083333
    },
    {
      "cityName": "Kimbulu-Baka",
      "lat": -4.066667,
      "lng": 17.066667
    },
    {
      "cityName": "Kimion",
      "lat": -4.335556,
      "lng": 15.513333
    },
    {
      "cityName": "Kimpalapala",
      "lat": -4.416667,
      "lng": 15.266111
    },
    {
      "cityName": "Kimpana",
      "lat": -4.033333,
      "lng": 17.1
    },
    {
      "cityName": "Kimpete",
      "lat": -4.135833,
      "lng": 15.8375
    },
    {
      "cityName": "Kimpoko",
      "lat": -4.202222,
      "lng": 15.551667
    },
    {
      "cityName": "Kimpoko-Nsele",
      "lat": -4.234444,
      "lng": 15.550278
    },
    {
      "cityName": "Kimuakasa",
      "lat": -4.565833,
      "lng": 15.875556
    },
    {
      "cityName": "Kimuako",
      "lat": -4.983333,
      "lng": 17.05
    },
    {
      "cityName": "Kimuele",
      "lat": -5.05,
      "lng": 17.4
    },
    {
      "cityName": "Kimuenza",
      "lat": -4.459167,
      "lng": 15.288889
    },
    {
      "cityName": "Kimvungula",
      "lat": -5.183333,
      "lng": 17.466667
    },
    {
      "cityName": "Kimwari",
      "lat": -5.016667,
      "lng": 16.766667
    },
    {
      "cityName": "Kinati",
      "lat": -4.412778,
      "lng": 15.868889
    },
    {
      "cityName": "Kindengo",
      "lat": -5.2,
      "lng": 17.133333
    },
    {
      "cityName": "Kindi",
      "lat": -5.4,
      "lng": 17.133333
    },
    {
      "cityName": "Kindindi",
      "lat": -4.916667,
      "lng": 16.316667
    },
    {
      "cityName": "Kindjoko",
      "lat": -5.416667,
      "lng": 16.616667
    },
    {
      "cityName": "Kindobo",
      "lat": -4.254167,
      "lng": 15.558056
    },
    {
      "cityName": "Kinduti",
      "lat": -4.480278,
      "lng": 15.520833
    },
    {
      "cityName": "Kingankati",
      "lat": -4.293611,
      "lng": 15.764444
    },
    {
      "cityName": "Kingansana",
      "lat": -4.406111,
      "lng": 15.412778
    },
    {
      "cityName": "Kinganzele",
      "lat": -4.734722,
      "lng": 15.79
    },
    {
      "cityName": "Kingatsiana",
      "lat": -4.616667,
      "lng": 16.516667
    },
    {
      "cityName": "Kingawa",
      "lat": -4.316667,
      "lng": 16.416667
    },
    {
      "cityName": "Kingoma",
      "lat": -4.716667,
      "lng": 17.033333
    },
    {
      "cityName": "Kingombe",
      "lat": -4.233333,
      "lng": 17.333333
    },
    {
      "cityName": "Kingono",
      "lat": -4.333333,
      "lng": 16.366667
    },
    {
      "cityName": "Kinguala",
      "lat": -4.788889,
      "lng": 15.777222
    },
    {
      "cityName": "Kinguangu",
      "lat": -5.083333,
      "lng": 17.3
    },
    {
      "cityName": "Kingulu-Kapaye",
      "lat": -4.066667,
      "lng": 17.133333
    },
    {
      "cityName": "Kingulu",
      "lat": -4.766667,
      "lng": 17.033333
    },
    {
      "cityName": "Kingunu",
      "lat": -3.966667,
      "lng": 16.7
    },
    {
      "cityName": "Kingunzu",
      "lat": -4.116667,
      "lng": 17.35
    },
    {
      "cityName": "Kiniangi",
      "lat": -5.183333,
      "lng": 16.616667
    },
    {
      "cityName": "Kinkaba",
      "lat": -4.466667,
      "lng": 15.513889
    },
    {
      "cityName": "Kinkata",
      "lat": -3.966667,
      "lng": 17.2
    },
    {
      "cityName": "Kinkusu",
      "lat": -4.595278,
      "lng": 15.770833
    },
    {
      "cityName": "Kinsele",
      "lat": -4.133333,
      "lng": 16.433333
    },
    {
      "cityName": "Kinshasa",
      "lat": -4.3,
      "lng": 15.3
    },
    {
      "cityName": "Kinsiama",
      "lat": -4.556944,
      "lng": 15.855556
    },
    {
      "cityName": "Kinsielele",
      "lat": -4.528056,
      "lng": 15.285278
    },
    {
      "cityName": "Kinsi",
      "lat": -4.759444,
      "lng": 15.79
    },
    {
      "cityName": "Kinsuka",
      "lat": -4.329444,
      "lng": 15.230833
    },
    {
      "cityName": "Kinta-Kinsankulu",
      "lat": -4.583333,
      "lng": 16.033333
    },
    {
      "cityName": "Kintswe",
      "lat": -3.533333,
      "lng": 16.133333
    },
    {
      "cityName": "Kinzau",
      "lat": -5.316667,
      "lng": 17.066667
    },
    {
      "cityName": "Kinzwanga",
      "lat": -4.6,
      "lng": 16.55
    },
    {
      "cityName": "Kipalanga-Beti",
      "lat": -4.4,
      "lng": 17.366667
    },
    {
      "cityName": "Kipalanga-Lukin",
      "lat": -4.683333,
      "lng": 17.416667
    },
    {
      "cityName": "Kipandi",
      "lat": -5.316667,
      "lng": 16.683333
    },
    {
      "cityName": "Kipembe",
      "lat": -5.05,
      "lng": 17.283333
    },
    {
      "cityName": "Kipinzi",
      "lat": -4.566667,
      "lng": 17.4
    },
    {
      "cityName": "Kiseke",
      "lat": -3.983333,
      "lng": 16.233333
    },
    {
      "cityName": "Kishia-Kambulu",
      "lat": -4.25,
      "lng": 16.933333
    },
    {
      "cityName": "Kisia",
      "lat": -4.335,
      "lng": 15.760833
    },
    {
      "cityName": "Kisoso",
      "lat": -4.633333,
      "lng": 16.766667
    },
    {
      "cityName": "Kitambala",
      "lat": -4.039167,
      "lng": 15.5875
    },
    {
      "cityName": "Kitata-Mbemba",
      "lat": -5.05,
      "lng": 17.116667
    },
    {
      "cityName": "Kiteke",
      "lat": -4.55,
      "lng": 17.05
    },
    {
      "cityName": "Kitsongo",
      "lat": -4.516667,
      "lng": 16.8
    },
    {
      "cityName": "Kivunda",
      "lat": -4.233333,
      "lng": 17.283333
    },
    {
      "cityName": "Kiwana",
      "lat": -4.8,
      "lng": 17.083333
    },
    {
      "cityName": "Kiyimbi-Yanga",
      "lat": -4.9,
      "lng": 16.533333
    },
    {
      "cityName": "Kizomba",
      "lat": -5.05,
      "lng": 17.25
    },
    {
      "cityName": "Kobo",
      "lat": -4.9,
      "lng": 17.15
    },
    {
      "cityName": "Kolokoso",
      "lat": -4.466667,
      "lng": 17.4
    },
    {
      "cityName": "Komambi",
      "lat": -2.716667,
      "lng": 16.783333
    },
    {
      "cityName": "Koshi",
      "lat": -4.916667,
      "lng": 17.083333
    },
    {
      "cityName": "Kulungu",
      "lat": -4.266667,
      "lng": 17.016667
    },
    {
      "cityName": "Kunzulu",
      "lat": -3.483333,
      "lng": 16.15
    },
    {
      "cityName": "Kuti",
      "lat": -5.2,
      "lng": 16.883333
    },
    {
      "cityName": "Kwamouth",
      "lat": -3.166667,
      "lng": 16.2
    },
    {
      "cityName": "Langa-Langa",
      "lat": -3.9,
      "lng": 15.933333
    },
    {
      "cityName": "Lebila",
      "lat": -4.005556,
      "lng": 15.6875
    },
    {
      "cityName": "Lebu",
      "lat": -3.016667,
      "lng": 16.666667
    },
    {
      "cityName": "Lediba",
      "lat": -3.05,
      "lng": 16.533333
    },
    {
      "cityName": "Ledoma",
      "lat": -3.216667,
      "lng": 16.45
    },
    {
      "cityName": "Ledoma-Nkana",
      "lat": -3.3,
      "lng": 16.416667
    },
    {
      "cityName": "Lekana",
      "lat": -3.266667,
      "lng": 16.2
    },
    {
      "cityName": "Lemba-Gaba",
      "lat": -4.380556,
      "lng": 15.316111
    },
    {
      "cityName": "Léo-II",
      "lat": -4.333333,
      "lng": 15.25
    },
    {
      "cityName": "Leopoldstad",
      "lat": -4.329722,
      "lng": 15.315
    },
    {
      "cityName": "Lewo",
      "lat": -2.633333,
      "lng": 16.3
    },
    {
      "cityName": "Libonge Djoko",
      "lat": -3.116667,
      "lng": 16.283333
    },
    {
      "cityName": "Lishia",
      "lat": -3.833333,
      "lng": 15.966667
    },
    {
      "cityName": "Longuli",
      "lat": -2.65,
      "lng": 16.733333
    },
    {
      "cityName": "L'opes",
      "lat": -4.080556,
      "lng": 15.547778
    },
    {
      "cityName": "Luele",
      "lat": -2.983333,
      "lng": 16.2
    },
    {
      "cityName": "Lusaw",
      "lat": -4.866667,
      "lng": 16.766667
    },
    {
      "cityName": "Mai-Pili",
      "lat": -3.733333,
      "lng": 16.033333
    },
    {
      "cityName": "Makakala",
      "lat": -5.483333,
      "lng": 17.383333
    },
    {
      "cityName": "Makala-Lemba",
      "lat": -4.362778,
      "lng": 15.311944
    },
    {
      "cityName": "Makala",
      "lat": -4.3875,
      "lng": 15.296111
    },
    {
      "cityName": "Maka",
      "lat": -2.733333,
      "lng": 16.466667
    },
    {
      "cityName": "Makengo",
      "lat": -4.766667,
      "lng": 16.316667
    },
    {
      "cityName": "Makie",
      "lat": -4.565556,
      "lng": 15.793056
    },
    {
      "cityName": "Makinzi",
      "lat": -5.483333,
      "lng": 16.7
    },
    {
      "cityName": "Malambo",
      "lat": -5.1,
      "lng": 16.516667
    },
    {
      "cityName": "Maluku-Maes",
      "lat": -4.0925,
      "lng": 15.525556
    },
    {
      "cityName": "Maluku",
      "lat": -4.01,
      "lng": 15.669167
    },
    {
      "cityName": "Malu",
      "lat": -4.785,
      "lng": 15.795556
    },
    {
      "cityName": "Ma",
      "lat": -2.683333,
      "lng": 16.75
    },
    {
      "cityName": "Mambiri",
      "lat": -5.283333,
      "lng": 17.133333
    },
    {
      "cityName": "Mambutu",
      "lat": -3.994444,
      "lng": 15.767778
    },
    {
      "cityName": "Mandundu",
      "lat": -4.883333,
      "lng": 16.816667
    },
    {
      "cityName": "Mangandu",
      "lat": -4.633333,
      "lng": 16.816667
    },
    {
      "cityName": "Mangombo",
      "lat": -4.95,
      "lng": 17.216667
    },
    {
      "cityName": "Mangungu",
      "lat": -5.1,
      "lng": 16.8
    },
    {
      "cityName": "Mankondo",
      "lat": -2.9,
      "lng": 16.25
    },
    {
      "cityName": "Manzaw",
      "lat": -4.85,
      "lng": 17.033333
    },
    {
      "cityName": "Masabu",
      "lat": -4.55,
      "lng": 16.9
    },
    {
      "cityName": "Masamba",
      "lat": -5.35,
      "lng": 17.15
    },
    {
      "cityName": "Maseke",
      "lat": -2.65,
      "lng": 16.666667
    },
    {
      "cityName": "Mase",
      "lat": -3.766667,
      "lng": 16
    },
    {
      "cityName": "Mashia-Bokolo",
      "lat": -3.366667,
      "lng": 16.483333
    },
    {
      "cityName": "Masia-Kwa",
      "lat": -3.083333,
      "lng": 16.516667
    },
    {
      "cityName": "Masia-Mbio",
      "lat": -3.75,
      "lng": 16.666667
    },
    {
      "cityName": "Masingi",
      "lat": -5.066667,
      "lng": 17.066667
    },
    {
      "cityName": "Masma",
      "lat": -4.383611,
      "lng": 15.391389
    },
    {
      "cityName": "Matadi",
      "lat": -4.683333,
      "lng": 17.316667
    },
    {
      "cityName": "Mata-Nzambi",
      "lat": -4.916667,
      "lng": 16.55
    },
    {
      "cityName": "Mato",
      "lat": -4.434722,
      "lng": 15.741111
    },
    {
      "cityName": "Mawana",
      "lat": -4.9,
      "lng": 16.916667
    },
    {
      "cityName": "Mayamba",
      "lat": -4.766667,
      "lng": 16.766667
    },
    {
      "cityName": "Mazwemi",
      "lat": -4.216667,
      "lng": 17.383333
    },
    {
      "cityName": "Mba",
      "lat": -2.783333,
      "lng": 16.45
    },
    {
      "cityName": "Mbete",
      "lat": -4.783333,
      "lng": 16.166667
    },
    {
      "cityName": "Mbomo",
      "lat": -3.55,
      "lng": 16.483333
    },
    {
      "cityName": "Meko",
      "lat": -3.366667,
      "lng": 16.2
    },
    {
      "cityName": "Menkao",
      "lat": -4.177778,
      "lng": 15.694722
    },
    {
      "cityName": "Metau",
      "lat": -4.283333,
      "lng": 17.2
    },
    {
      "cityName": "Mfu",
      "lat": -4.393333,
      "lng": 15.765833
    },
    {
      "cityName": "Midimba-Fwakamba",
      "lat": -4.3,
      "lng": 17.266667
    },
    {
      "cityName": "Mihala",
      "lat": -5.166667,
      "lng": 16.983333
    },
    {
      "cityName": "Mikala",
      "lat": -4.323056,
      "lng": 15.521944
    },
    {
      "cityName": "Mikinzi",
      "lat": -4.366667,
      "lng": 17.4
    },
    {
      "cityName": "Mikondo",
      "lat": -4.416667,
      "lng": 15.446667
    },
    {
      "cityName": "Milini",
      "lat": -4.666389,
      "lng": 15.680556
    },
    {
      "cityName": "Milombi",
      "lat": -5.25,
      "lng": 17.333333
    },
    {
      "cityName": "Milongo",
      "lat": -4.916667,
      "lng": 17.466667
    },
    {
      "cityName": "Milu",
      "lat": -4.3075,
      "lng": 15.764444
    },
    {
      "cityName": "Minsia",
      "lat": -4.016667,
      "lng": 17.166667
    },
    {
      "cityName": "Miti-Mitano",
      "lat": -4.316667,
      "lng": 17.083333
    },
    {
      "cityName": "Miwanzi",
      "lat": -4.15,
      "lng": 17.283333
    },
    {
      "cityName": "Moambo",
      "lat": -5.1,
      "lng": 17.25
    },
    {
      "cityName": "Moba",
      "lat": -4.35,
      "lng": 17.033333
    },
    {
      "cityName": "Mokata",
      "lat": -5.233333,
      "lng": 17.166667
    },
    {
      "cityName": "Mokele",
      "lat": -3.1,
      "lng": 16.433333
    },
    {
      "cityName": "Mokila",
      "lat": -5.016667,
      "lng": 16.983333
    },
    {
      "cityName": "Mokutu",
      "lat": -5.15,
      "lng": 17.033333
    },
    {
      "cityName": "Mongama",
      "lat": -2.633333,
      "lng": 16.616667
    },
    {
      "cityName": "Mongati",
      "lat": -4.483333,
      "lng": 16.333333
    },
    {
      "cityName": "Mopeni",
      "lat": -4.3,
      "lng": 17.033333
    },
    {
      "cityName": "Mosabo",
      "lat": -4.035833,
      "lng": 15.837222
    },
    {
      "cityName": "Mosa",
      "lat": -3.183333,
      "lng": 16.266667
    },
    {
      "cityName": "Mosapo",
      "lat": -4.183333,
      "lng": 17.4
    },
    {
      "cityName": "Moseboaka",
      "lat": -2.75,
      "lng": 16.2
    },
    {
      "cityName": "Mose",
      "lat": -4.299444,
      "lng": 15.764722
    },
    {
      "cityName": "Mosiamo",
      "lat": -4,
      "lng": 16.3
    },
    {
      "cityName": "Mpelu",
      "lat": -2.566667,
      "lng": 16.433333
    },
    {
      "cityName": "Mpio",
      "lat": -3.866667,
      "lng": 16.083333
    },
    {
      "cityName": "Mpokebekako",
      "lat": -2.633333,
      "lng": 16.7
    },
    {
      "cityName": "Mpukumbu",
      "lat": -2.9,
      "lng": 16.65
    },
    {
      "cityName": "Muana-Zita",
      "lat": -4.7,
      "lng": 16.783333
    },
    {
      "cityName": "Mukambala",
      "lat": -5.466667,
      "lng": 17.033333
    },
    {
      "cityName": "Mukukulu-Tseke",
      "lat": -5.333333,
      "lng": 16.866667
    },
    {
      "cityName": "Mukululu-Nzari",
      "lat": -5.366667,
      "lng": 16.916667
    },
    {
      "cityName": "Mukusukusu",
      "lat": -4.216667,
      "lng": 17.266667
    },
    {
      "cityName": "Mulopo-Kuka",
      "lat": -4.433333,
      "lng": 17.266667
    },
    {
      "cityName": "Muniania",
      "lat": -5.133333,
      "lng": 17.383333
    },
    {
      "cityName": "Muni-Mohemba",
      "lat": -4.633333,
      "lng": 17.183333
    },
    {
      "cityName": "Muningumba",
      "lat": -4.283333,
      "lng": 17.083333
    },
    {
      "cityName": "Musafu",
      "lat": -4.716667,
      "lng": 16.483333
    },
    {
      "cityName": "Mutanda",
      "lat": -5.283333,
      "lng": 16.566667
    },
    {
      "cityName": "Mutiene",
      "lat": -4.283333,
      "lng": 16.016667
    },
    {
      "cityName": "Mutoni Ntoy",
      "lat": -5.283333,
      "lng": 17.383333
    },
    {
      "cityName": "Mvula-Muvumbi",
      "lat": -4.95,
      "lng": 17.383333
    },
    {
      "cityName": "Mwanga",
      "lat": -5.466667,
      "lng": 16.916667
    },
    {
      "cityName": "Ndjili",
      "lat": -4.408333,
      "lng": 15.366111
    },
    {
      "cityName": "Ndua",
      "lat": -2.6,
      "lng": 16.333333
    },
    {
      "cityName": "Ngi",
      "lat": -4.416667,
      "lng": 17.166667
    },
    {
      "cityName": "Ngunzi",
      "lat": -4.8,
      "lng": 17.2
    },
    {
      "cityName": "Ngwome",
      "lat": -2.883333,
      "lng": 16.533333
    },
    {
      "cityName": "Nkala",
      "lat": -2.6,
      "lng": 16.45
    },
    {
      "cityName": "Nkana",
      "lat": -3.916667,
      "lng": 15.95
    },
    {
      "cityName": "Nko",
      "lat": -2.65,
      "lng": 16.466667
    },
    {
      "cityName": "Nselekoti",
      "lat": -4.286111,
      "lng": 15.685278
    },
    {
      "cityName": "Nsuni-Kitoko",
      "lat": -4.35,
      "lng": 16.266667
    },
    {
      "cityName": "Nta",
      "lat": -4.15,
      "lng": 15.768333
    },
    {
      "cityName": "Ntobiankika",
      "lat": -4.066667,
      "lng": 16.433333
    },
    {
      "cityName": "Nzao-Nzadi",
      "lat": -5.316667,
      "lng": 17.4
    },
    {
      "cityName": "Panoka",
      "lat": -4.233333,
      "lng": 15.7
    },
    {
      "cityName": "Pasesi",
      "lat": -4.666667,
      "lng": 17.233333
    },
    {
      "cityName": "Pieme Ngana",
      "lat": -4.7225,
      "lng": 15.761111
    },
    {
      "cityName": "Pomoyo",
      "lat": -4.15,
      "lng": 16.516667
    },
    {
      "cityName": "Ponguene",
      "lat": -4.2,
      "lng": 16.016667
    },
    {
      "cityName": "Poto-Poto",
      "lat": -4.016667,
      "lng": 15.65
    },
    {
      "cityName": "Puemba",
      "lat": -3.2,
      "lng": 16.316667
    },
    {
      "cityName": "Pungu",
      "lat": -5.333333,
      "lng": 16.85
    },
    {
      "cityName": "Riffard",
      "lat": -4.416667,
      "lng": 15.35
    },
    {
      "cityName": "Sambasi",
      "lat": -4.166667,
      "lng": 17.316667
    },
    {
      "cityName": "Sandy-Beach",
      "lat": -2.516667,
      "lng": 16.233333
    },
    {
      "cityName": "Selembao",
      "lat": -4.376389,
      "lng": 15.296389
    },
    {
      "cityName": "Suana",
      "lat": -4.583333,
      "lng": 16.966667
    },
    {
      "cityName": "Swa-Bagata",
      "lat": -4.633333,
      "lng": 17.066667
    },
    {
      "cityName": "Swa-Buya",
      "lat": -4.65,
      "lng": 17.383333
    },
    {
      "cityName": "Swa-Ikomba",
      "lat": -4.7,
      "lng": 16.766667
    },
    {
      "cityName": "Swa-Kahumba",
      "lat": -4.566667,
      "lng": 17.266667
    },
    {
      "cityName": "Swa Kapenda",
      "lat": -4.966667,
      "lng": 17.083333
    },
    {
      "cityName": "Swa-Mazindu",
      "lat": -4.65,
      "lng": 17.116667
    },
    {
      "cityName": "Swa-Ngoi",
      "lat": -5.35,
      "lng": 16.566667
    },
    {
      "cityName": "Swa-Tsaku",
      "lat": -4.766667,
      "lng": 17.3
    },
    {
      "cityName": "Takundi",
      "lat": -4.75,
      "lng": 16.566667
    },
    {
      "cityName": "Takwe",
      "lat": -4.4,
      "lng": 17.15
    },
    {
      "cityName": "Tamombana",
      "lat": -4.816667,
      "lng": 16.533333
    },
    {
      "cityName": "Tanduli",
      "lat": -4.55,
      "lng": 17.083333
    },
    {
      "cityName": "Tangombe",
      "lat": -4.55,
      "lng": 17.1
    },
    {
      "cityName": "Tsakala-Bewa",
      "lat": -5.033333,
      "lng": 16.866667
    },
    {
      "cityName": "Tsemanfuna",
      "lat": -3.233333,
      "lng": 16.35
    },
    {
      "cityName": "Tshumbiri",
      "lat": -2.65,
      "lng": 16.233333
    },
    {
      "cityName": "Tua",
      "lat": -3.633333,
      "lng": 16.6
    },
    {
      "cityName": "Voko",
      "lat": -4.65,
      "lng": 17.283333
    },
    {
      "cityName": "Vula-Banku",
      "lat": -4.283333,
      "lng": 16.7
    },
    {
      "cityName": "Vulaboko",
      "lat": -4.4,
      "lng": 17.05
    },
    {
      "cityName": "Wasa",
      "lat": -4.583333,
      "lng": 15.731389
    },
    {
      "cityName": "Yenge",
      "lat": -5.016667,
      "lng": 16.516667
    },
    {
      "cityName": "Yimbi-Fioti",
      "lat": -4.833333,
      "lng": 16.483333
    },
    {
      "cityName": "Yoso",
      "lat": -4.7,
      "lng": 16.2
    },
    {
      "cityName": "Yuo",
      "lat": -4.716667,
      "lng": 16.066667
    }
  ]
}