{
  "name": "Sud-Kivu",
  "cities": [
    {
      "cityName": "Alebert",
      "lat": -4.577222,
      "lng": 28.784722
    },
    {
      "cityName": "Alimba",
      "lat": -2.816667,
      "lng": 27.216667
    },
    {
      "cityName": "Alubati",
      "lat": -3.75,
      "lng": 27.033333
    },
    {
      "cityName": "Angelos Poulos",
      "lat": -3.35,
      "lng": 28.033333
    },
    {
      "cityName": "Balimba",
      "lat": -4,
      "lng": 28.033333
    },
    {
      "cityName": "Bangwe",
      "lat": -3.576389,
      "lng": 29.145556
    },
    {
      "cityName": "Baraka",
      "lat": -4.090833,
      "lng": 29.0875
    },
    {
      "cityName": "Basikabanga",
      "lat": -4.059167,
      "lng": 28.870833
    },
    {
      "cityName": "Belshi",
      "lat": -3.340556,
      "lng": 29.195
    },
    {
      "cityName": "Bibemba",
      "lat": -3.334722,
      "lng": 28.7625
    },
    {
      "cityName": "Bibinga",
      "lat": -2.55,
      "lng": 27.883333
    },
    {
      "cityName": "Biera",
      "lat": -4.326944,
      "lng": 29.043889
    },
    {
      "cityName": "Bikenge",
      "lat": -2.383333,
      "lng": 27.383333
    },
    {
      "cityName": "Bilembo",
      "lat": -3,
      "lng": 28.333333
    },
    {
      "cityName": "Bilibua",
      "lat": -2.683333,
      "lng": 27.833333
    },
    {
      "cityName": "Biliza",
      "lat": -3.266667,
      "lng": 28.183333
    },
    {
      "cityName": "Bilole",
      "lat": -3.294722,
      "lng": 28.784444
    },
    {
      "cityName": "Bimpanga",
      "lat": -3.7,
      "lng": 27.616667
    },
    {
      "cityName": "Binkutu",
      "lat": -3.5,
      "lng": 27.2
    },
    {
      "cityName": "Bionga",
      "lat": -3.35,
      "lng": 28.116667
    },
    {
      "cityName": "Birava",
      "lat": -2.293056,
      "lng": 28.800833
    },
    {
      "cityName": "Bisembe",
      "lat": -3.183333,
      "lng": 28.183333
    },
    {
      "cityName": "Bisembo",
      "lat": -2.983333,
      "lng": 27.266667
    },
    {
      "cityName": "Bishaka",
      "lat": -3.318333,
      "lng": 28.792778
    },
    {
      "cityName": "Bishombo",
      "lat": -3.545833,
      "lng": 28.810833
    },
    {
      "cityName": "Bisiri",
      "lat": -4.666667,
      "lng": 28.716667
    },
    {
      "cityName": "Bitobolo",
      "lat": -3.033333,
      "lng": 27.183333
    },
    {
      "cityName": "Bitshombo",
      "lat": -3.553889,
      "lng": 28.848056
    },
    {
      "cityName": "Bitumba",
      "lat": -3.366667,
      "lng": 28.116667
    },
    {
      "cityName": "Bizinzo",
      "lat": -3,
      "lng": 28.133333
    },
    {
      "cityName": "Bugaza",
      "lat": -2.066667,
      "lng": 28.916667
    },
    {
      "cityName": "Buhana",
      "lat": -4.314722,
      "lng": 28.791667
    },
    {
      "cityName": "Buhandahanda",
      "lat": -2.273333,
      "lng": 28.839722
    },
    {
      "cityName": "Bukavu",
      "lat": -2.508333,
      "lng": 28.860833
    },
    {
      "cityName": "Bukenze",
      "lat": -3.183333,
      "lng": 28.283333
    },
    {
      "cityName": "Buko",
      "lat": -3.924167,
      "lng": 29.098611
    },
    {
      "cityName": "Bukulungu",
      "lat": -2.6,
      "lng": 27.966667
    },
    {
      "cityName": "Bulungu",
      "lat": -2.716667,
      "lng": 28.25
    },
    {
      "cityName": "Bungalama",
      "lat": -3.15,
      "lng": 28.25
    },
    {
      "cityName": "Busha",
      "lat": -2.966667,
      "lng": 29.05
    },
    {
      "cityName": "Bushuju",
      "lat": -3.035833,
      "lng": 28.948056
    },
    {
      "cityName": "Busumbura",
      "lat": -2.833333,
      "lng": 27.816667
    },
    {
      "cityName": "Butetegele",
      "lat": -3.25,
      "lng": 28.083333
    },
    {
      "cityName": "Butezi",
      "lat": -2.916667,
      "lng": 28.366667
    },
    {
      "cityName": "Butorangwe",
      "lat": -2.3,
      "lng": 28.95
    },
    {
      "cityName": "Buziba",
      "lat": -3.016667,
      "lng": 28.316667
    },
    {
      "cityName": "Bwana Ndeke",
      "lat": -3.466667,
      "lng": 27.066667
    },
    {
      "cityName": "Bwuliki",
      "lat": -2.6,
      "lng": 27.933333
    },
    {
      "cityName": "Cabwe",
      "lat": -3.883333,
      "lng": 29.1
    },
    {
      "cityName": "Camp Makalapongo",
      "lat": -2.95,
      "lng": 28.366667
    },
    {
      "cityName": "Dengo",
      "lat": -3.5,
      "lng": 29.1
    },
    {
      "cityName": "Fariala",
      "lat": -4.083333,
      "lng": 27.966667
    },
    {
      "cityName": "Fizi",
      "lat": -4.301111,
      "lng": 28.944167
    },
    {
      "cityName": "Fundi",
      "lat": -3.683333,
      "lng": 27.866667
    },
    {
      "cityName": "Gulube",
      "lat": -3.533333,
      "lng": 27.733333
    },
    {
      "cityName": "Gweshe",
      "lat": -2.7,
      "lng": 28.633333
    },
    {
      "cityName": "Hongo",
      "lat": -2.45,
      "lng": 28.833333
    },
    {
      "cityName": "Ibiliki",
      "lat": -2.25,
      "lng": 27.416667
    },
    {
      "cityName": "Ibindi-Lukandja",
      "lat": -4.347222,
      "lng": 28.8275
    },
    {
      "cityName": "Ibonga",
      "lat": -2.916667,
      "lng": 27.966667
    },
    {
      "cityName": "Ibua",
      "lat": -3.645,
      "lng": 29.075833
    },
    {
      "cityName": "Idambo",
      "lat": -3.183333,
      "lng": 27.183333
    },
    {
      "cityName": "Idumbu",
      "lat": -3.3,
      "lng": 27.2
    },
    {
      "cityName": "Iganda",
      "lat": -2.95,
      "lng": 28.45
    },
    {
      "cityName": "Igoto",
      "lat": -2.263056,
      "lng": 29.040556
    },
    {
      "cityName": "Ihusi",
      "lat": -2.083333,
      "lng": 28.9
    },
    {
      "cityName": "Ikunza",
      "lat": -2.816667,
      "lng": 27.683333
    },
    {
      "cityName": "Ilakala",
      "lat": -3.638056,
      "lng": 29.150278
    },
    {
      "cityName": "Ilamba",
      "lat": -3.3,
      "lng": 28.283333
    },
    {
      "cityName": "Ilangi",
      "lat": -2.988889,
      "lng": 28.466111
    },
    {
      "cityName": "Ilunga",
      "lat": -4.05,
      "lng": 28.1
    },
    {
      "cityName": "Imonga",
      "lat": -3.6,
      "lng": 27.05
    },
    {
      "cityName": "Impwe",
      "lat": -2.616667,
      "lng": 27.983333
    },
    {
      "cityName": "Ingili II",
      "lat": -3.95,
      "lng": 27.516667
    },
    {
      "cityName": "Ingili I",
      "lat": -3.933333,
      "lng": 27.5
    },
    {
      "cityName": "Ipuma",
      "lat": -3.316667,
      "lng": 27.033333
    },
    {
      "cityName": "Isambika",
      "lat": -2.466667,
      "lng": 27.166667
    },
    {
      "cityName": "Isasa",
      "lat": -3.102778,
      "lng": 28.184444
    },
    {
      "cityName": "Iseke",
      "lat": -2.983333,
      "lng": 28.283333
    },
    {
      "cityName": "Ishungu",
      "lat": -2.283333,
      "lng": 28.95
    },
    {
      "cityName": "Isoga",
      "lat": -3.333333,
      "lng": 28.2
    },
    {
      "cityName": "Itabatshi",
      "lat": -3.633333,
      "lng": 27.05
    },
    {
      "cityName": "Itabiro",
      "lat": -3.650556,
      "lng": 29.149722
    },
    {
      "cityName": "Italo",
      "lat": -4.183333,
      "lng": 28.916667
    },
    {
      "cityName": "Itengia",
      "lat": -2.483333,
      "lng": 28.1
    },
    {
      "cityName": "Itota",
      "lat": -3.116667,
      "lng": 28.183333
    },
    {
      "cityName": "Itula",
      "lat": -3.483333,
      "lng": 27.866667
    },
    {
      "cityName": "Iwatambo",
      "lat": -3.683333,
      "lng": 27.466667
    },
    {
      "cityName": "Kabandja",
      "lat": -4.416667,
      "lng": 29.083333
    },
    {
      "cityName": "Kabare",
      "lat": -2.468333,
      "lng": 28.824167
    },
    {
      "cityName": "Kabendja",
      "lat": -4.963611,
      "lng": 28.901944
    },
    {
      "cityName": "Kabilongo",
      "lat": -3.383333,
      "lng": 27.983333
    },
    {
      "cityName": "Kabilu",
      "lat": -2.566667,
      "lng": 28.1
    },
    {
      "cityName": "Kabimba",
      "lat": -3.478889,
      "lng": 29.138889
    },
    {
      "cityName": "Kabindula",
      "lat": -3.414167,
      "lng": 29.133056
    },
    {
      "cityName": "Kabobola",
      "lat": -3.35,
      "lng": 27.066667
    },
    {
      "cityName": "Kaboke",
      "lat": -3.625556,
      "lng": 28.749444
    },
    {
      "cityName": "Kabone",
      "lat": -3.446111,
      "lng": 29.1175
    },
    {
      "cityName": "Kabugu",
      "lat": -3.6175,
      "lng": 29.088611
    },
    {
      "cityName": "Kabuka",
      "lat": -2.633333,
      "lng": 28.05
    },
    {
      "cityName": "Kabukinga",
      "lat": -2.9,
      "lng": 27.2
    },
    {
      "cityName": "Kabunambo",
      "lat": -3.1,
      "lng": 29.133333
    },
    {
      "cityName": "Kadjoka",
      "lat": -3.498889,
      "lng": 29.016389
    },
    {
      "cityName": "Kagelagela",
      "lat": -3.366667,
      "lng": 27.966667
    },
    {
      "cityName": "Kagela",
      "lat": -4.05,
      "lng": 29.016667
    },
    {
      "cityName": "Kageragera",
      "lat": -2.983333,
      "lng": 29.083333
    },
    {
      "cityName": "Kagogo",
      "lat": -2.966667,
      "lng": 27.166667
    },
    {
      "cityName": "Kagulube",
      "lat": -3.65,
      "lng": 27.383333
    },
    {
      "cityName": "Kahanda",
      "lat": -2.95,
      "lng": 29.05
    },
    {
      "cityName": "Kahiba",
      "lat": -4.666667,
      "lng": 28.913611
    },
    {
      "cityName": "Kajuchu",
      "lat": -2.15,
      "lng": 28.9
    },
    {
      "cityName": "Kakanda",
      "lat": -3.166667,
      "lng": 28.35
    },
    {
      "cityName": "Kakasi",
      "lat": -4.278333,
      "lng": 29.164722
    },
    {
      "cityName": "Kake",
      "lat": -3.6775,
      "lng": 29.133889
    },
    {
      "cityName": "Kakelwe",
      "lat": -4.828611,
      "lng": 28.994167
    },
    {
      "cityName": "Kakingo",
      "lat": -3.874722,
      "lng": 29.050833
    },
    {
      "cityName": "Kakomba",
      "lat": -3.911944,
      "lng": 28.924722
    },
    {
      "cityName": "Kakondo",
      "lat": -2.25,
      "lng": 28.7
    },
    {
      "cityName": "Kakozi",
      "lat": -2.6,
      "lng": 27.716667
    },
    {
      "cityName": "Kakuli",
      "lat": -2.616667,
      "lng": 27.083333
    },
    {
      "cityName": "Kakumbi",
      "lat": -3.266667,
      "lng": 27.2
    },
    {
      "cityName": "Kakungu Kahamba",
      "lat": -4.397222,
      "lng": 28.805556
    },
    {
      "cityName": "Kalamba",
      "lat": -4.516111,
      "lng": 29.202222
    },
    {
      "cityName": "Kalambo",
      "lat": -2.666667,
      "lng": 27.05
    },
    {
      "cityName": "Kalehe",
      "lat": -2.1,
      "lng": 28.916667
    },
    {
      "cityName": "Kalembelembe",
      "lat": -4.533333,
      "lng": 28.766667
    },
    {
      "cityName": "Kalenga",
      "lat": -4.065278,
      "lng": 28.923611
    },
    {
      "cityName": "Kaligila",
      "lat": -2.216667,
      "lng": 27.333333
    },
    {
      "cityName": "Kalima",
      "lat": -3.783333,
      "lng": 29.1
    },
    {
      "cityName": "Kalingi",
      "lat": -3.033333,
      "lng": 28.2
    },
    {
      "cityName": "Kalipa",
      "lat": -2.833333,
      "lng": 27.016667
    },
    {
      "cityName": "Kalole",
      "lat": -2.866667,
      "lng": 27.033333
    },
    {
      "cityName": "Kalole-Mapepo",
      "lat": -3.683333,
      "lng": 27.366667
    },
    {
      "cityName": "Kalombwe",
      "lat": -4.716667,
      "lng": 28.683333
    },
    {
      "cityName": "Kalonda-Kibuyu",
      "lat": -4.8,
      "lng": 28.683333
    },
    {
      "cityName": "Kalonge",
      "lat": -2.330556,
      "lng": 28.746667
    },
    {
      "cityName": "Kalugali",
      "lat": -3.633333,
      "lng": 27.65
    },
    {
      "cityName": "Kalumba",
      "lat": -4.060833,
      "lng": 28.820833
    },
    {
      "cityName": "Kalundja Mangapi",
      "lat": -4.064167,
      "lng": 29.086111
    },
    {
      "cityName": "Kalundu",
      "lat": -3.116667,
      "lng": 28.4
    },
    {
      "cityName": "Kalundu Port",
      "lat": -3.433333,
      "lng": 29.133333
    },
    {
      "cityName": "Kalungwe",
      "lat": -3.464722,
      "lng": 29.132222
    },
    {
      "cityName": "Kama",
      "lat": -3.533333,
      "lng": 27.116667
    },
    {
      "cityName": "Kamakombe",
      "lat": -2.278889,
      "lng": 28.7925
    },
    {
      "cityName": "Kamana",
      "lat": -4.673333,
      "lng": 28.657778
    },
    {
      "cityName": "Kamania",
      "lat": -3.066667,
      "lng": 28.45
    },
    {
      "cityName": "Kamasini",
      "lat": -4.566667,
      "lng": 28.816667
    },
    {
      "cityName": "Kamata",
      "lat": -4.016667,
      "lng": 28
    },
    {
      "cityName": "Kamba",
      "lat": -3.559167,
      "lng": 29.152778
    },
    {
      "cityName": "Kambulu-Bulu",
      "lat": -4.264167,
      "lng": 28.803333
    },
    {
      "cityName": "Kamesege",
      "lat": -3.566667,
      "lng": 27.333333
    },
    {
      "cityName": "Kamishimbi",
      "lat": -3.016667,
      "lng": 28.233333
    },
    {
      "cityName": "Kamisugu",
      "lat": -2.666667,
      "lng": 27.333333
    },
    {
      "cityName": "Kamituga",
      "lat": -3.055278,
      "lng": 28.181944
    },
    {
      "cityName": "Kamombo",
      "lat": -3.740278,
      "lng": 28.801389
    },
    {
      "cityName": "Kananda",
      "lat": -4.238611,
      "lng": 28.918611
    },
    {
      "cityName": "Kananga",
      "lat": -2.6,
      "lng": 28.066667
    },
    {
      "cityName": "Kandolo",
      "lat": -4.014722,
      "lng": 28.930833
    },
    {
      "cityName": "Kanga",
      "lat": -3.08,
      "lng": 29.101667
    },
    {
      "cityName": "Kangele",
      "lat": -3.288056,
      "lng": 28.800833
    },
    {
      "cityName": "Kankindi",
      "lat": -2.833333,
      "lng": 27.2
    },
    {
      "cityName": "Kankisingi",
      "lat": -2.683333,
      "lng": 28.133333
    },
    {
      "cityName": "Kanonzi",
      "lat": -2.353611,
      "lng": 28.825
    },
    {
      "cityName": "Kapanga",
      "lat": -3.415833,
      "lng": 28.6675
    },
    {
      "cityName": "Kasa",
      "lat": -2.716667,
      "lng": 27.083333
    },
    {
      "cityName": "Kasaluka",
      "lat": -2.533333,
      "lng": 28.1
    },
    {
      "cityName": "Kasanga",
      "lat": -4.683333,
      "lng": 28.6
    },
    {
      "cityName": "Kasania",
      "lat": -3.766667,
      "lng": 27.683333
    },
    {
      "cityName": "Kasanya",
      "lat": -3.816667,
      "lng": 27.916667
    },
    {
      "cityName": "Kaseke",
      "lat": -2.133889,
      "lng": 28.855833
    },
    {
      "cityName": "Kasekesi",
      "lat": -3.601944,
      "lng": 29.141389
    },
    {
      "cityName": "Kaseli",
      "lat": -3.763056,
      "lng": 29.05
    },
    {
      "cityName": "Kasesa",
      "lat": -4.083333,
      "lng": 28.15
    },
    {
      "cityName": "Kashoka",
      "lat": -3.298889,
      "lng": 28.796389
    },
    {
      "cityName": "Kashukwe",
      "lat": -3.333056,
      "lng": 28.773333
    },
    {
      "cityName": "Kasilu",
      "lat": -2.55,
      "lng": 28.05
    },
    {
      "cityName": "Kasinga",
      "lat": -3.4,
      "lng": 27.05
    },
    {
      "cityName": "Kasisa",
      "lat": -4.34,
      "lng": 28.935
    },
    {
      "cityName": "Kasoki",
      "lat": -3.033333,
      "lng": 28.233333
    },
    {
      "cityName": "Kasombo",
      "lat": -3.713056,
      "lng": 29.120278
    },
    {
      "cityName": "Kasomo Kilubi",
      "lat": -3.705,
      "lng": 29.093889
    },
    {
      "cityName": "Kataka",
      "lat": -3.455833,
      "lng": 29.034722
    },
    {
      "cityName": "Katana",
      "lat": -2.225,
      "lng": 28.831389
    },
    {
      "cityName": "Katanga",
      "lat": -4.191389,
      "lng": 29.049444
    },
    {
      "cityName": "Katekama",
      "lat": -3.015556,
      "lng": 29.088889
    },
    {
      "cityName": "Katembele",
      "lat": -3.8,
      "lng": 27.7
    },
    {
      "cityName": "Katembo",
      "lat": -3.969444,
      "lng": 28.913333
    },
    {
      "cityName": "Katinda",
      "lat": -3.116667,
      "lng": 28.266667
    },
    {
      "cityName": "Katombwe",
      "lat": -3.833333,
      "lng": 27.283333
    },
    {
      "cityName": "Katshungu",
      "lat": -2.45,
      "lng": 27.383333
    },
    {
      "cityName": "Katuki",
      "lat": -2.866667,
      "lng": 26.983333
    },
    {
      "cityName": "Katumba",
      "lat": -3.750278,
      "lng": 29.04
    },
    {
      "cityName": "Katunga",
      "lat": -3.516667,
      "lng": 27.133333
    },
    {
      "cityName": "Katungula",
      "lat": -3.870556,
      "lng": 29.093889
    },
    {
      "cityName": "Kavumbwe",
      "lat": -4.626111,
      "lng": 29.108333
    },
    {
      "cityName": "Kavumu",
      "lat": -2.302778,
      "lng": 28.816111
    },
    {
      "cityName": "Kazima",
      "lat": -4.573333,
      "lng": 29.137222
    },
    {
      "cityName": "Kazoni",
      "lat": -3.05,
      "lng": 27
    },
    {
      "cityName": "Kazunguzibwa",
      "lat": -3.052778,
      "lng": 29.055556
    },
    {
      "cityName": "Keisha",
      "lat": -2.616667,
      "lng": 27.316667
    },
    {
      "cityName": "Kekia",
      "lat": -3.116667,
      "lng": 27.2
    },
    {
      "cityName": "Kele",
      "lat": -3.05,
      "lng": 28.2
    },
    {
      "cityName": "Kiabe",
      "lat": -3.4,
      "lng": 26.983333
    },
    {
      "cityName": "Kiakombe",
      "lat": -3.633333,
      "lng": 27.25
    },
    {
      "cityName": "Kiakupe",
      "lat": -2.95,
      "lng": 27.283333
    },
    {
      "cityName": "Kiambogo",
      "lat": -2.45,
      "lng": 27.433333
    },
    {
      "cityName": "Kiamisenge",
      "lat": -2.666667,
      "lng": 27.416667
    },
    {
      "cityName": "Kianda",
      "lat": -4.083333,
      "lng": 28.75
    },
    {
      "cityName": "Kiandjo",
      "lat": -3.395278,
      "lng": 28.657222
    },
    {
      "cityName": "Kiango",
      "lat": -3.033333,
      "lng": 27.033333
    },
    {
      "cityName": "Kiaselela",
      "lat": -2.566667,
      "lng": 28.183333
    },
    {
      "cityName": "Kibanda",
      "lat": -3.333333,
      "lng": 27.2
    },
    {
      "cityName": "Kibanga",
      "lat": -4.498611,
      "lng": 29.160556
    },
    {
      "cityName": "Kibenge I",
      "lat": -3.4,
      "lng": 28.133333
    },
    {
      "cityName": "Kibi",
      "lat": -3.133333,
      "lng": 27.016667
    },
    {
      "cityName": "Kibili",
      "lat": -3.983333,
      "lng": 28.1
    },
    {
      "cityName": "Kibilinga",
      "lat": -3.566667,
      "lng": 27.133333
    },
    {
      "cityName": "Kibimbi",
      "lat": -3.15,
      "lng": 28.183333
    },
    {
      "cityName": "Kibombo",
      "lat": -2.866667,
      "lng": 27.866667
    },
    {
      "cityName": "Kibugiri",
      "lat": -2.266667,
      "lng": 27.466667
    },
    {
      "cityName": "Kibumba",
      "lat": -3,
      "lng": 28.466667
    },
    {
      "cityName": "Kibundu",
      "lat": -3.983333,
      "lng": 29.116667
    },
    {
      "cityName": "Kibusa",
      "lat": -2.533333,
      "lng": 27.183333
    },
    {
      "cityName": "Kidambo",
      "lat": -2.633333,
      "lng": 27.75
    },
    {
      "cityName": "Kidumbi",
      "lat": -2.4,
      "lng": 28.8
    },
    {
      "cityName": "Kielo",
      "lat": -3.283333,
      "lng": 27.016667
    },
    {
      "cityName": "Kifuka",
      "lat": -2.766667,
      "lng": 27.733333
    },
    {
      "cityName": "Kifuko",
      "lat": -2.5,
      "lng": 27.983333
    },
    {
      "cityName": "Kifuta",
      "lat": -3.443333,
      "lng": 29.077222
    },
    {
      "cityName": "Kigongo",
      "lat": -3.483333,
      "lng": 29.15
    },
    {
      "cityName": "Kigulu-Ntengo",
      "lat": -4.65,
      "lng": 28.7
    },
    {
      "cityName": "Kigurwe",
      "lat": -3.044167,
      "lng": 29.183333
    },
    {
      "cityName": "Kihungwe",
      "lat": -4.066667,
      "lng": 28.166667
    },
    {
      "cityName": "Kikamba",
      "lat": -3.233333,
      "lng": 27.183333
    },
    {
      "cityName": "Kikoi",
      "lat": -3.766667,
      "lng": 27.3
    },
    {
      "cityName": "Kikoma-Muhungu",
      "lat": -4.513333,
      "lng": 28.7325
    },
    {
      "cityName": "Kikomba",
      "lat": -4.2,
      "lng": 29.2
    },
    {
      "cityName": "Kikonde",
      "lat": -4.45,
      "lng": 29.083333
    },
    {
      "cityName": "Kikuku",
      "lat": -4.276389,
      "lng": 29.039722
    },
    {
      "cityName": "Kilambo",
      "lat": -3.883333,
      "lng": 27.933333
    },
    {
      "cityName": "Kilenga",
      "lat": -3.95,
      "lng": 28.016667
    },
    {
      "cityName": "Kilimbimu",
      "lat": -3.533333,
      "lng": 27.633333
    },
    {
      "cityName": "Kilingi",
      "lat": -4.729167,
      "lng": 29.105833
    },
    {
      "cityName": "Kilingitshi",
      "lat": -4.823333,
      "lng": 29.101667
    },
    {
      "cityName": "Kiliungu",
      "lat": -3.1,
      "lng": 28.233333
    },
    {
      "cityName": "Kiloza",
      "lat": -3.466667,
      "lng": 27.166667
    },
    {
      "cityName": "Kimbalu",
      "lat": -3.516667,
      "lng": 27.766667
    },
    {
      "cityName": "Kimbondi",
      "lat": -2.966667,
      "lng": 27.183333
    },
    {
      "cityName": "Kimbulu",
      "lat": -2.416667,
      "lng": 27.166667
    },
    {
      "cityName": "Kingoma",
      "lat": -2.8,
      "lng": 27.216667
    },
    {
      "cityName": "Kingulube",
      "lat": -2.649167,
      "lng": 28.021389
    },
    {
      "cityName": "Kiniekele",
      "lat": -4.035833,
      "lng": 29.086111
    },
    {
      "cityName": "Kinionie",
      "lat": -3.833333,
      "lng": 29.1
    },
    {
      "cityName": "Kinwakamba",
      "lat": -4.154444,
      "lng": 29.068889
    },
    {
      "cityName": "Kiona",
      "lat": -3.416667,
      "lng": 28.133333
    },
    {
      "cityName": "Kiondo",
      "lat": -3.916944,
      "lng": 29.027778
    },
    {
      "cityName": "Kionga-Balabala",
      "lat": -4.796944,
      "lng": 29.094444
    },
    {
      "cityName": "Kipenduka",
      "lat": -4.033333,
      "lng": 28.1
    },
    {
      "cityName": "Kipombi",
      "lat": -2.783333,
      "lng": 27.25
    },
    {
      "cityName": "Kisandju",
      "lat": -3.785,
      "lng": 29.091944
    },
    {
      "cityName": "Kisanga",
      "lat": -3.083333,
      "lng": 26.966667
    },
    {
      "cityName": "Kisangani",
      "lat": -4.827778,
      "lng": 28.915556
    },
    {
      "cityName": "Kisasa",
      "lat": -2.816667,
      "lng": 27.75
    },
    {
      "cityName": "Kiseku",
      "lat": -2.616667,
      "lng": 27.833333
    },
    {
      "cityName": "Kisengela",
      "lat": -3.033333,
      "lng": 28.083333
    },
    {
      "cityName": "Kishombo",
      "lat": -3.253333,
      "lng": 28.780833
    },
    {
      "cityName": "Kisombe",
      "lat": -3.583333,
      "lng": 26.966667
    },
    {
      "cityName": "Kisoshi",
      "lat": -4.776111,
      "lng": 29.095556
    },
    {
      "cityName": "Kisubi",
      "lat": -3.116667,
      "lng": 28.35
    },
    {
      "cityName": "Kisukwe",
      "lat": -4.638889,
      "lng": 28.938333
    },
    {
      "cityName": "Kitandi",
      "lat": -2.916667,
      "lng": 27.95
    },
    {
      "cityName": "Kitembo",
      "lat": -2.883333,
      "lng": 27.616667
    },
    {
      "cityName": "Kitenge",
      "lat": -3.86,
      "lng": 29.030556
    },
    {
      "cityName": "Kitingi",
      "lat": -2.95,
      "lng": 27.9
    },
    {
      "cityName": "Kitoko",
      "lat": -2.833333,
      "lng": 27.95
    },
    {
      "cityName": "Kitshula",
      "lat": -4.1,
      "lng": 28.85
    },
    {
      "cityName": "Kitu",
      "lat": -3.515833,
      "lng": 29.022778
    },
    {
      "cityName": "Kitumbula",
      "lat": -3.758611,
      "lng": 29.029167
    },
    {
      "cityName": "Kitundu",
      "lat": -3.344722,
      "lng": 29.073056
    },
    {
      "cityName": "Kitunga",
      "lat": -3.266667,
      "lng": 28
    },
    {
      "cityName": "Kitutu",
      "lat": -3.287222,
      "lng": 28.085556
    },
    {
      "cityName": "Kiya",
      "lat": -3.25,
      "lng": 28.266667
    },
    {
      "cityName": "Kizinga",
      "lat": -3.35,
      "lng": 27.216667
    },
    {
      "cityName": "Kizolwe",
      "lat": -4.933333,
      "lng": 28.866667
    },
    {
      "cityName": "Kobokobo",
      "lat": -3.083333,
      "lng": 28.133333
    },
    {
      "cityName": "Koka",
      "lat": -3.466667,
      "lng": 26.95
    },
    {
      "cityName": "Kubeba",
      "lat": -3.033333,
      "lng": 28.25
    },
    {
      "cityName": "Kumungede",
      "lat": -3.333333,
      "lng": 29.2
    },
    {
      "cityName": "Kungu",
      "lat": -4.316667,
      "lng": 28.966667
    },
    {
      "cityName": "Kusu-Lubinga",
      "lat": -3.516667,
      "lng": 27.066667
    },
    {
      "cityName": "Kyugama",
      "lat": -3.045833,
      "lng": 28.952222
    },
    {
      "cityName": "Lemera",
      "lat": -2.135556,
      "lng": 28.828056
    },
    {
      "cityName": "Lombe",
      "lat": -3.882778,
      "lng": 29.098611
    },
    {
      "cityName": "Luako",
      "lat": -3.848611,
      "lng": 28.918889
    },
    {
      "cityName": "Luamisole",
      "lat": -2.327222,
      "lng": 28.844722
    },
    {
      "cityName": "Lubala",
      "lat": -2.566667,
      "lng": 27.266667
    },
    {
      "cityName": "Lubana",
      "lat": -4.233333,
      "lng": 29.2
    },
    {
      "cityName": "Lubao",
      "lat": -2.616667,
      "lng": 27.483333
    },
    {
      "cityName": "Lubarika",
      "lat": -2.819167,
      "lng": 28.941389
    },
    {
      "cityName": "Lubelange",
      "lat": -3.633333,
      "lng": 27.55
    },
    {
      "cityName": "Luberezi",
      "lat": -2.983333,
      "lng": 29.1
    },
    {
      "cityName": "Lubomu",
      "lat": -4.221944,
      "lng": 29.241111
    },
    {
      "cityName": "Lubondia",
      "lat": -4.65,
      "lng": 28.783333
    },
    {
      "cityName": "Lubongo",
      "lat": -2.866667,
      "lng": 27.85
    },
    {
      "cityName": "Lubu",
      "lat": -3.402778,
      "lng": 28.801667
    },
    {
      "cityName": "Lubumba",
      "lat": -3.966667,
      "lng": 29.1
    },
    {
      "cityName": "Lueba",
      "lat": -4,
      "lng": 29.1
    },
    {
      "cityName": "Luhihi",
      "lat": -2.283333,
      "lng": 28.866667
    },
    {
      "cityName": "Luiro",
      "lat": -2.24,
      "lng": 28.797222
    },
    {
      "cityName": "Lukaba",
      "lat": -2.866667,
      "lng": 27.183333
    },
    {
      "cityName": "Lukamata",
      "lat": -3.716667,
      "lng": 27.066667
    },
    {
      "cityName": "Lukayo",
      "lat": -2.183333,
      "lng": 28.85
    },
    {
      "cityName": "Lukenia",
      "lat": -4.261944,
      "lng": 28.833611
    },
    {
      "cityName": "Lukola",
      "lat": -4.966667,
      "lng": 28.733333
    },
    {
      "cityName": "Lukondamisa",
      "lat": -3.995,
      "lng": 29.104722
    },
    {
      "cityName": "Lukuka",
      "lat": -3.366667,
      "lng": 26.933333
    },
    {
      "cityName": "Lukumbo",
      "lat": -3.116667,
      "lng": 28.316667
    },
    {
      "cityName": "Lukutwe",
      "lat": -3.804167,
      "lng": 29.103333
    },
    {
      "cityName": "Luliba",
      "lat": -3.2,
      "lng": 28.216667
    },
    {
      "cityName": "Lulimba",
      "lat": -4.693333,
      "lng": 28.631667
    },
    {
      "cityName": "Lulinda",
      "lat": -3.897222,
      "lng": 29.098333
    },
    {
      "cityName": "Lumpumbu",
      "lat": -2.383333,
      "lng": 27.166667
    },
    {
      "cityName": "Lungomangoma",
      "lat": -3.9,
      "lng": 27.9
    },
    {
      "cityName": "Lungutu",
      "lat": -3.084444,
      "lng": 29.113056
    },
    {
      "cityName": "Lusambo",
      "lat": -2.5,
      "lng": 27.766667
    },
    {
      "cityName": "Lusasa",
      "lat": -2.983333,
      "lng": 27.183333
    },
    {
      "cityName": "Lusenge",
      "lat": -3.216667,
      "lng": 28.316667
    },
    {
      "cityName": "Lushasha",
      "lat": -2.204444,
      "lng": 28.79
    },
    {
      "cityName": "Lusowe",
      "lat": -3.65,
      "lng": 27.533333
    },
    {
      "cityName": "Lusungu",
      "lat": -4.083333,
      "lng": 27.883333
    },
    {
      "cityName": "Lutala",
      "lat": -2.55,
      "lng": 27.233333
    },
    {
      "cityName": "Lutambwe",
      "lat": -3.909167,
      "lng": 29.017222
    },
    {
      "cityName": "Lutete",
      "lat": -3.978056,
      "lng": 29.105278
    },
    {
      "cityName": "Lutshima",
      "lat": -4.65,
      "lng": 28.65
    },
    {
      "cityName": "Lutulo",
      "lat": -4.805278,
      "lng": 28.883889
    },
    {
      "cityName": "Lutunda",
      "lat": -3.266667,
      "lng": 26.95
    },
    {
      "cityName": "Luza",
      "lat": -2.35,
      "lng": 27.4
    },
    {
      "cityName": "Luzira",
      "lat": -2.116111,
      "lng": 28.875833
    },
    {
      "cityName": "Lwatamba",
      "lat": -3.683333,
      "lng": 27.483333
    },
    {
      "cityName": "Lwelela",
      "lat": -3.66,
      "lng": 28.775
    },
    {
      "cityName": "Lybongambala",
      "lat": -3.5,
      "lng": 27.85
    },
    {
      "cityName": "Mabala",
      "lat": -2.933333,
      "lng": 27.133333
    },
    {
      "cityName": "Mabondo",
      "lat": -2.35,
      "lng": 27.166667
    },
    {
      "cityName": "Maga",
      "lat": -3.316667,
      "lng": 28.166667
    },
    {
      "cityName": "Magembe",
      "lat": -4,
      "lng": 28.116667
    },
    {
      "cityName": "Magene",
      "lat": -2.616667,
      "lng": 27.883333
    },
    {
      "cityName": "Mahungubwe",
      "lat": -3.044444,
      "lng": 29.01
    },
    {
      "cityName": "Makabola",
      "lat": -3.544167,
      "lng": 29.151389
    },
    {
      "cityName": "Makako",
      "lat": -3.616667,
      "lng": 27.116667
    },
    {
      "cityName": "Makamba",
      "lat": -3.716667,
      "lng": 27.333333
    },
    {
      "cityName": "Makombola",
      "lat": -3.633333,
      "lng": 27.316667
    },
    {
      "cityName": "Makozi",
      "lat": -3.483333,
      "lng": 27.133333
    },
    {
      "cityName": "Maku",
      "lat": -4.119444,
      "lng": 29.082222
    },
    {
      "cityName": "Makunga Lémoki",
      "lat": -4.366389,
      "lng": 28.805556
    },
    {
      "cityName": "Makungu",
      "lat": -4.983333,
      "lng": 28.833333
    },
    {
      "cityName": "Malagano",
      "lat": -2.233333,
      "lng": 27.116667
    },
    {
      "cityName": "Malela",
      "lat": -4.034167,
      "lng": 28.978333
    },
    {
      "cityName": "Malembo",
      "lat": -4.033333,
      "lng": 27.766667
    },
    {
      "cityName": "Malimba",
      "lat": -2.216667,
      "lng": 27.4
    },
    {
      "cityName": "Malindi",
      "lat": -4.2,
      "lng": 29.033333
    },
    {
      "cityName": "Malisawa",
      "lat": -4.55,
      "lng": 28.833333
    },
    {
      "cityName": "Malungu",
      "lat": -3.997222,
      "lng": 28.860833
    },
    {
      "cityName": "Mamboleo",
      "lat": -3.616667,
      "lng": 27.183333
    },
    {
      "cityName": "Mambo",
      "lat": -3.695556,
      "lng": 29.131944
    },
    {
      "cityName": "Mampulia",
      "lat": -3.033333,
      "lng": 28.366667
    },
    {
      "cityName": "Mamvu",
      "lat": -2.166667,
      "lng": 29.016667
    },
    {
      "cityName": "Mandje",
      "lat": -4.95,
      "lng": 28.783333
    },
    {
      "cityName": "Manga",
      "lat": -4.066667,
      "lng": 29.233333
    },
    {
      "cityName": "Mangwaza",
      "lat": -4.116667,
      "lng": 28.2
    },
    {
      "cityName": "Maniange",
      "lat": -2.183333,
      "lng": 27.133333
    },
    {
      "cityName": "Mankulu",
      "lat": -2.816667,
      "lng": 26.983333
    },
    {
      "cityName": "Mapela",
      "lat": -2.6,
      "lng": 27.45
    },
    {
      "cityName": "Masanga",
      "lat": -2.233333,
      "lng": 27.133333
    },
    {
      "cityName": "Masangu",
      "lat": -4.654722,
      "lng": 28.931389
    },
    {
      "cityName": "Masenga",
      "lat": -3.711944,
      "lng": 29.033611
    },
    {
      "cityName": "Matala",
      "lat": -3.85,
      "lng": 27.283333
    },
    {
      "cityName": "Matale",
      "lat": -2.654722,
      "lng": 28.365278
    },
    {
      "cityName": "Matali",
      "lat": -3.233333,
      "lng": 28.233333
    },
    {
      "cityName": "Matebo",
      "lat": -3.4,
      "lng": 27.966667
    },
    {
      "cityName": "Maya Moto",
      "lat": -3.407778,
      "lng": 28.733611
    },
    {
      "cityName": "Mbagi",
      "lat": -2.516667,
      "lng": 27.183333
    },
    {
      "cityName": "Mbayo",
      "lat": -2.269722,
      "lng": 28.764444
    },
    {
      "cityName": "Mbele",
      "lat": -4.05,
      "lng": 28.116667
    },
    {
      "cityName": "Mbogwe",
      "lat": -2.633333,
      "lng": 28.4
    },
    {
      "cityName": "Mela",
      "lat": -3.316667,
      "lng": 28.016667
    },
    {
      "cityName": "Membo",
      "lat": -3.344167,
      "lng": 29.053333
    },
    {
      "cityName": "Miakonda",
      "lat": -2.533333,
      "lng": 27.866667
    },
    {
      "cityName": "Mibonge",
      "lat": -2.583333,
      "lng": 27.133333
    },
    {
      "cityName": "Mikelo",
      "lat": -3.583333,
      "lng": 27.583333
    },
    {
      "cityName": "Miki",
      "lat": -3.396111,
      "lng": 28.694722
    },
    {
      "cityName": "Mikole",
      "lat": -2.583333,
      "lng": 27.266667
    },
    {
      "cityName": "Mikonde",
      "lat": -2.2,
      "lng": 27.366667
    },
    {
      "cityName": "Mikungao",
      "lat": -3.558333,
      "lng": 29.1125
    },
    {
      "cityName": "Mikungu",
      "lat": -3.55,
      "lng": 27.066667
    },
    {
      "cityName": "Mikutu",
      "lat": -3.733333,
      "lng": 27.633333
    },
    {
      "cityName": "Milambo",
      "lat": -3.316667,
      "lng": 28.25
    },
    {
      "cityName": "Milenda",
      "lat": -2.316667,
      "lng": 27.433333
    },
    {
      "cityName": "Milingita",
      "lat": -4.183333,
      "lng": 29.05
    },
    {
      "cityName": "Mirunga",
      "lat": -2.251944,
      "lng": 28.893333
    },
    {
      "cityName": "Mitabo",
      "lat": -3.216667,
      "lng": 28.15
    },
    {
      "cityName": "Mitala",
      "lat": -2.666667,
      "lng": 28.116667
    },
    {
      "cityName": "Mitenda",
      "lat": -2.266667,
      "lng": 27.116667
    },
    {
      "cityName": "Miti",
      "lat": -2.35,
      "lng": 28.783333
    },
    {
      "cityName": "Mizinga",
      "lat": -3.266667,
      "lng": 28.016667
    },
    {
      "cityName": "Moaso",
      "lat": -3.906944,
      "lng": 28.981111
    },
    {
      "cityName": "Mokanga",
      "lat": -4.310556,
      "lng": 28.823056
    },
    {
      "cityName": "Mokongo",
      "lat": -3.744722,
      "lng": 29.108056
    },
    {
      "cityName": "Molongo",
      "lat": -3.733333,
      "lng": 27.316667
    },
    {
      "cityName": "Mpishi",
      "lat": -2.816667,
      "lng": 27.633333
    },
    {
      "cityName": "Mudaka",
      "lat": -2.383333,
      "lng": 28.783333
    },
    {
      "cityName": "Mugombo",
      "lat": -3.616667,
      "lng": 27.65
    },
    {
      "cityName": "Muikabila",
      "lat": -3.8525,
      "lng": 29.013611
    },
    {
      "cityName": "Mukalu",
      "lat": -3.726667,
      "lng": 29.028333
    },
    {
      "cityName": "Mukandama",
      "lat": -4.286667,
      "lng": 28.830833
    },
    {
      "cityName": "Mukangi",
      "lat": -4.15,
      "lng": 29.066667
    },
    {
      "cityName": "Mukiti",
      "lat": -3.216667,
      "lng": 27.033333
    },
    {
      "cityName": "Mukoko",
      "lat": -3.366667,
      "lng": 27.05
    },
    {
      "cityName": "Mukoloka",
      "lat": -3.533333,
      "lng": 27.6
    },
    {
      "cityName": "Mukolwe",
      "lat": -3.905833,
      "lng": 29.095833
    },
    {
      "cityName": "Mukovia",
      "lat": -3.45,
      "lng": 27.05
    },
    {
      "cityName": "Mukulungu",
      "lat": -3.45,
      "lng": 27.9
    },
    {
      "cityName": "Mukuma",
      "lat": -3.566667,
      "lng": 27.3
    },
    {
      "cityName": "Mukundji",
      "lat": -4.2125,
      "lng": 28.996111
    },
    {
      "cityName": "Mukunga",
      "lat": -3.626111,
      "lng": 29.150556
    },
    {
      "cityName": "Mukwetsi",
      "lat": -3.685278,
      "lng": 29.129444
    },
    {
      "cityName": "Mulamba",
      "lat": -2.516667,
      "lng": 27.166667
    },
    {
      "cityName": "Mula",
      "lat": -4.733333,
      "lng": 28.75
    },
    {
      "cityName": "Mulangani",
      "lat": -2.316667,
      "lng": 28.933333
    },
    {
      "cityName": "Mulembe",
      "lat": -4,
      "lng": 28.816667
    },
    {
      "cityName": "Mulenga",
      "lat": -3.791389,
      "lng": 29.015833
    },
    {
      "cityName": "Mulenge",
      "lat": -4.268889,
      "lng": 28.832778
    },
    {
      "cityName": "Mulomo",
      "lat": -3.6,
      "lng": 27.016667
    },
    {
      "cityName": "Mulungu",
      "lat": -2.330278,
      "lng": 28.790833
    },
    {
      "cityName": "Mulungu-Tshibinda",
      "lat": -2.32,
      "lng": 28.763889
    },
    {
      "cityName": "Munanira",
      "lat": -3.381389,
      "lng": 29.065556
    },
    {
      "cityName": "Munda",
      "lat": -3.083333,
      "lng": 28.4
    },
    {
      "cityName": "Mundio",
      "lat": -2.75,
      "lng": 28.266667
    },
    {
      "cityName": "Musabaka",
      "lat": -4.3,
      "lng": 29.05
    },
    {
      "cityName": "Musabito",
      "lat": -3.758889,
      "lng": 29.095
    },
    {
      "cityName": "Musambia",
      "lat": -3.866667,
      "lng": 28.85
    },
    {
      "cityName": "Musambwa",
      "lat": -3.983333,
      "lng": 28.033333
    },
    {
      "cityName": "Musangwa",
      "lat": -3.726111,
      "lng": 29.116111
    },
    {
      "cityName": "Musania",
      "lat": -3.633333,
      "lng": 27.566667
    },
    {
      "cityName": "Musanze",
      "lat": -3.1,
      "lng": 28.283333
    },
    {
      "cityName": "Musenyi",
      "lat": -2.133333,
      "lng": 28.716667
    },
    {
      "cityName": "Mushesereza",
      "lat": -3.066667,
      "lng": 28.983333
    },
    {
      "cityName": "Mushuva",
      "lat": -2.366667,
      "lng": 28.85
    },
    {
      "cityName": "Mushweshe",
      "lat": -2.3,
      "lng": 28.916667
    },
    {
      "cityName": "Musimbi",
      "lat": -3.283333,
      "lng": 28.3
    },
    {
      "cityName": "Musingiro",
      "lat": -4.416667,
      "lng": 28.9
    },
    {
      "cityName": "Musombo",
      "lat": -2.516667,
      "lng": 27.816667
    },
    {
      "cityName": "Mutalindulwa",
      "lat": -2.5,
      "lng": 27.333333
    },
    {
      "cityName": "Mutambala",
      "lat": -4.204722,
      "lng": 29.040556
    },
    {
      "cityName": "Muta",
      "lat": -2.683333,
      "lng": 27.983333
    },
    {
      "cityName": "Mutingulwa",
      "lat": -2.466667,
      "lng": 27.466667
    },
    {
      "cityName": "Mutiti",
      "lat": -3.766667,
      "lng": 29.1
    },
    {
      "cityName": "Mutombwe",
      "lat": -3.3425,
      "lng": 28.764722
    },
    {
      "cityName": "Mutumbi",
      "lat": -3.883333,
      "lng": 27.35
    },
    {
      "cityName": "Mutundwa",
      "lat": -3.019444,
      "lng": 28.928611
    },
    {
      "cityName": "Muzimu",
      "lat": -4.1,
      "lng": 29.266667
    },
    {
      "cityName": "Mwambazi",
      "lat": -3.966667,
      "lng": 27.5
    },
    {
      "cityName": "Mwana",
      "lat": -3.133333,
      "lng": 28.4
    },
    {
      "cityName": "Mwanda-Kikamba",
      "lat": -4.766667,
      "lng": 28.783333
    },
    {
      "cityName": "Mwenamungu",
      "lat": -3.883333,
      "lng": 28.15
    },
    {
      "cityName": "Mwenga",
      "lat": -3.038611,
      "lng": 28.4325
    },
    {
      "cityName": "Mwezi",
      "lat": -3.844722,
      "lng": 29.061111
    },
    {
      "cityName": "Mwitwa",
      "lat": -2.833333,
      "lng": 28.05
    },
    {
      "cityName": "Nakiele",
      "lat": -3.883333,
      "lng": 28.933333
    },
    {
      "cityName": "Nandjale",
      "lat": -3.386944,
      "lng": 28.834167
    },
    {
      "cityName": "Ngandu",
      "lat": -4.416667,
      "lng": 29.216667
    },
    {
      "cityName": "Ngolombe",
      "lat": -2.683333,
      "lng": 28.25
    },
    {
      "cityName": "Ngomba",
      "lat": -4.35,
      "lng": 29.066667
    },
    {
      "cityName": "Ngusa",
      "lat": -3.282778,
      "lng": 28.678611
    },
    {
      "cityName": "Niabongo",
      "lat": -2.966667,
      "lng": 28.133333
    },
    {
      "cityName": "Niakibizio",
      "lat": -2.716667,
      "lng": 27.9
    },
    {
      "cityName": "Niakundulu",
      "lat": -2.8,
      "lng": 27.95
    },
    {
      "cityName": "Niangoma",
      "lat": -2.783333,
      "lng": 27.866667
    },
    {
      "cityName": "Nkoba",
      "lat": -2.75,
      "lng": 27.266667
    },
    {
      "cityName": "Nsolo",
      "lat": -3.2,
      "lng": 27.033333
    },
    {
      "cityName": "Numbi",
      "lat": -1.787778,
      "lng": 28.893611
    },
    {
      "cityName": "Nyabantu",
      "lat": -2.616667,
      "lng": 28.283333
    },
    {
      "cityName": "Nya-Ghezi",
      "lat": -2.651111,
      "lng": 28.866389
    },
    {
      "cityName": "Nyakadudula",
      "lat": -3.115556,
      "lng": 29.145
    },
    {
      "cityName": "Nyakalengwa",
      "lat": -2.241389,
      "lng": 29.028056
    },
    {
      "cityName": "Nyakombe",
      "lat": -3.866667,
      "lng": 27.283333
    },
    {
      "cityName": "Nyalukungu",
      "lat": -3.416667,
      "lng": 27.2
    },
    {
      "cityName": "Nyambasha",
      "lat": -2.129167,
      "lng": 28.863333
    },
    {
      "cityName": "Nyamikuba",
      "lat": -2.683333,
      "lng": 27.316667
    },
    {
      "cityName": "Nyatutwa",
      "lat": -3.364444,
      "lng": 29.066667
    },
    {
      "cityName": "Nyombo",
      "lat": -3.883333,
      "lng": 27.416667
    },
    {
      "cityName": "Nzingu",
      "lat": -3.566667,
      "lng": 27.716667
    },
    {
      "cityName": "Pangwe",
      "lat": -4.021944,
      "lng": 28.849167
    },
    {
      "cityName": "Pembe",
      "lat": -3.366667,
      "lng": 26.966667
    },
    {
      "cityName": "Pundo",
      "lat": -3.95,
      "lng": 27.983333
    },
    {
      "cityName": "Ramazani",
      "lat": -3.518333,
      "lng": 29.144167
    },
    {
      "cityName": "Remera",
      "lat": -3.035,
      "lng": 28.98
    },
    {
      "cityName": "Rugongo",
      "lat": -3.403056,
      "lng": 29.104167
    },
    {
      "cityName": "Rukobero",
      "lat": -3.088889,
      "lng": 29.095556
    },
    {
      "cityName": "Runigi",
      "lat": -2.2,
      "lng": 28.7
    },
    {
      "cityName": "Rusabagi",
      "lat": -3.044722,
      "lng": 29.200556
    },
    {
      "cityName": "Ruseko",
      "lat": -3.061389,
      "lng": 29.08
    },
    {
      "cityName": "Rwasha",
      "lat": -3.765556,
      "lng": 29.0425
    },
    {
      "cityName": "Sange",
      "lat": -3.083333,
      "lng": 29.116667
    },
    {
      "cityName": "Sango",
      "lat": -3.878889,
      "lng": 29.075
    },
    {
      "cityName": "Saninga",
      "lat": -2.55,
      "lng": 27.283333
    },
    {
      "cityName": "Sele",
      "lat": -4.886944,
      "lng": 29.102778
    },
    {
      "cityName": "Shabunda",
      "lat": -2.7,
      "lng": 27.333333
    },
    {
      "cityName": "Shagula",
      "lat": -3.616667,
      "lng": 27.4
    },
    {
      "cityName": "Shifuma",
      "lat": -2.4,
      "lng": 28.833333
    },
    {
      "cityName": "Sibatwa",
      "lat": -3.873056,
      "lng": 28.916944
    },
    {
      "cityName": "Sibiama",
      "lat": -3.696944,
      "lng": 29.023611
    },
    {
      "cityName": "Simbi",
      "lat": -4.183333,
      "lng": 28.95
    },
    {
      "cityName": "Simoro",
      "lat": -2.166667,
      "lng": 27.133333
    },
    {
      "cityName": "Sindano",
      "lat": -3.983333,
      "lng": 28
    },
    {
      "cityName": "Sintama",
      "lat": -2.083333,
      "lng": 28.933333
    },
    {
      "cityName": "Somanili",
      "lat": -3.916667,
      "lng": 28.933333
    },
    {
      "cityName": "Some",
      "lat": -4.104444,
      "lng": 29.215833
    },
    {
      "cityName": "Stshombo",
      "lat": -2.294444,
      "lng": 28.780833
    },
    {
      "cityName": "Swima",
      "lat": -3.666667,
      "lng": 29.15
    },
    {
      "cityName": "Takalama",
      "lat": -4.133333,
      "lng": 28.133333
    },
    {
      "cityName": "Tima",
      "lat": -3.516667,
      "lng": 27.8
    },
    {
      "cityName": "Tipoyo",
      "lat": -4.083333,
      "lng": 28.183333
    },
    {
      "cityName": "Tombe Thieffry",
      "lat": -4.5925,
      "lng": 29.118333
    },
    {
      "cityName": "Tongo-Mukanga",
      "lat": -2.566667,
      "lng": 27.95
    },
    {
      "cityName": "Tshianzofu",
      "lat": -3.436944,
      "lng": 28.879722
    },
    {
      "cityName": "Tshopo",
      "lat": -2.933333,
      "lng": 28.283333
    },
    {
      "cityName": "Tubindi",
      "lat": -2.933333,
      "lng": 28.45
    },
    {
      "cityName": "Tukenga",
      "lat": -3.333333,
      "lng": 28.066667
    },
    {
      "cityName": "Tulungu",
      "lat": -4.05,
      "lng": 28.033333
    },
    {
      "cityName": "Tundu",
      "lat": -3.0525,
      "lng": 28.974722
    },
    {
      "cityName": "Tunga",
      "lat": -2.916667,
      "lng": 27.866667
    },
    {
      "cityName": "Tunkele",
      "lat": -3.533333,
      "lng": 27.7
    },
    {
      "cityName": "Tunonia",
      "lat": -2.583333,
      "lng": 28.183333
    },
    {
      "cityName": "Tusilembo",
      "lat": -3.966667,
      "lng": 28
    },
    {
      "cityName": "Tusisi",
      "lat": -3.083333,
      "lng": 27.2
    },
    {
      "cityName": "Useni",
      "lat": -3.45,
      "lng": 29.1
    },
    {
      "cityName": "Uvinza",
      "lat": -3.406667,
      "lng": 29.145833
    },
    {
      "cityName": "Wagilangoye",
      "lat": -3.566667,
      "lng": 27.7
    },
    {
      "cityName": "Walubaza",
      "lat": -3.75,
      "lng": 27.883333
    },
    {
      "cityName": "Walungu",
      "lat": -2.628333,
      "lng": 28.665833
    },
    {
      "cityName": "Wamanga",
      "lat": -3.3,
      "lng": 27.016667
    },
    {
      "cityName": "Wangoye",
      "lat": -2.733333,
      "lng": 28.366667
    },
    {
      "cityName": "Wasezia",
      "lat": -3.366667,
      "lng": 27.2
    },
    {
      "cityName": "Wasonda",
      "lat": -2.166667,
      "lng": 27
    },
    {
      "cityName": "Yela",
      "lat": -2.433333,
      "lng": 27.383333
    },
    {
      "cityName": "Yihila",
      "lat": -4.033333,
      "lng": 28.833333
    },
    {
      "cityName": "Ysezia",
      "lat": -2.683333,
      "lng": 28.2
    },
    {
      "cityName": "Yuma",
      "lat": -4.066667,
      "lng": 27.85
    },
    {
      "cityName": "Yungu",
      "lat": -4.873056,
      "lng": 29.105278
    },
    {
      "cityName": "Zalya",
      "lat": -3.066667,
      "lng": 28.4
    }
  ]
}