{
  "name": "Campania",
  "cities": [
    {
      "cityName": "Abatemarco",
      "lat": 40.133333,
      "lng": 15.35
    },
    {
      "cityName": "Acciaroli",
      "lat": 40.183333,
      "lng": 15.016667
    },
    {
      "cityName": "Acerno",
      "lat": 40.733333,
      "lng": 15.05
    },
    {
      "cityName": "Acerra",
      "lat": 40.95,
      "lng": 14.366667
    },
    {
      "cityName": "Acquafredda",
      "lat": 40.033333,
      "lng": 15.666667
    },
    {
      "cityName": "Acquavella",
      "lat": 40.216667,
      "lng": 15.116667
    },
    {
      "cityName": "Acquavena",
      "lat": 40.083333,
      "lng": 15.45
    },
    {
      "cityName": "Afragola",
      "lat": 40.916667,
      "lng": 14.3
    },
    {
      "cityName": "Agerola",
      "lat": 40.633333,
      "lng": 14.533333
    },
    {
      "cityName": "Agropoli",
      "lat": 40.35,
      "lng": 14.983333
    },
    {
      "cityName": "Aiello del Sabato",
      "lat": 40.883333,
      "lng": 14.816667
    },
    {
      "cityName": "Aieta",
      "lat": 39.916667,
      "lng": 15.816667
    },
    {
      "cityName": "Ailano",
      "lat": 41.383333,
      "lng": 14.2
    },
    {
      "cityName": "Airola",
      "lat": 41.066667,
      "lng": 14.55
    },
    {
      "cityName": "Albanella",
      "lat": 40.5,
      "lng": 15.133333
    },
    {
      "cityName": "Alfano",
      "lat": 40.183333,
      "lng": 15.416667
    },
    {
      "cityName": "Alife",
      "lat": 41.333333,
      "lng": 14.333333
    },
    {
      "cityName": "Altavilla",
      "lat": 40.533333,
      "lng": 15.133333
    },
    {
      "cityName": "Altavilla Irpina",
      "lat": 41,
      "lng": 14.783333
    },
    {
      "cityName": "Alvignanello",
      "lat": 41.2,
      "lng": 14.433333
    },
    {
      "cityName": "Alvignano",
      "lat": 41.25,
      "lng": 14.333333
    },
    {
      "cityName": "Amalafede",
      "lat": 40.233333,
      "lng": 15.066667
    },
    {
      "cityName": "Amalfi",
      "lat": 40.633333,
      "lng": 14.6
    },
    {
      "cityName": "Amorosi",
      "lat": 41.2,
      "lng": 14.466667
    },
    {
      "cityName": "Anacapri",
      "lat": 40.55,
      "lng": 14.216667
    },
    {
      "cityName": "Andretta",
      "lat": 40.933333,
      "lng": 15.316667
    },
    {
      "cityName": "Angellara",
      "lat": 40.233333,
      "lng": 15.283333
    },
    {
      "cityName": "Angri",
      "lat": 40.733333,
      "lng": 14.566667
    },
    {
      "cityName": "Anzano di Puglia",
      "lat": 41.116667,
      "lng": 15.283333
    },
    {
      "cityName": "Apice",
      "lat": 41.116667,
      "lng": 14.933333
    },
    {
      "cityName": "Apollosa",
      "lat": 41.083333,
      "lng": 14.7
    },
    {
      "cityName": "Aquara",
      "lat": 40.433333,
      "lng": 15.25
    },
    {
      "cityName": "Arenabianca",
      "lat": 40.3,
      "lng": 15.683333
    },
    {
      "cityName": "Ariano di Puglia",
      "lat": 41.15,
      "lng": 15.083333
    },
    {
      "cityName": "Arienzo",
      "lat": 41.016667,
      "lng": 14.5
    },
    {
      "cityName": "Armentano",
      "lat": 39.966667,
      "lng": 15.9
    },
    {
      "cityName": "Armento",
      "lat": 40.3,
      "lng": 16.066667
    },
    {
      "cityName": "Arnone",
      "lat": 41.066667,
      "lng": 14.033333
    },
    {
      "cityName": "Arola",
      "lat": 40.633333,
      "lng": 14.433333
    },
    {
      "cityName": "Arpaia",
      "lat": 41.033333,
      "lng": 14.55
    },
    {
      "cityName": "Arpaise",
      "lat": 41.033333,
      "lng": 14.733333
    },
    {
      "cityName": "Arzano",
      "lat": 40.916667,
      "lng": 14.266667
    },
    {
      "cityName": "Ascea",
      "lat": 40.133333,
      "lng": 15.183333
    },
    {
      "cityName": "Atrani",
      "lat": 40.633333,
      "lng": 14.616667
    },
    {
      "cityName": "Atripalda",
      "lat": 40.916667,
      "lng": 14.833333
    },
    {
      "cityName": "Ave Gratia Plena",
      "lat": 41.133333,
      "lng": 14.4
    },
    {
      "cityName": "Avella",
      "lat": 40.966667,
      "lng": 14.6
    },
    {
      "cityName": "Avellino",
      "lat": 40.9,
      "lng": 14.783333
    },
    {
      "cityName": "Aversa",
      "lat": 40.966667,
      "lng": 14.2
    },
    {
      "cityName": "Bacoli",
      "lat": 40.8,
      "lng": 14.083333
    },
    {
      "cityName": "Bagnara",
      "lat": 41.05,
      "lng": 14.783333
    },
    {
      "cityName": "Bagni",
      "lat": 40.733333,
      "lng": 13.95
    },
    {
      "cityName": "Bagnoli",
      "lat": 40.816667,
      "lng": 14.166667
    },
    {
      "cityName": "Bagnoli Irpino",
      "lat": 40.833333,
      "lng": 15.066667
    },
    {
      "cityName": "Baia",
      "lat": 40.816667,
      "lng": 14.066667
    },
    {
      "cityName": "Baiano",
      "lat": 40.95,
      "lng": 14.616667
    },
    {
      "cityName": "Balifrascio",
      "lat": 40.183333,
      "lng": 15.633333
    },
    {
      "cityName": "Balzi",
      "lat": 41.116667,
      "lng": 14.366667
    },
    {
      "cityName": "Barano",
      "lat": 40.7,
      "lng": 13.916667
    },
    {
      "cityName": "Barba",
      "lat": 41.033333,
      "lng": 14.766667
    },
    {
      "cityName": "Baronissi",
      "lat": 40.733333,
      "lng": 14.75
    },
    {
      "cityName": "Barra",
      "lat": 40.833333,
      "lng": 14.316667
    },
    {
      "cityName": "Battaglia",
      "lat": 40.15,
      "lng": 15.616667
    },
    {
      "cityName": "Battipaglia",
      "lat": 40.616667,
      "lng": 14.966667
    },
    {
      "cityName": "Bellizzi Irpino",
      "lat": 40.883333,
      "lng": 14.8
    },
    {
      "cityName": "Bellona",
      "lat": 41.166667,
      "lng": 14.25
    },
    {
      "cityName": "Bellosguardo",
      "lat": 40.416667,
      "lng": 15.316667
    },
    {
      "cityName": "Beltiglio",
      "lat": 41.05,
      "lng": 14.75
    },
    {
      "cityName": "Benevento",
      "lat": 41.133333,
      "lng": 14.75
    },
    {
      "cityName": "Biancano",
      "lat": 41.15,
      "lng": 14.366667
    },
    {
      "cityName": "Bisaccia",
      "lat": 41.016667,
      "lng": 15.366667
    },
    {
      "cityName": "Boccalupo",
      "lat": 39.933333,
      "lng": 15.816667
    },
    {
      "cityName": "Bonea",
      "lat": 41.066667,
      "lng": 14.616667
    },
    {
      "cityName": "Bonito",
      "lat": 41.1,
      "lng": 15
    },
    {
      "cityName": "Boscoreale",
      "lat": 40.783333,
      "lng": 14.466667
    },
    {
      "cityName": "Boscotrecase",
      "lat": 40.766667,
      "lng": 14.466667
    },
    {
      "cityName": "Bracigliano",
      "lat": 40.816667,
      "lng": 14.7
    },
    {
      "cityName": "Brefaro",
      "lat": 39.983333,
      "lng": 15.766667
    },
    {
      "cityName": "Brusciano",
      "lat": 40.916667,
      "lng": 14.416667
    },
    {
      "cityName": "Bucciano",
      "lat": 41.083333,
      "lng": 14.566667
    },
    {
      "cityName": "Buonabitacolo",
      "lat": 40.266667,
      "lng": 15.616667
    },
    {
      "cityName": "Buonalbergo",
      "lat": 41.216667,
      "lng": 14.983333
    },
    {
      "cityName": "Bussentino",
      "lat": 40.083333,
      "lng": 15.533333
    },
    {
      "cityName": "Cacciano",
      "lat": 41.15,
      "lng": 14.65
    },
    {
      "cityName": "Caiazzo",
      "lat": 41.183333,
      "lng": 14.366667
    },
    {
      "cityName": "Cairano",
      "lat": 40.9,
      "lng": 15.366667
    },
    {
      "cityName": "Caivano",
      "lat": 40.95,
      "lng": 14.3
    },
    {
      "cityName": "Calabritto",
      "lat": 40.783333,
      "lng": 15.216667
    },
    {
      "cityName": "Calvanico",
      "lat": 40.766667,
      "lng": 14.816667
    },
    {
      "cityName": "Calvi Vecchia",
      "lat": 41.2,
      "lng": 14.133333
    },
    {
      "cityName": "Calvizzano",
      "lat": 40.9,
      "lng": 14.183333
    },
    {
      "cityName": "Camaldoli",
      "lat": 40.85,
      "lng": 14.2
    },
    {
      "cityName": "Camella",
      "lat": 40.266667,
      "lng": 15.016667
    },
    {
      "cityName": "Camerota",
      "lat": 40.033333,
      "lng": 15.366667
    },
    {
      "cityName": "Camigliano",
      "lat": 41.183333,
      "lng": 14.216667
    },
    {
      "cityName": "Campagna",
      "lat": 40.666667,
      "lng": 15.116667
    },
    {
      "cityName": "Campanarello",
      "lat": 41.05,
      "lng": 14.916667
    },
    {
      "cityName": "Campolattaro",
      "lat": 41.283333,
      "lng": 14.733333
    },
    {
      "cityName": "Campoli del Monte Taburno",
      "lat": 41.133333,
      "lng": 14.65
    },
    {
      "cityName": "Campora",
      "lat": 40.316667,
      "lng": 15.283333
    },
    {
      "cityName": "Camposano",
      "lat": 40.95,
      "lng": 14.533333
    },
    {
      "cityName": "Cancello",
      "lat": 40.983333,
      "lng": 14.4
    },
    {
      "cityName": "Cancello ed Arnone",
      "lat": 41.066667,
      "lng": 14.05
    },
    {
      "cityName": "Candida",
      "lat": 40.95,
      "lng": 14.866667
    },
    {
      "cityName": "Cannalonga",
      "lat": 40.25,
      "lng": 15.3
    },
    {
      "cityName": "Cannicchio",
      "lat": 40.183333,
      "lng": 15.033333
    },
    {
      "cityName": "Capaccio",
      "lat": 40.416667,
      "lng": 15.083333
    },
    {
      "cityName": "Capitello",
      "lat": 40.066667,
      "lng": 15.55
    },
    {
      "cityName": "Capizzo",
      "lat": 40.35,
      "lng": 15.216667
    },
    {
      "cityName": "Capodichino",
      "lat": 40.883333,
      "lng": 14.266667
    },
    {
      "cityName": "Capodimonte",
      "lat": 40.866667,
      "lng": 14.25
    },
    {
      "cityName": "Capodrise",
      "lat": 41.05,
      "lng": 14.333333
    },
    {
      "cityName": "Capograssi",
      "lat": 40.25,
      "lng": 15.016667
    },
    {
      "cityName": "Caposel",
      "lat": 40.816667,
      "lng": 15.216667
    },
    {
      "cityName": "Capri",
      "lat": 40.55,
      "lng": 14.233333
    },
    {
      "cityName": "Capriglia",
      "lat": 40.966667,
      "lng": 14.766667
    },
    {
      "cityName": "Capua",
      "lat": 41.1,
      "lng": 14.2
    },
    {
      "cityName": "Carbone",
      "lat": 40.15,
      "lng": 16.083333
    },
    {
      "cityName": "Cardile",
      "lat": 40.266667,
      "lng": 15.25
    },
    {
      "cityName": "Carditello",
      "lat": 41.066667,
      "lng": 14.183333
    },
    {
      "cityName": "Carife",
      "lat": 41.016667,
      "lng": 15.2
    },
    {
      "cityName": "Carpignano",
      "lat": 41.033333,
      "lng": 15.05
    },
    {
      "cityName": "Casa Balzano",
      "lat": 40.783333,
      "lng": 14.433333
    },
    {
      "cityName": "Casa Chiaiozza",
      "lat": 40.733333,
      "lng": 14
    },
    {
      "cityName": "Casa Figunno",
      "lat": 39.966667,
      "lng": 15.966667
    },
    {
      "cityName": "Casalbore",
      "lat": 41.233333,
      "lng": 15
    },
    {
      "cityName": "Casalbuono",
      "lat": 40.216667,
      "lng": 15.683333
    },
    {
      "cityName": "Casal di Principe",
      "lat": 41,
      "lng": 14.133333
    },
    {
      "cityName": "Casalduni",
      "lat": 41.233333,
      "lng": 14.7
    },
    {
      "cityName": "Casale sottano",
      "lat": 40.216667,
      "lng": 15.033333
    },
    {
      "cityName": "Casalnuovo",
      "lat": 40.916667,
      "lng": 14.333333
    },
    {
      "cityName": "Casaluce",
      "lat": 41,
      "lng": 14.2
    },
    {
      "cityName": "Casal Velino",
      "lat": 40.183333,
      "lng": 15.1
    },
    {
      "cityName": "Casamarciano",
      "lat": 40.933333,
      "lng": 14.55
    },
    {
      "cityName": "Casandrino",
      "lat": 40.933333,
      "lng": 14.25
    },
    {
      "cityName": "Casapulla",
      "lat": 41.083333,
      "lng": 14.283333
    },
    {
      "cityName": "Caselle in Pittari",
      "lat": 40.166667,
      "lng": 15.55
    },
    {
      "cityName": "Caserta",
      "lat": 41.066667,
      "lng": 14.333333
    },
    {
      "cityName": "Caserta Vecchia",
      "lat": 41.1,
      "lng": 14.366667
    },
    {
      "cityName": "Casigliano",
      "lat": 40.283333,
      "lng": 15.05
    },
    {
      "cityName": "Casola di Napoli",
      "lat": 40.7,
      "lng": 14.533333
    },
    {
      "cityName": "Casoria",
      "lat": 40.9,
      "lng": 14.283333
    },
    {
      "cityName": "Cassano",
      "lat": 41.033333,
      "lng": 14.7
    },
    {
      "cityName": "Castagneta",
      "lat": 40.266667,
      "lng": 15.05
    },
    {
      "cityName": "Castel Baronia",
      "lat": 41.05,
      "lng": 15.183333
    },
    {
      "cityName": "Castel Campagnano",
      "lat": 41.183333,
      "lng": 14.45
    },
    {
      "cityName": "Castelcivita",
      "lat": 40.483333,
      "lng": 15.233333
    },
    {
      "cityName": "Castelfranci",
      "lat": 40.933333,
      "lng": 15.033333
    },
    {
      "cityName": "Castelfranco in Miscano",
      "lat": 41.3,
      "lng": 15.083333
    },
    {
      "cityName": "Castellabate",
      "lat": 40.283333,
      "lng": 14.95
    },
    {
      "cityName": "Castellammare di Stabia",
      "lat": 40.7,
      "lng": 14.483333
    },
    {
      "cityName": "Castellammare di Velia",
      "lat": 40.166667,
      "lng": 15.15
    },
    {
      "cityName": "Castello",
      "lat": 41.066667,
      "lng": 14.45
    },
    {
      "cityName": "Castello d'Alife",
      "lat": 41.366667,
      "lng": 14.366667
    },
    {
      "cityName": "Castello del Lago",
      "lat": 41.083333,
      "lng": 14.916667
    },
    {
      "cityName": "Castelluccio",
      "lat": 40,
      "lng": 15.966667
    },
    {
      "cityName": "Castelluccio Superiore",
      "lat": 40.016667,
      "lng": 15.983333
    },
    {
      "cityName": "Castelnuovo Cilento",
      "lat": 40.216667,
      "lng": 15.166667
    },
    {
      "cityName": "Castelnuovo di Conza",
      "lat": 40.816667,
      "lng": 15.316667
    },
    {
      "cityName": "Castelpoto",
      "lat": 41.133333,
      "lng": 14.7
    },
    {
      "cityName": "Castel Ruggero",
      "lat": 40.133333,
      "lng": 15.466667
    },
    {
      "cityName": "Castel San Giorgio",
      "lat": 40.783333,
      "lng": 14.7
    },
    {
      "cityName": "Castel San Lorenzo",
      "lat": 40.416667,
      "lng": 15.233333
    },
    {
      "cityName": "Castelsaraceno",
      "lat": 40.166667,
      "lng": 16
    },
    {
      "cityName": "Castelvenere",
      "lat": 41.233333,
      "lng": 14.55
    },
    {
      "cityName": "Castelvetere di Calore",
      "lat": 40.933333,
      "lng": 14.983333
    },
    {
      "cityName": "Castiglione dei Genovesi",
      "lat": 40.733333,
      "lng": 14.85
    },
    {
      "cityName": "Castinatelli",
      "lat": 40.15,
      "lng": 15.3
    },
    {
      "cityName": "Catona",
      "lat": 40.15,
      "lng": 15.233333
    },
    {
      "cityName": "Cautano",
      "lat": 41.15,
      "lng": 14.633333
    },
    {
      "cityName": "Cava",
      "lat": 40.7,
      "lng": 14.7
    },
    {
      "cityName": "Celle Bulgheria",
      "lat": 40.1,
      "lng": 15.4
    },
    {
      "cityName": "Celso",
      "lat": 40.2,
      "lng": 15.05
    },
    {
      "cityName": "Cementara",
      "lat": 41.016667,
      "lng": 14.466667
    },
    {
      "cityName": "Centola",
      "lat": 40.066667,
      "lng": 15.316667
    },
    {
      "cityName": "Cerasa",
      "lat": 40.183333,
      "lng": 15.25
    },
    {
      "cityName": "Cercola",
      "lat": 40.85,
      "lng": 14.35
    },
    {
      "cityName": "Cerreta",
      "lat": 41.116667,
      "lng": 14.516667
    },
    {
      "cityName": "Cerreto Sannita",
      "lat": 41.283333,
      "lng": 14.55
    },
    {
      "cityName": "Cervino",
      "lat": 41.033333,
      "lng": 14.416667
    },
    {
      "cityName": "Cesa",
      "lat": 40.966667,
      "lng": 14.233333
    },
    {
      "cityName": "Cetara",
      "lat": 40.65,
      "lng": 14.7
    },
    {
      "cityName": "Chiusano di San Domenico",
      "lat": 40.933333,
      "lng": 14.916667
    },
    {
      "cityName": "Ciamprisco",
      "lat": 41.15,
      "lng": 14.033333
    },
    {
      "cityName": "Cicciano",
      "lat": 40.966667,
      "lng": 14.533333
    },
    {
      "cityName": "Cicerale",
      "lat": 40.35,
      "lng": 15.133333
    },
    {
      "cityName": "Cimitile",
      "lat": 40.933333,
      "lng": 14.516667
    },
    {
      "cityName": "Circello",
      "lat": 41.35,
      "lng": 14.8
    },
    {
      "cityName": "Civitella Licinia",
      "lat": 41.316667,
      "lng": 14.533333
    },
    {
      "cityName": "Coccagna",
      "lat": 41.083333,
      "lng": 14.3
    },
    {
      "cityName": "Collegiata",
      "lat": 40.866667,
      "lng": 14.433333
    },
    {
      "cityName": "Colle Sannita",
      "lat": 41.366667,
      "lng": 14.833333
    },
    {
      "cityName": "Colliano",
      "lat": 40.716667,
      "lng": 15.283333
    },
    {
      "cityName": "Comiziano",
      "lat": 40.95,
      "lng": 14.55
    },
    {
      "cityName": "Conca dei Marini",
      "lat": 40.616667,
      "lng": 14.566667
    },
    {
      "cityName": "Contrada",
      "lat": 40.866667,
      "lng": 14.783333
    },
    {
      "cityName": "Controne",
      "lat": 40.5,
      "lng": 15.2
    },
    {
      "cityName": "Contursi",
      "lat": 40.65,
      "lng": 15.233333
    },
    {
      "cityName": "Conza della Campania",
      "lat": 40.866667,
      "lng": 15.333333
    },
    {
      "cityName": "Copersito",
      "lat": 40.316667,
      "lng": 15.05
    },
    {
      "cityName": "Corbara",
      "lat": 40.716667,
      "lng": 14.6
    },
    {
      "cityName": "Corleto Monforte",
      "lat": 40.433333,
      "lng": 15.366667
    },
    {
      "cityName": "Coroglio",
      "lat": 40.8,
      "lng": 14.15
    },
    {
      "cityName": "Cosentini",
      "lat": 40.233333,
      "lng": 15
    },
    {
      "cityName": "Criscia",
      "lat": 41.316667,
      "lng": 14.416667
    },
    {
      "cityName": "Crivola",
      "lat": 39.95,
      "lng": 15.933333
    },
    {
      "cityName": "Croce",
      "lat": 41.233333,
      "lng": 14.183333
    },
    {
      "cityName": "Cusano Mntri",
      "lat": 41.333333,
      "lng": 14.5
    },
    {
      "cityName": "De Biasi",
      "lat": 41.233333,
      "lng": 14.116667
    },
    {
      "cityName": "De Pascale",
      "lat": 41.316667,
      "lng": 14.4
    },
    {
      "cityName": "Domicella",
      "lat": 40.883333,
      "lng": 14.583333
    },
    {
      "cityName": "Dragoni",
      "lat": 41.266667,
      "lng": 14.3
    },
    {
      "cityName": "Dugenta",
      "lat": 41.133333,
      "lng": 14.45
    },
    {
      "cityName": "Eboli",
      "lat": 40.6,
      "lng": 15.066667
    },
    {
      "cityName": "Ercolano",
      "lat": 40.8,
      "lng": 14.35
    },
    {
      "cityName": "Eredita",
      "lat": 40.366667,
      "lng": 15.05
    },
    {
      "cityName": "Eremiti",
      "lat": 40.15,
      "lng": 15.283333
    },
    {
      "cityName": "Faggiano",
      "lat": 41.1,
      "lng": 14.516667
    },
    {
      "cityName": "Faiano",
      "lat": 40.666667,
      "lng": 14.9
    },
    {
      "cityName": "Faicchio",
      "lat": 41.283333,
      "lng": 14.483333
    },
    {
      "cityName": "Fasana",
      "lat": 40.266667,
      "lng": 15.133333
    },
    {
      "cityName": "Ferrari",
      "lat": 40.85,
      "lng": 14.85
    },
    {
      "cityName": "Ficaia",
      "lat": 39.9,
      "lng": 15.733333
    },
    {
      "cityName": "Finocchito",
      "lat": 40.35,
      "lng": 15.066667
    },
    {
      "cityName": "Fisciano",
      "lat": 40.766667,
      "lng": 14.8
    },
    {
      "cityName": "Fiusi",
      "lat": 39.9,
      "lng": 15.783333
    },
    {
      "cityName": "Flumeri",
      "lat": 41.083333,
      "lng": 15.15
    },
    {
      "cityName": "Foglianise",
      "lat": 41.166667,
      "lng": 14.666667
    },
    {
      "cityName": "Foiano di Val Fortore",
      "lat": 41.35,
      "lng": 14.983333
    },
    {
      "cityName": "Fontana",
      "lat": 40.833333,
      "lng": 15.016667
    },
    {
      "cityName": "Fontanarosa",
      "lat": 41.016667,
      "lng": 15.016667
    },
    {
      "cityName": "Fontana Vecchia",
      "lat": 41.283333,
      "lng": 14.5
    },
    {
      "cityName": "Forchia",
      "lat": 41.033333,
      "lng": 14.533333
    },
    {
      "cityName": "Foria",
      "lat": 40.083333,
      "lng": 15.316667
    },
    {
      "cityName": "Forino",
      "lat": 40.866667,
      "lng": 14.733333
    },
    {
      "cityName": "Forio d'Ischia",
      "lat": 40.733333,
      "lng": 13.85
    },
    {
      "cityName": "Formicola",
      "lat": 41.216667,
      "lng": 14.233333
    },
    {
      "cityName": "Fragneto l'Abate",
      "lat": 41.266667,
      "lng": 14.783333
    },
    {
      "cityName": "Fragneto Monforte",
      "lat": 41.25,
      "lng": 14.766667
    },
    {
      "cityName": "Francolise",
      "lat": 41.183333,
      "lng": 14.05
    },
    {
      "cityName": "Frasso Telesino",
      "lat": 41.166667,
      "lng": 14.533333
    },
    {
      "cityName": "Frattamaggiore",
      "lat": 40.95,
      "lng": 14.266667
    },
    {
      "cityName": "Frigento",
      "lat": 41.016667,
      "lng": 15.1
    },
    {
      "cityName": "Fuorigrotta",
      "lat": 40.833333,
      "lng": 14.2
    },
    {
      "cityName": "Furore",
      "lat": 40.616667,
      "lng": 14.55
    },
    {
      "cityName": "Fuscoli",
      "lat": 40.7,
      "lng": 14.55
    },
    {
      "cityName": "Futani",
      "lat": 40.15,
      "lng": 15.316667
    },
    {
      "cityName": "Galdo",
      "lat": 40.216667,
      "lng": 15.05
    },
    {
      "cityName": "Garigliano",
      "lat": 40.05,
      "lng": 15.483333
    },
    {
      "cityName": "Garzano",
      "lat": 40.85,
      "lng": 15.016667
    },
    {
      "cityName": "Gesualdo",
      "lat": 41,
      "lng": 15.066667
    },
    {
      "cityName": "Giano Vetusto",
      "lat": 41.2,
      "lng": 14.2
    },
    {
      "cityName": "Giffoni Valle Piana",
      "lat": 40.733333,
      "lng": 14.933333
    },
    {
      "cityName": "Ginestra degli Schiavoni",
      "lat": 41.266667,
      "lng": 15.033333
    },
    {
      "cityName": "Gioia Sannitica",
      "lat": 41.3,
      "lng": 14.466667
    },
    {
      "cityName": "Gioi",
      "lat": 40.283333,
      "lng": 15.216667
    },
    {
      "cityName": "Giugliano in Campania",
      "lat": 40.933333,
      "lng": 14.2
    },
    {
      "cityName": "Giungano",
      "lat": 40.4,
      "lng": 15.1
    },
    {
      "cityName": "Gorga",
      "lat": 40.316667,
      "lng": 15.233333
    },
    {
      "cityName": "Gradillo",
      "lat": 41.133333,
      "lng": 14.333333
    },
    {
      "cityName": "Gragnano",
      "lat": 40.683333,
      "lng": 14.516667
    },
    {
      "cityName": "Grazzanise",
      "lat": 41.083333,
      "lng": 14.1
    },
    {
      "cityName": "Greci",
      "lat": 41.25,
      "lng": 15.166667
    },
    {
      "cityName": "Gricignano d'Aversa",
      "lat": 40.983333,
      "lng": 14.233333
    },
    {
      "cityName": "Grottaminarda",
      "lat": 41.066667,
      "lng": 15.033333
    },
    {
      "cityName": "Grottolella",
      "lat": 40.966667,
      "lng": 14.783333
    },
    {
      "cityName": "Grumento Nova",
      "lat": 40.283333,
      "lng": 15.883333
    },
    {
      "cityName": "Grumo Nevano",
      "lat": 40.933333,
      "lng": 14.266667
    },
    {
      "cityName": "Guarazzano",
      "lat": 40.233333,
      "lng": 15.083333
    },
    {
      "cityName": "Guardia Lombardi",
      "lat": 40.95,
      "lng": 15.2
    },
    {
      "cityName": "Guardia Sanframondi",
      "lat": 41.25,
      "lng": 14.6
    },
    {
      "cityName": "I Balzani",
      "lat": 40.783333,
      "lng": 14.483333
    },
    {
      "cityName": "Lacco Ameno",
      "lat": 40.75,
      "lng": 13.9
    },
    {
      "cityName": "Lagonegro",
      "lat": 40.116667,
      "lng": 15.766667
    },
    {
      "cityName": "La Marinella",
      "lat": 39.95,
      "lng": 15.733333
    },
    {
      "cityName": "Lapio",
      "lat": 40.983333,
      "lng": 14.95
    },
    {
      "cityName": "Latina",
      "lat": 41.283333,
      "lng": 14.266667
    },
    {
      "cityName": "Latronico",
      "lat": 40.083333,
      "lng": 16.016667
    },
    {
      "cityName": "Laureana Cilento",
      "lat": 40.3,
      "lng": 15.033333
    },
    {
      "cityName": "Lauria Inferiore",
      "lat": 40.033333,
      "lng": 15.833333
    },
    {
      "cityName": "Laurino",
      "lat": 40.333333,
      "lng": 15.333333
    },
    {
      "cityName": "Laurito",
      "lat": 40.166667,
      "lng": 15.4
    },
    {
      "cityName": "Lauro",
      "lat": 40.883333,
      "lng": 14.633333
    },
    {
      "cityName": "Laviano",
      "lat": 40.783333,
      "lng": 15.3
    },
    {
      "cityName": "Lazzidono",
      "lat": 39.966667,
      "lng": 15.933333
    },
    {
      "cityName": "Lentiscosa",
      "lat": 40.016667,
      "lng": 15.383333
    },
    {
      "cityName": "Liberi",
      "lat": 41.233333,
      "lng": 14.283333
    },
    {
      "cityName": "Licusati",
      "lat": 40.05,
      "lng": 15.366667
    },
    {
      "cityName": "Li Gretti",
      "lat": 39.9,
      "lng": 15.7
    },
    {
      "cityName": "Limatola",
      "lat": 41.133333,
      "lng": 14.383333
    },
    {
      "cityName": "Lioni",
      "lat": 40.866667,
      "lng": 15.183333
    },
    {
      "cityName": "L'Isola",
      "lat": 39.85,
      "lng": 15.883333
    },
    {
      "cityName": "Liveri",
      "lat": 40.9,
      "lng": 14.566667
    },
    {
      "cityName": "Lombardi",
      "lat": 41.25,
      "lng": 14.466667
    },
    {
      "cityName": "Lo Scorzo",
      "lat": 40.583333,
      "lng": 15.266667
    },
    {
      "cityName": "Luogosano",
      "lat": 40.983333,
      "lng": 14.983333
    },
    {
      "cityName": "Lustra",
      "lat": 40.283333,
      "lng": 15.066667
    },
    {
      "cityName": "Luzzano",
      "lat": 41.066667,
      "lng": 14.533333
    },
    {
      "cityName": "Maccabei",
      "lat": 41.083333,
      "lng": 14.783333
    },
    {
      "cityName": "Macerata Campania",
      "lat": 41.066667,
      "lng": 14.266667
    },
    {
      "cityName": "Maddaloni",
      "lat": 41.033333,
      "lng": 14.383333
    },
    {
      "cityName": "Madonna dell'Arco",
      "lat": 40.866667,
      "lng": 14.383333
    },
    {
      "cityName": "Magliano",
      "lat": 40.35,
      "lng": 15.233333
    },
    {
      "cityName": "Magliano Nuovo",
      "lat": 40.333333,
      "lng": 15.25
    },
    {
      "cityName": "Maiorano di Monte",
      "lat": 41.233333,
      "lng": 14.3
    },
    {
      "cityName": "Maiori",
      "lat": 40.65,
      "lng": 14.633333
    },
    {
      "cityName": "Mandia",
      "lat": 40.166667,
      "lng": 15.25
    },
    {
      "cityName": "Manocalzati",
      "lat": 40.933333,
      "lng": 14.85
    },
    {
      "cityName": "Maratea",
      "lat": 39.983333,
      "lng": 15.716667
    },
    {
      "cityName": "Marcianise",
      "lat": 41.033333,
      "lng": 14.283333
    },
    {
      "cityName": "Marciano Freddo",
      "lat": 41.216667,
      "lng": 14.333333
    },
    {
      "cityName": "Marciano",
      "lat": 40.583333,
      "lng": 14.333333
    },
    {
      "cityName": "Marcone",
      "lat": 41.333333,
      "lng": 14.666667
    },
    {
      "cityName": "Mariglianella",
      "lat": 40.933333,
      "lng": 14.433333
    },
    {
      "cityName": "Marigliano",
      "lat": 40.933333,
      "lng": 14.45
    },
    {
      "cityName": "Marina dei Pioppi",
      "lat": 40.183333,
      "lng": 15.083333
    },
    {
      "cityName": "Marina di Camerota",
      "lat": 40,
      "lng": 15.366667
    },
    {
      "cityName": "Marina",
      "lat": 40.666667,
      "lng": 14.733333
    },
    {
      "cityName": "Marzano di Nola",
      "lat": 40.9,
      "lng": 14.583333
    },
    {
      "cityName": "Masiello",
      "lat": 41.083333,
      "lng": 14.983333
    },
    {
      "cityName": "Massalubrense",
      "lat": 40.6,
      "lng": 14.333333
    },
    {
      "cityName": "Massa",
      "lat": 39.983333,
      "lng": 15.733333
    },
    {
      "cityName": "Massari Visanti",
      "lat": 41.283333,
      "lng": 14.45
    },
    {
      "cityName": "Massascusa",
      "lat": 40.2,
      "lng": 15.283333
    },
    {
      "cityName": "Masseria Balzano",
      "lat": 40.766667,
      "lng": 14.483333
    },
    {
      "cityName": "Massicelle",
      "lat": 40.133333,
      "lng": 15.333333
    },
    {
      "cityName": "Masulda",
      "lat": 40.066667,
      "lng": 16
    },
    {
      "cityName": "Materdomimi",
      "lat": 40.75,
      "lng": 14.683333
    },
    {
      "cityName": "Matonti",
      "lat": 40.3,
      "lng": 15.016667
    },
    {
      "cityName": "Melito di Napoli",
      "lat": 40.916667,
      "lng": 14.233333
    },
    {
      "cityName": "Melito Irpino",
      "lat": 41.1,
      "lng": 15.016667
    },
    {
      "cityName": "Melizzano",
      "lat": 41.15,
      "lng": 14.5
    },
    {
      "cityName": "Mercatello",
      "lat": 40.65,
      "lng": 14.8
    },
    {
      "cityName": "Mercato",
      "lat": 40.716667,
      "lng": 14.933333
    },
    {
      "cityName": "Mercato San Severino",
      "lat": 40.783333,
      "lng": 14.766667
    },
    {
      "cityName": "Mercogliano",
      "lat": 40.916667,
      "lng": 14.733333
    },
    {
      "cityName": "Merrone",
      "lat": 41.183333,
      "lng": 14.283333
    },
    {
      "cityName": "Meta",
      "lat": 40.65,
      "lng": 14.4
    },
    {
      "cityName": "Miano",
      "lat": 40.85,
      "lng": 14.25
    },
    {
      "cityName": "Migliara",
      "lat": 41.133333,
      "lng": 14.483333
    },
    {
      "cityName": "Mileo",
      "lat": 40.05,
      "lng": 16.016667
    },
    {
      "cityName": "Minori",
      "lat": 40.65,
      "lng": 14.616667
    },
    {
      "cityName": "Mirabella Eclano",
      "lat": 41.033333,
      "lng": 14.983333
    },
    {
      "cityName": "Miseno",
      "lat": 40.783333,
      "lng": 14.083333
    },
    {
      "cityName": "Moiano",
      "lat": 41.083333,
      "lng": 14.533333
    },
    {
      "cityName": "Moio della Civitella",
      "lat": 40.25,
      "lng": 15.283333
    },
    {
      "cityName": "Molinara",
      "lat": 41.3,
      "lng": 14.9
    },
    {
      "cityName": "Moliterno",
      "lat": 40.233333,
      "lng": 15.866667
    },
    {
      "cityName": "Montagna",
      "lat": 39.9,
      "lng": 15.916667
    },
    {
      "cityName": "Montagnola",
      "lat": 40.066667,
      "lng": 15.95
    },
    {
      "cityName": "Montanaro",
      "lat": 41.2,
      "lng": 14.066667
    },
    {
      "cityName": "Montaniccio",
      "lat": 41.233333,
      "lng": 14.35
    },
    {
      "cityName": "Montano Antilia",
      "lat": 40.166667,
      "lng": 15.366667
    },
    {
      "cityName": "Montecalvo Irpino",
      "lat": 41.183333,
      "lng": 15.033333
    },
    {
      "cityName": "Montecorice",
      "lat": 40.233333,
      "lng": 14.983333
    },
    {
      "cityName": "Montecorvino Rovella",
      "lat": 40.7,
      "lng": 14.983333
    },
    {
      "cityName": "Monte di Procida",
      "lat": 40.8,
      "lng": 14.05
    },
    {
      "cityName": "Montefalcione",
      "lat": 40.966667,
      "lng": 14.883333
    },
    {
      "cityName": "Montefalcone di Val Fortore",
      "lat": 41.333333,
      "lng": 15
    },
    {
      "cityName": "Monteforte Cilento",
      "lat": 40.366667,
      "lng": 15.183333
    },
    {
      "cityName": "Monteforte Irpino",
      "lat": 40.9,
      "lng": 14.7
    },
    {
      "cityName": "Montefredane",
      "lat": 40.966667,
      "lng": 14.816667
    },
    {
      "cityName": "Montefusco",
      "lat": 41.033333,
      "lng": 14.85
    },
    {
      "cityName": "Montemarano",
      "lat": 40.916667,
      "lng": 15
    },
    {
      "cityName": "Montemiletto",
      "lat": 41.016667,
      "lng": 14.9
    },
    {
      "cityName": "Montemurro",
      "lat": 40.3,
      "lng": 15.983333
    },
    {
      "cityName": "Monte San Giacomo",
      "lat": 40.333333,
      "lng": 15.533333
    },
    {
      "cityName": "Montesano sulla Marcellana",
      "lat": 40.266667,
      "lng": 15.7
    },
    {
      "cityName": "Montesarchio",
      "lat": 41.066667,
      "lng": 14.633333
    },
    {
      "cityName": "Monticello",
      "lat": 40.65,
      "lng": 15.016667
    },
    {
      "cityName": "Morigerati",
      "lat": 40.133333,
      "lng": 15.55
    },
    {
      "cityName": "Morra De Sanctis",
      "lat": 40.933333,
      "lng": 15.25
    },
    {
      "cityName": "Mugnano del Cardinale",
      "lat": 40.933333,
      "lng": 14.633333
    },
    {
      "cityName": "Mugnano di Napoli",
      "lat": 40.916667,
      "lng": 14.2
    },
    {
      "cityName": "Naples",
      "lat": 40.833333,
      "lng": 14.25
    },
    {
      "cityName": "Nemoli",
      "lat": 40.066667,
      "lng": 15.8
    },
    {
      "cityName": "Nerano",
      "lat": 40.583333,
      "lng": 14.35
    },
    {
      "cityName": "Nocera Inferiore",
      "lat": 40.733333,
      "lng": 14.633333
    },
    {
      "cityName": "Nocera Superiore",
      "lat": 40.733333,
      "lng": 14.666667
    },
    {
      "cityName": "Nola",
      "lat": 40.916667,
      "lng": 14.55
    },
    {
      "cityName": "Nusco",
      "lat": 40.883333,
      "lng": 15.083333
    },
    {
      "cityName": "Ogliastro Cilento",
      "lat": 40.35,
      "lng": 15.05
    },
    {
      "cityName": "Olevano sul Tusciano",
      "lat": 40.666667,
      "lng": 15.016667
    },
    {
      "cityName": "Oliveto Citra",
      "lat": 40.683333,
      "lng": 15.233333
    },
    {
      "cityName": "Omignano",
      "lat": 40.25,
      "lng": 15.083333
    },
    {
      "cityName": "Omignano Scale",
      "lat": 40.25,
      "lng": 15.133333
    },
    {
      "cityName": "Orcazzo",
      "lat": 40.1,
      "lng": 15.516667
    },
    {
      "cityName": "Orneta",
      "lat": 41.1,
      "lng": 15.1
    },
    {
      "cityName": "Orria",
      "lat": 40.3,
      "lng": 15.166667
    },
    {
      "cityName": "Ospedaletto d'Alpinolo",
      "lat": 40.933333,
      "lng": 14.75
    },
    {
      "cityName": "Ostigliano",
      "lat": 40.316667,
      "lng": 15.15
    },
    {
      "cityName": "Ottati",
      "lat": 40.466667,
      "lng": 15.316667
    },
    {
      "cityName": "Ottaviano",
      "lat": 40.85,
      "lng": 14.466667
    },
    {
      "cityName": "Padula",
      "lat": 40.333333,
      "lng": 15.65
    },
    {
      "cityName": "Paduli",
      "lat": 41.166667,
      "lng": 14.883333
    },
    {
      "cityName": "Pagani",
      "lat": 40.75,
      "lng": 14.616667
    },
    {
      "cityName": "Pagliara",
      "lat": 41.066667,
      "lng": 14.783333
    },
    {
      "cityName": "Pago Veiano",
      "lat": 41.25,
      "lng": 14.866667
    },
    {
      "cityName": "Palinuro",
      "lat": 40.033333,
      "lng": 15.283333
    },
    {
      "cityName": "Palma Campania",
      "lat": 40.866667,
      "lng": 14.55
    },
    {
      "cityName": "Palomonte",
      "lat": 40.666667,
      "lng": 15.283333
    },
    {
      "cityName": "Pandola",
      "lat": 40.8,
      "lng": 14.766667
    },
    {
      "cityName": "Pannarano",
      "lat": 41.016667,
      "lng": 14.7
    },
    {
      "cityName": "Paolini",
      "lat": 41.1,
      "lng": 14.533333
    },
    {
      "cityName": "Paolisi",
      "lat": 41.033333,
      "lng": 14.583333
    },
    {
      "cityName": "Parolise",
      "lat": 40.933333,
      "lng": 14.883333
    },
    {
      "cityName": "Parrutta",
      "lat": 40.016667,
      "lng": 15.8
    },
    {
      "cityName": "Pasquarelli",
      "lat": 41.016667,
      "lng": 14.75
    },
    {
      "cityName": "Passiano",
      "lat": 40.7,
      "lng": 14.683333
    },
    {
      "cityName": "Passo di Mirabella",
      "lat": 41.05,
      "lng": 15
    },
    {
      "cityName": "Paternopoli",
      "lat": 40.966667,
      "lng": 15.033333
    },
    {
      "cityName": "Pattano",
      "lat": 40.233333,
      "lng": 15.233333
    },
    {
      "cityName": "Paupisi",
      "lat": 41.2,
      "lng": 14.666667
    },
    {
      "cityName": "Pedale",
      "lat": 40.35,
      "lng": 15.816667
    },
    {
      "cityName": "Pellegrini",
      "lat": 40.183333,
      "lng": 15.533333
    },
    {
      "cityName": "Pellezzano",
      "lat": 40.716667,
      "lng": 14.75
    },
    {
      "cityName": "Perito",
      "lat": 40.3,
      "lng": 15.15
    },
    {
      "cityName": "Persano",
      "lat": 40.55,
      "lng": 15.05
    },
    {
      "cityName": "Pescolamazza",
      "lat": 41.233333,
      "lng": 14.816667
    },
    {
      "cityName": "Petrulo",
      "lat": 41.216667,
      "lng": 14.15
    },
    {
      "cityName": "Petruro",
      "lat": 41.033333,
      "lng": 14.783333
    },
    {
      "cityName": "Petruzzolo",
      "lat": 39.983333,
      "lng": 15.966667
    },
    {
      "cityName": "Piaggine",
      "lat": 40.35,
      "lng": 15.383333
    },
    {
      "cityName": "Piana di Caiazzo",
      "lat": 41.166667,
      "lng": 14.333333
    },
    {
      "cityName": "Piano dei Peri",
      "lat": 39.983333,
      "lng": 15.783333
    },
    {
      "cityName": "Piano di Sorrento",
      "lat": 40.633333,
      "lng": 14.383333
    },
    {
      "cityName": "Piano",
      "lat": 40.3,
      "lng": 15.2
    },
    {
      "cityName": "Pianura",
      "lat": 40.866667,
      "lng": 14.183333
    },
    {
      "cityName": "Piedigrotta",
      "lat": 40.983333,
      "lng": 14.2
    },
    {
      "cityName": "Piedimonte d'Alife",
      "lat": 41.35,
      "lng": 14.366667
    },
    {
      "cityName": "Pietradefusi",
      "lat": 41.05,
      "lng": 14.883333
    },
    {
      "cityName": "Pietramelara",
      "lat": 41.266667,
      "lng": 14.183333
    },
    {
      "cityName": "Pietrastornina",
      "lat": 40.983333,
      "lng": 14.733333
    },
    {
      "cityName": "Pietravairano",
      "lat": 41.333333,
      "lng": 14.166667
    },
    {
      "cityName": "Pietrelcina",
      "lat": 41.2,
      "lng": 14.85
    },
    {
      "cityName": "Pignataro Maggiore",
      "lat": 41.183333,
      "lng": 14.166667
    },
    {
      "cityName": "Pimonte",
      "lat": 40.666667,
      "lng": 14.516667
    },
    {
      "cityName": "Piscinola",
      "lat": 40.9,
      "lng": 14.233333
    },
    {
      "cityName": "Pisciotta",
      "lat": 40.1,
      "lng": 15.233333
    },
    {
      "cityName": "Poderia",
      "lat": 40.1,
      "lng": 15.383333
    },
    {
      "cityName": "Poggiomarino",
      "lat": 40.8,
      "lng": 14.533333
    },
    {
      "cityName": "Poggioreale",
      "lat": 40.85,
      "lng": 14.3
    },
    {
      "cityName": "Policastro Bussentino",
      "lat": 40.083333,
      "lng": 15.516667
    },
    {
      "cityName": "Pollica",
      "lat": 40.183333,
      "lng": 15.05
    },
    {
      "cityName": "Polvica",
      "lat": 40.7,
      "lng": 14.633333
    },
    {
      "cityName": "Pomigliano d'Arco",
      "lat": 40.9,
      "lng": 14.383333
    },
    {
      "cityName": "Pompei",
      "lat": 40.75,
      "lng": 14.5
    },
    {
      "cityName": "Pompei Scavi",
      "lat": 40.75,
      "lng": 14.483333
    },
    {
      "cityName": "Pontecagnano",
      "lat": 40.633333,
      "lng": 14.883333
    },
    {
      "cityName": "Pontelandolfo",
      "lat": 41.283333,
      "lng": 14.683333
    },
    {
      "cityName": "Pontelatone",
      "lat": 41.183333,
      "lng": 14.25
    },
    {
      "cityName": "Ponte",
      "lat": 41.216667,
      "lng": 14.683333
    },
    {
      "cityName": "Ponticelli",
      "lat": 40.85,
      "lng": 14.333333
    },
    {
      "cityName": "Portici",
      "lat": 40.816667,
      "lng": 14.333333
    },
    {
      "cityName": "Portico di Caserta",
      "lat": 41.05,
      "lng": 14.283333
    },
    {
      "cityName": "Porto di Maratea",
      "lat": 39.983333,
      "lng": 15.7
    },
    {
      "cityName": "Posillipo",
      "lat": 40.816667,
      "lng": 14.216667
    },
    {
      "cityName": "Positano",
      "lat": 40.633333,
      "lng": 14.483333
    },
    {
      "cityName": "Postiglione",
      "lat": 40.55,
      "lng": 15.216667
    },
    {
      "cityName": "Pozzovetere",
      "lat": 41.1,
      "lng": 14.383333
    },
    {
      "cityName": "Pozzuoli",
      "lat": 40.816667,
      "lng": 14.116667
    },
    {
      "cityName": "Praiano",
      "lat": 40.616667,
      "lng": 14.533333
    },
    {
      "cityName": "Prata di Principato Ultra",
      "lat": 40.983333,
      "lng": 14.833333
    },
    {
      "cityName": "Prata Inferiore",
      "lat": 41.433333,
      "lng": 14.2
    },
    {
      "cityName": "Pratella",
      "lat": 41.4,
      "lng": 14.183333
    },
    {
      "cityName": "Pratola",
      "lat": 40.983333,
      "lng": 14.85
    },
    {
      "cityName": "Prea",
      "lat": 41.2,
      "lng": 14.283333
    },
    {
      "cityName": "Prignano Cilento",
      "lat": 40.333333,
      "lng": 15.066667
    },
    {
      "cityName": "Procida",
      "lat": 40.766667,
      "lng": 14.033333
    },
    {
      "cityName": "Puglianello",
      "lat": 41.216667,
      "lng": 14.45
    },
    {
      "cityName": "Quadrelle",
      "lat": 40.95,
      "lng": 14.633333
    },
    {
      "cityName": "Quaglietta",
      "lat": 40.75,
      "lng": 15.233333
    },
    {
      "cityName": "Qualiano",
      "lat": 40.916667,
      "lng": 14.15
    },
    {
      "cityName": "Quindici",
      "lat": 40.866667,
      "lng": 14.65
    },
    {
      "cityName": "Raviscanina",
      "lat": 41.383333,
      "lng": 14.233333
    },
    {
      "cityName": "Recale",
      "lat": 41.05,
      "lng": 14.3
    },
    {
      "cityName": "Reino",
      "lat": 41.283333,
      "lng": 14.816667
    },
    {
      "cityName": "Riardo",
      "lat": 41.266667,
      "lng": 14.15
    },
    {
      "cityName": "Rione Vomero",
      "lat": 40.833333,
      "lng": 14.233333
    },
    {
      "cityName": "Ripabianca",
      "lat": 41.066667,
      "lng": 14.716667
    },
    {
      "cityName": "Rivello",
      "lat": 40.066667,
      "lng": 15.75
    },
    {
      "cityName": "Rocca Cilento",
      "lat": 40.3,
      "lng": 15.05
    },
    {
      "cityName": "Roccadaspide",
      "lat": 40.433333,
      "lng": 15.183333
    },
    {
      "cityName": "Roccagloriosa",
      "lat": 40.1,
      "lng": 15.433333
    },
    {
      "cityName": "Roccanova",
      "lat": 40.216667,
      "lng": 16.2
    },
    {
      "cityName": "Roccapiemonte",
      "lat": 40.766667,
      "lng": 14.683333
    },
    {
      "cityName": "Roccarainola",
      "lat": 40.966667,
      "lng": 14.566667
    },
    {
      "cityName": "Roccaromana",
      "lat": 41.266667,
      "lng": 14.216667
    },
    {
      "cityName": "Rocca San Felice",
      "lat": 40.95,
      "lng": 15.166667
    },
    {
      "cityName": "Rocchetta",
      "lat": 41.233333,
      "lng": 14.15
    },
    {
      "cityName": "Rodio",
      "lat": 40.133333,
      "lng": 15.233333
    },
    {
      "cityName": "Rofrano",
      "lat": 40.2,
      "lng": 15.416667
    },
    {
      "cityName": "Rosano",
      "lat": 40.35,
      "lng": 15.366667
    },
    {
      "cityName": "Roscigno",
      "lat": 40.4,
      "lng": 15.333333
    },
    {
      "cityName": "Rotondi",
      "lat": 41.033333,
      "lng": 14.6
    },
    {
      "cityName": "Rovella",
      "lat": 40.7,
      "lng": 14.966667
    },
    {
      "cityName": "Rutino",
      "lat": 40.3,
      "lng": 15.066667
    },
    {
      "cityName": "Ruviano",
      "lat": 41.216667,
      "lng": 14.4
    },
    {
      "cityName": "Sacco",
      "lat": 40.383333,
      "lng": 15.366667
    },
    {
      "cityName": "Sala Consilina",
      "lat": 40.383333,
      "lng": 15.6
    },
    {
      "cityName": "Sala",
      "lat": 41.083333,
      "lng": 14.316667
    },
    {
      "cityName": "Salento",
      "lat": 40.25,
      "lng": 15.183333
    },
    {
      "cityName": "Salerno",
      "lat": 40.683333,
      "lng": 14.783333
    },
    {
      "cityName": "Salitto",
      "lat": 40.683333,
      "lng": 15
    },
    {
      "cityName": "Salza Irpina",
      "lat": 40.916667,
      "lng": 14.883333
    },
    {
      "cityName": "San Bartolomeo in Galdo",
      "lat": 41.4,
      "lng": 15.016667
    },
    {
      "cityName": "San Chirico Raparo",
      "lat": 40.183333,
      "lng": 16.083333
    },
    {
      "cityName": "San Cipriano Picentino",
      "lat": 40.716667,
      "lng": 14.866667
    },
    {
      "cityName": "San Costantino di Rivello",
      "lat": 40.083333,
      "lng": 15.683333
    },
    {
      "cityName": "San Cristoforo",
      "lat": 40.083333,
      "lng": 15.55
    },
    {
      "cityName": "San Felice",
      "lat": 41.3,
      "lng": 14.183333
    },
    {
      "cityName": "San Gennaro Vesuviano",
      "lat": 40.883333,
      "lng": 14.533333
    },
    {
      "cityName": "San Giacomo dei Capri",
      "lat": 40.85,
      "lng": 14.216667
    },
    {
      "cityName": "San Giorgio a Cremano",
      "lat": 40.833333,
      "lng": 14.333333
    },
    {
      "cityName": "San Giorgio del Sannio",
      "lat": 41.066667,
      "lng": 14.85
    },
    {
      "cityName": "San Giorgio la Molara",
      "lat": 41.266667,
      "lng": 14.916667
    },
    {
      "cityName": "San Giorgio",
      "lat": 41.283333,
      "lng": 14.3
    },
    {
      "cityName": "San Giovanni a Piro",
      "lat": 40.05,
      "lng": 15.45
    },
    {
      "cityName": "San Giovanni e Paolo",
      "lat": 41.166667,
      "lng": 14.383333
    },
    {
      "cityName": "San Giuseppe",
      "lat": 39.966667,
      "lng": 15.716667
    },
    {
      "cityName": "San Giuseppe Vesuviano",
      "lat": 40.833333,
      "lng": 14.5
    },
    {
      "cityName": "San Gregorio",
      "lat": 41.383333,
      "lng": 14.366667
    },
    {
      "cityName": "San Leucio del Sannio",
      "lat": 41.066667,
      "lng": 14.75
    },
    {
      "cityName": "San Leucio",
      "lat": 41.1,
      "lng": 14.333333
    },
    {
      "cityName": "San Lorenzello",
      "lat": 41.283333,
      "lng": 14.533333
    },
    {
      "cityName": "San Lorenzo Maggiore",
      "lat": 41.25,
      "lng": 14.616667
    },
    {
      "cityName": "San Lucia di Serino",
      "lat": 40.866667,
      "lng": 14.883333
    },
    {
      "cityName": "San Lupo",
      "lat": 41.266667,
      "lng": 14.633333
    },
    {
      "cityName": "San Mango Piemonte",
      "lat": 40.7,
      "lng": 14.833333
    },
    {
      "cityName": "San Mango sul Calore",
      "lat": 40.966667,
      "lng": 14.966667
    },
    {
      "cityName": "San Marco de' Cavoti",
      "lat": 41.3,
      "lng": 14.883333
    },
    {
      "cityName": "San Marco Evangelista",
      "lat": 41.033333,
      "lng": 14.333333
    },
    {
      "cityName": "San Marco",
      "lat": 41.266667,
      "lng": 14.316667
    },
    {
      "cityName": "San Martino d'Agri",
      "lat": 40.233333,
      "lng": 16.066667
    },
    {
      "cityName": "San Martino Sannita",
      "lat": 41.066667,
      "lng": 14.833333
    },
    {
      "cityName": "San Martino Valle Caudina",
      "lat": 41.016667,
      "lng": 14.65
    },
    {
      "cityName": "San Marzano sul Sarno",
      "lat": 40.766667,
      "lng": 14.583333
    },
    {
      "cityName": "San Mauro Cilento",
      "lat": 40.233333,
      "lng": 15.05
    },
    {
      "cityName": "San Mauro la Bruca",
      "lat": 40.116667,
      "lng": 15.283333
    },
    {
      "cityName": "San Michele di Serino",
      "lat": 40.883333,
      "lng": 14.85
    },
    {
      "cityName": "San Nazario",
      "lat": 40.133333,
      "lng": 15.283333
    },
    {
      "cityName": "San Nazzaro Calvi",
      "lat": 41.05,
      "lng": 14.85
    },
    {
      "cityName": "San Nicola Arcella",
      "lat": 39.85,
      "lng": 15.8
    },
    {
      "cityName": "San Nicola Baronia",
      "lat": 41.05,
      "lng": 15.2
    },
    {
      "cityName": "San Nicola",
      "lat": 40.1,
      "lng": 15.283333
    },
    {
      "cityName": "San Pietro",
      "lat": 40.7,
      "lng": 14.716667
    },
    {
      "cityName": "San Potito Sannitico",
      "lat": 41.333333,
      "lng": 14.4
    },
    {
      "cityName": "San Potito Ultra",
      "lat": 40.933333,
      "lng": 14.866667
    },
    {
      "cityName": "San Prisco",
      "lat": 41.083333,
      "lng": 14.266667
    },
    {
      "cityName": "San Rufo",
      "lat": 40.433333,
      "lng": 15.466667
    },
    {
      "cityName": "San Salvatore Telesino",
      "lat": 41.233333,
      "lng": 14.5
    },
    {
      "cityName": "San Sebastiano al Vesuvio",
      "lat": 40.833333,
      "lng": 14.366667
    },
    {
      "cityName": "San Secondino",
      "lat": 41.183333,
      "lng": 14.183333
    },
    {
      "cityName": "San Severino",
      "lat": 40.083333,
      "lng": 15.35
    },
    {
      "cityName": "San Sossio Baronia",
      "lat": 41.066667,
      "lng": 15.183333
    },
    {
      "cityName": "Santa Domenica Talao",
      "lat": 39.816667,
      "lng": 15.85
    },
    {
      "cityName": "Sant'Agata de' Goti",
      "lat": 41.083333,
      "lng": 14.5
    },
    {
      "cityName": "Sant'Agata die due Golfi",
      "lat": 40.6,
      "lng": 14.366667
    },
    {
      "cityName": "Sant'Agnello",
      "lat": 40.633333,
      "lng": 14.4
    },
    {
      "cityName": "Santa Maria a Vico",
      "lat": 41.033333,
      "lng": 14.483333
    },
    {
      "cityName": "Santa Maria Capua Vetere",
      "lat": 41.083333,
      "lng": 14.25
    },
    {
      "cityName": "Santa Maria la Fossa",
      "lat": 41.1,
      "lng": 14.116667
    },
    {
      "cityName": "Santa Marina",
      "lat": 40.1,
      "lng": 15.533333
    },
    {
      "cityName": "San Tammaro",
      "lat": 41.083333,
      "lng": 14.233333
    },
    {
      "cityName": "Sant'Anastasia",
      "lat": 40.866667,
      "lng": 14.4
    },
    {
      "cityName": "Sant'Andrea di Conza",
      "lat": 40.85,
      "lng": 15.366667
    },
    {
      "cityName": "Sant'Andrea",
      "lat": 41.133333,
      "lng": 14.033333
    },
    {
      "cityName": "Sant'Angelo a Fasanella",
      "lat": 40.45,
      "lng": 15.333333
    },
    {
      "cityName": "Sant'Angelo a Scala",
      "lat": 40.966667,
      "lng": 14.733333
    },
    {
      "cityName": "Sant'Angelo d'Alife",
      "lat": 41.366667,
      "lng": 14.25
    },
    {
      "cityName": "Sant'Angelo dei Lombardi",
      "lat": 40.933333,
      "lng": 15.183333
    },
    {
      "cityName": "Sant'Angelo in Formis",
      "lat": 41.116667,
      "lng": 14.25
    },
    {
      "cityName": "Sant'Antimo",
      "lat": 40.933333,
      "lng": 14.233333
    },
    {
      "cityName": "Sant'Antonio Abate",
      "lat": 40.716667,
      "lng": 14.533333
    },
    {
      "cityName": "Santa Paolina",
      "lat": 41.016667,
      "lng": 14.85
    },
    {
      "cityName": "Sant'Arcangelo Trimonte",
      "lat": 41.166667,
      "lng": 14.933333
    },
    {
      "cityName": "Sant'Arpino",
      "lat": 40.966667,
      "lng": 14.25
    },
    {
      "cityName": "Santa Tecla",
      "lat": 40.683333,
      "lng": 14.916667
    },
    {
      "cityName": "Santomenna",
      "lat": 40.8,
      "lng": 15.316667
    },
    {
      "cityName": "Santo Stefano del Sole",
      "lat": 40.9,
      "lng": 14.866667
    },
    {
      "cityName": "San Valentino Torio",
      "lat": 40.8,
      "lng": 14.6
    },
    {
      "cityName": "Sanza",
      "lat": 40.25,
      "lng": 15.55
    },
    {
      "cityName": "Sapri",
      "lat": 40.066667,
      "lng": 15.633333
    },
    {
      "cityName": "Sarconi",
      "lat": 40.25,
      "lng": 15.883333
    },
    {
      "cityName": "Sarno",
      "lat": 40.816667,
      "lng": 14.616667
    },
    {
      "cityName": "Sassano",
      "lat": 40.333333,
      "lng": 15.55
    },
    {
      "cityName": "Sasso",
      "lat": 41.2,
      "lng": 14.3
    },
    {
      "cityName": "Saviano",
      "lat": 40.9,
      "lng": 14.5
    },
    {
      "cityName": "Savignano di Puglia",
      "lat": 41.233333,
      "lng": 15.183333
    },
    {
      "cityName": "Scafati",
      "lat": 40.75,
      "lng": 14.516667
    },
    {
      "cityName": "Scala",
      "lat": 40.65,
      "lng": 14.6
    },
    {
      "cityName": "Scalea",
      "lat": 39.816667,
      "lng": 15.783333
    },
    {
      "cityName": "Scampitella",
      "lat": 41.083333,
      "lng": 15.3
    },
    {
      "cityName": "Schettini",
      "lat": 40.033333,
      "lng": 15.783333
    },
    {
      "cityName": "Scorpeto",
      "lat": 41.35,
      "lng": 14.383333
    },
    {
      "cityName": "Secondigliano",
      "lat": 40.9,
      "lng": 14.266667
    },
    {
      "cityName": "Senerchia",
      "lat": 40.733333,
      "lng": 15.2
    },
    {
      "cityName": "Serramezzana",
      "lat": 40.25,
      "lng": 15.033333
    },
    {
      "cityName": "Serrara Fontana",
      "lat": 40.7,
      "lng": 13.9
    },
    {
      "cityName": "Serre",
      "lat": 40.583333,
      "lng": 15.183333
    },
    {
      "cityName": "Sessa Cilento",
      "lat": 40.266667,
      "lng": 15.066667
    },
    {
      "cityName": "Siano",
      "lat": 40.8,
      "lng": 14.683333
    },
    {
      "cityName": "Sicignano degli Alburni",
      "lat": 40.566667,
      "lng": 15.3
    },
    {
      "cityName": "Sicil",
      "lat": 40.133333,
      "lng": 15.533333
    },
    {
      "cityName": "Sieti",
      "lat": 40.75,
      "lng": 14.9
    },
    {
      "cityName": "Sisinni",
      "lat": 39.983333,
      "lng": 15.866667
    },
    {
      "cityName": "Soccavo",
      "lat": 40.85,
      "lng": 14.183333
    },
    {
      "cityName": "Solofra",
      "lat": 40.833333,
      "lng": 14.85
    },
    {
      "cityName": "Solopaca",
      "lat": 41.183333,
      "lng": 14.55
    },
    {
      "cityName": "Sorrento",
      "lat": 40.616667,
      "lng": 14.366667
    },
    {
      "cityName": "Sparanise",
      "lat": 41.183333,
      "lng": 14.083333
    },
    {
      "cityName": "Spinoso",
      "lat": 40.266667,
      "lng": 15.966667
    },
    {
      "cityName": "Squille",
      "lat": 41.15,
      "lng": 14.433333
    },
    {
      "cityName": "Stio",
      "lat": 40.316667,
      "lng": 15.25
    },
    {
      "cityName": "Striano",
      "lat": 40.816667,
      "lng": 14.566667
    },
    {
      "cityName": "Summonte",
      "lat": 40.95,
      "lng": 14.75
    },
    {
      "cityName": "Talanico",
      "lat": 41,
      "lng": 14.5
    },
    {
      "cityName": "Taurasi",
      "lat": 41,
      "lng": 14.95
    },
    {
      "cityName": "Teggiano",
      "lat": 40.383333,
      "lng": 15.533333
    },
    {
      "cityName": "Telese",
      "lat": 41.216667,
      "lng": 14.533333
    },
    {
      "cityName": "Tempone",
      "lat": 40.066667,
      "lng": 15.966667
    },
    {
      "cityName": "Teora",
      "lat": 40.85,
      "lng": 15.25
    },
    {
      "cityName": "Terradura",
      "lat": 40.15,
      "lng": 15.216667
    },
    {
      "cityName": "Terranova",
      "lat": 40.566667,
      "lng": 15.283333
    },
    {
      "cityName": "Terzigno",
      "lat": 40.8,
      "lng": 14.483333
    },
    {
      "cityName": "Tocco Caudio",
      "lat": 41.116667,
      "lng": 14.616667
    },
    {
      "cityName": "Torca",
      "lat": 40.6,
      "lng": 14.383333
    },
    {
      "cityName": "Torella de' Lombardi",
      "lat": 40.933333,
      "lng": 15.116667
    },
    {
      "cityName": "Torone",
      "lat": 41.133333,
      "lng": 14.366667
    },
    {
      "cityName": "Torraca",
      "lat": 40.116667,
      "lng": 15.633333
    },
    {
      "cityName": "Torre Annunziata",
      "lat": 40.75,
      "lng": 14.45
    },
    {
      "cityName": "Torrecuso",
      "lat": 41.183333,
      "lng": 14.683333
    },
    {
      "cityName": "Torre del Greco",
      "lat": 40.783333,
      "lng": 14.366667
    },
    {
      "cityName": "Torre Gaveta",
      "lat": 40.816667,
      "lng": 14.05
    },
    {
      "cityName": "Torrioni",
      "lat": 41.033333,
      "lng": 14.8
    },
    {
      "cityName": "Tortora",
      "lat": 39.933333,
      "lng": 15.8
    },
    {
      "cityName": "Tortorella",
      "lat": 40.133333,
      "lng": 15.6
    },
    {
      "cityName": "Tramonte",
      "lat": 40.683333,
      "lng": 14.633333
    },
    {
      "cityName": "Tramutola",
      "lat": 40.316667,
      "lng": 15.783333
    },
    {
      "cityName": "Trecchina",
      "lat": 40.033333,
      "lng": 15.766667
    },
    {
      "cityName": "Treglia",
      "lat": 41.216667,
      "lng": 14.266667
    },
    {
      "cityName": "Trntola-Ducenta",
      "lat": 40.983333,
      "lng": 14.166667
    },
    {
      "cityName": "Trescine",
      "lat": 41.016667,
      "lng": 14.633333
    },
    {
      "cityName": "Trevico",
      "lat": 41.05,
      "lng": 15.216667
    },
    {
      "cityName": "Triflisco",
      "lat": 41.133333,
      "lng": 14.25
    },
    {
      "cityName": "Tufino",
      "lat": 40.95,
      "lng": 14.566667
    },
    {
      "cityName": "Vairano Patenora",
      "lat": 41.333333,
      "lng": 14.133333
    },
    {
      "cityName": "Vallata",
      "lat": 41.033333,
      "lng": 15.25
    },
    {
      "cityName": "Valle Agricola",
      "lat": 41.433333,
      "lng": 14.25
    },
    {
      "cityName": "Valle dell'Angelo",
      "lat": 40.35,
      "lng": 15.333333
    },
    {
      "cityName": "Valle di Maddaloni",
      "lat": 41.083333,
      "lng": 14.416667
    },
    {
      "cityName": "Vallo della Lucania",
      "lat": 40.233333,
      "lng": 15.266667
    },
    {
      "cityName": "Valva",
      "lat": 40.733333,
      "lng": 15.266667
    },
    {
      "cityName": "Vatolla",
      "lat": 40.283333,
      "lng": 15.016667
    },
    {
      "cityName": "Vettica Maggiore",
      "lat": 40.616667,
      "lng": 14.516667
    },
    {
      "cityName": "Vibonati",
      "lat": 40.1,
      "lng": 15.583333
    },
    {
      "cityName": "Vico Equense",
      "lat": 40.666667,
      "lng": 14.416667
    },
    {
      "cityName": "Viggiano",
      "lat": 40.333333,
      "lng": 15.9
    },
    {
      "cityName": "Villa di Laurino",
      "lat": 40.366667,
      "lng": 15.333333
    },
    {
      "cityName": "Villa Literno",
      "lat": 41,
      "lng": 14.066667
    },
    {
      "cityName": "Villamaina",
      "lat": 40.966667,
      "lng": 15.083333
    },
    {
      "cityName": "Villamare",
      "lat": 40.066667,
      "lng": 15.583333
    },
    {
      "cityName": "Villanova del Battista",
      "lat": 41.116667,
      "lng": 15.15
    },
    {
      "cityName": "Villanova",
      "lat": 40.833333,
      "lng": 14.216667
    },
    {
      "cityName": "Villa Santa Croce",
      "lat": 41.183333,
      "lng": 14.316667
    },
    {
      "cityName": "Visciano",
      "lat": 40.916667,
      "lng": 14.583333
    },
    {
      "cityName": "Vitulano",
      "lat": 41.166667,
      "lng": 14.633333
    },
    {
      "cityName": "Vitulazio",
      "lat": 41.166667,
      "lng": 14.216667
    },
    {
      "cityName": "Volturara Irpina",
      "lat": 40.883333,
      "lng": 14.916667
    },
    {
      "cityName": "Zungoli",
      "lat": 41.116667,
      "lng": 15.2
    }
  ]
}