{
  "name": "Umbria",
  "cities": [
    {
      "cityName": "Abeto",
      "lat": 42.833333,
      "lng": 13.05
    },
    {
      "cityName": "Acera",
      "lat": 42.816667,
      "lng": 12.833333
    },
    {
      "cityName": "Acquaiura",
      "lat": 42.683333,
      "lng": 12.733333
    },
    {
      "cityName": "Acqualacastagna",
      "lat": 42.65,
      "lng": 12.716667
    },
    {
      "cityName": "Acqua Loreto",
      "lat": 42.733333,
      "lng": 12.333333
    },
    {
      "cityName": "Acquaro",
      "lat": 42.866667,
      "lng": 13.05
    },
    {
      "cityName": "Acquasparta",
      "lat": 42.683333,
      "lng": 12.55
    },
    {
      "cityName": "Agello",
      "lat": 43.066667,
      "lng": 12.233333
    },
    {
      "cityName": "Agliano",
      "lat": 42.866667,
      "lng": 12.866667
    },
    {
      "cityName": "Agriano",
      "lat": 42.75,
      "lng": 13.016667
    },
    {
      "cityName": "Aguzzo",
      "lat": 42.483333,
      "lng": 12.616667
    },
    {
      "cityName": "Alì",
      "lat": 42.95,
      "lng": 12.933333
    },
    {
      "cityName": "Aliena",
      "lat": 42.75,
      "lng": 13.033333
    },
    {
      "cityName": "Amelia",
      "lat": 42.55,
      "lng": 12.416667
    },
    {
      "cityName": "Ancaiano",
      "lat": 42.65,
      "lng": 12.766667
    },
    {
      "cityName": "Angeli",
      "lat": 43.05,
      "lng": 12.566667
    },
    {
      "cityName": "Annifo",
      "lat": 43.05,
      "lng": 12.85
    },
    {
      "cityName": "Antognola",
      "lat": 43.233333,
      "lng": 12.35
    },
    {
      "cityName": "Apagni",
      "lat": 42.883333,
      "lng": 12.883333
    },
    {
      "cityName": "Apoleggia",
      "lat": 42.5,
      "lng": 12.833333
    },
    {
      "cityName": "Appecano",
      "lat": 42.633333,
      "lng": 12.65
    },
    {
      "cityName": "Appennino",
      "lat": 42.966667,
      "lng": 13.066667
    },
    {
      "cityName": "Arezzo",
      "lat": 42.716667,
      "lng": 12.616667
    },
    {
      "cityName": "Arrone",
      "lat": 42.583333,
      "lng": 12.766667
    },
    {
      "cityName": "Ascagnano",
      "lat": 43.25,
      "lng": 12.383333
    },
    {
      "cityName": "Aschio",
      "lat": 42.966667,
      "lng": 13.05
    },
    {
      "cityName": "Asproli",
      "lat": 42.75,
      "lng": 12.35
    },
    {
      "cityName": "Assisi",
      "lat": 43.066667,
      "lng": 12.616667
    },
    {
      "cityName": "Avigliano",
      "lat": 42.65,
      "lng": 12.433333
    },
    {
      "cityName": "Azzano",
      "lat": 42.816667,
      "lng": 12.733333
    },
    {
      "cityName": "Baccano",
      "lat": 42.916667,
      "lng": 12.233333
    },
    {
      "cityName": "Badiola",
      "lat": 43.016667,
      "lng": 12.316667
    },
    {
      "cityName": "Bagni",
      "lat": 42.783333,
      "lng": 12.116667
    },
    {
      "cityName": "Baiano",
      "lat": 42.716667,
      "lng": 12.666667
    },
    {
      "cityName": "Bastia",
      "lat": 43.066667,
      "lng": 12.55
    },
    {
      "cityName": "Bazzano Inferiore",
      "lat": 42.783333,
      "lng": 12.783333
    },
    {
      "cityName": "Bazzano Superiore",
      "lat": 42.783333,
      "lng": 12.8
    },
    {
      "cityName": "Belforte",
      "lat": 42.85,
      "lng": 12.966667
    },
    {
      "cityName": "Belvedere",
      "lat": 42.65,
      "lng": 12.75
    },
    {
      "cityName": "Beroide",
      "lat": 42.833333,
      "lng": 12.716667
    },
    {
      "cityName": "Bettona",
      "lat": 43.016667,
      "lng": 12.483333
    },
    {
      "cityName": "Bevagna",
      "lat": 42.933333,
      "lng": 12.6
    },
    {
      "cityName": "Bigioni",
      "lat": 42.583333,
      "lng": 12.933333
    },
    {
      "cityName": "Biscina",
      "lat": 43.216667,
      "lng": 12.583333
    },
    {
      "cityName": "Biselli Argentigli",
      "lat": 42.8,
      "lng": 12.983333
    },
    {
      "cityName": "Bonacquisto",
      "lat": 42.55,
      "lng": 12.8
    },
    {
      "cityName": "Boneggio",
      "lat": 43.066667,
      "lng": 12.35
    },
    {
      "cityName": "Borgaria",
      "lat": 42.483333,
      "lng": 12.5
    },
    {
      "cityName": "Borgiano",
      "lat": 42.733333,
      "lng": 12.783333
    },
    {
      "cityName": "Bosco",
      "lat": 43.133333,
      "lng": 12.466667
    },
    {
      "cityName": "Brufa",
      "lat": 43.05,
      "lng": 12.466667
    },
    {
      "cityName": "Bruna",
      "lat": 42.816667,
      "lng": 12.683333
    },
    {
      "cityName": "Budino",
      "lat": 42.95,
      "lng": 12.633333
    },
    {
      "cityName": "Buggiano",
      "lat": 42.85,
      "lng": 12.9
    },
    {
      "cityName": "Bugnara",
      "lat": 42.85,
      "lng": 13.016667
    },
    {
      "cityName": "Butino",
      "lat": 42.65,
      "lng": 12.933333
    },
    {
      "cityName": "Caligiana",
      "lat": 43.166667,
      "lng": 12.25
    },
    {
      "cityName": "Calvi dell' Umbria",
      "lat": 42.4,
      "lng": 12.566667
    },
    {
      "cityName": "Camerata",
      "lat": 42.7,
      "lng": 12.383333
    },
    {
      "cityName": "Camian",
      "lat": 42.9,
      "lng": 12.666667
    },
    {
      "cityName": "Cammoro",
      "lat": 42.9,
      "lng": 12.85
    },
    {
      "cityName": "Campello",
      "lat": 42.816667,
      "lng": 12.783333
    },
    {
      "cityName": "Campi",
      "lat": 42.85,
      "lng": 13.083333
    },
    {
      "cityName": "Canalicchio",
      "lat": 42.95,
      "lng": 12.45
    },
    {
      "cityName": "Cannaiola",
      "lat": 42.866667,
      "lng": 12.716667
    },
    {
      "cityName": "Cannara",
      "lat": 43,
      "lng": 12.583333
    },
    {
      "cityName": "Canonica",
      "lat": 42.783333,
      "lng": 12.35
    },
    {
      "cityName": "Cantalice",
      "lat": 42.466667,
      "lng": 12.9
    },
    {
      "cityName": "Cantalupo",
      "lat": 42.3,
      "lng": 12.65
    },
    {
      "cityName": "Cantone",
      "lat": 42.833333,
      "lng": 12.133333
    },
    {
      "cityName": "Capitone",
      "lat": 42.566667,
      "lng": 12.466667
    },
    {
      "cityName": "Capodacqua",
      "lat": 42.983333,
      "lng": 13.05
    },
    {
      "cityName": "Capro",
      "lat": 42.95,
      "lng": 12.6
    },
    {
      "cityName": "Carbonesca",
      "lat": 43.233333,
      "lng": 12.616667
    },
    {
      "cityName": "Carnaiola",
      "lat": 42.883333,
      "lng": 12.05
    },
    {
      "cityName": "Casa Castalda",
      "lat": 43.2,
      "lng": 12.65
    },
    {
      "cityName": "Casacce",
      "lat": 43.216667,
      "lng": 12.533333
    },
    {
      "cityName": "Casalalta",
      "lat": 42.95,
      "lng": 12.433333
    },
    {
      "cityName": "Casale",
      "lat": 42.883333,
      "lng": 12.616667
    },
    {
      "cityName": "Casalina",
      "lat": 42.95,
      "lng": 12.4
    },
    {
      "cityName": "Casa Savini",
      "lat": 42.316667,
      "lng": 12.616667
    },
    {
      "cityName": "Casa Torontola",
      "lat": 43.016667,
      "lng": 12.2
    },
    {
      "cityName": "Cascia",
      "lat": 42.716667,
      "lng": 13.016667
    },
    {
      "cityName": "Casemasce",
      "lat": 42.75,
      "lng": 12.3
    },
    {
      "cityName": "Casenove",
      "lat": 42.966667,
      "lng": 12.833333
    },
    {
      "cityName": "Case Vecchie",
      "lat": 42.916667,
      "lng": 12.683333
    },
    {
      "cityName": "Casigliano",
      "lat": 42.716667,
      "lng": 12.5
    },
    {
      "cityName": "Casperia",
      "lat": 42.333333,
      "lng": 12.666667
    },
    {
      "cityName": "Castagna",
      "lat": 42.6,
      "lng": 12.7
    },
    {
      "cityName": "Castelbuono",
      "lat": 42.95,
      "lng": 12.55
    },
    {
      "cityName": "Castel de' Fiori",
      "lat": 42.9,
      "lng": 12.116667
    },
    {
      "cityName": "Castel del Monte",
      "lat": 42.7,
      "lng": 12.566667
    },
    {
      "cityName": "Castel del Piano",
      "lat": 43.066667,
      "lng": 12.316667
    },
    {
      "cityName": "Castelfranco",
      "lat": 42.433333,
      "lng": 12.916667
    },
    {
      "cityName": "Castello delle Forme",
      "lat": 42.983333,
      "lng": 12.35
    },
    {
      "cityName": "Castello di Montalera",
      "lat": 43.066667,
      "lng": 12.116667
    },
    {
      "cityName": "Castellonalto",
      "lat": 42.616667,
      "lng": 12.816667
    },
    {
      "cityName": "Castelnuovo",
      "lat": 43.033333,
      "lng": 12.583333
    },
    {
      "cityName": "Castel Rigone",
      "lat": 43.2,
      "lng": 12.216667
    },
    {
      "cityName": "Castelrinaldi",
      "lat": 42.8,
      "lng": 12.5
    },
    {
      "cityName": "Castel Ritaldi",
      "lat": 42.816667,
      "lng": 12.666667
    },
    {
      "cityName": "Castel San Benedetto",
      "lat": 42.366667,
      "lng": 12.85
    },
    {
      "cityName": "Castel San Felice",
      "lat": 42.75,
      "lng": 12.833333
    },
    {
      "cityName": "Castel San Giovanni",
      "lat": 42.833333,
      "lng": 12.7
    },
    {
      "cityName": "Castel Todino",
      "lat": 42.666667,
      "lng": 12.5
    },
    {
      "cityName": "Castelvecchio",
      "lat": 42.883333,
      "lng": 13.016667
    },
    {
      "cityName": "Castiglione",
      "lat": 42.433333,
      "lng": 12.666667
    },
    {
      "cityName": "Castiglione del Lago",
      "lat": 43.116667,
      "lng": 12.05
    },
    {
      "cityName": "Castiglione della Valle",
      "lat": 43.016667,
      "lng": 12.25
    },
    {
      "cityName": "Castiglion Fosco",
      "lat": 42.983333,
      "lng": 12.116667
    },
    {
      "cityName": "Castiglioni",
      "lat": 42.583333,
      "lng": 12.783333
    },
    {
      "cityName": "Cave",
      "lat": 42.95,
      "lng": 12.666667
    },
    {
      "cityName": "Cecalocco",
      "lat": 42.616667,
      "lng": 12.716667
    },
    {
      "cityName": "Cecanibbi",
      "lat": 42.816667,
      "lng": 12.366667
    },
    {
      "cityName": "Ceralto",
      "lat": 42.916667,
      "lng": 12.466667
    },
    {
      "cityName": "Cerasola",
      "lat": 42.766667,
      "lng": 13
    },
    {
      "cityName": "Cerchiara",
      "lat": 42.366667,
      "lng": 12.783333
    },
    {
      "cityName": "Ceresole",
      "lat": 43.066667,
      "lng": 12.816667
    },
    {
      "cityName": "Cerqueto",
      "lat": 42.95,
      "lng": 12.316667
    },
    {
      "cityName": "Cerreto",
      "lat": 42.816667,
      "lng": 12.916667
    },
    {
      "cityName": "Cese",
      "lat": 42.683333,
      "lng": 12.783333
    },
    {
      "cityName": "Chianaiola",
      "lat": 42.85,
      "lng": 12.083333
    },
    {
      "cityName": "Chioano",
      "lat": 42.783333,
      "lng": 12.45
    },
    {
      "cityName": "Cibottola",
      "lat": 42.983333,
      "lng": 12.233333
    },
    {
      "cityName": "Cicignano",
      "lat": 42.35,
      "lng": 12.533333
    },
    {
      "cityName": "Cisterna",
      "lat": 42.916667,
      "lng": 12.483333
    },
    {
      "cityName": "Civitella",
      "lat": 42.933333,
      "lng": 12.8
    },
    {
      "cityName": "Civitella de' Conti",
      "lat": 42.9,
      "lng": 12.3
    },
    {
      "cityName": "Civitella de' Pazzi",
      "lat": 42.716667,
      "lng": 12.283333
    },
    {
      "cityName": "Cocciano",
      "lat": 42.633333,
      "lng": 12.316667
    },
    {
      "cityName": "Collattoni",
      "lat": 42.983333,
      "lng": 12.966667
    },
    {
      "cityName": "Collazzone",
      "lat": 42.9,
      "lng": 12.433333
    },
    {
      "cityName": "Collazzoni",
      "lat": 42.833333,
      "lng": 13
    },
    {
      "cityName": "Collebaldo",
      "lat": 42.983333,
      "lng": 12.166667
    },
    {
      "cityName": "Colle Calzolaro",
      "lat": 43.016667,
      "lng": 12.133333
    },
    {
      "cityName": "Colle Campo",
      "lat": 42.683333,
      "lng": 12.6
    },
    {
      "cityName": "Colle",
      "lat": 42.9,
      "lng": 12.05
    },
    {
      "cityName": "Colle del Marchese",
      "lat": 42.816667,
      "lng": 12.616667
    },
    {
      "cityName": "Colle Fabri",
      "lat": 42.7,
      "lng": 12.8
    },
    {
      "cityName": "Collelungo",
      "lat": 42.716667,
      "lng": 12.35
    },
    {
      "cityName": "Collemancio",
      "lat": 42.983333,
      "lng": 12.516667
    },
    {
      "cityName": "Collemezzo",
      "lat": 42.85,
      "lng": 12.583333
    },
    {
      "cityName": "Colle Micotti",
      "lat": 42.4,
      "lng": 12.516667
    },
    {
      "cityName": "Collemincio",
      "lat": 43.166667,
      "lng": 12.683333
    },
    {
      "cityName": "Collepepe",
      "lat": 42.916667,
      "lng": 12.4
    },
    {
      "cityName": "Collepino",
      "lat": 43.016667,
      "lng": 12.7
    },
    {
      "cityName": "Colle San Lorenzo",
      "lat": 42.966667,
      "lng": 12.75
    },
    {
      "cityName": "Colle Sant'Angelo",
      "lat": 42.533333,
      "lng": 12.783333
    },
    {
      "cityName": "Collescipoli",
      "lat": 42.533333,
      "lng": 12.616667
    },
    {
      "cityName": "Collesecco",
      "lat": 42.683333,
      "lng": 12.483333
    },
    {
      "cityName": "Collestatte",
      "lat": 42.566667,
      "lng": 12.716667
    },
    {
      "cityName": "Collevalenza",
      "lat": 42.75,
      "lng": 12.483333
    },
    {
      "cityName": "Collevecchio",
      "lat": 42.333333,
      "lng": 12.55
    },
    {
      "cityName": "Collicello",
      "lat": 42.616667,
      "lng": 12.4
    },
    {
      "cityName": "Colli di Labro",
      "lat": 42.5,
      "lng": 12.766667
    },
    {
      "cityName": "Colognola",
      "lat": 43.183333,
      "lng": 12.366667
    },
    {
      "cityName": "Colpalombo",
      "lat": 43.25,
      "lng": 12.616667
    },
    {
      "cityName": "Colpetrazzo",
      "lat": 42.733333,
      "lng": 12.55
    },
    {
      "cityName": "Coltavolino",
      "lat": 43.233333,
      "lng": 12.433333
    },
    {
      "cityName": "Compignano",
      "lat": 42.95,
      "lng": 12.283333
    },
    {
      "cityName": "Configni",
      "lat": 42.416667,
      "lng": 12.633333
    },
    {
      "cityName": "Contigliano",
      "lat": 42.4,
      "lng": 12.766667
    },
    {
      "cityName": "Coppe",
      "lat": 42.483333,
      "lng": 12.65
    },
    {
      "cityName": "Corcia",
      "lat": 43.2,
      "lng": 12.783333
    },
    {
      "cityName": "Corciano",
      "lat": 43.133333,
      "lng": 12.283333
    },
    {
      "cityName": "Corgna",
      "lat": 43.233333,
      "lng": 12.15
    },
    {
      "cityName": "Cortignano",
      "lat": 42.85,
      "lng": 12.633333
    },
    {
      "cityName": "Cortigno",
      "lat": 42.816667,
      "lng": 12.983333
    },
    {
      "cityName": "Costa",
      "lat": 43.15,
      "lng": 12.8
    },
    {
      "cityName": "Costano",
      "lat": 43.05,
      "lng": 12.533333
    },
    {
      "cityName": "Cottanello",
      "lat": 42.4,
      "lng": 12.683333
    },
    {
      "cityName": "Cupi",
      "lat": 42.983333,
      "lng": 13.1
    },
    {
      "cityName": "Deruta",
      "lat": 42.983333,
      "lng": 12.416667
    },
    {
      "cityName": "Doglio",
      "lat": 42.816667,
      "lng": 12.316667
    },
    {
      "cityName": "Due Santi",
      "lat": 42.816667,
      "lng": 12.45
    },
    {
      "cityName": "Dunarobba",
      "lat": 42.666667,
      "lng": 12.45
    },
    {
      "cityName": "Eggi",
      "lat": 42.766667,
      "lng": 12.783333
    },
    {
      "cityName": "Fabbri",
      "lat": 42.866667,
      "lng": 12.683333
    },
    {
      "cityName": "Faiolo",
      "lat": 42.9,
      "lng": 12.083333
    },
    {
      "cityName": "Fanciullata",
      "lat": 42.983333,
      "lng": 12.383333
    },
    {
      "cityName": "Fematre",
      "lat": 42.916667,
      "lng": 13
    },
    {
      "cityName": "Ferentillo",
      "lat": 42.616667,
      "lng": 12.783333
    },
    {
      "cityName": "Fergino",
      "lat": 42.85,
      "lng": 12.95
    },
    {
      "cityName": "Fiaiola",
      "lat": 42.516667,
      "lng": 12.583333
    },
    {
      "cityName": "Fianello",
      "lat": 42.366667,
      "lng": 12.55
    },
    {
      "cityName": "Fiano",
      "lat": 42.816667,
      "lng": 13.05
    },
    {
      "cityName": "Ficareto",
      "lat": 42.816667,
      "lng": 12.483333
    },
    {
      "cityName": "Finocchieto",
      "lat": 42.45,
      "lng": 12.65
    },
    {
      "cityName": "Fiore",
      "lat": 42.75,
      "lng": 12.4
    },
    {
      "cityName": "Foce",
      "lat": 42.566667,
      "lng": 12.45
    },
    {
      "cityName": "Fogliano",
      "lat": 42.733333,
      "lng": 13.033333
    },
    {
      "cityName": "Foligno",
      "lat": 42.95,
      "lng": 12.7
    },
    {
      "cityName": "Fontignano",
      "lat": 43.033333,
      "lng": 12.183333
    },
    {
      "cityName": "Forcatura",
      "lat": 43.15,
      "lng": 12.883333
    },
    {
      "cityName": "Forcella",
      "lat": 42.383333,
      "lng": 12.683333
    },
    {
      "cityName": "Forfi",
      "lat": 42.916667,
      "lng": 12.916667
    },
    {
      "cityName": "Forsivo",
      "lat": 42.783333,
      "lng": 13
    },
    {
      "cityName": "Fratta",
      "lat": 42.85,
      "lng": 12.35
    },
    {
      "cityName": "Frattaguida",
      "lat": 42.866667,
      "lng": 12.183333
    },
    {
      "cityName": "Fratte",
      "lat": 43.166667,
      "lng": 12.283333
    },
    {
      "cityName": "Fratticciola Selvatica",
      "lat": 43.183333,
      "lng": 12.533333
    },
    {
      "cityName": "Frattuccia",
      "lat": 42.633333,
      "lng": 12.383333
    },
    {
      "cityName": "Frontignano",
      "lat": 42.85,
      "lng": 12.45
    },
    {
      "cityName": "Gabbio",
      "lat": 42.633333,
      "lng": 12.783333
    },
    {
      "cityName": "Gabelletta",
      "lat": 42.583333,
      "lng": 12.583333
    },
    {
      "cityName": "Gaglioli",
      "lat": 42.9,
      "lng": 12.583333
    },
    {
      "cityName": "Galera",
      "lat": 43.25,
      "lng": 12.316667
    },
    {
      "cityName": "Gallo",
      "lat": 42.866667,
      "lng": 12.666667
    },
    {
      "cityName": "Gavelli",
      "lat": 42.7,
      "lng": 12.883333
    },
    {
      "cityName": "Giano dell'Umbria",
      "lat": 42.833333,
      "lng": 12.583333
    },
    {
      "cityName": "Giomici",
      "lat": 43.2,
      "lng": 12.616667
    },
    {
      "cityName": "Gizzi",
      "lat": 42.6,
      "lng": 12.95
    },
    {
      "cityName": "Grello",
      "lat": 43.216667,
      "lng": 12.733333
    },
    {
      "cityName": "Greppoleschieto",
      "lat": 42.95,
      "lng": 12.15
    },
    {
      "cityName": "Grutti",
      "lat": 42.85,
      "lng": 12.466667
    },
    {
      "cityName": "Guadamello",
      "lat": 42.45,
      "lng": 12.433333
    },
    {
      "cityName": "Gualdo Cattaneo",
      "lat": 42.9,
      "lng": 12.566667
    },
    {
      "cityName": "Gualdo",
      "lat": 42.45,
      "lng": 12.466667
    },
    {
      "cityName": "Guardea",
      "lat": 42.616667,
      "lng": 12.3
    },
    {
      "cityName": "Icciano",
      "lat": 42.7,
      "lng": 12.65
    },
    {
      "cityName": "Ilci",
      "lat": 42.833333,
      "lng": 12.416667
    },
    {
      "cityName": "Itieli",
      "lat": 42.483333,
      "lng": 12.566667
    },
    {
      "cityName": "Izzalini",
      "lat": 42.733333,
      "lng": 12.366667
    },
    {
      "cityName": "Labro",
      "lat": 42.533333,
      "lng": 12.8
    },
    {
      "cityName": "La Chiusa",
      "lat": 42.45,
      "lng": 12.633333
    },
    {
      "cityName": "La Palazza",
      "lat": 43.05,
      "lng": 12.266667
    },
    {
      "cityName": "Larghetto",
      "lat": 42.4,
      "lng": 12.8
    },
    {
      "cityName": "Laverino",
      "lat": 43.133333,
      "lng": 12.883333
    },
    {
      "cityName": "Legogne",
      "lat": 42.8,
      "lng": 13.016667
    },
    {
      "cityName": "Le Marmore",
      "lat": 42.55,
      "lng": 12.716667
    },
    {
      "cityName": "Leonessa",
      "lat": 42.566667,
      "lng": 12.966667
    },
    {
      "cityName": "Lidarno",
      "lat": 43.116667,
      "lng": 12.483333
    },
    {
      "cityName": "Limigiano",
      "lat": 42.983333,
      "lng": 12.55
    },
    {
      "cityName": "Limiti",
      "lat": 42.45,
      "lng": 12.766667
    },
    {
      "cityName": "Logna",
      "lat": 42.733333,
      "lng": 13
    },
    {
      "cityName": "Lorgnano",
      "lat": 42.833333,
      "lng": 12.466667
    },
    {
      "cityName": "Luchiano",
      "lat": 42.55,
      "lng": 12.366667
    },
    {
      "cityName": "Lugnano in Teverina",
      "lat": 42.566667,
      "lng": 12.333333
    },
    {
      "cityName": "Macchie",
      "lat": 43.05,
      "lng": 12.066667
    },
    {
      "cityName": "Macenano",
      "lat": 42.65,
      "lng": 12.816667
    },
    {
      "cityName": "Macereto",
      "lat": 42.966667,
      "lng": 13.1
    },
    {
      "cityName": "Macerino",
      "lat": 42.666667,
      "lng": 12.6
    },
    {
      "cityName": "Madonna del Rio",
      "lat": 42.583333,
      "lng": 12.616667
    },
    {
      "cityName": "Maestrello",
      "lat": 43.183333,
      "lng": 12.316667
    },
    {
      "cityName": "Magione",
      "lat": 43.133333,
      "lng": 12.2
    },
    {
      "cityName": "Magliano Sabina",
      "lat": 42.366667,
      "lng": 12.483333
    },
    {
      "cityName": "Maiano",
      "lat": 42.783333,
      "lng": 12.716667
    },
    {
      "cityName": "Maltignano",
      "lat": 42.7,
      "lng": 13.05
    },
    {
      "cityName": "Mantignana",
      "lat": 43.166667,
      "lng": 12.3
    },
    {
      "cityName": "Marcellano",
      "lat": 42.866667,
      "lng": 12.516667
    },
    {
      "cityName": "Marsciano",
      "lat": 42.9,
      "lng": 12.333333
    },
    {
      "cityName": "Marzolini",
      "lat": 42.8,
      "lng": 12.633333
    },
    {
      "cityName": "Massa Martana",
      "lat": 42.766667,
      "lng": 12.516667
    },
    {
      "cityName": "Matigge",
      "lat": 42.9,
      "lng": 12.75
    },
    {
      "cityName": "Matrignano",
      "lat": 42.75,
      "lng": 12.783333
    },
    {
      "cityName": "Meggiano",
      "lat": 42.7,
      "lng": 12.683333
    },
    {
      "cityName": "Melezzole",
      "lat": 42.666667,
      "lng": 12.333333
    },
    {
      "cityName": "Mengara",
      "lat": 43.266667,
      "lng": 12.566667
    },
    {
      "cityName": "Mercatale",
      "lat": 43.25,
      "lng": 12.133333
    },
    {
      "cityName": "Mercatello",
      "lat": 42.833333,
      "lng": 12.683333
    },
    {
      "cityName": "Messenano",
      "lat": 42.7,
      "lng": 12.6
    },
    {
      "cityName": "Mevale",
      "lat": 42.9,
      "lng": 12.983333
    },
    {
      "cityName": "Migiana",
      "lat": 43.15,
      "lng": 12.283333
    },
    {
      "cityName": "Migliano",
      "lat": 42.933333,
      "lng": 12.233333
    },
    {
      "cityName": "Miranda",
      "lat": 42.533333,
      "lng": 12.683333
    },
    {
      "cityName": "Moggio",
      "lat": 42.5,
      "lng": 12.733333
    },
    {
      "cityName": "Montaglioni",
      "lat": 42.85,
      "lng": 13
    },
    {
      "cityName": "Montanaldo",
      "lat": 43.3,
      "lng": 12.5
    },
    {
      "cityName": "Montebibico",
      "lat": 42.65,
      "lng": 12.683333
    },
    {
      "cityName": "Montebufo",
      "lat": 42.816667,
      "lng": 13.016667
    },
    {
      "cityName": "Montebuono",
      "lat": 42.366667,
      "lng": 12.6
    },
    {
      "cityName": "Monte Campano",
      "lat": 42.516667,
      "lng": 12.433333
    },
    {
      "cityName": "Monte Castello di Vibio",
      "lat": 42.833333,
      "lng": 12.35
    },
    {
      "cityName": "Montecastrilli",
      "lat": 42.65,
      "lng": 12.483333
    },
    {
      "cityName": "Montecchio",
      "lat": 42.666667,
      "lng": 12.283333
    },
    {
      "cityName": "Monte Corona",
      "lat": 43.266667,
      "lng": 12.35
    },
    {
      "cityName": "Monte del Lago",
      "lat": 43.15,
      "lng": 12.15
    },
    {
      "cityName": "Montefalco",
      "lat": 42.9,
      "lng": 12.65
    },
    {
      "cityName": "Montefranco",
      "lat": 42.6,
      "lng": 12.766667
    },
    {
      "cityName": "Montegabbione",
      "lat": 42.916667,
      "lng": 12.083333
    },
    {
      "cityName": "Montegiove",
      "lat": 42.916667,
      "lng": 12.15
    },
    {
      "cityName": "Monte l'Agello",
      "lat": 42.95,
      "lng": 12.233333
    },
    {
      "cityName": "Monteleone di Orrieto",
      "lat": 42.916667,
      "lng": 12.05
    },
    {
      "cityName": "Monteleone di Spoleto",
      "lat": 42.65,
      "lng": 12.966667
    },
    {
      "cityName": "Montemartano",
      "lat": 42.783333,
      "lng": 12.6
    },
    {
      "cityName": "Montemelino",
      "lat": 43.1,
      "lng": 12.183333
    },
    {
      "cityName": "Monte Molino",
      "lat": 42.833333,
      "lng": 12.366667
    },
    {
      "cityName": "Montenero",
      "lat": 42.716667,
      "lng": 12.433333
    },
    {
      "cityName": "Montepennino",
      "lat": 42.9,
      "lng": 12.633333
    },
    {
      "cityName": "Monte Petriolo",
      "lat": 43.016667,
      "lng": 12.233333
    },
    {
      "cityName": "Monterivoso",
      "lat": 42.616667,
      "lng": 12.8
    },
    {
      "cityName": "Montero",
      "lat": 42.5,
      "lng": 12.466667
    },
    {
      "cityName": "Monte San Giovanni in Sabina",
      "lat": 42.333333,
      "lng": 12.783333
    },
    {
      "cityName": "Montesanto",
      "lat": 42.9,
      "lng": 12.933333
    },
    {
      "cityName": "Monte San Vito",
      "lat": 42.683333,
      "lng": 12.85
    },
    {
      "cityName": "Monte Vibiano Nuovo",
      "lat": 42.966667,
      "lng": 12.266667
    },
    {
      "cityName": "Monticello",
      "lat": 42.8,
      "lng": 12.483333
    },
    {
      "cityName": "Montignano",
      "lat": 42.733333,
      "lng": 12.516667
    },
    {
      "cityName": "Mora",
      "lat": 43.1,
      "lng": 12.65
    },
    {
      "cityName": "Morcella",
      "lat": 42.933333,
      "lng": 12.3
    },
    {
      "cityName": "Morcicchia",
      "lat": 42.816667,
      "lng": 12.6
    },
    {
      "cityName": "Morgnano",
      "lat": 42.783333,
      "lng": 12.683333
    },
    {
      "cityName": "Moriano",
      "lat": 42.833333,
      "lng": 12.616667
    },
    {
      "cityName": "Morleschio",
      "lat": 43.216667,
      "lng": 12.466667
    },
    {
      "cityName": "Morro",
      "lat": 42.75,
      "lng": 12.7
    },
    {
      "cityName": "Morro Reatino",
      "lat": 42.533333,
      "lng": 12.833333
    },
    {
      "cityName": "Morruzze",
      "lat": 42.716667,
      "lng": 12.333333
    },
    {
      "cityName": "Muccia",
      "lat": 43.083333,
      "lng": 13.033333
    },
    {
      "cityName": "Mugnano",
      "lat": 43.05,
      "lng": 12.216667
    },
    {
      "cityName": "Muserale",
      "lat": 43.033333,
      "lng": 12.15
    },
    {
      "cityName": "Narni",
      "lat": 42.516667,
      "lng": 12.516667
    },
    {
      "cityName": "Narni Scalo",
      "lat": 42.533333,
      "lng": 12.516667
    },
    {
      "cityName": "Nocera Umbra",
      "lat": 43.083333,
      "lng": 12.783333
    },
    {
      "cityName": "Norcia",
      "lat": 42.8,
      "lng": 13.083333
    },
    {
      "cityName": "Nortosce",
      "lat": 42.783333,
      "lng": 12.95
    },
    {
      "cityName": "Ocenelli",
      "lat": 42.75,
      "lng": 12.616667
    },
    {
      "cityName": "Ocre",
      "lat": 42.6,
      "lng": 12.966667
    },
    {
      "cityName": "Olevole",
      "lat": 42.866667,
      "lng": 12.083333
    },
    {
      "cityName": "Olmeto",
      "lat": 42.983333,
      "lng": 12.316667
    },
    {
      "cityName": "Onelli",
      "lat": 42.683333,
      "lng": 13.016667
    },
    {
      "cityName": "Oro",
      "lat": 43,
      "lng": 12.15
    },
    {
      "cityName": "Orsano",
      "lat": 42.916667,
      "lng": 12.85
    },
    {
      "cityName": "Orvano",
      "lat": 42.916667,
      "lng": 13.033333
    },
    {
      "cityName": "Osa",
      "lat": 42.733333,
      "lng": 12.233333
    },
    {
      "cityName": "Ospedaletto",
      "lat": 42.766667,
      "lng": 13.05
    },
    {
      "cityName": "Ospedalicchio",
      "lat": 43.083333,
      "lng": 12.5
    },
    {
      "cityName": "Otricoli",
      "lat": 42.416667,
      "lng": 12.483333
    },
    {
      "cityName": "Paciano",
      "lat": 43.016667,
      "lng": 12.066667
    },
    {
      "cityName": "Palazzo Bovarino",
      "lat": 42.833333,
      "lng": 12.2
    },
    {
      "cityName": "Palazzo Guglielmi",
      "lat": 43.216667,
      "lng": 12.366667
    },
    {
      "cityName": "Palazzo",
      "lat": 43.1,
      "lng": 12.566667
    },
    {
      "cityName": "Pale",
      "lat": 42.983333,
      "lng": 12.766667
    },
    {
      "cityName": "Panicale",
      "lat": 43.033333,
      "lng": 12.1
    },
    {
      "cityName": "Panicarola",
      "lat": 43.066667,
      "lng": 12.083333
    },
    {
      "cityName": "Pantalla",
      "lat": 42.883333,
      "lng": 12.4
    },
    {
      "cityName": "Papiano",
      "lat": 42.966667,
      "lng": 12.333333
    },
    {
      "cityName": "Papigno",
      "lat": 42.55,
      "lng": 12.683333
    },
    {
      "cityName": "Paraonda",
      "lat": 42.933333,
      "lng": 12.866667
    },
    {
      "cityName": "Parrano",
      "lat": 42.866667,
      "lng": 12.1
    },
    {
      "cityName": "Pasciana",
      "lat": 42.966667,
      "lng": 12.683333
    },
    {
      "cityName": "Passignano",
      "lat": 43.183333,
      "lng": 12.133333
    },
    {
      "cityName": "Peneggi",
      "lat": 42.916667,
      "lng": 12.933333
    },
    {
      "cityName": "Perugia",
      "lat": 43.133333,
      "lng": 12.366667
    },
    {
      "cityName": "Pesciano",
      "lat": 42.7,
      "lng": 12.433333
    },
    {
      "cityName": "Petrignano",
      "lat": 43.1,
      "lng": 12.533333
    },
    {
      "cityName": "Petrognano",
      "lat": 42.816667,
      "lng": 12.7
    },
    {
      "cityName": "Petroro",
      "lat": 42.816667,
      "lng": 12.466667
    },
    {
      "cityName": "Pettino",
      "lat": 42.866667,
      "lng": 12.816667
    },
    {
      "cityName": "Piaggia",
      "lat": 42.916667,
      "lng": 12.966667
    },
    {
      "cityName": "Piandoli",
      "lat": 42.766667,
      "lng": 12.983333
    },
    {
      "cityName": "Pianello",
      "lat": 43.133333,
      "lng": 12.533333
    },
    {
      "cityName": "Piano di San Martino",
      "lat": 42.8,
      "lng": 12.383333
    },
    {
      "cityName": "Picciche",
      "lat": 42.85,
      "lng": 12.7
    },
    {
      "cityName": "Piccione",
      "lat": 43.183333,
      "lng": 12.516667
    },
    {
      "cityName": "Piè del Sasso",
      "lat": 42.983333,
      "lng": 12.983333
    },
    {
      "cityName": "Piedicolle",
      "lat": 42.9,
      "lng": 12.4
    },
    {
      "cityName": "Piediluco",
      "lat": 42.533333,
      "lng": 12.75
    },
    {
      "cityName": "Piedipaterno",
      "lat": 42.766667,
      "lng": 12.85
    },
    {
      "cityName": "Piegaro",
      "lat": 42.966667,
      "lng": 12.083333
    },
    {
      "cityName": "Piemonte",
      "lat": 42.783333,
      "lng": 12.55
    },
    {
      "cityName": "Pierantonio",
      "lat": 43.266667,
      "lng": 12.383333
    },
    {
      "cityName": "Pietrafitta",
      "lat": 43,
      "lng": 12.2
    },
    {
      "cityName": "Pietramelina",
      "lat": 43.266667,
      "lng": 12.416667
    },
    {
      "cityName": "Pietra Rossa",
      "lat": 42.883333,
      "lng": 12.716667
    },
    {
      "cityName": "Pieve di Compressato",
      "lat": 43.233333,
      "lng": 12.7
    },
    {
      "cityName": "Pieve Torina",
      "lat": 43.033333,
      "lng": 13.05
    },
    {
      "cityName": "Pigge",
      "lat": 42.85,
      "lng": 12.75
    },
    {
      "cityName": "Pila",
      "lat": 43.05,
      "lng": 12.316667
    },
    {
      "cityName": "Piloni",
      "lat": 42.416667,
      "lng": 12.533333
    },
    {
      "cityName": "Pincano",
      "lat": 42.683333,
      "lng": 12.716667
    },
    {
      "cityName": "Pissignano",
      "lat": 42.833333,
      "lng": 12.766667
    },
    {
      "cityName": "Poggio Aquilone",
      "lat": 42.9,
      "lng": 12.283333
    },
    {
      "cityName": "Poggio Bustone",
      "lat": 42.5,
      "lng": 12.883333
    },
    {
      "cityName": "Poggio Catino",
      "lat": 42.3,
      "lng": 12.683333
    },
    {
      "cityName": "Poggiodomo",
      "lat": 42.716667,
      "lng": 12.933333
    },
    {
      "cityName": "Poggio Fidoni",
      "lat": 42.383333,
      "lng": 12.783333
    },
    {
      "cityName": "Poggiolo",
      "lat": 42.433333,
      "lng": 12.55
    },
    {
      "cityName": "Poggio Peragino",
      "lat": 42.35,
      "lng": 12.75
    },
    {
      "cityName": "Poggioprimocaso",
      "lat": 42.75,
      "lng": 12.983333
    },
    {
      "cityName": "Poggio Sorifa",
      "lat": 43.15,
      "lng": 12.85
    },
    {
      "cityName": "Polino",
      "lat": 42.583333,
      "lng": 12.833333
    },
    {
      "cityName": "Pompagnano",
      "lat": 42.683333,
      "lng": 12.7
    },
    {
      "cityName": "Ponte Centesimo",
      "lat": 43.016667,
      "lng": 12.75
    },
    {
      "cityName": "Ponte",
      "lat": 42.8,
      "lng": 12.9
    },
    {
      "cityName": "Ponte Rio",
      "lat": 42.8,
      "lng": 12.4
    },
    {
      "cityName": "Ponte San Giovanni",
      "lat": 43.083333,
      "lng": 12.433333
    },
    {
      "cityName": "Ponte Valleceppi",
      "lat": 43.1,
      "lng": 12.45
    },
    {
      "cityName": "Ponze",
      "lat": 42.916667,
      "lng": 12.8
    },
    {
      "cityName": "Popola",
      "lat": 42.983333,
      "lng": 12.883333
    },
    {
      "cityName": "Porchiano",
      "lat": 42.55,
      "lng": 12.35
    },
    {
      "cityName": "Pornello",
      "lat": 42.883333,
      "lng": 12.183333
    },
    {
      "cityName": "Portaria",
      "lat": 42.65,
      "lng": 12.566667
    },
    {
      "cityName": "Porzano",
      "lat": 42.666667,
      "lng": 12.633333
    },
    {
      "cityName": "Postignano",
      "lat": 42.866667,
      "lng": 12.916667
    },
    {
      "cityName": "Pozzo",
      "lat": 42.9,
      "lng": 12.5
    },
    {
      "cityName": "Preci",
      "lat": 42.883333,
      "lng": 13.033333
    },
    {
      "cityName": "Prodo",
      "lat": 42.766667,
      "lng": 12.233333
    },
    {
      "cityName": "Protte",
      "lat": 42.8,
      "lng": 12.733333
    },
    {
      "cityName": "Pucciarelli",
      "lat": 43.083333,
      "lng": 12.05
    },
    {
      "cityName": "Pulcini",
      "lat": 42.6,
      "lng": 12.916667
    },
    {
      "cityName": "Puro",
      "lat": 42.733333,
      "lng": 13.016667
    },
    {
      "cityName": "Quadrelli",
      "lat": 42.65,
      "lng": 12.516667
    },
    {
      "cityName": "Quadro",
      "lat": 42.783333,
      "lng": 12.316667
    },
    {
      "cityName": "Querce",
      "lat": 43.066667,
      "lng": 12.75
    },
    {
      "cityName": "Raggio",
      "lat": 42.75,
      "lng": 12.516667
    },
    {
      "cityName": "Rapicciano",
      "lat": 42.7,
      "lng": 12.633333
    },
    {
      "cityName": "Rasiglia",
      "lat": 42.966667,
      "lng": 12.866667
    },
    {
      "cityName": "Ravigliano",
      "lat": 43.016667,
      "lng": 12.033333
    },
    {
      "cityName": "Repasto",
      "lat": 42.483333,
      "lng": 12.766667
    },
    {
      "cityName": "Rescia",
      "lat": 42.633333,
      "lng": 12.983333
    },
    {
      "cityName": "Rieti",
      "lat": 42.4,
      "lng": 12.85
    },
    {
      "cityName": "Riofreddo",
      "lat": 42.95,
      "lng": 12.983333
    },
    {
      "cityName": "Ripaioli",
      "lat": 42.866667,
      "lng": 12.416667
    },
    {
      "cityName": "Ripalvella",
      "lat": 42.85,
      "lng": 12.316667
    },
    {
      "cityName": "Rivodutri",
      "lat": 42.516667,
      "lng": 12.85
    },
    {
      "cityName": "Roccantica",
      "lat": 42.316667,
      "lng": 12.683333
    },
    {
      "cityName": "Roccaporena",
      "lat": 42.716667,
      "lng": 12.966667
    },
    {
      "cityName": "Rocchetta",
      "lat": 42.766667,
      "lng": 12.933333
    },
    {
      "cityName": "Rocchette",
      "lat": 42.4,
      "lng": 12.466667
    },
    {
      "cityName": "Rocchettine",
      "lat": 42.366667,
      "lng": 12.616667
    },
    {
      "cityName": "Romazzano",
      "lat": 42.733333,
      "lng": 12.383333
    },
    {
      "cityName": "Rosaro",
      "lat": 42.7,
      "lng": 12.483333
    },
    {
      "cityName": "Rosceto",
      "lat": 42.733333,
      "lng": 12.483333
    },
    {
      "cityName": "Rosciano",
      "lat": 42.583333,
      "lng": 12.8
    },
    {
      "cityName": "Roselli",
      "lat": 42.766667,
      "lng": 12.616667
    },
    {
      "cityName": "Roveto",
      "lat": 43.183333,
      "lng": 12.783333
    },
    {
      "cityName": "Roviglieto",
      "lat": 42.933333,
      "lng": 12.766667
    },
    {
      "cityName": "Rubbiano",
      "lat": 42.716667,
      "lng": 12.7
    },
    {
      "cityName": "Ruscio",
      "lat": 42.65,
      "lng": 12.95
    },
    {
      "cityName": "Salto del Cieco",
      "lat": 42.6,
      "lng": 12.866667
    },
    {
      "cityName": "San Biagio",
      "lat": 42.983333,
      "lng": 12.016667
    },
    {
      "cityName": "San Brizio",
      "lat": 42.8,
      "lng": 12.716667
    },
    {
      "cityName": "Sanfatucchio",
      "lat": 43.066667,
      "lng": 12.05
    },
    {
      "cityName": "San Filippo",
      "lat": 42.383333,
      "lng": 12.75
    },
    {
      "cityName": "San Gemini",
      "lat": 42.616667,
      "lng": 12.55
    },
    {
      "cityName": "San Giacomo di Spoleto",
      "lat": 42.783333,
      "lng": 12.75
    },
    {
      "cityName": "San Giovanni del Pantano",
      "lat": 43.216667,
      "lng": 12.316667
    },
    {
      "cityName": "San Giovanni Reatino",
      "lat": 42.35,
      "lng": 12.85
    },
    {
      "cityName": "San Gregorio",
      "lat": 42.733333,
      "lng": 12.633333
    },
    {
      "cityName": "San Liberato",
      "lat": 42.483333,
      "lng": 12.433333
    },
    {
      "cityName": "San Lorenzo",
      "lat": 42.85,
      "lng": 12.716667
    },
    {
      "cityName": "San Mariano",
      "lat": 43.083333,
      "lng": 12.3
    },
    {
      "cityName": "San Martino dei Colli",
      "lat": 43.05,
      "lng": 12.25
    },
    {
      "cityName": "San Martino in Campo",
      "lat": 43.033333,
      "lng": 12.4
    },
    {
      "cityName": "San Martino in Colle",
      "lat": 43.033333,
      "lng": 12.366667
    },
    {
      "cityName": "San Niccolo di Celle",
      "lat": 43.016667,
      "lng": 12.383333
    },
    {
      "cityName": "San Pietro",
      "lat": 42.866667,
      "lng": 12.616667
    },
    {
      "cityName": "San Polo",
      "lat": 42.333333,
      "lng": 12.583333
    },
    {
      "cityName": "San Savino",
      "lat": 43.1,
      "lng": 12.15
    },
    {
      "cityName": "San Silvestro",
      "lat": 42.766667,
      "lng": 12.683333
    },
    {
      "cityName": "San Sisto",
      "lat": 42.766667,
      "lng": 12.366667
    },
    {
      "cityName": "San Stefano dei Piccioni",
      "lat": 42.933333,
      "lng": 12.75
    },
    {
      "cityName": "Santa Liberata",
      "lat": 42.483333,
      "lng": 12.9
    },
    {
      "cityName": "Santa Lucia",
      "lat": 42.7,
      "lng": 12.55
    },
    {
      "cityName": "Santa Maria in Valle",
      "lat": 42.883333,
      "lng": 12.75
    },
    {
      "cityName": "Sant'Anatolia di Narco",
      "lat": 42.733333,
      "lng": 12.833333
    },
    {
      "cityName": "Sant'Andrea d'Agliano",
      "lat": 43.05,
      "lng": 12.4
    },
    {
      "cityName": "Sant'Andrea",
      "lat": 42.383333,
      "lng": 12.583333
    },
    {
      "cityName": "Sant'Antimo",
      "lat": 42.733333,
      "lng": 12.766667
    },
    {
      "cityName": "Sant'Apollinare",
      "lat": 42.983333,
      "lng": 12.25
    },
    {
      "cityName": "Santa Restituta",
      "lat": 42.65,
      "lng": 12.35
    },
    {
      "cityName": "Sant'Egidio",
      "lat": 43.1,
      "lng": 12.483333
    },
    {
      "cityName": "Sant'Elia Reatino",
      "lat": 42.366667,
      "lng": 12.816667
    },
    {
      "cityName": "Sant'Eraclio",
      "lat": 42.933333,
      "lng": 12.716667
    },
    {
      "cityName": "San Terenziano",
      "lat": 42.866667,
      "lng": 12.466667
    },
    {
      "cityName": "Sant'Urbano",
      "lat": 42.466667,
      "lng": 12.583333
    },
    {
      "cityName": "San Valentino di Villa",
      "lat": 43.15,
      "lng": 12.25
    },
    {
      "cityName": "San Valentino",
      "lat": 42.5,
      "lng": 12.366667
    },
    {
      "cityName": "San Venanzia",
      "lat": 42.766667,
      "lng": 12.716667
    },
    {
      "cityName": "San Venanzo",
      "lat": 42.866667,
      "lng": 12.266667
    },
    {
      "cityName": "San Vitale",
      "lat": 43.05,
      "lng": 12.65
    },
    {
      "cityName": "San Vito",
      "lat": 42.433333,
      "lng": 12.433333
    },
    {
      "cityName": "Saragano",
      "lat": 42.883333,
      "lng": 12.483333
    },
    {
      "cityName": "Scafali",
      "lat": 42.933333,
      "lng": 12.666667
    },
    {
      "cityName": "Scatarci",
      "lat": 42.75,
      "lng": 12.666667
    },
    {
      "cityName": "Scheggino",
      "lat": 42.716667,
      "lng": 12.833333
    },
    {
      "cityName": "Schifanoia",
      "lat": 42.45,
      "lng": 12.516667
    },
    {
      "cityName": "Scopoli",
      "lat": 42.966667,
      "lng": 12.8
    },
    {
      "cityName": "Scoppio",
      "lat": 42.733333,
      "lng": 12.6
    },
    {
      "cityName": "Scritto",
      "lat": 43.233333,
      "lng": 12.533333
    },
    {
      "cityName": "Sefro",
      "lat": 43.15,
      "lng": 12.95
    },
    {
      "cityName": "Sellano",
      "lat": 42.9,
      "lng": 12.916667
    },
    {
      "cityName": "Serravalle di Chienti",
      "lat": 43.066667,
      "lng": 12.95
    },
    {
      "cityName": "Serravalle di Norcia",
      "lat": 42.783333,
      "lng": 13.016667
    },
    {
      "cityName": "Setri",
      "lat": 42.9,
      "lng": 12.95
    },
    {
      "cityName": "Sismano",
      "lat": 42.683333,
      "lng": 12.433333
    },
    {
      "cityName": "Sobrano",
      "lat": 42.733333,
      "lng": 12.466667
    },
    {
      "cityName": "Solomeo",
      "lat": 43.083333,
      "lng": 12.266667
    },
    {
      "cityName": "Sorti",
      "lat": 43.116667,
      "lng": 12.95
    },
    {
      "cityName": "Sostino",
      "lat": 42.983333,
      "lng": 12.8
    },
    {
      "cityName": "Spello",
      "lat": 42.983333,
      "lng": 12.666667
    },
    {
      "cityName": "Spinacceto",
      "lat": 42.433333,
      "lng": 12.766667
    },
    {
      "cityName": "Spina Nuova",
      "lat": 42.85,
      "lng": 12.85
    },
    {
      "cityName": "Spina",
      "lat": 42.983333,
      "lng": 12.283333
    },
    {
      "cityName": "Spina Vecchia",
      "lat": 42.866667,
      "lng": 12.85
    },
    {
      "cityName": "Spoleto",
      "lat": 42.733333,
      "lng": 12.733333
    },
    {
      "cityName": "Stifone",
      "lat": 42.5,
      "lng": 12.5
    },
    {
      "cityName": "Strada",
      "lat": 43.05,
      "lng": 12.016667
    },
    {
      "cityName": "Stravignano",
      "lat": 43.083333,
      "lng": 12.816667
    },
    {
      "cityName": "Strettura",
      "lat": 42.633333,
      "lng": 12.733333
    },
    {
      "cityName": "Stroncone",
      "lat": 42.5,
      "lng": 12.666667
    },
    {
      "cityName": "Tarano",
      "lat": 42.35,
      "lng": 12.583333
    },
    {
      "cityName": "Taverne",
      "lat": 42.916667,
      "lng": 12.883333
    },
    {
      "cityName": "Tazzo",
      "lat": 42.716667,
      "lng": 13.05
    },
    {
      "cityName": "Tenaglie",
      "lat": 42.65,
      "lng": 12.283333
    },
    {
      "cityName": "Terni",
      "lat": 42.566667,
      "lng": 12.616667
    },
    {
      "cityName": "Terraia",
      "lat": 42.783333,
      "lng": 12.7
    },
    {
      "cityName": "Terria",
      "lat": 42.65,
      "lng": 12.833333
    },
    {
      "cityName": "Titignano",
      "lat": 42.766667,
      "lng": 12.283333
    },
    {
      "cityName": "Todi",
      "lat": 42.783333,
      "lng": 12.4
    },
    {
      "cityName": "Torchiagina",
      "lat": 43.116667,
      "lng": 12.533333
    },
    {
      "cityName": "Tordandrea",
      "lat": 43.033333,
      "lng": 12.55
    },
    {
      "cityName": "Torgiano",
      "lat": 43.016667,
      "lng": 12.433333
    },
    {
      "cityName": "Torrecola",
      "lat": 42.666667,
      "lng": 12.733333
    },
    {
      "cityName": "Torre del Colle",
      "lat": 42.95,
      "lng": 12.583333
    },
    {
      "cityName": "Torre Orsina",
      "lat": 42.566667,
      "lng": 12.733333
    },
    {
      "cityName": "Torri in Sabina",
      "lat": 42.35,
      "lng": 12.633333
    },
    {
      "cityName": "Toscella",
      "lat": 42.883333,
      "lng": 12.433333
    },
    {
      "cityName": "Totana",
      "lat": 43.1,
      "lng": 12.766667
    },
    {
      "cityName": "Treggio",
      "lat": 42.983333,
      "lng": 12.7
    },
    {
      "cityName": "Trevi",
      "lat": 42.866667,
      "lng": 12.75
    },
    {
      "cityName": "Triponzo",
      "lat": 42.833333,
      "lng": 12.933333
    },
    {
      "cityName": "Trivio",
      "lat": 42.65,
      "lng": 12.983333
    },
    {
      "cityName": "Tuoro sul Trasimeno",
      "lat": 43.2,
      "lng": 12.066667
    },
    {
      "cityName": "Umbertide",
      "lat": 43.3,
      "lng": 12.333333
    },
    {
      "cityName": "Uncinano",
      "lat": 42.766667,
      "lng": 12.666667
    },
    {
      "cityName": "Uppello",
      "lat": 42.95,
      "lng": 12.733333
    },
    {
      "cityName": "Usigni",
      "lat": 42.7,
      "lng": 12.933333
    },
    {
      "cityName": "Vacone",
      "lat": 42.383333,
      "lng": 12.633333
    },
    {
      "cityName": "Vaglia",
      "lat": 42.716667,
      "lng": 12.75
    },
    {
      "cityName": "Vagli",
      "lat": 42.7,
      "lng": 12.35
    },
    {
      "cityName": "Valfabbrica",
      "lat": 43.15,
      "lng": 12.6
    },
    {
      "cityName": "Vallicchio",
      "lat": 43.066667,
      "lng": 13.05
    },
    {
      "cityName": "Vallocchia",
      "lat": 42.716667,
      "lng": 12.783333
    },
    {
      "cityName": "Vallo di Nera",
      "lat": 42.75,
      "lng": 12.866667
    },
    {
      "cityName": "Vasciano Nuovo",
      "lat": 42.733333,
      "lng": 12.416667
    },
    {
      "cityName": "Vasciano",
      "lat": 42.45,
      "lng": 12.6
    },
    {
      "cityName": "Verchiano",
      "lat": 42.95,
      "lng": 12.883333
    },
    {
      "cityName": "Vescia",
      "lat": 42.983333,
      "lng": 12.733333
    },
    {
      "cityName": "Vescovile",
      "lat": 42.333333,
      "lng": 12.6
    },
    {
      "cityName": "Vicolo Rancolfo",
      "lat": 43.233333,
      "lng": 12.416667
    },
    {
      "cityName": "Vigne",
      "lat": 42.466667,
      "lng": 12.5
    },
    {
      "cityName": "Villa Cenci",
      "lat": 43.2,
      "lng": 12.483333
    },
    {
      "cityName": "Villa di Serravalle",
      "lat": 42.783333,
      "lng": 13.033333
    },
    {
      "cityName": "Villa Fabbri",
      "lat": 42.85,
      "lng": 12.6
    },
    {
      "cityName": "Villanova",
      "lat": 43,
      "lng": 12.333333
    },
    {
      "cityName": "Villa Santa Maria",
      "lat": 42.45,
      "lng": 12.533333
    },
    {
      "cityName": "Villa Sant'Antonio",
      "lat": 42.933333,
      "lng": 13.083333
    },
    {
      "cityName": "Visciano",
      "lat": 42.483333,
      "lng": 12.483333
    },
    {
      "cityName": "Volperino",
      "lat": 42.983333,
      "lng": 12.866667
    },
    {
      "cityName": "Voltole",
      "lat": 43.2,
      "lng": 12.75
    },
    {
      "cityName": "Zampani",
      "lat": 42.8,
      "lng": 12.533333
    },
    {
      "cityName": "Zunna",
      "lat": 42.583333,
      "lng": 12.95
    }
  ]
}