{
  "name": "Liguria",
  "cities": [
    {
      "cityName": "Acqua",
      "lat": 44.416667,
      "lng": 9.25
    },
    {
      "cityName": "Acquabona",
      "lat": 44.35,
      "lng": 10.3
    },
    {
      "cityName": "Acquafredda",
      "lat": 44.483333,
      "lng": 9.016667
    },
    {
      "cityName": "Acqui",
      "lat": 44.683333,
      "lng": 8.466667
    },
    {
      "cityName": "Agaggio Inferiore",
      "lat": 43.966667,
      "lng": 7.816667
    },
    {
      "cityName": "Ageno",
      "lat": 44.373333,
      "lng": 9.130833
    },
    {
      "cityName": "Aggio",
      "lat": 44.466667,
      "lng": 9
    },
    {
      "cityName": "Agna",
      "lat": 44.483333,
      "lng": 10.116667
    },
    {
      "cityName": "Agnino",
      "lat": 44.25,
      "lng": 10.083333
    },
    {
      "cityName": "Agrimonte",
      "lat": 44.466667,
      "lng": 10.066667
    },
    {
      "cityName": "Aigovo",
      "lat": 43.966667,
      "lng": 7.8
    },
    {
      "cityName": "Airole",
      "lat": 43.866667,
      "lng": 7.55
    },
    {
      "cityName": "Alassio",
      "lat": 44,
      "lng": 8.166667
    },
    {
      "cityName": "Albareto",
      "lat": 44.45,
      "lng": 9.7
    },
    {
      "cityName": "Albemga",
      "lat": 44.05,
      "lng": 8.216667
    },
    {
      "cityName": "Albiano",
      "lat": 44.166667,
      "lng": 9.916667
    },
    {
      "cityName": "Albisola Marina",
      "lat": 44.316667,
      "lng": 8.5
    },
    {
      "cityName": "Alpicella",
      "lat": 44.516667,
      "lng": 9.466667
    },
    {
      "cityName": "Altare",
      "lat": 44.333333,
      "lng": 8.333333
    },
    {
      "cityName": "Ameglia",
      "lat": 44.066667,
      "lng": 9.95
    },
    {
      "cityName": "Andagna",
      "lat": 43.983333,
      "lng": 7.783333
    },
    {
      "cityName": "Anzo",
      "lat": 44.216667,
      "lng": 9.55
    },
    {
      "cityName": "Anzolla",
      "lat": 44.483333,
      "lng": 10.2
    },
    {
      "cityName": "Apricale",
      "lat": 43.883333,
      "lng": 7.65
    },
    {
      "cityName": "Arbocco",
      "lat": 44.383333,
      "lng": 9.191667
    },
    {
      "cityName": "Arcola",
      "lat": 44.116667,
      "lng": 9.9
    },
    {
      "cityName": "Arenzano",
      "lat": 44.4,
      "lng": 8.683333
    },
    {
      "cityName": "Arezzo",
      "lat": 44.6,
      "lng": 9.05
    },
    {
      "cityName": "Argallo",
      "lat": 43.916667,
      "lng": 7.8
    },
    {
      "cityName": "Arma di Taggia",
      "lat": 43.833333,
      "lng": 7.85
    },
    {
      "cityName": "Arpiola",
      "lat": 44.316667,
      "lng": 9.9
    },
    {
      "cityName": "Arquata",
      "lat": 44.683333,
      "lng": 8.883333
    },
    {
      "cityName": "Artallo",
      "lat": 43.9,
      "lng": 8
    },
    {
      "cityName": "Artana",
      "lat": 44.65,
      "lng": 9.216667
    },
    {
      "cityName": "Arzene",
      "lat": 43.95,
      "lng": 7.866667
    },
    {
      "cityName": "Arzeno",
      "lat": 44.35,
      "lng": 9.466667
    },
    {
      "cityName": "Aulla",
      "lat": 44.2,
      "lng": 9.966667
    },
    {
      "cityName": "Aurighi",
      "lat": 43.95,
      "lng": 7.816667
    },
    {
      "cityName": "Aurigo",
      "lat": 43.983333,
      "lng": 7.916667
    },
    {
      "cityName": "Aveggio",
      "lat": 44.366667,
      "lng": 9.3
    },
    {
      "cityName": "Bacezza",
      "lat": 44.320278,
      "lng": 9.313611
    },
    {
      "cityName": "Badalucco",
      "lat": 43.916667,
      "lng": 7.85
    },
    {
      "cityName": "Bagnasco",
      "lat": 44.3,
      "lng": 8.033333
    },
    {
      "cityName": "Bagnone",
      "lat": 44.316667,
      "lng": 9.983333
    },
    {
      "cityName": "Baiardo",
      "lat": 43.9,
      "lng": 7.716667
    },
    {
      "cityName": "Balestrino",
      "lat": 44.116667,
      "lng": 8.166667
    },
    {
      "cityName": "Ballerini",
      "lat": 44.716667,
      "lng": 9.383333
    },
    {
      "cityName": "Bana",
      "lat": 44.349444,
      "lng": 9.181667
    },
    {
      "cityName": "Barbarasco",
      "lat": 44.233333,
      "lng": 9.933333
    },
    {
      "cityName": "Barcheo",
      "lat": 43.9,
      "lng": 8.016667
    },
    {
      "cityName": "Bardi",
      "lat": 44.633333,
      "lng": 9.733333
    },
    {
      "cityName": "Bardineto",
      "lat": 44.2,
      "lng": 8.133333
    },
    {
      "cityName": "Bardonazzi",
      "lat": 44.75,
      "lng": 9.683333
    },
    {
      "cityName": "Bargagli",
      "lat": 44.45,
      "lng": 9.083333
    },
    {
      "cityName": "Bargone",
      "lat": 44.3,
      "lng": 9.466667
    },
    {
      "cityName": "Bedonia",
      "lat": 44.5,
      "lng": 9.633333
    },
    {
      "cityName": "Belforte",
      "lat": 44.5,
      "lng": 9.866667
    },
    {
      "cityName": "Belito",
      "lat": 44.783333,
      "lng": 9.533333
    },
    {
      "cityName": "Belnome",
      "lat": 44.65,
      "lng": 9.25
    },
    {
      "cityName": "Belvedere",
      "lat": 44.416667,
      "lng": 8.9
    },
    {
      "cityName": "Belvedere Langhe",
      "lat": 44.5,
      "lng": 7.966667
    },
    {
      "cityName": "Benevello",
      "lat": 44.633333,
      "lng": 8.1
    },
    {
      "cityName": "Beo",
      "lat": 44.383333,
      "lng": 9.633333
    },
    {
      "cityName": "Berceto",
      "lat": 44.516667,
      "lng": 9.85
    },
    {
      "cityName": "Berga",
      "lat": 44.6,
      "lng": 9.116667
    },
    {
      "cityName": "Bergeggi",
      "lat": 44.25,
      "lng": 8.433333
    },
    {
      "cityName": "Berioli",
      "lat": 44.133333,
      "lng": 8.083333
    },
    {
      "cityName": "Bertigaro",
      "lat": 44.466667,
      "lng": 9.366667
    },
    {
      "cityName": "Bertone",
      "lat": 44.616667,
      "lng": 9.266667
    },
    {
      "cityName": "Besozzola",
      "lat": 44.75,
      "lng": 9.883333
    },
    {
      "cityName": "Bettola",
      "lat": 44.783333,
      "lng": 9.6
    },
    {
      "cityName": "Bevera",
      "lat": 43.816667,
      "lng": 7.583333
    },
    {
      "cityName": "Beverone",
      "lat": 44.233333,
      "lng": 9.783333
    },
    {
      "cityName": "Biestro",
      "lat": 44.333333,
      "lng": 8.233333
    },
    {
      "cityName": "Bigliolo",
      "lat": 44.233333,
      "lng": 10.05
    },
    {
      "cityName": "Bistagno",
      "lat": 44.666667,
      "lng": 8.366667
    },
    {
      "cityName": "Blucchi",
      "lat": 44.733333,
      "lng": 9.55
    },
    {
      "cityName": "Bobbio",
      "lat": 44.766667,
      "lng": 9.383333
    },
    {
      "cityName": "Bocca Pignone",
      "lat": 44.216667,
      "lng": 9.75
    },
    {
      "cityName": "Bocchetto",
      "lat": 44.616667,
      "lng": 10.016667
    },
    {
      "cityName": "Bogliasco",
      "lat": 44.383333,
      "lng": 9.066667
    },
    {
      "cityName": "Boio",
      "lat": 44.633333,
      "lng": 9.983333
    },
    {
      "cityName": "Bolano",
      "lat": 44.183333,
      "lng": 9.9
    },
    {
      "cityName": "Bolzaneto",
      "lat": 44.45,
      "lng": 8.9
    },
    {
      "cityName": "Bonassola",
      "lat": 44.183333,
      "lng": 9.583333
    },
    {
      "cityName": "Borassi",
      "lat": 44.633333,
      "lng": 9
    },
    {
      "cityName": "Bordighera",
      "lat": 43.766667,
      "lng": 7.65
    },
    {
      "cityName": "Bore",
      "lat": 44.716667,
      "lng": 9.783333
    },
    {
      "cityName": "Borganzo",
      "lat": 43.95,
      "lng": 8.05
    },
    {
      "cityName": "Borghettio d'Arroscia",
      "lat": 44.066667,
      "lng": 7.983333
    },
    {
      "cityName": "Borghetto di Vara",
      "lat": 44.216667,
      "lng": 9.716667
    },
    {
      "cityName": "Borghetto San Nicolò",
      "lat": 43.8,
      "lng": 7.666667
    },
    {
      "cityName": "Borghetto Santo Spirito",
      "lat": 44.1,
      "lng": 8.233333
    },
    {
      "cityName": "Borgo Adorno",
      "lat": 44.733333,
      "lng": 9.083333
    },
    {
      "cityName": "Borgo",
      "lat": 43.933333,
      "lng": 7.95
    },
    {
      "cityName": "Borgo d'Oneglia",
      "lat": 43.916667,
      "lng": 8.016667
    },
    {
      "cityName": "Borgo Littorio",
      "lat": 44.2,
      "lng": 8.016667
    },
    {
      "cityName": "Borgomale",
      "lat": 44.616667,
      "lng": 8.133333
    },
    {
      "cityName": "Borgomaro",
      "lat": 43.966667,
      "lng": 7.933333
    },
    {
      "cityName": "Borgonovo",
      "lat": 44.383333,
      "lng": 9.383333
    },
    {
      "cityName": "Borgonuovo",
      "lat": 44.416667,
      "lng": 8.733333
    },
    {
      "cityName": "Borgotaro",
      "lat": 44.483333,
      "lng": 9.766667
    },
    {
      "cityName": "Bormida",
      "lat": 44.433333,
      "lng": 8.15
    },
    {
      "cityName": "Borzonasca",
      "lat": 44.416667,
      "lng": 9.383333
    },
    {
      "cityName": "Boschetto",
      "lat": 44.345833,
      "lng": 9.166667
    },
    {
      "cityName": "Boschi",
      "lat": 44.583333,
      "lng": 9.416667
    },
    {
      "cityName": "Boschi di Bardone",
      "lat": 44.633333,
      "lng": 10.083333
    },
    {
      "cityName": "Bosco",
      "lat": 44.45,
      "lng": 10.033333
    },
    {
      "cityName": "Bosco di Rossano",
      "lat": 44.3,
      "lng": 9.8
    },
    {
      "cityName": "Boscomare",
      "lat": 43.883333,
      "lng": 7.9
    },
    {
      "cityName": "Bosmenso Superiore",
      "lat": 44.8,
      "lng": 9.216667
    },
    {
      "cityName": "Bossare",
      "lat": 43.866667,
      "lng": 7.516667
    },
    {
      "cityName": "Bossolasco",
      "lat": 44.533333,
      "lng": 8.033333
    },
    {
      "cityName": "Bracco",
      "lat": 44.25,
      "lng": 9.5
    },
    {
      "cityName": "Bracelli",
      "lat": 44.183333,
      "lng": 9.75
    },
    {
      "cityName": "Brallo",
      "lat": 44.733333,
      "lng": 9.266667
    },
    {
      "cityName": "Brallo di Pregola",
      "lat": 44.75,
      "lng": 9.266667
    },
    {
      "cityName": "Branzone",
      "lat": 44.533333,
      "lng": 9.85
    },
    {
      "cityName": "Brasi",
      "lat": 44.366667,
      "lng": 8.533333
    },
    {
      "cityName": "Bratto",
      "lat": 44.45,
      "lng": 9.85
    },
    {
      "cityName": "Breccanecca",
      "lat": 44.332222,
      "lng": 9.369167
    },
    {
      "cityName": "Bregalla",
      "lat": 44,
      "lng": 7.733333
    },
    {
      "cityName": "Breia",
      "lat": 44.483333,
      "lng": 9.7
    },
    {
      "cityName": "Bric Castellaccio",
      "lat": 44.433333,
      "lng": 8.8
    },
    {
      "cityName": "Brignano",
      "lat": 44.816667,
      "lng": 9.033333
    },
    {
      "cityName": "Brignole",
      "lat": 44.516667,
      "lng": 9.366667
    },
    {
      "cityName": "Brintazzi",
      "lat": 44.75,
      "lng": 9.133333
    },
    {
      "cityName": "Brizzolara",
      "lat": 44.433333,
      "lng": 9.366667
    },
    {
      "cityName": "Bruggi",
      "lat": 44.7,
      "lng": 9.183333
    },
    {
      "cityName": "Brugnato",
      "lat": 44.233333,
      "lng": 9.716667
    },
    {
      "cityName": "Brugneto",
      "lat": 44.666667,
      "lng": 9.416667
    },
    {
      "cityName": "Brugnola",
      "lat": 44.566667,
      "lng": 9.766667
    },
    {
      "cityName": "Brunetti",
      "lat": 43.833333,
      "lng": 7.6
    },
    {
      "cityName": "Bubbio",
      "lat": 44.666667,
      "lng": 8.283333
    },
    {
      "cityName": "Buggio",
      "lat": 43.966667,
      "lng": 7.683333
    },
    {
      "cityName": "Busalla",
      "lat": 44.566667,
      "lng": 8.95
    },
    {
      "cityName": "Busana",
      "lat": 44.366667,
      "lng": 10.316667
    },
    {
      "cityName": "Buschi",
      "lat": 44.833333,
      "lng": 9.166667
    },
    {
      "cityName": "Bussana",
      "lat": 43.816667,
      "lng": 7.85
    },
    {
      "cityName": "Busti",
      "lat": 44.633333,
      "lng": 9.016667
    },
    {
      "cityName": "Cabanne",
      "lat": 44.483333,
      "lng": 9.333333
    },
    {
      "cityName": "Cabella Ligure",
      "lat": 44.666667,
      "lng": 9.083333
    },
    {
      "cityName": "Caffaraccia",
      "lat": 44.516667,
      "lng": 9.783333
    },
    {
      "cityName": "Cairo Montenotte",
      "lat": 44.4,
      "lng": 8.266667
    },
    {
      "cityName": "Calestano",
      "lat": 44.6,
      "lng": 10.116667
    },
    {
      "cityName": "Calghera",
      "lat": 44.866667,
      "lng": 9.216667
    },
    {
      "cityName": "Calice al Cornoviglio",
      "lat": 44.233333,
      "lng": 9.833333
    },
    {
      "cityName": "Calizzano",
      "lat": 44.233333,
      "lng": 8.116667
    },
    {
      "cityName": "Calvo",
      "lat": 43.833333,
      "lng": 7.55
    },
    {
      "cityName": "Calzanatta",
      "lat": 44.483333,
      "lng": 9.283333
    },
    {
      "cityName": "Camogli",
      "lat": 44.35,
      "lng": 9.15
    },
    {
      "cityName": "Campi",
      "lat": 44.466667,
      "lng": 9.716667
    },
    {
      "cityName": "Campiglia",
      "lat": 44.066667,
      "lng": 9.8
    },
    {
      "cityName": "Campodonico",
      "lat": 44.336389,
      "lng": 9.297222
    },
    {
      "cityName": "Campo Ligure",
      "lat": 44.533333,
      "lng": 8.7
    },
    {
      "cityName": "Campomorone",
      "lat": 44.5,
      "lng": 8.883333
    },
    {
      "cityName": "Campore",
      "lat": 44.35,
      "lng": 9.533333
    },
    {
      "cityName": "Camporosso",
      "lat": 43.816667,
      "lng": 7.616667
    },
    {
      "cityName": "Camposasco",
      "lat": 44.360556,
      "lng": 9.298333
    },
    {
      "cityName": "Canavera",
      "lat": 44.916667,
      "lng": 9.233333
    },
    {
      "cityName": "Candeasco",
      "lat": 43.983333,
      "lng": 7.95
    },
    {
      "cityName": "Canedo",
      "lat": 44.816667,
      "lng": 9.316667
    },
    {
      "cityName": "Canesano",
      "lat": 44.566667,
      "lng": 10.133333
    },
    {
      "cityName": "Caneso",
      "lat": 44.483333,
      "lng": 9.583333
    },
    {
      "cityName": "Cantalupo Ligure",
      "lat": 44.716667,
      "lng": 9.033333
    },
    {
      "cityName": "Capanne Curtiglia",
      "lat": 44.383333,
      "lng": 10.016667
    },
    {
      "cityName": "Capanne di Sillano",
      "lat": 44.25,
      "lng": 10.316667
    },
    {
      "cityName": "Capanne Tornini",
      "lat": 44.35,
      "lng": 10.066667
    },
    {
      "cityName": "Caperana",
      "lat": 44.316667,
      "lng": 9.333333
    },
    {
      "cityName": "Caprile",
      "lat": 44.333333,
      "lng": 10.333333
    },
    {
      "cityName": "Caragna",
      "lat": 44.266667,
      "lng": 8.116667
    },
    {
      "cityName": "Caramagna Ligure",
      "lat": 43.883333,
      "lng": 7.983333
    },
    {
      "cityName": "Carasco",
      "lat": 44.35,
      "lng": 9.35
    },
    {
      "cityName": "Caravonica",
      "lat": 44,
      "lng": 7.95
    },
    {
      "cityName": "Carbuta",
      "lat": 44.216667,
      "lng": 8.3
    },
    {
      "cityName": "Carcare",
      "lat": 44.35,
      "lng": 8.3
    },
    {
      "cityName": "Carchelli",
      "lat": 44.55,
      "lng": 9.283333
    },
    {
      "cityName": "Cardenosa",
      "lat": 44.5,
      "lng": 9.266667
    },
    {
      "cityName": "Careno",
      "lat": 44.716667,
      "lng": 9.916667
    },
    {
      "cityName": "Cargalla",
      "lat": 44.416667,
      "lng": 9.916667
    },
    {
      "cityName": "Carignano",
      "lat": 44.15,
      "lng": 10
    },
    {
      "cityName": "Carini",
      "lat": 44.816667,
      "lng": 9.7
    },
    {
      "cityName": "Carisasca",
      "lat": 44.683333,
      "lng": 9.316667
    },
    {
      "cityName": "Cariseto",
      "lat": 44.65,
      "lng": 9.366667
    },
    {
      "cityName": "Carletti",
      "lat": 43.816667,
      "lng": 7.566667
    },
    {
      "cityName": "Carniglia",
      "lat": 44.483333,
      "lng": 9.6
    },
    {
      "cityName": "Carobbio",
      "lat": 44.516667,
      "lng": 10.15
    },
    {
      "cityName": "Carozzo",
      "lat": 44.133333,
      "lng": 9.866667
    },
    {
      "cityName": "Carpasio",
      "lat": 43.966667,
      "lng": 7.866667
    },
    {
      "cityName": "Carpeneto",
      "lat": 44.566667,
      "lng": 9.216667
    },
    {
      "cityName": "Carretto",
      "lat": 44.433333,
      "lng": 8.233333
    },
    {
      "cityName": "Carro",
      "lat": 44.266667,
      "lng": 9.6
    },
    {
      "cityName": "Carrodano Inferiore",
      "lat": 44.233333,
      "lng": 9.65
    },
    {
      "cityName": "Carrodano Superiore",
      "lat": 44.25,
      "lng": 9.633333
    },
    {
      "cityName": "Carrosio",
      "lat": 44.65,
      "lng": 8.833333
    },
    {
      "cityName": "Casa Biscione",
      "lat": 44.5,
      "lng": 8.566667
    },
    {
      "cityName": "Casa dei Fracchioni",
      "lat": 44.85,
      "lng": 9.35
    },
    {
      "cityName": "Casa de Pianelli",
      "lat": 44.683333,
      "lng": 9.916667
    },
    {
      "cityName": "Casa di Rinaldo",
      "lat": 44.433333,
      "lng": 10.333333
    },
    {
      "cityName": "Casa Fava",
      "lat": 44.333333,
      "lng": 9.75
    },
    {
      "cityName": "Casa Galeotti",
      "lat": 44.816667,
      "lng": 9.133333
    },
    {
      "cityName": "Casalino",
      "lat": 44.361944,
      "lng": 9.194722
    },
    {
      "cityName": "Casalnoceto",
      "lat": 44.916667,
      "lng": 8.983333
    },
    {
      "cityName": "Casa Maregno",
      "lat": 43.883333,
      "lng": 7.816667
    },
    {
      "cityName": "Casa Polina",
      "lat": 44.433333,
      "lng": 9.9
    },
    {
      "cityName": "Casa Ponte",
      "lat": 44.583333,
      "lng": 8.6
    },
    {
      "cityName": "Casa Poragine",
      "lat": 44.45,
      "lng": 9.433333
    },
    {
      "cityName": "Casarei",
      "lat": 44.783333,
      "lng": 9.516667
    },
    {
      "cityName": "Casarola",
      "lat": 44.416667,
      "lng": 10.1
    },
    {
      "cityName": "Casasco",
      "lat": 44.833333,
      "lng": 9
    },
    {
      "cityName": "Casaselvatica",
      "lat": 44.55,
      "lng": 10.033333
    },
    {
      "cityName": "Casa Veragne",
      "lat": 43.916667,
      "lng": 7.65
    },
    {
      "cityName": "Casa Verrando",
      "lat": 43.866667,
      "lng": 7.6
    },
    {
      "cityName": "Casa Vignago",
      "lat": 44.016667,
      "lng": 7.766667
    },
    {
      "cityName": "Cascina Baracca",
      "lat": 44.516667,
      "lng": 8.75
    },
    {
      "cityName": "Cascina",
      "lat": 44.291667,
      "lng": 9.415
    },
    {
      "cityName": "Cascine",
      "lat": 44.883333,
      "lng": 9.25
    },
    {
      "cityName": "Case Bozzini",
      "lat": 44.433333,
      "lng": 9.7
    },
    {
      "cityName": "Case Ciazze",
      "lat": 43.9,
      "lng": 7.866667
    },
    {
      "cityName": "Case del Molino",
      "lat": 44.916667,
      "lng": 9.133333
    },
    {
      "cityName": "Case Fascco",
      "lat": 43.883333,
      "lng": 7.566667
    },
    {
      "cityName": "Casella",
      "lat": 44.133333,
      "lng": 9.733333
    },
    {
      "cityName": "Case Romagnoni",
      "lat": 43.9,
      "lng": 7.666667
    },
    {
      "cityName": "Casone",
      "lat": 44.466667,
      "lng": 8.416667
    },
    {
      "cityName": "Cassano",
      "lat": 44.766667,
      "lng": 8.866667
    },
    {
      "cityName": "Cassego",
      "lat": 44.4,
      "lng": 9.5
    },
    {
      "cityName": "Cassinari",
      "lat": 44.816667,
      "lng": 9.566667
    },
    {
      "cityName": "Cassinasco",
      "lat": 44.683333,
      "lng": 8.3
    },
    {
      "cityName": "Cassio",
      "lat": 44.583333,
      "lng": 10.033333
    },
    {
      "cityName": "Casta",
      "lat": 44.3,
      "lng": 9.483333
    },
    {
      "cityName": "Castagna",
      "lat": 44.383333,
      "lng": 9
    },
    {
      "cityName": "Castagneto",
      "lat": 44.4,
      "lng": 10.233333
    },
    {
      "cityName": "Castagnola",
      "lat": 44.8,
      "lng": 9.15
    },
    {
      "cityName": "Castellaccia",
      "lat": 44.433333,
      "lng": 8.816667
    },
    {
      "cityName": "Castellar",
      "lat": 44.916667,
      "lng": 8.966667
    },
    {
      "cityName": "Castellaro",
      "lat": 43.866667,
      "lng": 7.866667
    },
    {
      "cityName": "Castelletto",
      "lat": 44.75,
      "lng": 9.8
    },
    {
      "cityName": "Castelletto Soprano",
      "lat": 44.483333,
      "lng": 8.2
    },
    {
      "cityName": "Castello",
      "lat": 44.483333,
      "lng": 10.05
    },
    {
      "cityName": "Castello di Casaleggio",
      "lat": 44.633333,
      "lng": 8.733333
    },
    {
      "cityName": "Castello di Comano",
      "lat": 44.3,
      "lng": 10.133333
    },
    {
      "cityName": "Castello di Contignaco",
      "lat": 44.783333,
      "lng": 9.95
    },
    {
      "cityName": "Castelnuovo di Magra",
      "lat": 44.1,
      "lng": 10.016667
    },
    {
      "cityName": "Castelnuovo Fogliani",
      "lat": 44.866667,
      "lng": 9.466667
    },
    {
      "cityName": "Castelpozzolo",
      "lat": 44.866667,
      "lng": 9.033333
    },
    {
      "cityName": "Castel Vittorio",
      "lat": 43.933333,
      "lng": 7.666667
    },
    {
      "cityName": "Castiglione",
      "lat": 44.266667,
      "lng": 9.516667
    },
    {
      "cityName": "Castiglione del Terziere",
      "lat": 44.3,
      "lng": 9.983333
    },
    {
      "cityName": "Castino",
      "lat": 44.616667,
      "lng": 8.183333
    },
    {
      "cityName": "Cavazzola",
      "lat": 44.566667,
      "lng": 10.016667
    },
    {
      "cityName": "Cavezzana Gordana",
      "lat": 44.366667,
      "lng": 9.85
    },
    {
      "cityName": "Cavi",
      "lat": 44.283333,
      "lng": 9.366667
    },
    {
      "cityName": "Cavi di Lavagna",
      "lat": 44.288333,
      "lng": 9.378333
    },
    {
      "cityName": "Cavizano",
      "lat": 44.4,
      "lng": 9.55
    },
    {
      "cityName": "Cazzola",
      "lat": 44.6,
      "lng": 10.033333
    },
    {
      "cityName": "Cecciola",
      "lat": 44.383333,
      "lng": 10.183333
    },
    {
      "cityName": "Cella",
      "lat": 44.866667,
      "lng": 9.483333
    },
    {
      "cityName": "Celle Ligure",
      "lat": 44.333333,
      "lng": 8.55
    },
    {
      "cityName": "Cencerato",
      "lat": 44.716667,
      "lng": 9.233333
    },
    {
      "cityName": "Cengio",
      "lat": 44.383333,
      "lng": 8.2
    },
    {
      "cityName": "Centenaro",
      "lat": 44.666667,
      "lng": 9.533333
    },
    {
      "cityName": "Ceparana",
      "lat": 44.166667,
      "lng": 9.883333
    },
    {
      "cityName": "Ceregate",
      "lat": 44.733333,
      "lng": 9.233333
    },
    {
      "cityName": "Ceretoli",
      "lat": 44.383333,
      "lng": 9.916667
    },
    {
      "cityName": "Ceriana",
      "lat": 43.883333,
      "lng": 7.766667
    },
    {
      "cityName": "Cerisola",
      "lat": 44.345,
      "lng": 9.279167
    },
    {
      "cityName": "Cerrè",
      "lat": 44.35,
      "lng": 10.366667
    },
    {
      "cityName": "Cerreggio",
      "lat": 44.433333,
      "lng": 10.283333
    },
    {
      "cityName": "Cerreto Alpi",
      "lat": 44.316667,
      "lng": 10.25
    },
    {
      "cityName": "Cerreto",
      "lat": 44.65,
      "lng": 9.666667
    },
    {
      "cityName": "Cervara",
      "lat": 44.416667,
      "lng": 9.816667
    },
    {
      "cityName": "Cervarezza",
      "lat": 44.383333,
      "lng": 10.333333
    },
    {
      "cityName": "Cervarolo",
      "lat": 44.3,
      "lng": 10.483333
    },
    {
      "cityName": "Cervo",
      "lat": 43.916667,
      "lng": 8.116667
    },
    {
      "cityName": "Cesio",
      "lat": 44,
      "lng": 7.966667
    },
    {
      "cityName": "Cessole",
      "lat": 44.65,
      "lng": 8.233333
    },
    {
      "cityName": "Cetta",
      "lat": 43.983333,
      "lng": 7.733333
    },
    {
      "cityName": "Ceva",
      "lat": 44.383333,
      "lng": 8.033333
    },
    {
      "cityName": "Chiama",
      "lat": 44.283333,
      "lng": 9.55
    },
    {
      "cityName": "Chiappa",
      "lat": 43.95,
      "lng": 8.1
    },
    {
      "cityName": "Chiarone",
      "lat": 44.9,
      "lng": 9.4
    },
    {
      "cityName": "Chiavari",
      "lat": 44.316667,
      "lng": 9.316667
    },
    {
      "cityName": "Chiesanuova",
      "lat": 44.166667,
      "lng": 9.65
    },
    {
      "cityName": "Chiusanico",
      "lat": 43.966667,
      "lng": 7.983333
    },
    {
      "cityName": "Chiusola",
      "lat": 44.333333,
      "lng": 9.7
    },
    {
      "cityName": "Ciauxe",
      "lat": 43.816667,
      "lng": 7.6
    },
    {
      "cityName": "Cicagna",
      "lat": 44.416667,
      "lng": 9.233333
    },
    {
      "cityName": "Cichero",
      "lat": 44.416667,
      "lng": 9.316667
    },
    {
      "cityName": "Ciglione",
      "lat": 44.6,
      "lng": 8.483333
    },
    {
      "cityName": "Cignolo",
      "lat": 44.766667,
      "lng": 9.233333
    },
    {
      "cityName": "Cinquecerri",
      "lat": 44.35,
      "lng": 10.333333
    },
    {
      "cityName": "Cipressa",
      "lat": 43.85,
      "lng": 7.933333
    },
    {
      "cityName": "Cisano",
      "lat": 44.083333,
      "lng": 8.15
    },
    {
      "cityName": "Civezza",
      "lat": 43.883333,
      "lng": 7.95
    },
    {
      "cityName": "Codegazzi",
      "lat": 44.683333,
      "lng": 9.516667
    },
    {
      "cityName": "Codevico",
      "lat": 44.783333,
      "lng": 9.066667
    },
    {
      "cityName": "Codivara",
      "lat": 44.383333,
      "lng": 9.483333
    },
    {
      "cityName": "Cogoleto",
      "lat": 44.383333,
      "lng": 8.65
    },
    {
      "cityName": "Cogorno",
      "lat": 44.3175,
      "lng": 9.37
    },
    {
      "cityName": "Coldirodi",
      "lat": 43.816667,
      "lng": 7.733333
    },
    {
      "cityName": "Coli",
      "lat": 44.75,
      "lng": 9.416667
    },
    {
      "cityName": "Collabassa",
      "lat": 43.866667,
      "lng": 7.566667
    },
    {
      "cityName": "Colla",
      "lat": 44.183333,
      "lng": 10.083333
    },
    {
      "cityName": "Collagna",
      "lat": 44.35,
      "lng": 10.266667
    },
    {
      "cityName": "Colle di Sopra",
      "lat": 44.316667,
      "lng": 9.516667
    },
    {
      "cityName": "Collegnago",
      "lat": 44.233333,
      "lng": 10.15
    },
    {
      "cityName": "Colletta",
      "lat": 43.95,
      "lng": 7.8
    },
    {
      "cityName": "Collistano",
      "lat": 44.716667,
      "lng": 9.283333
    },
    {
      "cityName": "Collodari",
      "lat": 43.366667,
      "lng": 9.15
    },
    {
      "cityName": "Compiano",
      "lat": 44.483333,
      "lng": 9.65
    },
    {
      "cityName": "Compione",
      "lat": 44.333333,
      "lng": 10.05
    },
    {
      "cityName": "Conio",
      "lat": 43.983333,
      "lng": 7.883333
    },
    {
      "cityName": "Contignaco",
      "lat": 44.783333,
      "lng": 9.966667
    },
    {
      "cityName": "Corniglia",
      "lat": 44.116667,
      "lng": 9.7
    },
    {
      "cityName": "Cornigliano",
      "lat": 44.416667,
      "lng": 8.883333
    },
    {
      "cityName": "Corniglio",
      "lat": 44.466667,
      "lng": 10.083333
    },
    {
      "cityName": "Cornolo",
      "lat": 44.566667,
      "lng": 9.566667
    },
    {
      "cityName": "Coronata",
      "lat": 44.45,
      "lng": 9.216667
    },
    {
      "cityName": "Corsanego",
      "lat": 44.375833,
      "lng": 9.088333
    },
    {
      "cityName": "Corte",
      "lat": 44,
      "lng": 7.766667
    },
    {
      "cityName": "Cortemilia",
      "lat": 44.583333,
      "lng": 8.2
    },
    {
      "cityName": "Cortevezzo",
      "lat": 44.716667,
      "lng": 9.266667
    },
    {
      "cityName": "Corticella",
      "lat": 44.379167,
      "lng": 9.153333
    },
    {
      "cityName": "Costa Carnara",
      "lat": 43.9,
      "lng": 7.95
    },
    {
      "cityName": "Costa Cavalieri",
      "lat": 44.916667,
      "lng": 9.2
    },
    {
      "cityName": "Costa",
      "lat": 44.333333,
      "lng": 9.35
    },
    {
      "cityName": "Costa de' Grassi",
      "lat": 44.4,
      "lng": 10.383333
    },
    {
      "cityName": "Costa d'Oneglia",
      "lat": 43.916667,
      "lng": 8.033333
    },
    {
      "cityName": "Costa Finale",
      "lat": 44.483333,
      "lng": 9.233333
    },
    {
      "cityName": "Costalta",
      "lat": 44.866667,
      "lng": 9.35
    },
    {
      "cityName": "Costamala",
      "lat": 44.233333,
      "lng": 9.983333
    },
    {
      "cityName": "Costa Merlassino",
      "lat": 44.75,
      "lng": 9.033333
    },
    {
      "cityName": "Costa Pallavieino",
      "lat": 44.683333,
      "lng": 9.933333
    },
    {
      "cityName": "Costapianella",
      "lat": 44.533333,
      "lng": 9.116667
    },
    {
      "cityName": "Costa Vescovato",
      "lat": 44.816667,
      "lng": 9.116667
    },
    {
      "cityName": "Cotulo",
      "lat": 44.352222,
      "lng": 9.151111
    },
    {
      "cityName": "Cravanzana",
      "lat": 44.583333,
      "lng": 8.133333
    },
    {
      "cityName": "Craverezza",
      "lat": 44.8,
      "lng": 9.65
    },
    {
      "cityName": "Cremolino",
      "lat": 44.633333,
      "lng": 8.583333
    },
    {
      "cityName": "Crocefieschi",
      "lat": 44.583333,
      "lng": 9.016667
    },
    {
      "cityName": "Crocetta",
      "lat": 44.310556,
      "lng": 9.380833
    },
    {
      "cityName": "Crociglia",
      "lat": 44.85,
      "lng": 9.266667
    },
    {
      "cityName": "Curletti",
      "lat": 44.633333,
      "lng": 9.433333
    },
    {
      "cityName": "Dego",
      "lat": 44.45,
      "lng": 8.316667
    },
    {
      "cityName": "Déiva",
      "lat": 44.216667,
      "lng": 9.5
    },
    {
      "cityName": "Diano Castello",
      "lat": 43.933333,
      "lng": 8.033333
    },
    {
      "cityName": "Diano Marina",
      "lat": 43.9,
      "lng": 8.083333
    },
    {
      "cityName": "Dolceacqua",
      "lat": 43.85,
      "lng": 7.616667
    },
    {
      "cityName": "Doria",
      "lat": 44.5,
      "lng": 9.016667
    },
    {
      "cityName": "Dova Inferiore",
      "lat": 44.633333,
      "lng": 9.116667
    },
    {
      "cityName": "Drego",
      "lat": 44,
      "lng": 7.816667
    },
    {
      "cityName": "Drusco",
      "lat": 44.533333,
      "lng": 9.55
    },
    {
      "cityName": "Dugara",
      "lat": 44.566667,
      "lng": 9.7
    },
    {
      "cityName": "Ebbio",
      "lat": 44.8,
      "lng": 9.566667
    },
    {
      "cityName": "Eril",
      "lat": 44.133333,
      "lng": 8.1
    },
    {
      "cityName": "Faggiona",
      "lat": 44.2,
      "lng": 9.7
    },
    {
      "cityName": "Falcinello",
      "lat": 44.15,
      "lng": 9.95
    },
    {
      "cityName": "Fanghetto",
      "lat": 43.883333,
      "lng": 7.533333
    },
    {
      "cityName": "Farini d'Olmo",
      "lat": 44.716667,
      "lng": 9.566667
    },
    {
      "cityName": "Fascia",
      "lat": 44.583333,
      "lng": 9.216667
    },
    {
      "cityName": "Favale di Malvaro",
      "lat": 44.45,
      "lng": 9.25
    },
    {
      "cityName": "Febbio",
      "lat": 44.3,
      "lng": 10.433333
    },
    {
      "cityName": "Fegino",
      "lat": 44.433333,
      "lng": 8.883333
    },
    {
      "cityName": "Ferrada",
      "lat": 44.416667,
      "lng": 9.2
    },
    {
      "cityName": "Ferrania",
      "lat": 44.35,
      "lng": 8.333333
    },
    {
      "cityName": "Ferrari",
      "lat": 44.766667,
      "lng": 9.416667
    },
    {
      "cityName": "Ferriere",
      "lat": 44.633333,
      "lng": 9.5
    },
    {
      "cityName": "Fiascherino",
      "lat": 44.066667,
      "lng": 9.916667
    },
    {
      "cityName": "Filetto",
      "lat": 44.3,
      "lng": 9.966667
    },
    {
      "cityName": "Finale Ligure",
      "lat": 44.166667,
      "lng": 8.333333
    },
    {
      "cityName": "Fiorino",
      "lat": 44.466667,
      "lng": 8.7
    },
    {
      "cityName": "Fivizzano",
      "lat": 44.233333,
      "lng": 10.133333
    },
    {
      "cityName": "Fontanarossa",
      "lat": 44.583333,
      "lng": 9.25
    },
    {
      "cityName": "Fontanasse",
      "lat": 44.516667,
      "lng": 9.016667
    },
    {
      "cityName": "Fontanigorda",
      "lat": 44.533333,
      "lng": 9.3
    },
    {
      "cityName": "Fornaci",
      "lat": 44.283333,
      "lng": 8.466667
    },
    {
      "cityName": "Forotondo",
      "lat": 44.75,
      "lng": 9.183333
    },
    {
      "cityName": "Fortunago",
      "lat": 44.916667,
      "lng": 9.183333
    },
    {
      "cityName": "Fosdinovo",
      "lat": 44.133333,
      "lng": 10.016667
    },
    {
      "cityName": "Fosio",
      "lat": 44.666667,
      "lng": 10
    },
    {
      "cityName": "Fossoli",
      "lat": 44.683333,
      "lng": 9.433333
    },
    {
      "cityName": "Framura",
      "lat": 44.2,
      "lng": 9.55
    },
    {
      "cityName": "Frantoio Massabo",
      "lat": 43.85,
      "lng": 7.666667
    },
    {
      "cityName": "Fresonara",
      "lat": 44.133333,
      "lng": 9.883333
    },
    {
      "cityName": "Fugazzolo di Sopra",
      "lat": 44.516667,
      "lng": 10.016667
    },
    {
      "cityName": "Gabbiana",
      "lat": 44.283333,
      "lng": 10.016667
    },
    {
      "cityName": "Gambaro",
      "lat": 44.616667,
      "lng": 9.466667
    },
    {
      "cityName": "Garessio",
      "lat": 44.2,
      "lng": 8.033333
    },
    {
      "cityName": "Garlenda",
      "lat": 44.033333,
      "lng": 8.1
    },
    {
      "cityName": "Gattorna",
      "lat": 44.433333,
      "lng": 9.183333
    },
    {
      "cityName": "Gavano",
      "lat": 43.966667,
      "lng": 7.783333
    },
    {
      "cityName": "Gavedo",
      "lat": 44.3,
      "lng": 9.916667
    },
    {
      "cityName": "Gavi",
      "lat": 44.683333,
      "lng": 8.816667
    },
    {
      "cityName": "Gazola",
      "lat": 44.833333,
      "lng": 9.466667
    },
    {
      "cityName": "Gazzelli",
      "lat": 43.966667,
      "lng": 8
    },
    {
      "cityName": "Gazzo",
      "lat": 44.65,
      "lng": 9.716667
    },
    {
      "cityName": "Genès",
      "lat": 44.416667,
      "lng": 8.95
    },
    {
      "cityName": "Giarola",
      "lat": 44.8,
      "lng": 9.25
    },
    {
      "cityName": "Ginestra",
      "lat": 44.261667,
      "lng": 9.415278
    },
    {
      "cityName": "Giovi",
      "lat": 44.55,
      "lng": 8.933333
    },
    {
      "cityName": "Glori",
      "lat": 43.95,
      "lng": 7.833333
    },
    {
      "cityName": "Gobbi",
      "lat": 44.833333,
      "lng": 9.4
    },
    {
      "cityName": "Godiasco",
      "lat": 44.9,
      "lng": 9.05
    },
    {
      "cityName": "Gordale",
      "lat": 43.95,
      "lng": 7.716667
    },
    {
      "cityName": "Gorleri",
      "lat": 43.9,
      "lng": 8.05
    },
    {
      "cityName": "Gorreta",
      "lat": 44.566667,
      "lng": 8.533333
    },
    {
      "cityName": "Gorreto",
      "lat": 44.6,
      "lng": 9.283333
    },
    {
      "cityName": "Gorzegno",
      "lat": 44.516667,
      "lng": 8.133333
    },
    {
      "cityName": "Granarolo",
      "lat": 44.433333,
      "lng": 8.933333
    },
    {
      "cityName": "Granere",
      "lat": 44.6,
      "lng": 9.583333
    },
    {
      "cityName": "Gravagna",
      "lat": 44.45,
      "lng": 9.95
    },
    {
      "cityName": "Graveglia",
      "lat": 44.333333,
      "lng": 9.4
    },
    {
      "cityName": "Gravero",
      "lat": 44.371667,
      "lng": 9.233333
    },
    {
      "cityName": "Grimaldi di Ventimiglia",
      "lat": 43.783333,
      "lng": 7.533333
    },
    {
      "cityName": "Grondola",
      "lat": 44.416667,
      "lng": 9.85
    },
    {
      "cityName": "Groppa",
      "lat": 44.233333,
      "lng": 9.916667
    },
    {
      "cityName": "Groppallo",
      "lat": 44.7,
      "lng": 9.6
    },
    {
      "cityName": "Gropparello",
      "lat": 44.816667,
      "lng": 9.733333
    },
    {
      "cityName": "Groppizioso",
      "lat": 44.483333,
      "lng": 9.183333
    },
    {
      "cityName": "Groppo Visdomo",
      "lat": 44.783333,
      "lng": 9.7
    },
    {
      "cityName": "Grotta",
      "lat": 44.783333,
      "lng": 9.916667
    },
    {
      "cityName": "I Casoni",
      "lat": 44.283333,
      "lng": 9.816667
    },
    {
      "cityName": "Iggio",
      "lat": 44.766667,
      "lng": 9.866667
    },
    {
      "cityName": "Il Bocco",
      "lat": 44.351111,
      "lng": 9.303333
    },
    {
      "cityName": "Illica",
      "lat": 44.566667,
      "lng": 9.6
    },
    {
      "cityName": "Il Pero",
      "lat": 44.383333,
      "lng": 8.55
    },
    {
      "cityName": "Il Romito",
      "lat": 44.1,
      "lng": 9.933333
    },
    {
      "cityName": "Imperia",
      "lat": 43.883333,
      "lng": 8.05
    },
    {
      "cityName": "I Pozzi",
      "lat": 43.8,
      "lng": 7.6
    },
    {
      "cityName": "Irola",
      "lat": 44.333333,
      "lng": 9.966667
    },
    {
      "cityName": "Isolabona",
      "lat": 43.883333,
      "lng": 7.633333
    },
    {
      "cityName": "Isola del Cantone",
      "lat": 44.65,
      "lng": 8.95
    },
    {
      "cityName": "Isola",
      "lat": 44.133333,
      "lng": 9.833333
    },
    {
      "cityName": "I Zalloni",
      "lat": 44.4,
      "lng": 9.683333
    },
    {
      "cityName": "Laccio",
      "lat": 44.5,
      "lng": 9.133333
    },
    {
      "cityName": "La Costa",
      "lat": 44.45,
      "lng": 9.65
    },
    {
      "cityName": "La Foce di Marinasco",
      "lat": 44.133333,
      "lng": 9.783333
    },
    {
      "cityName": "Lagdei",
      "lat": 44.416667,
      "lng": 10.016667
    },
    {
      "cityName": "Lago",
      "lat": 44.383333,
      "lng": 9.116667
    },
    {
      "cityName": "Laigueglia",
      "lat": 43.966667,
      "lng": 8.15
    },
    {
      "cityName": "La Marina",
      "lat": 44.216667,
      "lng": 9.516667
    },
    {
      "cityName": "Lanfredi",
      "lat": 44,
      "lng": 8.116667
    },
    {
      "cityName": "La Palazzina",
      "lat": 44.65,
      "lng": 10.05
    },
    {
      "cityName": "La Spezia",
      "lat": 44.116667,
      "lng": 9.833333
    },
    {
      "cityName": "La Strada",
      "lat": 44.55,
      "lng": 10.166667
    },
    {
      "cityName": "Lavagna",
      "lat": 44.3,
      "lng": 9.333333
    },
    {
      "cityName": "La Valle",
      "lat": 44.783333,
      "lng": 9.366667
    },
    {
      "cityName": "Lecchiore",
      "lat": 43.916667,
      "lng": 7.916667
    },
    {
      "cityName": "Le Grazie",
      "lat": 44.066667,
      "lng": 9.833333
    },
    {
      "cityName": "Leivi",
      "lat": 44.352222,
      "lng": 9.316667
    },
    {
      "cityName": "Lemmen",
      "lat": 44.083333,
      "lng": 9.75
    },
    {
      "cityName": "Lemmi",
      "lat": 44.7,
      "lng": 9
    },
    {
      "cityName": "Le Molere",
      "lat": 44.366667,
      "lng": 8.05
    },
    {
      "cityName": "Lerma",
      "lat": 44.633333,
      "lng": 8.7
    },
    {
      "cityName": "Lesegno",
      "lat": 44.4,
      "lng": 7.966667
    },
    {
      "cityName": "Levanto",
      "lat": 44.166667,
      "lng": 9.633333
    },
    {
      "cityName": "Levei",
      "lat": 44.733333,
      "lng": 9.7
    },
    {
      "cityName": "Levice",
      "lat": 44.533333,
      "lng": 8.166667
    },
    {
      "cityName": "Lezzara",
      "lat": 44.583333,
      "lng": 9.7
    },
    {
      "cityName": "Licciana",
      "lat": 44.266667,
      "lng": 10.033333
    },
    {
      "cityName": "Ligonchio",
      "lat": 44.316667,
      "lng": 10.35
    },
    {
      "cityName": "Lingueglietta",
      "lat": 43.866667,
      "lng": 7.933333
    },
    {
      "cityName": "Lisorno",
      "lat": 44.316667,
      "lng": 9.65
    },
    {
      "cityName": "Litorno",
      "lat": 44.233333,
      "lng": 9.5
    },
    {
      "cityName": "Livelli",
      "lat": 44.833333,
      "lng": 9.133333
    },
    {
      "cityName": "Loano",
      "lat": 44.133333,
      "lng": 8.25
    },
    {
      "cityName": "Lobbia",
      "lat": 44.716667,
      "lng": 9.5
    },
    {
      "cityName": "Loppiano",
      "lat": 44.566667,
      "lng": 8.016667
    },
    {
      "cityName": "L'Oratorio",
      "lat": 44.683333,
      "lng": 9.683333
    },
    {
      "cityName": "Lorsica",
      "lat": 44.433333,
      "lng": 9.266667
    },
    {
      "cityName": "Loto",
      "lat": 44.305278,
      "lng": 9.415278
    },
    {
      "cityName": "Lucinasco",
      "lat": 43.966667,
      "lng": 7.95
    },
    {
      "cityName": "Lugagnana Val d'Arda",
      "lat": 44.816667,
      "lng": 9.833333
    },
    {
      "cityName": "Lugagnano Superiore",
      "lat": 44.416667,
      "lng": 10.166667
    },
    {
      "cityName": "Lugolo",
      "lat": 44.4,
      "lng": 10.216667
    },
    {
      "cityName": "Lunense",
      "lat": 44.133333,
      "lng": 9.85
    },
    {
      "cityName": "Lunetta",
      "lat": 44.483333,
      "lng": 8.066667
    },
    {
      "cityName": "Luni",
      "lat": 44.066667,
      "lng": 9.983333
    },
    {
      "cityName": "Madonna del Trezzo",
      "lat": 44.166667,
      "lng": 9.733333
    },
    {
      "cityName": "Madonna di Campagna",
      "lat": 43.933333,
      "lng": 7.633333
    },
    {
      "cityName": "Madonna di Passascio",
      "lat": 43.933333,
      "lng": 7.65
    },
    {
      "cityName": "Madonna di Reggio",
      "lat": 44.133333,
      "lng": 9.683333
    },
    {
      "cityName": "Maggioncalda",
      "lat": 44.6,
      "lng": 9.166667
    },
    {
      "cityName": "Magnasco",
      "lat": 44.516667,
      "lng": 9.4
    },
    {
      "cityName": "Maissana",
      "lat": 44.333333,
      "lng": 9.516667
    },
    {
      "cityName": "Malvicino",
      "lat": 44.55,
      "lng": 8.416667
    },
    {
      "cityName": "Manarola",
      "lat": 44.1,
      "lng": 9.733333
    },
    {
      "cityName": "Maneia",
      "lat": 44.7,
      "lng": 9.9
    },
    {
      "cityName": "Mangia",
      "lat": 44.25,
      "lng": 9.7
    },
    {
      "cityName": "Mantovana",
      "lat": 44.733333,
      "lng": 8.616667
    },
    {
      "cityName": "Mareto",
      "lat": 44.7,
      "lng": 9.5
    },
    {
      "cityName": "Mariano",
      "lat": 44.566667,
      "lng": 9.816667
    },
    {
      "cityName": "Marina d'Andora",
      "lat": 43.95,
      "lng": 8.133333
    },
    {
      "cityName": "Marsaglia",
      "lat": 44.7,
      "lng": 9.383333
    },
    {
      "cityName": "Martina Olba",
      "lat": 44.5,
      "lng": 8.6
    },
    {
      "cityName": "Martinetto",
      "lat": 44.383333,
      "lng": 8.35
    },
    {
      "cityName": "Marzana di Torriglia",
      "lat": 44.5,
      "lng": 9.15
    },
    {
      "cityName": "Masanti di Sopra",
      "lat": 44.55,
      "lng": 9.616667
    },
    {
      "cityName": "Masanti di Sotto",
      "lat": 44.566667,
      "lng": 9.616667
    },
    {
      "cityName": "Masone",
      "lat": 44.5,
      "lng": 8.7
    },
    {
      "cityName": "Mattarana",
      "lat": 44.25,
      "lng": 9.616667
    },
    {
      "cityName": "Mazzola",
      "lat": 44.2,
      "lng": 10.133333
    },
    {
      "cityName": "Menconico",
      "lat": 44.8,
      "lng": 9.283333
    },
    {
      "cityName": "Menta",
      "lat": 44.433333,
      "lng": 9.5
    },
    {
      "cityName": "Merizzo",
      "lat": 44.266667,
      "lng": 9.983333
    },
    {
      "cityName": "Merli",
      "lat": 43.85,
      "lng": 7.733333
    },
    {
      "cityName": "Metteglia",
      "lat": 44.7,
      "lng": 9.416667
    },
    {
      "cityName": "Metti",
      "lat": 44.7,
      "lng": 9.8
    },
    {
      "cityName": "Mexi",
      "lat": 44.35,
      "lng": 9.259167
    },
    {
      "cityName": "Mignanego",
      "lat": 44.516667,
      "lng": 8.9
    },
    {
      "cityName": "Millesimo",
      "lat": 44.366667,
      "lng": 8.2
    },
    {
      "cityName": "Mistà",
      "lat": 44.783333,
      "lng": 9.683333
    },
    {
      "cityName": "Moano",
      "lat": 44.083333,
      "lng": 7.916667
    },
    {
      "cityName": "Mochignano di sopra",
      "lat": 44.316667,
      "lng": 10
    },
    {
      "cityName": "Mocomero",
      "lat": 44.783333,
      "lng": 9.8
    },
    {
      "cityName": "Moglie",
      "lat": 44.416667,
      "lng": 9
    },
    {
      "cityName": "Molare",
      "lat": 44.616667,
      "lng": 8.6
    },
    {
      "cityName": "Molina di Triora",
      "lat": 43.983333,
      "lng": 7.766667
    },
    {
      "cityName": "Molini",
      "lat": 43.916667,
      "lng": 7.933333
    },
    {
      "cityName": "Molino Nuovo",
      "lat": 43.983333,
      "lng": 8.133333
    },
    {
      "cityName": "Moltedo",
      "lat": 43.983333,
      "lng": 8.1
    },
    {
      "cityName": "Moltedo Superiore",
      "lat": 43.916667,
      "lng": 7.966667
    },
    {
      "cityName": "Mombaldone",
      "lat": 44.566667,
      "lng": 8.333333
    },
    {
      "cityName": "Monastero",
      "lat": 44.6,
      "lng": 9.766667
    },
    {
      "cityName": "Monchio delle Corti",
      "lat": 44.416667,
      "lng": 10.133333
    },
    {
      "cityName": "Monesiglio",
      "lat": 44.466667,
      "lng": 8.116667
    },
    {
      "cityName": "Mongiardino Ligure",
      "lat": 44.633333,
      "lng": 9.066667
    },
    {
      "cityName": "Montaldo di Cosola",
      "lat": 44.666667,
      "lng": 9.183333
    },
    {
      "cityName": "Montaldo",
      "lat": 44.516667,
      "lng": 8.333333
    },
    {
      "cityName": "Montale",
      "lat": 44.183333,
      "lng": 9.616667
    },
    {
      "cityName": "Montalto Ligure",
      "lat": 43.933333,
      "lng": 7.85
    },
    {
      "cityName": "Montanesi",
      "lat": 44.533333,
      "lng": 8.95
    },
    {
      "cityName": "Montazzolo",
      "lat": 44.7,
      "lng": 9.316667
    },
    {
      "cityName": "Monte Acuto",
      "lat": 44.883333,
      "lng": 9.2
    },
    {
      "cityName": "Montebore",
      "lat": 44.766667,
      "lng": 9.016667
    },
    {
      "cityName": "Montebruno",
      "lat": 44.516667,
      "lng": 9.25
    },
    {
      "cityName": "Montecapraro",
      "lat": 44.733333,
      "lng": 9.15
    },
    {
      "cityName": "Montechino",
      "lat": 44.8,
      "lng": 9.683333
    },
    {
      "cityName": "Montegrazie",
      "lat": 43.916667,
      "lng": 7.983333
    },
    {
      "cityName": "Montegrosso Pian Latte",
      "lat": 44.066667,
      "lng": 7.816667
    },
    {
      "cityName": "Montelama",
      "lat": 44.316667,
      "lng": 9.766667
    },
    {
      "cityName": "Montemaggio",
      "lat": 44.55,
      "lng": 9
    },
    {
      "cityName": "Monte Marcello",
      "lat": 44.05,
      "lng": 9.95
    },
    {
      "cityName": "Monte",
      "lat": 44.783333,
      "lng": 9.766667
    },
    {
      "cityName": "Montenotte Inferiore",
      "lat": 44.416667,
      "lng": 8.416667
    },
    {
      "cityName": "Montereggio",
      "lat": 44.3,
      "lng": 9.85
    },
    {
      "cityName": "Monterosso al Mare",
      "lat": 44.15,
      "lng": 9.65
    },
    {
      "cityName": "Montesalso",
      "lat": 44.716667,
      "lng": 9.983333
    },
    {
      "cityName": "Monticelli",
      "lat": 44.666667,
      "lng": 9.65
    },
    {
      "cityName": "Montoggio",
      "lat": 44.516667,
      "lng": 9.05
    },
    {
      "cityName": "Moranego",
      "lat": 44.466667,
      "lng": 9.1
    },
    {
      "cityName": "Morfasso",
      "lat": 44.716667,
      "lng": 9.7
    },
    {
      "cityName": "Morigallo",
      "lat": 44.466667,
      "lng": 8.916667
    },
    {
      "cityName": "Mortola Inferiore",
      "lat": 43.783333,
      "lng": 7.55
    },
    {
      "cityName": "Mortola Superiore",
      "lat": 43.8,
      "lng": 7.533333
    },
    {
      "cityName": "Muggiano",
      "lat": 44.083333,
      "lng": 9.9
    },
    {
      "cityName": "Mulazzo Lunigania",
      "lat": 44.316667,
      "lng": 9.883333
    },
    {
      "cityName": "Multedo",
      "lat": 44.416667,
      "lng": 8.816667
    },
    {
      "cityName": "Murazzano",
      "lat": 44.483333,
      "lng": 8.016667
    },
    {
      "cityName": "Murialdo",
      "lat": 44.316667,
      "lng": 8.15
    },
    {
      "cityName": "Musigliano",
      "lat": 44.8,
      "lng": 9.066667
    },
    {
      "cityName": "Nascio",
      "lat": 44.333333,
      "lng": 9.45
    },
    {
      "cityName": "Nasino",
      "lat": 44.116667,
      "lng": 8.033333
    },
    {
      "cityName": "Nazzano",
      "lat": 44.916667,
      "lng": 9.033333
    },
    {
      "cityName": "Neggi",
      "lat": 43.85,
      "lng": 7.7
    },
    {
      "cityName": "Neirone",
      "lat": 44.45,
      "lng": 9.183333
    },
    {
      "cityName": "Ne",
      "lat": 44.35,
      "lng": 9.4
    },
    {
      "cityName": "Nenno",
      "lat": 44.566667,
      "lng": 9.016667
    },
    {
      "cityName": "Nervi",
      "lat": 44.383333,
      "lng": 9.033333
    },
    {
      "cityName": "Nibbiano",
      "lat": 44.9,
      "lng": 9.316667
    },
    {
      "cityName": "Nicelli",
      "lat": 44.683333,
      "lng": 9.483333
    },
    {
      "cityName": "Niella Belbo",
      "lat": 44.516667,
      "lng": 8.083333
    },
    {
      "cityName": "Noli",
      "lat": 44.2,
      "lng": 8.433333
    },
    {
      "cityName": "Novegigola",
      "lat": 44.216667,
      "lng": 9.916667
    },
    {
      "cityName": "Noveglia",
      "lat": 44.583333,
      "lng": 9.766667
    },
    {
      "cityName": "Novi Ligure",
      "lat": 44.766667,
      "lng": 8.783333
    },
    {
      "cityName": "Nucetto",
      "lat": 44.333333,
      "lng": 8.066667
    },
    {
      "cityName": "Olba",
      "lat": 44.483333,
      "lng": 8.583333
    },
    {
      "cityName": "Olbicella",
      "lat": 44.533333,
      "lng": 8.583333
    },
    {
      "cityName": "Olivetta",
      "lat": 43.883333,
      "lng": 7.5
    },
    {
      "cityName": "Olivola",
      "lat": 44.216667,
      "lng": 10.016667
    },
    {
      "cityName": "Ollano",
      "lat": 44.3,
      "lng": 8.3
    },
    {
      "cityName": "Oneglia",
      "lat": 43.883333,
      "lng": 8.033333
    },
    {
      "cityName": "Oneto",
      "lat": 44.357778,
      "lng": 9.2875
    },
    {
      "cityName": "Orezzoli",
      "lat": 44.6,
      "lng": 9.366667
    },
    {
      "cityName": "Ormea",
      "lat": 44.15,
      "lng": 7.9
    },
    {
      "cityName": "Ortovero",
      "lat": 44.05,
      "lng": 8.116667
    },
    {
      "cityName": "Orvegno",
      "lat": 43.95,
      "lng": 7.633333
    },
    {
      "cityName": "Osacca",
      "lat": 44.55,
      "lng": 9.75
    },
    {
      "cityName": "Osera",
      "lat": 44.8,
      "lng": 9.5
    },
    {
      "cityName": "Osiglia",
      "lat": 44.283333,
      "lng": 8.2
    },
    {
      "cityName": "Ospedaletti",
      "lat": 43.8,
      "lng": 7.716667
    },
    {
      "cityName": "Ospitaletto",
      "lat": 44.3,
      "lng": 10.316667
    },
    {
      "cityName": "Ottone",
      "lat": 44.616667,
      "lng": 9.333333
    },
    {
      "cityName": "Ovada",
      "lat": 44.633333,
      "lng": 8.633333
    },
    {
      "cityName": "Paderna",
      "lat": 44.816667,
      "lng": 8.9
    },
    {
      "cityName": "Padivarma",
      "lat": 44.183333,
      "lng": 9.766667
    },
    {
      "cityName": "Pagana",
      "lat": 44.337778,
      "lng": 9.225
    },
    {
      "cityName": "Pagazzano",
      "lat": 44.566667,
      "lng": 9.983333
    },
    {
      "cityName": "Paggi",
      "lat": 44.35,
      "lng": 9.366667
    },
    {
      "cityName": "Pairola",
      "lat": 43.933333,
      "lng": 8.1
    },
    {
      "cityName": "Palanzano",
      "lat": 44.433333,
      "lng": 10.183333
    },
    {
      "cityName": "Pállare",
      "lat": 44.316667,
      "lng": 8.283333
    },
    {
      "cityName": "Pallerone",
      "lat": 44.2,
      "lng": 10
    },
    {
      "cityName": "Palmaro",
      "lat": 44.433333,
      "lng": 8.766667
    },
    {
      "cityName": "Palo",
      "lat": 44.483333,
      "lng": 8.533333
    },
    {
      "cityName": "Pampara",
      "lat": 43.866667,
      "lng": 7.816667
    },
    {
      "cityName": "Pannesi",
      "lat": 44.416667,
      "lng": 9.116667
    },
    {
      "cityName": "Pantasina",
      "lat": 43.933333,
      "lng": 7.933333
    },
    {
      "cityName": "Paraggi",
      "lat": 44.316667,
      "lng": 9.216667
    },
    {
      "cityName": "Parazzuolo",
      "lat": 44.3425,
      "lng": 9.273333
    },
    {
      "cityName": "Pareto",
      "lat": 44.566667,
      "lng": 9.083333
    },
    {
      "cityName": "Patigno",
      "lat": 44.35,
      "lng": 9.766667
    },
    {
      "cityName": "Pecorara",
      "lat": 44.883333,
      "lng": 9.383333
    },
    {
      "cityName": "Pegazzano",
      "lat": 44.116667,
      "lng": 9.8
    },
    {
      "cityName": "Pegui",
      "lat": 44.2,
      "lng": 9.85
    },
    {
      "cityName": "Peli",
      "lat": 44.733333,
      "lng": 9.433333
    },
    {
      "cityName": "Pellegrino Parmense",
      "lat": 44.733333,
      "lng": 9.916667
    },
    {
      "cityName": "Pellegrino",
      "lat": 44.356111,
      "lng": 9.248056
    },
    {
      "cityName": "Pelosa",
      "lat": 44.433333,
      "lng": 9.55
    },
    {
      "cityName": "Perinaldo",
      "lat": 43.866667,
      "lng": 7.666667
    },
    {
      "cityName": "Perino",
      "lat": 44.816667,
      "lng": 9.5
    },
    {
      "cityName": "Perondo",
      "lat": 44.166667,
      "lng": 7.883333
    },
    {
      "cityName": "Pero",
      "lat": 44.316667,
      "lng": 9.183333
    },
    {
      "cityName": "Persi",
      "lat": 44.733333,
      "lng": 8.966667
    },
    {
      "cityName": "Pertuso",
      "lat": 44.6,
      "lng": 9.5
    },
    {
      "cityName": "Pezzea",
      "lat": 44.55,
      "lng": 8.016667
    },
    {
      "cityName": "Piaggia",
      "lat": 44.083333,
      "lng": 7.75
    },
    {
      "cityName": "Piampaludo",
      "lat": 44.466667,
      "lng": 8.583333
    },
    {
      "cityName": "Piana Battolla",
      "lat": 44.183333,
      "lng": 9.85
    },
    {
      "cityName": "Piana Crixia",
      "lat": 44.483333,
      "lng": 8.3
    },
    {
      "cityName": "Pianadetto",
      "lat": 44.4,
      "lng": 10.1
    },
    {
      "cityName": "Pianavia",
      "lat": 43.95,
      "lng": 7.933333
    },
    {
      "cityName": "Pianchiosso",
      "lat": 44.25,
      "lng": 8.016667
    },
    {
      "cityName": "Pianelleto",
      "lat": 44.6,
      "lng": 9.816667
    },
    {
      "cityName": "Piani di Vallecrosia",
      "lat": 43.783333,
      "lng": 7.65
    },
    {
      "cityName": "Piano di Follo",
      "lat": 44.15,
      "lng": 9.883333
    },
    {
      "cityName": "Piazza",
      "lat": 44.233333,
      "lng": 9.55
    },
    {
      "cityName": "Piccoli",
      "lat": 44.75,
      "lng": 9.516667
    },
    {
      "cityName": "Pietracavata",
      "lat": 44.616667,
      "lng": 9.766667
    },
    {
      "cityName": "Pietra Gavina",
      "lat": 44.833333,
      "lng": 9.233333
    },
    {
      "cityName": "Pietra Ligure",
      "lat": 44.15,
      "lng": 8.283333
    },
    {
      "cityName": "Pietramogolana",
      "lat": 44.583333,
      "lng": 9.95
    },
    {
      "cityName": "Pietranera",
      "lat": 44.583333,
      "lng": 9.3
    },
    {
      "cityName": "Pieve Alta",
      "lat": 44.376667,
      "lng": 9.091667
    },
    {
      "cityName": "Pieve di Teco",
      "lat": 44.05,
      "lng": 7.933333
    },
    {
      "cityName": "Pieve Ligure",
      "lat": 44.366667,
      "lng": 9.083333
    },
    {
      "cityName": "Pievetta",
      "lat": 44.533333,
      "lng": 9.433333
    },
    {
      "cityName": "Pignona",
      "lat": 44.316667,
      "lng": 9.7
    },
    {
      "cityName": "Pignone",
      "lat": 44.166667,
      "lng": 9.716667
    },
    {
      "cityName": "Pione",
      "lat": 44.616667,
      "lng": 9.633333
    },
    {
      "cityName": "Pizzocorno",
      "lat": 44.85,
      "lng": 9.116667
    },
    {
      "cityName": "Pizzolo",
      "lat": 44.35,
      "lng": 9.616667
    },
    {
      "cityName": "Pizzonero",
      "lat": 44.633333,
      "lng": 9.233333
    },
    {
      "cityName": "Pobbio",
      "lat": 44.683333,
      "lng": 9.116667
    },
    {
      "cityName": "Podenzana",
      "lat": 44.2,
      "lng": 9.933333
    },
    {
      "cityName": "Poggialto",
      "lat": 43.983333,
      "lng": 7.9
    },
    {
      "cityName": "Poggio Ferrato",
      "lat": 44.866667,
      "lng": 9.166667
    },
    {
      "cityName": "Poggio Maggiore",
      "lat": 44.766667,
      "lng": 8.966667
    },
    {
      "cityName": "Poggio",
      "lat": 43.833333,
      "lng": 7.8
    },
    {
      "cityName": "Poggi",
      "lat": 43.866667,
      "lng": 7.983333
    },
    {
      "cityName": "Polanesi",
      "lat": 44.366667,
      "lng": 9.116667
    },
    {
      "cityName": "Polverara",
      "lat": 44.166667,
      "lng": 9.8
    },
    {
      "cityName": "Pometo",
      "lat": 44.916667,
      "lng": 9.283333
    },
    {
      "cityName": "Pompeiana",
      "lat": 43.85,
      "lng": 7.883333
    },
    {
      "cityName": "Pontecurone",
      "lat": 44.95,
      "lng": 8.933333
    },
    {
      "cityName": "Pontedassio",
      "lat": 43.933333,
      "lng": 8.016667
    },
    {
      "cityName": "Pontedecimo",
      "lat": 44.5,
      "lng": 8.9
    },
    {
      "cityName": "Ponte di Nava",
      "lat": 44.066667,
      "lng": 7.866667
    },
    {
      "cityName": "Ponte",
      "lat": 44.816667,
      "lng": 9.466667
    },
    {
      "cityName": "Pontinvrea",
      "lat": 44.45,
      "lng": 8.433333
    },
    {
      "cityName": "Ponti",
      "lat": 44.616667,
      "lng": 8.366667
    },
    {
      "cityName": "Pontolo",
      "lat": 44.5,
      "lng": 9.833333
    },
    {
      "cityName": "Pontremoli",
      "lat": 44.366667,
      "lng": 9.883333
    },
    {
      "cityName": "Ponzanello",
      "lat": 44.166667,
      "lng": 10
    },
    {
      "cityName": "Ponzone",
      "lat": 44.583333,
      "lng": 8.45
    },
    {
      "cityName": "Porcigatone",
      "lat": 44.516667,
      "lng": 9.733333
    },
    {
      "cityName": "Portofino",
      "lat": 44.3,
      "lng": 9.2
    },
    {
      "cityName": "Portofino Vetta",
      "lat": 44.333333,
      "lng": 9.166667
    },
    {
      "cityName": "Porto Maurizio",
      "lat": 43.866667,
      "lng": 8.016667
    },
    {
      "cityName": "Portovenere",
      "lat": 44.05,
      "lng": 9.85
    },
    {
      "cityName": "Poviglio",
      "lat": 44.383333,
      "lng": 10.233333
    },
    {
      "cityName": "Pozzallo",
      "lat": 44.816667,
      "lng": 9.333333
    },
    {
      "cityName": "Pozzolo Formigaro",
      "lat": 44.8,
      "lng": 8.783333
    },
    {
      "cityName": "Pozzolo",
      "lat": 44.733333,
      "lng": 9.816667
    },
    {
      "cityName": "Pracchi",
      "lat": 44.083333,
      "lng": 9.6
    },
    {
      "cityName": "Pradovera",
      "lat": 44.733333,
      "lng": 9.483333
    },
    {
      "cityName": "Pra",
      "lat": 44.433333,
      "lng": 8.783333
    },
    {
      "cityName": "Prato",
      "lat": 44.45,
      "lng": 9.016667
    },
    {
      "cityName": "Predosa",
      "lat": 44.75,
      "lng": 8.65
    },
    {
      "cityName": "Propata",
      "lat": 44.566667,
      "lng": 9.183333
    },
    {
      "cityName": "Pugliola",
      "lat": 44.083333,
      "lng": 9.916667
    },
    {
      "cityName": "Quarto dei Mille",
      "lat": 44.383333,
      "lng": 8.983333
    },
    {
      "cityName": "Quarzina",
      "lat": 44.133333,
      "lng": 7.866667
    },
    {
      "cityName": "Quiliano",
      "lat": 44.3,
      "lng": 8.4
    },
    {
      "cityName": "Quinto al Mare",
      "lat": 44.383333,
      "lng": 9.016667
    },
    {
      "cityName": "Ramiseto",
      "lat": 44.416667,
      "lng": 10.266667
    },
    {
      "cityName": "Ranzano",
      "lat": 44.466667,
      "lng": 10.25
    },
    {
      "cityName": "Rapallo",
      "lat": 44.35,
      "lng": 9.233333
    },
    {
      "cityName": "Recco",
      "lat": 44.366667,
      "lng": 9.15
    },
    {
      "cityName": "Reggimonti",
      "lat": 44.2,
      "lng": 9.583333
    },
    {
      "cityName": "Regnano",
      "lat": 44.233333,
      "lng": 10.216667
    },
    {
      "cityName": "Reisoni",
      "lat": 44.533333,
      "lng": 9.283333
    },
    {
      "cityName": "Reno",
      "lat": 44.533333,
      "lng": 10.183333
    },
    {
      "cityName": "Rensa",
      "lat": 44.216667,
      "lng": 10.183333
    },
    {
      "cityName": "Reppia",
      "lat": 44.366667,
      "lng": 9.45
    },
    {
      "cityName": "Restano",
      "lat": 44.733333,
      "lng": 9.616667
    },
    {
      "cityName": "Rezza",
      "lat": 44.316667,
      "lng": 9.35
    },
    {
      "cityName": "Rezzoaglio",
      "lat": 44.533333,
      "lng": 9.383333
    },
    {
      "cityName": "Rezzo",
      "lat": 44.033333,
      "lng": 7.866667
    },
    {
      "cityName": "Riccò del Golfo di Spezia",
      "lat": 44.15,
      "lng": 9.783333
    },
    {
      "cityName": "Rigolo",
      "lat": 44.716667,
      "lng": 9.616667
    },
    {
      "cityName": "Rigoso",
      "lat": 44.366667,
      "lng": 10.133333
    },
    {
      "cityName": "Rimagna",
      "lat": 44.383333,
      "lng": 10.133333
    },
    {
      "cityName": "Rio",
      "lat": 44.3,
      "lng": 9.666667
    },
    {
      "cityName": "Riva Levante",
      "lat": 44.25,
      "lng": 9.416667
    },
    {
      "cityName": "Riva Ligure",
      "lat": 43.833333,
      "lng": 7.883333
    },
    {
      "cityName": "Rivanazzano",
      "lat": 44.933333,
      "lng": 9.016667
    },
    {
      "cityName": "Rivarolo Ligure",
      "lat": 44.433333,
      "lng": 8.9
    },
    {
      "cityName": "Riva Santo Stefano",
      "lat": 43.833333,
      "lng": 7.9
    },
    {
      "cityName": "Riva Trigoso",
      "lat": 44.260833,
      "lng": 9.423889
    },
    {
      "cityName": "Rocca di Varsi",
      "lat": 44.65,
      "lng": 9.833333
    },
    {
      "cityName": "Roccaforte Ligure",
      "lat": 44.666667,
      "lng": 9.016667
    },
    {
      "cityName": "Roccaprebalza",
      "lat": 44.516667,
      "lng": 9.95
    },
    {
      "cityName": "Rocca",
      "lat": 44.583333,
      "lng": 8.733333
    },
    {
      "cityName": "Rocca Susella",
      "lat": 44.916667,
      "lng": 9.1
    },
    {
      "cityName": "Roccatagliata",
      "lat": 44.473006,
      "lng": 9.19826
    },
    {
      "cityName": "Rocchetta di Vara",
      "lat": 44.25,
      "lng": 9.766667
    },
    {
      "cityName": "Rocchetta Ligure",
      "lat": 44.7,
      "lng": 9.05
    },
    {
      "cityName": "Rocchetta Nervina",
      "lat": 43.883333,
      "lng": 7.6
    },
    {
      "cityName": "Romagnese",
      "lat": 44.833333,
      "lng": 9.333333
    },
    {
      "cityName": "Rometta",
      "lat": 44.2,
      "lng": 10.05
    },
    {
      "cityName": "Roncagli",
      "lat": 43.966667,
      "lng": 8.05
    },
    {
      "cityName": "Ronchi",
      "lat": 44.633333,
      "lng": 9.916667
    },
    {
      "cityName": "Roncole",
      "lat": 44.516667,
      "lng": 9.616667
    },
    {
      "cityName": "Ronco Scrivia",
      "lat": 44.616667,
      "lng": 8.983333
    },
    {
      "cityName": "Rosano",
      "lat": 44.933333,
      "lng": 8.966667
    },
    {
      "cityName": "Rossano",
      "lat": 44.316667,
      "lng": 9.783333
    },
    {
      "cityName": "Rossiglione",
      "lat": 44.566667,
      "lng": 8.666667
    },
    {
      "cityName": "Roveleto",
      "lat": 44.8,
      "lng": 9.85
    },
    {
      "cityName": "Roverazza",
      "lat": 44.466667,
      "lng": 8.733333
    },
    {
      "cityName": "Rovere",
      "lat": 43.916667,
      "lng": 8.1
    },
    {
      "cityName": "Rovereto",
      "lat": 44.295,
      "lng": 9.435556
    },
    {
      "cityName": "Rovieto",
      "lat": 44.4,
      "lng": 8.5
    },
    {
      "cityName": "Rustighino",
      "lat": 44.7,
      "lng": 9.716667
    },
    {
      "cityName": "Sala",
      "lat": 44.783333,
      "lng": 9.25
    },
    {
      "cityName": "Salice",
      "lat": 44.916667,
      "lng": 9.016667
    },
    {
      "cityName": "Saliceto",
      "lat": 44.416667,
      "lng": 8.166667
    },
    {
      "cityName": "Salsominore",
      "lat": 44.633333,
      "lng": 9.416667
    },
    {
      "cityName": "Salto",
      "lat": 44.4,
      "lng": 9.166667
    },
    {
      "cityName": "Sambuceto",
      "lat": 44.316667,
      "lng": 9.416667
    },
    {
      "cityName": "San Bartolomeo di Bussonengo",
      "lat": 44.378333,
      "lng": 9.110833
    },
    {
      "cityName": "San Bartolomeo",
      "lat": 43.833333,
      "lng": 7.75
    },
    {
      "cityName": "San Bernardino",
      "lat": 44.133333,
      "lng": 9.7
    },
    {
      "cityName": "San Bernardo di Conio",
      "lat": 44,
      "lng": 7.866667
    },
    {
      "cityName": "San Bernardo",
      "lat": 43.8,
      "lng": 7.583333
    },
    {
      "cityName": "San Biagio della Cima",
      "lat": 43.816667,
      "lng": 7.65
    },
    {
      "cityName": "San Biagio",
      "lat": 44.383333,
      "lng": 9.583333
    },
    {
      "cityName": "San Carlo di Cese",
      "lat": 44.483333,
      "lng": 8.833333
    },
    {
      "cityName": "San Colombano Certenoli",
      "lat": 44.366667,
      "lng": 9.333333
    },
    {
      "cityName": "San Cristoforo",
      "lat": 44.75,
      "lng": 9.35
    },
    {
      "cityName": "San Desiderio",
      "lat": 44.883333,
      "lng": 9.033333
    },
    {
      "cityName": "San Genesio",
      "lat": 44.8,
      "lng": 9.766667
    },
    {
      "cityName": "San Giuseppe di Cairo",
      "lat": 44.366667,
      "lng": 8.3
    },
    {
      "cityName": "San Gregorio",
      "lat": 43.916667,
      "lng": 7.716667
    },
    {
      "cityName": "Sanguignano",
      "lat": 44.9,
      "lng": 9.116667
    },
    {
      "cityName": "Sanguineto",
      "lat": 44.333889,
      "lng": 9.305278
    },
    {
      "cityName": "San Ilario",
      "lat": 44.386111,
      "lng": 9.056667
    },
    {
      "cityName": "San Lazzaro Reale",
      "lat": 43.983333,
      "lng": 7.966667
    },
    {
      "cityName": "San Lazzaro",
      "lat": 44.266667,
      "lng": 9.466667
    },
    {
      "cityName": "San Lorenzo al Mare",
      "lat": 43.85,
      "lng": 7.966667
    },
    {
      "cityName": "San Lorenzo della Costa",
      "lat": 44.333333,
      "lng": 9.183333
    },
    {
      "cityName": "San Lorenzo",
      "lat": 43.816667,
      "lng": 7.75
    },
    {
      "cityName": "San Martino di Noceto",
      "lat": 44.360556,
      "lng": 9.178611
    },
    {
      "cityName": "San Martino",
      "lat": 44.326111,
      "lng": 9.355278
    },
    {
      "cityName": "San Martino Stella",
      "lat": 44.383333,
      "lng": 8.516667
    },
    {
      "cityName": "San Massimo",
      "lat": 44.3475,
      "lng": 9.19
    },
    {
      "cityName": "San Maurizio del Monte",
      "lat": 44.373889,
      "lng": 9.244444
    },
    {
      "cityName": "San Michele",
      "lat": 43.883333,
      "lng": 7.516667
    },
    {
      "cityName": "San Pier d'Arena",
      "lat": 44.416667,
      "lng": 8.866667
    },
    {
      "cityName": "San Pier di Canne",
      "lat": 44.328333,
      "lng": 9.330556
    },
    {
      "cityName": "San Pietro di Novella",
      "lat": 44.3625,
      "lng": 9.210556
    },
    {
      "cityName": "San Pietro di Vara",
      "lat": 44.333333,
      "lng": 9.583333
    },
    {
      "cityName": "San Pietro",
      "lat": 44.260556,
      "lng": 9.426389
    },
    {
      "cityName": "San Quirico d'Assereto",
      "lat": 44.379167,
      "lng": 9.225
    },
    {
      "cityName": "San Quirico in Val di Polcevera",
      "lat": 44.483333,
      "lng": 8.883333
    },
    {
      "cityName": "San Remo",
      "lat": 43.816667,
      "lng": 7.766667
    },
    {
      "cityName": "San Rocco",
      "lat": 44.335833,
      "lng": 9.157222
    },
    {
      "cityName": "San Salvatore",
      "lat": 44.330278,
      "lng": 9.359444
    },
    {
      "cityName": "San Sebastiano",
      "lat": 43.916667,
      "lng": 7.683333
    },
    {
      "cityName": "San Siro Foce",
      "lat": 44.4,
      "lng": 9.416667
    },
    {
      "cityName": "San Siro",
      "lat": 44.384444,
      "lng": 9.04
    },
    {
      "cityName": "Santa Cristina",
      "lat": 44.833333,
      "lng": 9.25
    },
    {
      "cityName": "Santa Giustina",
      "lat": 44.416667,
      "lng": 8.483333
    },
    {
      "cityName": "Santa Margherita Ligure",
      "lat": 44.333333,
      "lng": 9.2
    },
    {
      "cityName": "Santa Maria del Campo",
      "lat": 44.358333,
      "lng": 9.199444
    },
    {
      "cityName": "Santa Maria del Taro",
      "lat": 44.433333,
      "lng": 9.483333
    },
    {
      "cityName": "Sant'Ambrogio",
      "lat": 44.346111,
      "lng": 9.256667
    },
    {
      "cityName": "Sant' Andrea di Foggia",
      "lat": 44.381667,
      "lng": 9.2
    },
    {
      "cityName": "Sant'Andrea",
      "lat": 44.716667,
      "lng": 8.5
    },
    {
      "cityName": "Sant'Anna",
      "lat": 43.083333,
      "lng": 7.783333
    },
    {
      "cityName": "Sant' Anna",
      "lat": 44.353333,
      "lng": 9.218056
    },
    {
      "cityName": "Sant'Antonio",
      "lat": 43.816667,
      "lng": 7.55
    },
    {
      "cityName": "Sant' Apollinare",
      "lat": 44.372222,
      "lng": 9.115556
    },
    {
      "cityName": "Santa Sabina",
      "lat": 44.264444,
      "lng": 9.428333
    },
    {
      "cityName": "Santa Vittoria di Libiola",
      "lat": 44.283333,
      "lng": 9.433333
    },
    {
      "cityName": "Sant'Eusebio",
      "lat": 44.9,
      "lng": 9.15
    },
    {
      "cityName": "Santissima Annunziata",
      "lat": 44.366667,
      "lng": 9.9
    },
    {
      "cityName": "Santo Stefano d'Aveto",
      "lat": 44.583333,
      "lng": 9.45
    },
    {
      "cityName": "Santo Stefano del Ponte",
      "lat": 44.271667,
      "lng": 9.408333
    },
    {
      "cityName": "San Vittore",
      "lat": 44.766667,
      "lng": 9.983333
    },
    {
      "cityName": "Sarezzano",
      "lat": 44.866667,
      "lng": 8.916667
    },
    {
      "cityName": "Sarissola",
      "lat": 44.583333,
      "lng": 8.95
    },
    {
      "cityName": "Sarola",
      "lat": 43.95,
      "lng": 7.983333
    },
    {
      "cityName": "Sarzana",
      "lat": 44.116667,
      "lng": 9.966667
    },
    {
      "cityName": "Sarzanello",
      "lat": 44.1,
      "lng": 9.966667
    },
    {
      "cityName": "Sassalbo",
      "lat": 44.283333,
      "lng": 10.2
    },
    {
      "cityName": "Sassello",
      "lat": 44.483333,
      "lng": 8.5
    },
    {
      "cityName": "Savona",
      "lat": 44.283333,
      "lng": 8.5
    },
    {
      "cityName": "Scabbiazza",
      "lat": 44.783333,
      "lng": 9.433333
    },
    {
      "cityName": "Scarniago",
      "lat": 44.85,
      "lng": 9.466667
    },
    {
      "cityName": "Scoffera",
      "lat": 44.483333,
      "lng": 9.116667
    },
    {
      "cityName": "Scogna Superiore",
      "lat": 44.283333,
      "lng": 9.7
    },
    {
      "cityName": "Scorcetoli",
      "lat": 44.35,
      "lng": 9.916667
    },
    {
      "cityName": "Seborga",
      "lat": 43.816667,
      "lng": 7.683333
    },
    {
      "cityName": "Segheria dell'Abetina",
      "lat": 44.25,
      "lng": 10.433333
    },
    {
      "cityName": "Segno",
      "lat": 44.25,
      "lng": 8.383333
    },
    {
      "cityName": "Selvanizza",
      "lat": 44.433333,
      "lng": 10.233333
    },
    {
      "cityName": "Selva",
      "lat": 44.583333,
      "lng": 9.466667
    },
    {
      "cityName": "Semorile",
      "lat": 44.35,
      "lng": 9.266667
    },
    {
      "cityName": "Senarega",
      "lat": 44.55,
      "lng": 9.116667
    },
    {
      "cityName": "Serole",
      "lat": 44.55,
      "lng": 8.266667
    },
    {
      "cityName": "Serò",
      "lat": 44.266667,
      "lng": 9.733333
    },
    {
      "cityName": "Serra del Monte",
      "lat": 44.833333,
      "lng": 9.066667
    },
    {
      "cityName": "Serra Riccò",
      "lat": 44.533333,
      "lng": 8.933333
    },
    {
      "cityName": "Serra",
      "lat": 44.4,
      "lng": 9.2
    },
    {
      "cityName": "Serrato",
      "lat": 44.533333,
      "lng": 9.033333
    },
    {
      "cityName": "Serravalle delle Langhe",
      "lat": 44.566667,
      "lng": 8.05
    },
    {
      "cityName": "Serravalle Libarna",
      "lat": 44.716667,
      "lng": 8.85
    },
    {
      "cityName": "Serreta",
      "lat": 43.916667,
      "lng": 8.05
    },
    {
      "cityName": "Sesta Godano",
      "lat": 44.283333,
      "lng": 9.666667
    },
    {
      "cityName": "Sestri Levante",
      "lat": 44.266667,
      "lng": 9.4
    },
    {
      "cityName": "Sestri Ponente",
      "lat": 44.416667,
      "lng": 8.85
    },
    {
      "cityName": "Sgarbozio",
      "lat": 44.766667,
      "lng": 9.733333
    },
    {
      "cityName": "Signatico",
      "lat": 44.55,
      "lng": 10.133333
    },
    {
      "cityName": "Silvano d'Orba",
      "lat": 44.683333,
      "lng": 8.666667
    },
    {
      "cityName": "Sivizzo",
      "lat": 44.45,
      "lng": 10.1
    },
    {
      "cityName": "Soglio",
      "lat": 44.383333,
      "lng": 9.266667
    },
    {
      "cityName": "Solarolo",
      "lat": 44.766667,
      "lng": 9.083333
    },
    {
      "cityName": "Solaro",
      "lat": 44.883333,
      "lng": 9.166667
    },
    {
      "cityName": "Soldano",
      "lat": 43.833333,
      "lng": 7.65
    },
    {
      "cityName": "Sopralacroce",
      "lat": 44.433333,
      "lng": 9.416667
    },
    {
      "cityName": "Sori",
      "lat": 44.366667,
      "lng": 9.1
    },
    {
      "cityName": "Sorlana",
      "lat": 44.308333,
      "lng": 9.39
    },
    {
      "cityName": "Soviore",
      "lat": 44.15,
      "lng": 9.666667
    },
    {
      "cityName": "Specchio",
      "lat": 44.666667,
      "lng": 9.95
    },
    {
      "cityName": "Sperongia",
      "lat": 44.733333,
      "lng": 9.75
    },
    {
      "cityName": "Spigno Monferrato",
      "lat": 44.55,
      "lng": 8.333333
    },
    {
      "cityName": "Spinello",
      "lat": 44.8,
      "lng": 9.516667
    },
    {
      "cityName": "Spora",
      "lat": 44.5,
      "lng": 9.533333
    },
    {
      "cityName": "Spotorno",
      "lat": 44.233333,
      "lng": 8.416667
    },
    {
      "cityName": "Staglieno",
      "lat": 44.433333,
      "lng": 8.95
    },
    {
      "cityName": "Stazzano",
      "lat": 44.733333,
      "lng": 8.866667
    },
    {
      "cityName": "Stellanello",
      "lat": 44,
      "lng": 8.05
    },
    {
      "cityName": "Stibiveri",
      "lat": 44.466667,
      "lng": 9.35
    },
    {
      "cityName": "Strela",
      "lat": 44.5,
      "lng": 9.683333
    },
    {
      "cityName": "Strepeto",
      "lat": 44.45,
      "lng": 9.55
    },
    {
      "cityName": "Strevi",
      "lat": 44.7,
      "lng": 8.516667
    },
    {
      "cityName": "Struppa",
      "lat": 44.45,
      "lng": 9.033333
    },
    {
      "cityName": "Sturla",
      "lat": 44.4,
      "lng": 8.983333
    },
    {
      "cityName": "Succiso Inferiore",
      "lat": 44.366667,
      "lng": 10.183333
    },
    {
      "cityName": "Succiso Superiore",
      "lat": 44.366667,
      "lng": 10.2
    },
    {
      "cityName": "Suzzi",
      "lat": 44.633333,
      "lng": 9.216667
    },
    {
      "cityName": "Taggia",
      "lat": 43.866667,
      "lng": 7.85
    },
    {
      "cityName": "Talavorno",
      "lat": 44.316667,
      "lng": 9.916667
    },
    {
      "cityName": "Tarsogno",
      "lat": 44.45,
      "lng": 9.616667
    },
    {
      "cityName": "Tassara",
      "lat": 44.380556,
      "lng": 9.198333
    },
    {
      "cityName": "Tasso",
      "lat": 44.45,
      "lng": 9.133333
    },
    {
      "cityName": "Tavarone",
      "lat": 44.3,
      "lng": 9.533333
    },
    {
      "cityName": "Tavernelle",
      "lat": 44.3,
      "lng": 10.066667
    },
    {
      "cityName": "Tavole",
      "lat": 43.933333,
      "lng": 7.9
    },
    {
      "cityName": "Temossi",
      "lat": 44.45,
      "lng": 9.366667
    },
    {
      "cityName": "Tendola",
      "lat": 44.15,
      "lng": 10.05
    },
    {
      "cityName": "Terenzano",
      "lat": 44.216667,
      "lng": 10.15
    },
    {
      "cityName": "Terenzo",
      "lat": 44.616667,
      "lng": 10.083333
    },
    {
      "cityName": "Terisso",
      "lat": 44.366667,
      "lng": 9.416667
    },
    {
      "cityName": "Termo de La Spezia",
      "lat": 44.116667,
      "lng": 9.866667
    },
    {
      "cityName": "Terrarossa",
      "lat": 44.233333,
      "lng": 9.966667
    },
    {
      "cityName": "Terzorio",
      "lat": 43.85,
      "lng": 7.9
    },
    {
      "cityName": "Testico",
      "lat": 44,
      "lng": 8.016667
    },
    {
      "cityName": "Tiglieto",
      "lat": 44.516667,
      "lng": 8.616667
    },
    {
      "cityName": "Tizzano Val Parma",
      "lat": 44.516667,
      "lng": 10.2
    },
    {
      "cityName": "Toirano",
      "lat": 44.133333,
      "lng": 8.216667
    },
    {
      "cityName": "Tornolo",
      "lat": 44.483333,
      "lng": 9.616667
    },
    {
      "cityName": "Torrazza",
      "lat": 43.883333,
      "lng": 7.966667
    },
    {
      "cityName": "Torre degli Alberi",
      "lat": 44.9,
      "lng": 9.233333
    },
    {
      "cityName": "Torre Gandini",
      "lat": 44.916667,
      "lng": 9.3
    },
    {
      "cityName": "Torre Paponi",
      "lat": 43.883333,
      "lng": 7.933333
    },
    {
      "cityName": "Torria",
      "lat": 43.983333,
      "lng": 7.983333
    },
    {
      "cityName": "Torriglia",
      "lat": 44.516667,
      "lng": 9.166667
    },
    {
      "cityName": "Torrini",
      "lat": 44.55,
      "lng": 9.4
    },
    {
      "cityName": "Tosca",
      "lat": 44.616667,
      "lng": 9.816667
    },
    {
      "cityName": "Tovo",
      "lat": 43.966667,
      "lng": 8.1
    },
    {
      "cityName": "Traschio",
      "lat": 44.65,
      "lng": 9.316667
    },
    {
      "cityName": "Traso",
      "lat": 44.433333,
      "lng": 9.083333
    },
    {
      "cityName": "Trebbiano Nizza",
      "lat": 44.883333,
      "lng": 9.116667
    },
    {
      "cityName": "Trebbiano",
      "lat": 44.1,
      "lng": 9.916667
    },
    {
      "cityName": "Trebecco",
      "lat": 44.883333,
      "lng": 9.283333
    },
    {
      "cityName": "Trigoso",
      "lat": 44.266667,
      "lng": 9.433333
    },
    {
      "cityName": "Trinità",
      "lat": 43.833333,
      "lng": 7.583333
    },
    {
      "cityName": "Trisobbio",
      "lat": 44.666667,
      "lng": 8.583333
    },
    {
      "cityName": "Trucco",
      "lat": 43.85,
      "lng": 7.583333
    },
    {
      "cityName": "Uscio",
      "lat": 44.416667,
      "lng": 9.166667
    },
    {
      "cityName": "Vado Ligure",
      "lat": 44.283333,
      "lng": 8.45
    },
    {
      "cityName": "Vairo",
      "lat": 44.416667,
      "lng": 10.216667
    },
    {
      "cityName": "Valdantena Casalina",
      "lat": 44.416667,
      "lng": 9.933333
    },
    {
      "cityName": "Valdena",
      "lat": 44.45,
      "lng": 9.783333
    },
    {
      "cityName": "Valditacca",
      "lat": 44.383333,
      "lng": 10.1
    },
    {
      "cityName": "Valeriano Lunense",
      "lat": 44.15,
      "lng": 9.85
    },
    {
      "cityName": "Vallebona",
      "lat": 43.816667,
      "lng": 7.666667
    },
    {
      "cityName": "Vallebuona",
      "lat": 44.45,
      "lng": 9.116667
    },
    {
      "cityName": "Vallecrosia",
      "lat": 43.8,
      "lng": 7.65
    },
    {
      "cityName": "Vallerenzo",
      "lat": 44.883333,
      "lng": 9.366667
    },
    {
      "cityName": "Vallescura",
      "lat": 44.516667,
      "lng": 9.283333
    },
    {
      "cityName": "Valletti",
      "lat": 44.366667,
      "lng": 9.516667
    },
    {
      "cityName": "Valsigiara",
      "lat": 44.633333,
      "lng": 9.316667
    },
    {
      "cityName": "Varano de' Melegari",
      "lat": 44.683333,
      "lng": 10.016667
    },
    {
      "cityName": "Varano",
      "lat": 44.283333,
      "lng": 10.066667
    },
    {
      "cityName": "Varazze",
      "lat": 44.366667,
      "lng": 8.566667
    },
    {
      "cityName": "Varese Ligure",
      "lat": 44.366667,
      "lng": 9.616667
    },
    {
      "cityName": "Varigotti",
      "lat": 44.183333,
      "lng": 8.4
    },
    {
      "cityName": "Varni",
      "lat": 44.6,
      "lng": 9.216667
    },
    {
      "cityName": "Varsi",
      "lat": 44.666667,
      "lng": 9.85
    },
    {
      "cityName": "Varzi",
      "lat": 44.816667,
      "lng": 9.2
    },
    {
      "cityName": "Velici Inferiore",
      "lat": 44.283333,
      "lng": 9.45
    },
    {
      "cityName": "Velva",
      "lat": 44.266667,
      "lng": 9.55
    },
    {
      "cityName": "Vendaso",
      "lat": 44.25,
      "lng": 10.183333
    },
    {
      "cityName": "Ventimiglia",
      "lat": 43.783333,
      "lng": 7.6
    },
    {
      "cityName": "Verezzo",
      "lat": 43.85,
      "lng": 7.783333
    },
    {
      "cityName": "Vernasca",
      "lat": 44.8,
      "lng": 9.816667
    },
    {
      "cityName": "Vescina",
      "lat": 44.379167,
      "lng": 9.166667
    },
    {
      "cityName": "Vesima",
      "lat": 44.416667,
      "lng": 8.716667
    },
    {
      "cityName": "Vesime",
      "lat": 44.633333,
      "lng": 8.216667
    },
    {
      "cityName": "Vessalico",
      "lat": 44.05,
      "lng": 7.966667
    },
    {
      "cityName": "Vezzano Ligure",
      "lat": 44.15,
      "lng": 9.866667
    },
    {
      "cityName": "Vezzola",
      "lat": 44.266667,
      "lng": 9.75
    },
    {
      "cityName": "Vicanino",
      "lat": 44.8,
      "lng": 9.75
    },
    {
      "cityName": "Vico Soprano",
      "lat": 44.566667,
      "lng": 9.4
    },
    {
      "cityName": "Vignai",
      "lat": 43.916667,
      "lng": 7.766667
    },
    {
      "cityName": "Vignana",
      "lat": 44.183333,
      "lng": 9.633333
    },
    {
      "cityName": "Vignola",
      "lat": 44.383333,
      "lng": 9.85
    },
    {
      "cityName": "Vigoleno",
      "lat": 44.816667,
      "lng": 9.9
    },
    {
      "cityName": "Vigolo",
      "lat": 44.8,
      "lng": 9.616667
    },
    {
      "cityName": "Viguzzolo",
      "lat": 44.9,
      "lng": 8.916667
    },
    {
      "cityName": "Villa Faraldi",
      "lat": 43.966667,
      "lng": 8.083333
    },
    {
      "cityName": "Villafranca in Lunigiana",
      "lat": 44.283333,
      "lng": 9.95
    },
    {
      "cityName": "Villagrossa",
      "lat": 44.25,
      "lng": 9.833333
    },
    {
      "cityName": "Villaivernia",
      "lat": 44.816667,
      "lng": 8.85
    },
    {
      "cityName": "Villarelli",
      "lat": 44,
      "lng": 8.066667
    },
    {
      "cityName": "Villa Solari",
      "lat": 44.326667,
      "lng": 9.2925
    },
    {
      "cityName": "Villatella",
      "lat": 43.833333,
      "lng": 7.533333
    },
    {
      "cityName": "Villa Viani",
      "lat": 43.933333,
      "lng": 7.983333
    },
    {
      "cityName": "Villa",
      "lat": 44.866667,
      "lng": 8.983333
    },
    {
      "cityName": "Villecchia",
      "lat": 44.266667,
      "lng": 9.883333
    },
    {
      "cityName": "Ville San Pietro",
      "lat": 43.966667,
      "lng": 7.9
    },
    {
      "cityName": "Ville San Sebastiano",
      "lat": 43.966667,
      "lng": 7.916667
    },
    {
      "cityName": "Villora",
      "lat": 44.683333,
      "lng": 9.816667
    },
    {
      "cityName": "Viola",
      "lat": 44.283333,
      "lng": 7.966667
    },
    {
      "cityName": "Viserano",
      "lat": 44.833333,
      "lng": 9.533333
    },
    {
      "cityName": "Vobbia",
      "lat": 44.6,
      "lng": 9.033333
    },
    {
      "cityName": "Volpara",
      "lat": 44.716667,
      "lng": 9.116667
    },
    {
      "cityName": "Volpedo",
      "lat": 44.883333,
      "lng": 8.983333
    },
    {
      "cityName": "Volpi",
      "lat": 44.716667,
      "lng": 9.866667
    },
    {
      "cityName": "Voltaggio",
      "lat": 44.616667,
      "lng": 8.833333
    },
    {
      "cityName": "Voltri",
      "lat": 44.433333,
      "lng": 8.75
    },
    {
      "cityName": "Voze",
      "lat": 44.216667,
      "lng": 8.4
    },
    {
      "cityName": "Zanacchi",
      "lat": 44.766667,
      "lng": 9.35
    },
    {
      "cityName": "Zavattarello-Valverde",
      "lat": 44.866667,
      "lng": 9.266667
    },
    {
      "cityName": "Ziona",
      "lat": 44.266667,
      "lng": 9.616667
    },
    {
      "cityName": "Zoagli",
      "lat": 44.333333,
      "lng": 9.266667
    },
    {
      "cityName": "Zuccarello",
      "lat": 44.116667,
      "lng": 8.116667
    }
  ]
}