{
  "name": "Calabria",
  "cities": [
    {
      "cityName": "Acqua di Santa Domenica",
      "lat": 39.9,
      "lng": 16
    },
    {
      "cityName": "Acquaformosa",
      "lat": 39.716667,
      "lng": 16.083333
    },
    {
      "cityName": "Acquafredda",
      "lat": 38.983333,
      "lng": 16.25
    },
    {
      "cityName": "Acquappesa",
      "lat": 39.483333,
      "lng": 15.95
    },
    {
      "cityName": "Acquaro",
      "lat": 38.283333,
      "lng": 15.9
    },
    {
      "cityName": "Acri",
      "lat": 39.483333,
      "lng": 16.383333
    },
    {
      "cityName": "Acrifoglio",
      "lat": 39.133333,
      "lng": 16.333333
    },
    {
      "cityName": "Adami",
      "lat": 39.066667,
      "lng": 16.333333
    },
    {
      "cityName": "Aiello",
      "lat": 39.116667,
      "lng": 16.166667
    },
    {
      "cityName": "Albergo",
      "lat": 39.066667,
      "lng": 16.55
    },
    {
      "cityName": "Albi",
      "lat": 39.016667,
      "lng": 16.6
    },
    {
      "cityName": "Albidona",
      "lat": 39.916667,
      "lng": 16.466667
    },
    {
      "cityName": "Alessándria",
      "lat": 39.95,
      "lng": 16.383333
    },
    {
      "cityName": "Altilia",
      "lat": 39.133333,
      "lng": 16.25
    },
    {
      "cityName": "Altomonte",
      "lat": 39.7,
      "lng": 16.133333
    },
    {
      "cityName": "Amantea",
      "lat": 39.133333,
      "lng": 16.066667
    },
    {
      "cityName": "Amaroni",
      "lat": 38.783333,
      "lng": 16.45
    },
    {
      "cityName": "Amendolara",
      "lat": 39.95,
      "lng": 16.583333
    },
    {
      "cityName": "Amica",
      "lat": 39.6,
      "lng": 16.683333
    },
    {
      "cityName": "Andali",
      "lat": 39.016667,
      "lng": 16.766667
    },
    {
      "cityName": "Angoli",
      "lat": 38.966667,
      "lng": 16.433333
    },
    {
      "cityName": "Annunziata",
      "lat": 39.166667,
      "lng": 16.066667
    },
    {
      "cityName": "Anoia",
      "lat": 38.45,
      "lng": 16.083333
    },
    {
      "cityName": "Apatia",
      "lat": 39.216667,
      "lng": 16.75
    },
    {
      "cityName": "Apriglianello",
      "lat": 39.083333,
      "lng": 17.05
    },
    {
      "cityName": "Aprigliano",
      "lat": 39.233333,
      "lng": 16.333333
    },
    {
      "cityName": "Arangea",
      "lat": 38.1,
      "lng": 15.7
    },
    {
      "cityName": "Archi",
      "lat": 38.15,
      "lng": 15.65
    },
    {
      "cityName": "Arena",
      "lat": 38.566667,
      "lng": 16.216667
    },
    {
      "cityName": "Argusto",
      "lat": 38.666667,
      "lng": 16.433333
    },
    {
      "cityName": "Arietta",
      "lat": 39.05,
      "lng": 16.783333
    },
    {
      "cityName": "Ariola",
      "lat": 38.583333,
      "lng": 16.233333
    },
    {
      "cityName": "Armo",
      "lat": 38.083333,
      "lng": 15.733333
    },
    {
      "cityName": "Arzona",
      "lat": 38.633333,
      "lng": 16.05
    },
    {
      "cityName": "Attilia",
      "lat": 39.183333,
      "lng": 16.866667
    },
    {
      "cityName": "Avena",
      "lat": 39.866667,
      "lng": 15.916667
    },
    {
      "cityName": "Badia",
      "lat": 38.4,
      "lng": 15.95
    },
    {
      "cityName": "Badolato",
      "lat": 38.566667,
      "lng": 16.516667
    },
    {
      "cityName": "Badolato Stazione",
      "lat": 38.566667,
      "lng": 16.566667
    },
    {
      "cityName": "Baffi",
      "lat": 39.583333,
      "lng": 16.3
    },
    {
      "cityName": "Bagnara Calabra",
      "lat": 38.283333,
      "lng": 15.8
    },
    {
      "cityName": "Balanello",
      "lat": 39.6,
      "lng": 16.666667
    },
    {
      "cityName": "Baracche Tirivolo",
      "lat": 39.1,
      "lng": 16.616667
    },
    {
      "cityName": "Barco di Gallo",
      "lat": 39.083333,
      "lng": 16.983333
    },
    {
      "cityName": "Barretta",
      "lat": 39.166667,
      "lng": 16.916667
    },
    {
      "cityName": "Barrittieri",
      "lat": 38.333333,
      "lng": 15.866667
    },
    {
      "cityName": "Basilico",
      "lat": 39.216667,
      "lng": 16.816667
    },
    {
      "cityName": "Battipiedi",
      "lat": 40.05,
      "lng": 16.183333
    },
    {
      "cityName": "Belevedere",
      "lat": 39.616667,
      "lng": 15.866667
    },
    {
      "cityName": "Belladama",
      "lat": 38.85,
      "lng": 16.666667
    },
    {
      "cityName": "Belmonte",
      "lat": 39.15,
      "lng": 16.083333
    },
    {
      "cityName": "Belsiio",
      "lat": 39.166667,
      "lng": 16.283333
    },
    {
      "cityName": "Belvedere",
      "lat": 39.2,
      "lng": 16.883333
    },
    {
      "cityName": "Bianchi",
      "lat": 39.1,
      "lng": 16.4
    },
    {
      "cityName": "Bisignano",
      "lat": 39.516667,
      "lng": 16.283333
    },
    {
      "cityName": "Bivio Bonacci",
      "lat": 39.05,
      "lng": 16.4
    },
    {
      "cityName": "Bivio Donnici",
      "lat": 39.25,
      "lng": 16.283333
    },
    {
      "cityName": "Bivona",
      "lat": 38.7,
      "lng": 16.1
    },
    {
      "cityName": "Bocchiglicro",
      "lat": 39.416667,
      "lng": 16.75
    },
    {
      "cityName": "Bonifati",
      "lat": 39.583333,
      "lng": 15.9
    },
    {
      "cityName": "Borgata Stazione",
      "lat": 39.616667,
      "lng": 16.5
    },
    {
      "cityName": "Borgia",
      "lat": 38.816667,
      "lng": 16.5
    },
    {
      "cityName": "Borgo",
      "lat": 39.516667,
      "lng": 15.933333
    },
    {
      "cityName": "Borgo Partenope",
      "lat": 39.266667,
      "lng": 16.3
    },
    {
      "cityName": "Botricello",
      "lat": 38.933333,
      "lng": 16.85
    },
    {
      "cityName": "Briatico",
      "lat": 38.716667,
      "lng": 16.033333
    },
    {
      "cityName": "Brunetto",
      "lat": 39.683333,
      "lng": 16.3
    },
    {
      "cityName": "Bucchi",
      "lat": 39.183333,
      "lng": 17.1
    },
    {
      "cityName": "Buonvicino",
      "lat": 39.683333,
      "lng": 15.883333
    },
    {
      "cityName": "Caccuri",
      "lat": 39.233333,
      "lng": 16.783333
    },
    {
      "cityName": "Calamia",
      "lat": 39.55,
      "lng": 16.366667
    },
    {
      "cityName": "Calimera",
      "lat": 38.566667,
      "lng": 16.033333
    },
    {
      "cityName": "Calopezzati",
      "lat": 39.55,
      "lng": 16.8
    },
    {
      "cityName": "Caloveto",
      "lat": 39.5,
      "lng": 16.75
    },
    {
      "cityName": "Calvera",
      "lat": 40.15,
      "lng": 16.15
    },
    {
      "cityName": "Calvisi",
      "lat": 39.133333,
      "lng": 16.3
    },
    {
      "cityName": "Camarella",
      "lat": 39.616667,
      "lng": 16
    },
    {
      "cityName": "Camigliatello Bianchi",
      "lat": 39.333333,
      "lng": 16.45
    },
    {
      "cityName": "Campana",
      "lat": 39.4,
      "lng": 16.833333
    },
    {
      "cityName": "Campolivaro",
      "lat": 39.216667,
      "lng": 16.066667
    },
    {
      "cityName": "Canalelli",
      "lat": 38.85,
      "lng": 16.466667
    },
    {
      "cityName": "Cancello",
      "lat": 39.05,
      "lng": 16.333333
    },
    {
      "cityName": "Candidoni",
      "lat": 38.5,
      "lng": 16.083333
    },
    {
      "cityName": "Canna",
      "lat": 40.083333,
      "lng": 16.5
    },
    {
      "cityName": "Cannava",
      "lat": 38.4,
      "lng": 15.966667
    },
    {
      "cityName": "Cannecelle",
      "lat": 39.983333,
      "lng": 16
    },
    {
      "cityName": "Capanne",
      "lat": 39.066667,
      "lng": 16.633333
    },
    {
      "cityName": "Capi d'Acqua",
      "lat": 39.633333,
      "lng": 16.016667
    },
    {
      "cityName": "Capistrano",
      "lat": 38.683333,
      "lng": 16.283333
    },
    {
      "cityName": "Capocasale",
      "lat": 39.25,
      "lng": 16.25
    },
    {
      "cityName": "Capora",
      "lat": 39.216667,
      "lng": 16.25
    },
    {
      "cityName": "Capo Rizzuto",
      "lat": 38.9,
      "lng": 17.1
    },
    {
      "cityName": "Cappella",
      "lat": 39.4,
      "lng": 17.066667
    },
    {
      "cityName": "Cappella della Colla",
      "lat": 38.983333,
      "lng": 16.466667
    },
    {
      "cityName": "Cappella dell'Annunziata",
      "lat": 39.933333,
      "lng": 16.583333
    },
    {
      "cityName": "Caraffa",
      "lat": 38.883333,
      "lng": 16.483333
    },
    {
      "cityName": "Cardinale",
      "lat": 38.633333,
      "lng": 16.383333
    },
    {
      "cityName": "Caresi",
      "lat": 39.083333,
      "lng": 16.833333
    },
    {
      "cityName": "Carfizzi",
      "lat": 39.3,
      "lng": 16.966667
    },
    {
      "cityName": "Caria",
      "lat": 38.65,
      "lng": 15.9
    },
    {
      "cityName": "Cariati",
      "lat": 39.5,
      "lng": 16.95
    },
    {
      "cityName": "Cariglio",
      "lat": 39.416667,
      "lng": 16.016667
    },
    {
      "cityName": "Carlopoli",
      "lat": 39.05,
      "lng": 16.45
    },
    {
      "cityName": "Carolei",
      "lat": 39.25,
      "lng": 16.216667
    },
    {
      "cityName": "Caroni",
      "lat": 38.566667,
      "lng": 15.966667
    },
    {
      "cityName": "Carpanzano",
      "lat": 39.15,
      "lng": 16.3
    },
    {
      "cityName": "Carrao",
      "lat": 38.916667,
      "lng": 16.8
    },
    {
      "cityName": "Casa Andrea",
      "lat": 38.55,
      "lng": 16.4
    },
    {
      "cityName": "Casa Arcuri",
      "lat": 39.066667,
      "lng": 16.416667
    },
    {
      "cityName": "Casa Beneficio",
      "lat": 39.5,
      "lng": 16.9
    },
    {
      "cityName": "Casa Bocchetta",
      "lat": 39.2,
      "lng": 16.95
    },
    {
      "cityName": "Casabona",
      "lat": 39.25,
      "lng": 16.95
    },
    {
      "cityName": "Casa Borgorosso",
      "lat": 38.483333,
      "lng": 16.566667
    },
    {
      "cityName": "Casa Boscarelli",
      "lat": 39.633333,
      "lng": 16.533333
    },
    {
      "cityName": "Casa Bubba",
      "lat": 38.883333,
      "lng": 16.35
    },
    {
      "cityName": "Casa Calori",
      "lat": 39.966667,
      "lng": 16.016667
    },
    {
      "cityName": "Casa Camigliati",
      "lat": 39.333333,
      "lng": 16.466667
    },
    {
      "cityName": "Casa Caparra",
      "lat": 39.366667,
      "lng": 17
    },
    {
      "cityName": "Casa Carito",
      "lat": 39.15,
      "lng": 16.433333
    },
    {
      "cityName": "Casa Carpitella",
      "lat": 39.05,
      "lng": 16.833333
    },
    {
      "cityName": "Casa Carrieri",
      "lat": 38.75,
      "lng": 16.233333
    },
    {
      "cityName": "Casa Castellana",
      "lat": 39.916667,
      "lng": 16.066667
    },
    {
      "cityName": "Casa Cefali",
      "lat": 38.833333,
      "lng": 16.266667
    },
    {
      "cityName": "Casa Cerbaro",
      "lat": 39.1,
      "lng": 16.3
    },
    {
      "cityName": "Casa Cicchelli",
      "lat": 39.183333,
      "lng": 16.416667
    },
    {
      "cityName": "Casa Cola",
      "lat": 39.6,
      "lng": 16.566667
    },
    {
      "cityName": "Casa Compagna",
      "lat": 39.633333,
      "lng": 16.433333
    },
    {
      "cityName": "Casa Comunere",
      "lat": 38.866667,
      "lng": 16.633333
    },
    {
      "cityName": "Casa Conso",
      "lat": 39.1,
      "lng": 16.95
    },
    {
      "cityName": "Casa Cosimino",
      "lat": 39.616667,
      "lng": 16.483333
    },
    {
      "cityName": "Casa d'Acquino",
      "lat": 38.65,
      "lng": 15.966667
    },
    {
      "cityName": "Casa del Campo",
      "lat": 38.85,
      "lng": 16.333333
    },
    {
      "cityName": "Casa del Conte",
      "lat": 39.033333,
      "lng": 16.85
    },
    {
      "cityName": "Casa del Lago",
      "lat": 39.666667,
      "lng": 15.833333
    },
    {
      "cityName": "Casa dello Stumio",
      "lat": 38.916667,
      "lng": 17.066667
    },
    {
      "cityName": "Casa di San Martino",
      "lat": 39.45,
      "lng": 16.383333
    },
    {
      "cityName": "Casa Dódaro",
      "lat": 39.5,
      "lng": 16.316667
    },
    {
      "cityName": "Casa Donato",
      "lat": 39.033333,
      "lng": 17.133333
    },
    {
      "cityName": "Casa Favare",
      "lat": 39.366667,
      "lng": 17.033333
    },
    {
      "cityName": "Casa Felicella",
      "lat": 38.533333,
      "lng": 16.45
    },
    {
      "cityName": "Casa Feraudi",
      "lat": 39.666667,
      "lng": 16.383333
    },
    {
      "cityName": "Casa Feraudo",
      "lat": 39.533333,
      "lng": 16.316667
    },
    {
      "cityName": "Casa Filandaro",
      "lat": 38.8,
      "lng": 16.25
    },
    {
      "cityName": "Casa Fiumicello",
      "lat": 39.916667,
      "lng": 15.983333
    },
    {
      "cityName": "Casa Fortino",
      "lat": 39.5,
      "lng": 16.916667
    },
    {
      "cityName": "Casa Francesi",
      "lat": 38.966667,
      "lng": 17.1
    },
    {
      "cityName": "Casa Francomanno",
      "lat": 39.9,
      "lng": 16.283333
    },
    {
      "cityName": "Casa Frasso",
      "lat": 39.6,
      "lng": 16.616667
    },
    {
      "cityName": "Casa Gaetani",
      "lat": 39.733333,
      "lng": 16.383333
    },
    {
      "cityName": "Casa Germano",
      "lat": 39.316667,
      "lng": 16.65
    },
    {
      "cityName": "Casa Giosafat",
      "lat": 39.65,
      "lng": 16.45
    },
    {
      "cityName": "Casa la Bocca",
      "lat": 38.983333,
      "lng": 16.9
    },
    {
      "cityName": "Casa la Chiusa",
      "lat": 38.983333,
      "lng": 16.7
    },
    {
      "cityName": "Casa la Fontana",
      "lat": 39.35,
      "lng": 16.266667
    },
    {
      "cityName": "Casa la Laca",
      "lat": 38.883333,
      "lng": 16.7
    },
    {
      "cityName": "Casa la Mattina",
      "lat": 39.416667,
      "lng": 16.516667
    },
    {
      "cityName": "Casa la Motta",
      "lat": 39.333333,
      "lng": 17
    },
    {
      "cityName": "Casa Latina",
      "lat": 39.366667,
      "lng": 16.033333
    },
    {
      "cityName": "Casale San Giovanni",
      "lat": 38.366667,
      "lng": 15.9
    },
    {
      "cityName": "Casalisi",
      "lat": 39.333333,
      "lng": 16.533333
    },
    {
      "cityName": "Casalnuovo Lucano",
      "lat": 40.066667,
      "lng": 16.366667
    },
    {
      "cityName": "Casa Macchia di Pietra",
      "lat": 39.35,
      "lng": 16.55
    },
    {
      "cityName": "Casa Maio",
      "lat": 38.766667,
      "lng": 16.533333
    },
    {
      "cityName": "Casa Malocutrazzo",
      "lat": 39.366667,
      "lng": 16.966667
    },
    {
      "cityName": "Casa Margherita",
      "lat": 39.133333,
      "lng": 17.083333
    },
    {
      "cityName": "Casa Mattina",
      "lat": 39.566667,
      "lng": 16.133333
    },
    {
      "cityName": "Casa Mezzata",
      "lat": 39.383333,
      "lng": 16.966667
    },
    {
      "cityName": "Casa Michelotti",
      "lat": 38.433333,
      "lng": 16.55
    },
    {
      "cityName": "Casa Nucara",
      "lat": 38.65,
      "lng": 15.983333
    },
    {
      "cityName": "Casa Oliveto",
      "lat": 39.583333,
      "lng": 16.666667
    },
    {
      "cityName": "Casa Pace",
      "lat": 38.883333,
      "lng": 16.666667
    },
    {
      "cityName": "Casa Palagi",
      "lat": 39.25,
      "lng": 17
    },
    {
      "cityName": "Casa Palmento Murato",
      "lat": 39.2,
      "lng": 16.983333
    },
    {
      "cityName": "Casa Pantano",
      "lat": 39.183333,
      "lng": 16.066667
    },
    {
      "cityName": "Casa Paradiso",
      "lat": 39.1,
      "lng": 16.283333
    },
    {
      "cityName": "Casa Pasquale",
      "lat": 39.183333,
      "lng": 16.716667
    },
    {
      "cityName": "Casa Pellegrino",
      "lat": 38.866667,
      "lng": 16.416667
    },
    {
      "cityName": "Casa Petrusa",
      "lat": 38.45,
      "lng": 16.55
    },
    {
      "cityName": "Casa Picanello",
      "lat": 39.383333,
      "lng": 17.083333
    },
    {
      "cityName": "Casa Piccirillo",
      "lat": 38.916667,
      "lng": 16.366667
    },
    {
      "cityName": "Casa Portiglia",
      "lat": 39.066667,
      "lng": 16.833333
    },
    {
      "cityName": "Casa Principe",
      "lat": 39.483333,
      "lng": 16.983333
    },
    {
      "cityName": "Casa Pupo",
      "lat": 38.483333,
      "lng": 16.533333
    },
    {
      "cityName": "Casa Puzzello",
      "lat": 39.35,
      "lng": 17.083333
    },
    {
      "cityName": "Casa Renda",
      "lat": 38.966667,
      "lng": 16.25
    },
    {
      "cityName": "Casa Renzi",
      "lat": 39.633333,
      "lng": 16.483333
    },
    {
      "cityName": "Casa Roccani",
      "lat": 38.866667,
      "lng": 16.7
    },
    {
      "cityName": "Casa Sabatino",
      "lat": 38.816667,
      "lng": 16.516667
    },
    {
      "cityName": "Casa Salvati",
      "lat": 39.216667,
      "lng": 17.016667
    },
    {
      "cityName": "Casa Salvidio",
      "lat": 39.45,
      "lng": 16.483333
    },
    {
      "cityName": "Casa San Biagio",
      "lat": 39.366667,
      "lng": 16.25
    },
    {
      "cityName": "Casa San Filo",
      "lat": 38.95,
      "lng": 16.783333
    },
    {
      "cityName": "Casa San Giovanni",
      "lat": 39.383333,
      "lng": 16.533333
    },
    {
      "cityName": "Casa San Leo",
      "lat": 39.15,
      "lng": 16.416667
    },
    {
      "cityName": "Casa San Martino",
      "lat": 39.283333,
      "lng": 17
    },
    {
      "cityName": "Casa San Mazzeo",
      "lat": 39.033333,
      "lng": 16.266667
    },
    {
      "cityName": "Casa San Nicola",
      "lat": 39.783333,
      "lng": 15.883333
    },
    {
      "cityName": "Casa San Pietro",
      "lat": 38.983333,
      "lng": 17.066667
    },
    {
      "cityName": "Casa Santa Caterina",
      "lat": 39.083333,
      "lng": 16.5
    },
    {
      "cityName": "Casa Sant'Ianelli",
      "lat": 39.183333,
      "lng": 16.833333
    },
    {
      "cityName": "Casa Sarafa",
      "lat": 39.933333,
      "lng": 16.066667
    },
    {
      "cityName": "Casa Scale",
      "lat": 39.466667,
      "lng": 16.666667
    },
    {
      "cityName": "Casa Scrisi",
      "lat": 38.733333,
      "lng": 16.216667
    },
    {
      "cityName": "Casa Serraleta",
      "lat": 39.183333,
      "lng": 16.383333
    },
    {
      "cityName": "Casa Serra Piani",
      "lat": 39.25,
      "lng": 17.016667
    },
    {
      "cityName": "Casa Simone",
      "lat": 39.55,
      "lng": 16.483333
    },
    {
      "cityName": "Casa Spina",
      "lat": 39.35,
      "lng": 16.65
    },
    {
      "cityName": "Casa Termine Grosso",
      "lat": 39.016667,
      "lng": 16.866667
    },
    {
      "cityName": "Casa Torno",
      "lat": 39.2,
      "lng": 16.416667
    },
    {
      "cityName": "Casa Torre Murcillo",
      "lat": 39.216667,
      "lng": 16.366667
    },
    {
      "cityName": "Casa Toscano",
      "lat": 39.616667,
      "lng": 16.566667
    },
    {
      "cityName": "Casa Tuvolo",
      "lat": 39.033333,
      "lng": 17.116667
    },
    {
      "cityName": "Casa Vatoni",
      "lat": 38.383333,
      "lng": 16.033333
    },
    {
      "cityName": "Casa Vitetto",
      "lat": 39.2,
      "lng": 17.116667
    },
    {
      "cityName": "Casa Zecca",
      "lat": 38.8,
      "lng": 16.333333
    },
    {
      "cityName": "Case Acelli",
      "lat": 38.533333,
      "lng": 16.416667
    },
    {
      "cityName": "Case Cannavali",
      "lat": 39.116667,
      "lng": 16.2
    },
    {
      "cityName": "Case Carameto",
      "lat": 39.2,
      "lng": 17.016667
    },
    {
      "cityName": "Case Cicoria",
      "lat": 39.166667,
      "lng": 16.966667
    },
    {
      "cityName": "Case Crapuzza",
      "lat": 39.016667,
      "lng": 16.4
    },
    {
      "cityName": "Case Cucche",
      "lat": 38.533333,
      "lng": 16.25
    },
    {
      "cityName": "Case di Grazia",
      "lat": 38.916667,
      "lng": 16.783333
    },
    {
      "cityName": "Case Fiego",
      "lat": 38.85,
      "lng": 16.283333
    },
    {
      "cityName": "Case Fiorello",
      "lat": 39.15,
      "lng": 16.166667
    },
    {
      "cityName": "Case Foresta",
      "lat": 38.983333,
      "lng": 16.333333
    },
    {
      "cityName": "Case Fossa",
      "lat": 39.6,
      "lng": 16.716667
    },
    {
      "cityName": "Case Galati",
      "lat": 38.533333,
      "lng": 16.233333
    },
    {
      "cityName": "Case Gambarelli",
      "lat": 38.933333,
      "lng": 16.683333
    },
    {
      "cityName": "Case Grimaldi",
      "lat": 38.866667,
      "lng": 16.566667
    },
    {
      "cityName": "Casello Martucci",
      "lat": 39.616667,
      "lng": 16.683333
    },
    {
      "cityName": "Casellone",
      "lat": 38.666667,
      "lng": 16.35
    },
    {
      "cityName": "Case Mandrile",
      "lat": 38.4,
      "lng": 16.533333
    },
    {
      "cityName": "Case Mortille",
      "lat": 38.933333,
      "lng": 16.733333
    },
    {
      "cityName": "Casenove",
      "lat": 39.05,
      "lng": 16.35
    },
    {
      "cityName": "Case Pagliarone",
      "lat": 38.65,
      "lng": 16.016667
    },
    {
      "cityName": "Case Paparaci",
      "lat": 38.666667,
      "lng": 16.4
    },
    {
      "cityName": "Caserma di Latro",
      "lat": 38.533333,
      "lng": 16.266667
    },
    {
      "cityName": "Case Salinella",
      "lat": 39.233333,
      "lng": 17.05
    },
    {
      "cityName": "Case San Francesco",
      "lat": 39.6,
      "lng": 16.583333
    },
    {
      "cityName": "Case Sansone",
      "lat": 38.833333,
      "lng": 16.533333
    },
    {
      "cityName": "Case Terranova",
      "lat": 39.366667,
      "lng": 17.116667
    },
    {
      "cityName": "Case Torre di Sacco",
      "lat": 38.916667,
      "lng": 16.316667
    },
    {
      "cityName": "Casetta Tre Ponticelli",
      "lat": 38.55,
      "lng": 16.366667
    },
    {
      "cityName": "Case Verre",
      "lat": 38.983333,
      "lng": 16.366667
    },
    {
      "cityName": "Casinetto",
      "lat": 39.283333,
      "lng": 16.85
    },
    {
      "cityName": "Casino Dattole",
      "lat": 39.25,
      "lng": 17.066667
    },
    {
      "cityName": "Casino Pismataro",
      "lat": 39.416667,
      "lng": 16.9
    },
    {
      "cityName": "Casino Vecchiarello",
      "lat": 39.516667,
      "lng": 16.833333
    },
    {
      "cityName": "Casole Bruzio",
      "lat": 39.283333,
      "lng": 16.316667
    },
    {
      "cityName": "Casotto di Corazzello",
      "lat": 39.15,
      "lng": 17.033333
    },
    {
      "cityName": "Cassano al Ionio",
      "lat": 39.783333,
      "lng": 16.316667
    },
    {
      "cityName": "Castagna",
      "lat": 39.05,
      "lng": 16.433333
    },
    {
      "cityName": "Castella",
      "lat": 38.9,
      "lng": 17.016667
    },
    {
      "cityName": "Castellace",
      "lat": 38.316667,
      "lng": 15.916667
    },
    {
      "cityName": "Castiglione",
      "lat": 38.983333,
      "lng": 16.166667
    },
    {
      "cityName": "Castiglione Cosentino",
      "lat": 39.366667,
      "lng": 16.3
    },
    {
      "cityName": "Castrolibero",
      "lat": 39.3,
      "lng": 16.183333
    },
    {
      "cityName": "Castronuovo di Sant'Andrea",
      "lat": 40.183333,
      "lng": 16.183333
    },
    {
      "cityName": "Castroregio",
      "lat": 39.983333,
      "lng": 16.466667
    },
    {
      "cityName": "Castrovillari",
      "lat": 39.816667,
      "lng": 16.2
    },
    {
      "cityName": "Catanzaro",
      "lat": 38.9,
      "lng": 16.583333
    },
    {
      "cityName": "Cavaliere",
      "lat": 39.25,
      "lng": 16.483333
    },
    {
      "cityName": "Celico",
      "lat": 39.316667,
      "lng": 16.333333
    },
    {
      "cityName": "Cellara",
      "lat": 39.2,
      "lng": 16.333333
    },
    {
      "cityName": "Cenadi",
      "lat": 38.716667,
      "lng": 16.416667
    },
    {
      "cityName": "Centrale Timpa Grande",
      "lat": 39.166667,
      "lng": 16.8
    },
    {
      "cityName": "Ceramida",
      "lat": 38.316667,
      "lng": 15.85
    },
    {
      "cityName": "Ceraso",
      "lat": 38.783333,
      "lng": 16.55
    },
    {
      "cityName": "Cerchiara di Calabria",
      "lat": 39.85,
      "lng": 16.383333
    },
    {
      "cityName": "Cerenzia",
      "lat": 39.25,
      "lng": 16.783333
    },
    {
      "cityName": "Cerisano",
      "lat": 39.266667,
      "lng": 16.183333
    },
    {
      "cityName": "Cerretella",
      "lat": 39.55,
      "lng": 16.05
    },
    {
      "cityName": "Cerreto",
      "lat": 39.4,
      "lng": 16.533333
    },
    {
      "cityName": "Cerrisi",
      "lat": 39.033333,
      "lng": 16.35
    },
    {
      "cityName": "Cersosimo",
      "lat": 40.05,
      "lng": 16.35
    },
    {
      "cityName": "Certosa",
      "lat": 38.55,
      "lng": 16.316667
    },
    {
      "cityName": "Cerva",
      "lat": 39.016667,
      "lng": 16.733333
    },
    {
      "cityName": "Cervicati",
      "lat": 39.55,
      "lng": 16.116667
    },
    {
      "cityName": "Cerzeto",
      "lat": 39.5,
      "lng": 16.116667
    },
    {
      "cityName": "Cessaniti",
      "lat": 38.666667,
      "lng": 16.016667
    },
    {
      "cityName": "Chiaramonte",
      "lat": 40.116667,
      "lng": 16.216667
    },
    {
      "cityName": "Chiaravalle Centrale",
      "lat": 38.683333,
      "lng": 16.416667
    },
    {
      "cityName": "Chiubbica",
      "lat": 39.633333,
      "lng": 16.516667
    },
    {
      "cityName": "Ciano",
      "lat": 38.583333,
      "lng": 16.216667
    },
    {
      "cityName": "Ciaramiti",
      "lat": 38.666667,
      "lng": 15.883333
    },
    {
      "cityName": "Cicala",
      "lat": 39.016667,
      "lng": 16.483333
    },
    {
      "cityName": "Cipollina",
      "lat": 39.75,
      "lng": 15.833333
    },
    {
      "cityName": "Cirella",
      "lat": 39.716667,
      "lng": 15.816667
    },
    {
      "cityName": "Cirò",
      "lat": 39.383333,
      "lng": 17.066667
    },
    {
      "cityName": "Cirò Marina",
      "lat": 39.366667,
      "lng": 17.133333
    },
    {
      "cityName": "Cittadella del Capo",
      "lat": 39.55,
      "lng": 15.866667
    },
    {
      "cityName": "Civita",
      "lat": 39.816667,
      "lng": 16.3
    },
    {
      "cityName": "Cleto",
      "lat": 39.083333,
      "lng": 16.15
    },
    {
      "cityName": "Coccorino",
      "lat": 38.6,
      "lng": 15.883333
    },
    {
      "cityName": "Colacaruso",
      "lat": 38.266667,
      "lng": 15.85
    },
    {
      "cityName": "Colamanci",
      "lat": 39.383333,
      "lng": 16.5
    },
    {
      "cityName": "Colla",
      "lat": 39.066667,
      "lng": 16.366667
    },
    {
      "cityName": "Colosimi",
      "lat": 39.116667,
      "lng": 16.4
    },
    {
      "cityName": "Comerconi",
      "lat": 38.583333,
      "lng": 15.933333
    },
    {
      "cityName": "Comparni",
      "lat": 38.583333,
      "lng": 16.083333
    },
    {
      "cityName": "Concio di Baracco",
      "lat": 39.166667,
      "lng": 16.816667
    },
    {
      "cityName": "Conflenti Inferiore",
      "lat": 39.066667,
      "lng": 16.266667
    },
    {
      "cityName": "Conocchiella",
      "lat": 39.966667,
      "lng": 16.166667
    },
    {
      "cityName": "Copanello",
      "lat": 38.766667,
      "lng": 16.55
    },
    {
      "cityName": "Coraci",
      "lat": 39.116667,
      "lng": 16.383333
    },
    {
      "cityName": "Corigliano Calabro",
      "lat": 39.6,
      "lng": 16.516667
    },
    {
      "cityName": "Cortale",
      "lat": 38.833333,
      "lng": 16.416667
    },
    {
      "cityName": "Corvo",
      "lat": 38.85,
      "lng": 16.6
    },
    {
      "cityName": "Cosentino",
      "lat": 39.4,
      "lng": 16.4
    },
    {
      "cityName": "Cosenza",
      "lat": 39.3,
      "lng": 16.25
    },
    {
      "cityName": "Cosoleto",
      "lat": 38.266667,
      "lng": 15.933333
    },
    {
      "cityName": "Cotrone",
      "lat": 39.083333,
      "lng": 17.133333
    },
    {
      "cityName": "Cotronei",
      "lat": 39.15,
      "lng": 16.783333
    },
    {
      "cityName": "Cotturella",
      "lat": 38.983333,
      "lng": 16.783333
    },
    {
      "cityName": "Crichi",
      "lat": 38.95,
      "lng": 16.633333
    },
    {
      "cityName": "Crima",
      "lat": 38.966667,
      "lng": 16.866667
    },
    {
      "cityName": "Croce del Trodio",
      "lat": 38.383333,
      "lng": 15.866667
    },
    {
      "cityName": "Croce Valanidi",
      "lat": 38.066667,
      "lng": 15.683333
    },
    {
      "cityName": "Cropalati",
      "lat": 39.516667,
      "lng": 16.716667
    },
    {
      "cityName": "Cropani",
      "lat": 38.966667,
      "lng": 16.783333
    },
    {
      "cityName": "Crosetto",
      "lat": 39.6,
      "lng": 16.65
    },
    {
      "cityName": "Crosia",
      "lat": 39.566667,
      "lng": 16.766667
    },
    {
      "cityName": "Crucoli",
      "lat": 39.416667,
      "lng": 17
    },
    {
      "cityName": "Curinga a Máida",
      "lat": 38.816667,
      "lng": 16.316667
    },
    {
      "cityName": "Cutro",
      "lat": 39.033333,
      "lng": 16.983333
    },
    {
      "cityName": "Dasà",
      "lat": 38.566667,
      "lng": 16.2
    },
    {
      "cityName": "Davoli",
      "lat": 38.65,
      "lng": 16.483333
    },
    {
      "cityName": "Deangelis",
      "lat": 39.683333,
      "lng": 16.35
    },
    {
      "cityName": "Destro",
      "lat": 39.5,
      "lng": 16.7
    },
    {
      "cityName": "Diamante",
      "lat": 39.683333,
      "lng": 15.816667
    },
    {
      "cityName": "Diano",
      "lat": 39.133333,
      "lng": 16.316667
    },
    {
      "cityName": "Dinami",
      "lat": 38.516667,
      "lng": 16.15
    },
    {
      "cityName": "Dolcetti",
      "lat": 39.75,
      "lng": 16.25
    },
    {
      "cityName": "Domanico",
      "lat": 39.216667,
      "lng": 16.2
    },
    {
      "cityName": "Donnici Superiore",
      "lat": 39.25,
      "lng": 16.3
    },
    {
      "cityName": "Doria",
      "lat": 39.733333,
      "lng": 16.35
    },
    {
      "cityName": "Drapia",
      "lat": 38.666667,
      "lng": 15.916667
    },
    {
      "cityName": "Drosi",
      "lat": 38.416667,
      "lng": 15.95
    },
    {
      "cityName": "Eianina",
      "lat": 39.816667,
      "lng": 16.266667
    },
    {
      "cityName": "Episcopia",
      "lat": 40.066667,
      "lng": 16.1
    },
    {
      "cityName": "Eranova",
      "lat": 38.466667,
      "lng": 15.916667
    },
    {
      "cityName": "Fabrizia",
      "lat": 38.483333,
      "lng": 16.3
    },
    {
      "cityName": "Faghita",
      "lat": 39.4,
      "lng": 16.616667
    },
    {
      "cityName": "Fagnano Castello",
      "lat": 39.566667,
      "lng": 16.05
    },
    {
      "cityName": "Failla",
      "lat": 38.9,
      "lng": 16.416667
    },
    {
      "cityName": "Falconara Albanese",
      "lat": 39.266667,
      "lng": 16.083333
    },
    {
      "cityName": "Falerna",
      "lat": 39,
      "lng": 16.166667
    },
    {
      "cityName": "Fantini",
      "lat": 39.233333,
      "lng": 16.733333
    },
    {
      "cityName": "Fardella",
      "lat": 40.116667,
      "lng": 16.166667
    },
    {
      "cityName": "Farneta",
      "lat": 40.016667,
      "lng": 16.4
    },
    {
      "cityName": "Fasana",
      "lat": 39.2,
      "lng": 17.1
    },
    {
      "cityName": "Fatighella",
      "lat": 39.066667,
      "lng": 16.8
    },
    {
      "cityName": "Favata",
      "lat": 39.5,
      "lng": 16.683333
    },
    {
      "cityName": "Feroleto della Chiesa",
      "lat": 38.466667,
      "lng": 16.066667
    },
    {
      "cityName": "Fiera di Sant'Ianni",
      "lat": 39.133333,
      "lng": 16.9
    },
    {
      "cityName": "Filadelfia",
      "lat": 38.783333,
      "lng": 16.283333
    },
    {
      "cityName": "Filemi",
      "lat": 38.65,
      "lng": 16.45
    },
    {
      "cityName": "Filigeni",
      "lat": 39.45,
      "lng": 16.633333
    },
    {
      "cityName": "Filogaso",
      "lat": 38.683333,
      "lng": 16.233333
    },
    {
      "cityName": "Firmo",
      "lat": 39.716667,
      "lng": 16.166667
    },
    {
      "cityName": "Fitili",
      "lat": 38.683333,
      "lng": 15.933333
    },
    {
      "cityName": "Fiumefreddo Bruzio",
      "lat": 39.233333,
      "lng": 16.066667
    },
    {
      "cityName": "Flavetto",
      "lat": 39.3,
      "lng": 16.483333
    },
    {
      "cityName": "Fondaco Vecchio",
      "lat": 38.8,
      "lng": 16.233333
    },
    {
      "cityName": "Forcanello",
      "lat": 38.383333,
      "lng": 15.9
    },
    {
      "cityName": "Fornaci",
      "lat": 39.983333,
      "lng": 15.983333
    },
    {
      "cityName": "Fossato Serralta",
      "lat": 38.983333,
      "lng": 16.583333
    },
    {
      "cityName": "Fossiata",
      "lat": 39.383333,
      "lng": 16.583333
    },
    {
      "cityName": "Fragula",
      "lat": 39.283333,
      "lng": 16.583333
    },
    {
      "cityName": "Francavilla Angitola",
      "lat": 38.766667,
      "lng": 16.266667
    },
    {
      "cityName": "Francavilla in Sinni",
      "lat": 40.083333,
      "lng": 16.2
    },
    {
      "cityName": "Francavilla Marittima",
      "lat": 39.816667,
      "lng": 16.383333
    },
    {
      "cityName": "Francica",
      "lat": 38.616667,
      "lng": 16.116667
    },
    {
      "cityName": "Frascineto",
      "lat": 39.833333,
      "lng": 16.266667
    },
    {
      "cityName": "Frassi di Mele",
      "lat": 38.85,
      "lng": 16.566667
    },
    {
      "cityName": "Frassineto",
      "lat": 39.316667,
      "lng": 16.633333
    },
    {
      "cityName": "Fronte Aguglieri",
      "lat": 39.033333,
      "lng": 16.15
    },
    {
      "cityName": "Fuscaldo",
      "lat": 39.416667,
      "lng": 16.033333
    },
    {
      "cityName": "Gagliano",
      "lat": 38.916667,
      "lng": 16.55
    },
    {
      "cityName": "Galatro",
      "lat": 38.466667,
      "lng": 16.1
    },
    {
      "cityName": "Gallina",
      "lat": 38.083333,
      "lng": 15.683333
    },
    {
      "cityName": "Gallucci",
      "lat": 39.266667,
      "lng": 16.783333
    },
    {
      "cityName": "Gardi",
      "lat": 39.733333,
      "lng": 16.3
    },
    {
      "cityName": "Garigliano",
      "lat": 38.8,
      "lng": 16.4
    },
    {
      "cityName": "Gasperina",
      "lat": 38.733333,
      "lng": 16.5
    },
    {
      "cityName": "Gerocarne",
      "lat": 38.616667,
      "lng": 16.166667
    },
    {
      "cityName": "Giamiglione",
      "lat": 39.1,
      "lng": 17.05
    },
    {
      "cityName": "Giampaolo",
      "lat": 39.016667,
      "lng": 16.3
    },
    {
      "cityName": "Giardinello",
      "lat": 38.833333,
      "lng": 16.55
    },
    {
      "cityName": "Giardini",
      "lat": 39.1,
      "lng": 16.85
    },
    {
      "cityName": "Giffone",
      "lat": 38.45,
      "lng": 16.166667
    },
    {
      "cityName": "Gimigliano",
      "lat": 38.966667,
      "lng": 16.533333
    },
    {
      "cityName": "Gioia",
      "lat": 39.516667,
      "lng": 16.4
    },
    {
      "cityName": "Gioia Tauro",
      "lat": 38.416667,
      "lng": 15.9
    },
    {
      "cityName": "Girello",
      "lat": 38.383333,
      "lng": 15.95
    },
    {
      "cityName": "Girifalco",
      "lat": 38.816667,
      "lng": 16.416667
    },
    {
      "cityName": "Gizzeria",
      "lat": 38.983333,
      "lng": 16.2
    },
    {
      "cityName": "Golino",
      "lat": 38.8,
      "lng": 16.583333
    },
    {
      "cityName": "Grillea",
      "lat": 39.25,
      "lng": 16.816667
    },
    {
      "cityName": "Grimaldi",
      "lat": 39.133333,
      "lng": 16.233333
    },
    {
      "cityName": "Grisolia Cipollina",
      "lat": 39.716667,
      "lng": 15.85
    },
    {
      "cityName": "Guárdia",
      "lat": 39.466667,
      "lng": 16
    },
    {
      "cityName": "Gugliano",
      "lat": 39.6,
      "lng": 16.05
    },
    {
      "cityName": "Guido",
      "lat": 38.916667,
      "lng": 16.766667
    },
    {
      "cityName": "Guttaria",
      "lat": 39.583333,
      "lng": 16.583333
    },
    {
      "cityName": "Ianni",
      "lat": 39.716667,
      "lng": 15.883333
    },
    {
      "cityName": "Iatrinoli",
      "lat": 38.35,
      "lng": 16.016667
    },
    {
      "cityName": "I Casoni",
      "lat": 39.733333,
      "lng": 16.483333
    },
    {
      "cityName": "Ieno",
      "lat": 39.583333,
      "lng": 16.333333
    },
    {
      "cityName": "Il Monte",
      "lat": 38.65,
      "lng": 15.916667
    },
    {
      "cityName": "Il Pagliarone",
      "lat": 38.9,
      "lng": 16.25
    },
    {
      "cityName": "Il Porcile",
      "lat": 39.733333,
      "lng": 16.366667
    },
    {
      "cityName": "Il Seduttore",
      "lat": 39.616667,
      "lng": 16.033333
    },
    {
      "cityName": "Il Torrione",
      "lat": 39.616667,
      "lng": 16.266667
    },
    {
      "cityName": "I Mulelli",
      "lat": 39.45,
      "lng": 16.766667
    },
    {
      "cityName": "Ioggi",
      "lat": 39.566667,
      "lng": 16.066667
    },
    {
      "cityName": "Ionadi",
      "lat": 38.616667,
      "lng": 16.05
    },
    {
      "cityName": "Ioppola",
      "lat": 39.983333,
      "lng": 16.066667
    },
    {
      "cityName": "Ioppolo",
      "lat": 38.583333,
      "lng": 15.883333
    },
    {
      "cityName": "Isca dell'Ionio",
      "lat": 38.6,
      "lng": 16.516667
    },
    {
      "cityName": "Iscaramano",
      "lat": 39.15,
      "lng": 16.366667
    },
    {
      "cityName": "Ischellini",
      "lat": 39.433333,
      "lng": 16.766667
    },
    {
      "cityName": "Isola Capo Rizzuto",
      "lat": 38.966667,
      "lng": 17.083333
    },
    {
      "cityName": "Labonia",
      "lat": 39.65,
      "lng": 16.366667
    },
    {
      "cityName": "La Casella",
      "lat": 39.716667,
      "lng": 16.416667
    },
    {
      "cityName": "La Casiola",
      "lat": 39.883333,
      "lng": 16.283333
    },
    {
      "cityName": "Lacecetto",
      "lat": 39.35,
      "lng": 16.516667
    },
    {
      "cityName": "La Favella",
      "lat": 39.666667,
      "lng": 16.433333
    },
    {
      "cityName": "La Ferrandina",
      "lat": 38.333333,
      "lng": 15.95
    },
    {
      "cityName": "La Ferrera",
      "lat": 39.383333,
      "lng": 16.116667
    },
    {
      "cityName": "Laghitello",
      "lat": 39.15,
      "lng": 16.133333
    },
    {
      "cityName": "Lago",
      "lat": 39.166667,
      "lng": 16.15
    },
    {
      "cityName": "Laino Borgo",
      "lat": 39.95,
      "lng": 15.983333
    },
    {
      "cityName": "Lamézia",
      "lat": 38.916667,
      "lng": 16.25
    },
    {
      "cityName": "Lamia",
      "lat": 38.466667,
      "lng": 15.95
    },
    {
      "cityName": "La Palazzina",
      "lat": 39.45,
      "lng": 16.85
    },
    {
      "cityName": "La Palombella",
      "lat": 39.566667,
      "lng": 16.516667
    },
    {
      "cityName": "Lappano",
      "lat": 39.316667,
      "lng": 16.3
    },
    {
      "cityName": "Laratta",
      "lat": 39.266667,
      "lng": 16.733333
    },
    {
      "cityName": "La Scruca",
      "lat": 39.3,
      "lng": 16.5
    },
    {
      "cityName": "La Taverna",
      "lat": 38.966667,
      "lng": 16.166667
    },
    {
      "cityName": "La Torre",
      "lat": 39.983333,
      "lng": 16.166667
    },
    {
      "cityName": "La Torretta",
      "lat": 39.433333,
      "lng": 17.033333
    },
    {
      "cityName": "Lattarico",
      "lat": 39.466667,
      "lng": 16.133333
    },
    {
      "cityName": "Laurignano",
      "lat": 39.266667,
      "lng": 16.233333
    },
    {
      "cityName": "Lauropoli",
      "lat": 39.783333,
      "lng": 16.333333
    },
    {
      "cityName": "La Volta del Forno",
      "lat": 39.7,
      "lng": 16.433333
    },
    {
      "cityName": "La Volta del Ponte",
      "lat": 39.716667,
      "lng": 16.4
    },
    {
      "cityName": "Le Mácchie di Tancredi",
      "lat": 39.25,
      "lng": 16.516667
    },
    {
      "cityName": "Lenzuno",
      "lat": 39.233333,
      "lng": 16.633333
    },
    {
      "cityName": "Le Pioppe",
      "lat": 38.616667,
      "lng": 16
    },
    {
      "cityName": "Limbadi",
      "lat": 38.55,
      "lng": 15.966667
    },
    {
      "cityName": "Limpidi",
      "lat": 38.55,
      "lng": 16.183333
    },
    {
      "cityName": "Lipusa",
      "lat": 39.283333,
      "lng": 16.716667
    },
    {
      "cityName": "Longbardi",
      "lat": 38.716667,
      "lng": 16.133333
    },
    {
      "cityName": "Longobardi",
      "lat": 39.2,
      "lng": 16.066667
    },
    {
      "cityName": "Longobucco",
      "lat": 39.45,
      "lng": 16.616667
    },
    {
      "cityName": "Lo Schioppo",
      "lat": 38.65,
      "lng": 16.233333
    },
    {
      "cityName": "Lubrichi",
      "lat": 38.283333,
      "lng": 15.95
    },
    {
      "cityName": "Lungro",
      "lat": 39.733333,
      "lng": 16.116667
    },
    {
      "cityName": "Luoghicello",
      "lat": 38.95,
      "lng": 16.833333
    },
    {
      "cityName": "Luzzi",
      "lat": 39.45,
      "lng": 16.283333
    },
    {
      "cityName": "Macri",
      "lat": 38.716667,
      "lng": 16.366667
    },
    {
      "cityName": "Madia",
      "lat": 39.116667,
      "lng": 16.766667
    },
    {
      "cityName": "Madonna di Mare",
      "lat": 39.4,
      "lng": 17.116667
    },
    {
      "cityName": "Madonna Vergadoro",
      "lat": 39.233333,
      "lng": 17.083333
    },
    {
      "cityName": "Magisano",
      "lat": 39.016667,
      "lng": 16.45
    },
    {
      "cityName": "Magliacane",
      "lat": 38.95,
      "lng": 16.883333
    },
    {
      "cityName": "Maida",
      "lat": 38.85,
      "lng": 16.366667
    },
    {
      "cityName": "Maida Marina",
      "lat": 38.866667,
      "lng": 16.233333
    },
    {
      "cityName": "Maierato",
      "lat": 38.7,
      "lng": 16.183333
    },
    {
      "cityName": "Maladera",
      "lat": 39.216667,
      "lng": 16.8
    },
    {
      "cityName": "Malito",
      "lat": 39.15,
      "lng": 16.25
    },
    {
      "cityName": "Mancine",
      "lat": 40.033333,
      "lng": 16.166667
    },
    {
      "cityName": "Mandaradoni",
      "lat": 38.583333,
      "lng": 15.966667
    },
    {
      "cityName": "Mandatoriccio",
      "lat": 39.466667,
      "lng": 16.833333
    },
    {
      "cityName": "Mandriagrande",
      "lat": 39.133333,
      "lng": 16.516667
    },
    {
      "cityName": "Maranise",
      "lat": 39.016667,
      "lng": 16.566667
    },
    {
      "cityName": "Marano",
      "lat": 39.316667,
      "lng": 16.166667
    },
    {
      "cityName": "Marano Principato",
      "lat": 39.3,
      "lng": 16.166667
    },
    {
      "cityName": "Marcedusa",
      "lat": 39.033333,
      "lng": 16.833333
    },
    {
      "cityName": "Marcellinara",
      "lat": 38.933333,
      "lng": 16.5
    },
    {
      "cityName": "Marchicelli",
      "lat": 39.15,
      "lng": 16.5
    },
    {
      "cityName": "Marina di Catanzaro",
      "lat": 38.816667,
      "lng": 16.6
    },
    {
      "cityName": "Marina di Gioia Tauro",
      "lat": 38.433333,
      "lng": 15.916667
    },
    {
      "cityName": "Marina di Monasterace",
      "lat": 38.433333,
      "lng": 16.566667
    },
    {
      "cityName": "Marina di Nicotera",
      "lat": 38.55,
      "lng": 15.933333
    },
    {
      "cityName": "Marina di Sant'Angelo",
      "lat": 39.616667,
      "lng": 16.633333
    },
    {
      "cityName": "Marina di Sellia",
      "lat": 38.9,
      "lng": 16.733333
    },
    {
      "cityName": "Marina di Soverato",
      "lat": 38.683333,
      "lng": 16.55
    },
    {
      "cityName": "Marina di Vibo Valentia",
      "lat": 38.716667,
      "lng": 16.116667
    },
    {
      "cityName": "Marina",
      "lat": 39.616667,
      "lng": 15.85
    },
    {
      "cityName": "Marina Schiavonia",
      "lat": 39.65,
      "lng": 16.533333
    },
    {
      "cityName": "Marraglione",
      "lat": 38.966667,
      "lng": 16.75
    },
    {
      "cityName": "Marri",
      "lat": 39.416667,
      "lng": 16.133333
    },
    {
      "cityName": "Martirano Lombardo",
      "lat": 39.066667,
      "lng": 16.233333
    },
    {
      "cityName": "Martirano",
      "lat": 39.083333,
      "lng": 16.233333
    },
    {
      "cityName": "Marzi",
      "lat": 39.166667,
      "lng": 16.3
    },
    {
      "cityName": "Masseria Caruso",
      "lat": 39.533333,
      "lng": 16.766667
    },
    {
      "cityName": "Masseria di Rusciano",
      "lat": 39.966667,
      "lng": 16.25
    },
    {
      "cityName": "Masseria Filippelli",
      "lat": 39.566667,
      "lng": 16.783333
    },
    {
      "cityName": "Masseria Salituri",
      "lat": 39.783333,
      "lng": 16.233333
    },
    {
      "cityName": "Masseria Scilva",
      "lat": 39.85,
      "lng": 16.416667
    },
    {
      "cityName": "Masseria Tempa del Pertagio",
      "lat": 39.95,
      "lng": 16.116667
    },
    {
      "cityName": "Mauro",
      "lat": 39.6,
      "lng": 16.366667
    },
    {
      "cityName": "Mazza",
      "lat": 38.966667,
      "lng": 16.85
    },
    {
      "cityName": "Mazzuca",
      "lat": 39.1,
      "lng": 16.8
    },
    {
      "cityName": "Mecarillo",
      "lat": 39.666667,
      "lng": 16.016667
    },
    {
      "cityName": "Melicoccà",
      "lat": 38.55,
      "lng": 16.166667
    },
    {
      "cityName": "Melicuccà",
      "lat": 38.3,
      "lng": 15.883333
    },
    {
      "cityName": "Melilla",
      "lat": 39.116667,
      "lng": 16.366667
    },
    {
      "cityName": "Melissa",
      "lat": 39.3,
      "lng": 17.016667
    },
    {
      "cityName": "Mendicino",
      "lat": 39.25,
      "lng": 16.183333
    },
    {
      "cityName": "Menniti",
      "lat": 38.75,
      "lng": 16.316667
    },
    {
      "cityName": "Mesignadi",
      "lat": 38.3,
      "lng": 16
    },
    {
      "cityName": "Mesoraca",
      "lat": 39.083333,
      "lng": 16.8
    },
    {
      "cityName": "Migaldi",
      "lat": 39.416667,
      "lng": 16.283333
    },
    {
      "cityName": "Migliarello",
      "lat": 39.033333,
      "lng": 17.083333
    },
    {
      "cityName": "Migliaro",
      "lat": 38.95,
      "lng": 16.466667
    },
    {
      "cityName": "Migliuso",
      "lat": 38.95,
      "lng": 16.433333
    },
    {
      "cityName": "Mileto",
      "lat": 38.6,
      "lng": 16.066667
    },
    {
      "cityName": "Mio Caro",
      "lat": 39.55,
      "lng": 15.983333
    },
    {
      "cityName": "Mirto Croscia",
      "lat": 39.6,
      "lng": 16.766667
    },
    {
      "cityName": "Mirto",
      "lat": 39.583333,
      "lng": 16.766667
    },
    {
      "cityName": "Moladi",
      "lat": 38.583333,
      "lng": 16
    },
    {
      "cityName": "Molinari",
      "lat": 39.5,
      "lng": 16.466667
    },
    {
      "cityName": "Molinaro",
      "lat": 39.5,
      "lng": 16.45
    },
    {
      "cityName": "Molino di Serrarossa",
      "lat": 39.066667,
      "lng": 16.883333
    },
    {
      "cityName": "Monaco",
      "lat": 39.883333,
      "lng": 16.533333
    },
    {
      "cityName": "Mongiana",
      "lat": 38.516667,
      "lng": 16.316667
    },
    {
      "cityName": "Mongo",
      "lat": 38.8,
      "lng": 16.383333
    },
    {
      "cityName": "Mongrassano",
      "lat": 39.516667,
      "lng": 16.116667
    },
    {
      "cityName": "Monsoreto",
      "lat": 38.533333,
      "lng": 16.166667
    },
    {
      "cityName": "Montalto Uffugo",
      "lat": 39.4,
      "lng": 16.15
    },
    {
      "cityName": "Montauro",
      "lat": 38.75,
      "lng": 16.5
    },
    {
      "cityName": "Montegiordano",
      "lat": 40.033333,
      "lng": 16.533333
    },
    {
      "cityName": "Monteleone di Calabria",
      "lat": 38.666667,
      "lng": 16.1
    },
    {
      "cityName": "Montepaone",
      "lat": 38.716667,
      "lng": 16.5
    },
    {
      "cityName": "Monterosso",
      "lat": 38.716667,
      "lng": 16.283333
    },
    {
      "cityName": "Morachi",
      "lat": 39.083333,
      "lng": 16.4
    },
    {
      "cityName": "Morano Calabro",
      "lat": 39.833333,
      "lng": 16.133333
    },
    {
      "cityName": "Morelli",
      "lat": 39.083333,
      "lng": 17.083333
    },
    {
      "cityName": "Mormanno",
      "lat": 39.883333,
      "lng": 15.983333
    },
    {
      "cityName": "Mosorrofa",
      "lat": 38.116667,
      "lng": 15.733333
    },
    {
      "cityName": "Mottafollone",
      "lat": 39.65,
      "lng": 16.066667
    },
    {
      "cityName": "Motta",
      "lat": 39.083333,
      "lng": 16.283333
    },
    {
      "cityName": "Nicastro",
      "lat": 38.983333,
      "lng": 16.316667
    },
    {
      "cityName": "Noepoli",
      "lat": 40.083333,
      "lng": 16.333333
    },
    {
      "cityName": "Occhio",
      "lat": 38.05,
      "lng": 15.65
    },
    {
      "cityName": "Oliva",
      "lat": 38.316667,
      "lng": 15.983333
    },
    {
      "cityName": "Olivaro",
      "lat": 39.266667,
      "lng": 16.683333
    },
    {
      "cityName": "Oliveto",
      "lat": 38.05,
      "lng": 15.7
    },
    {
      "cityName": "Oriolo",
      "lat": 40.05,
      "lng": 16.45
    },
    {
      "cityName": "Orsigliadi",
      "lat": 38.65,
      "lng": 15.866667
    },
    {
      "cityName": "Orsomarso",
      "lat": 39.8,
      "lng": 15.916667
    },
    {
      "cityName": "Orti",
      "lat": 38.133333,
      "lng": 15.716667
    },
    {
      "cityName": "Ovile Forgianello",
      "lat": 38.983333,
      "lng": 17.116667
    },
    {
      "cityName": "Ovile la Marina",
      "lat": 38.966667,
      "lng": 17.133333
    },
    {
      "cityName": "Ovile la Marinella",
      "lat": 38.916667,
      "lng": 17.1
    },
    {
      "cityName": "Ovile Sant'Andre",
      "lat": 39,
      "lng": 17.083333
    },
    {
      "cityName": "Pagania",
      "lat": 39.55,
      "lng": 16.433333
    },
    {
      "cityName": "Pagliarelle",
      "lat": 39.133333,
      "lng": 16.75
    },
    {
      "cityName": "Palazzo della Piana",
      "lat": 39.816667,
      "lng": 16.416667
    },
    {
      "cityName": "Palazzo",
      "lat": 39.933333,
      "lng": 16.533333
    },
    {
      "cityName": "Palermiti",
      "lat": 38.75,
      "lng": 16.45
    },
    {
      "cityName": "Pallagorio",
      "lat": 39.3,
      "lng": 16.9
    },
    {
      "cityName": "Palmi",
      "lat": 38.35,
      "lng": 15.85
    },
    {
      "cityName": "Palombara",
      "lat": 38.966667,
      "lng": 16.483333
    },
    {
      "cityName": "Paludi",
      "lat": 39.533333,
      "lng": 16.683333
    },
    {
      "cityName": "Panaia",
      "lat": 38.633333,
      "lng": 15.9
    },
    {
      "cityName": "Pannaconi",
      "lat": 38.7,
      "lng": 16.05
    },
    {
      "cityName": "Pantanolungo",
      "lat": 39.233333,
      "lng": 16.2
    },
    {
      "cityName": "Pantano",
      "lat": 39.133333,
      "lng": 16.783333
    },
    {
      "cityName": "Paola",
      "lat": 39.35,
      "lng": 16.033333
    },
    {
      "cityName": "Papaglionti",
      "lat": 38.65,
      "lng": 16.033333
    },
    {
      "cityName": "Papanice",
      "lat": 39.066667,
      "lng": 17.016667
    },
    {
      "cityName": "Papasidero",
      "lat": 39.866667,
      "lng": 15.9
    },
    {
      "cityName": "Parantoro",
      "lat": 39.4,
      "lng": 16.116667
    },
    {
      "cityName": "Parenti",
      "lat": 39.166667,
      "lng": 16.4
    },
    {
      "cityName": "Parghelia",
      "lat": 38.683333,
      "lng": 15.916667
    },
    {
      "cityName": "Pastine",
      "lat": 39.75,
      "lng": 15.866667
    },
    {
      "cityName": "Paterno Calabro",
      "lat": 39.233333,
      "lng": 16.25
    },
    {
      "cityName": "Pavigliana",
      "lat": 38.1,
      "lng": 15.716667
    },
    {
      "cityName": "Pedace",
      "lat": 39.266667,
      "lng": 16.333333
    },
    {
      "cityName": "Pedali",
      "lat": 39.983333,
      "lng": 16.05
    },
    {
      "cityName": "Pedochiella",
      "lat": 38.966667,
      "lng": 17.066667
    },
    {
      "cityName": "Pernocari",
      "lat": 38.616667,
      "lng": 16.016667
    },
    {
      "cityName": "Petilia Policastro",
      "lat": 39.116667,
      "lng": 16.783333
    },
    {
      "cityName": "Petrizzi",
      "lat": 38.7,
      "lng": 16.466667
    },
    {
      "cityName": "Petronà",
      "lat": 39.05,
      "lng": 16.75
    },
    {
      "cityName": "Piane Crati",
      "lat": 39.233333,
      "lng": 16.316667
    },
    {
      "cityName": "Piano della Fiera",
      "lat": 39.65,
      "lng": 16.033333
    },
    {
      "cityName": "Pianopoli",
      "lat": 38.95,
      "lng": 16.383333
    },
    {
      "cityName": "Pietrafitta",
      "lat": 39.25,
      "lng": 16.333333
    },
    {
      "cityName": "Pietrapaola",
      "lat": 39.483333,
      "lng": 16.816667
    },
    {
      "cityName": "Pietrapiana",
      "lat": 39.433333,
      "lng": 16.016667
    },
    {
      "cityName": "Pietre Bianche",
      "lat": 39.033333,
      "lng": 16.233333
    },
    {
      "cityName": "Pirillo",
      "lat": 39.083333,
      "lng": 16.383333
    },
    {
      "cityName": "Piscopie",
      "lat": 39.166667,
      "lng": 16.133333
    },
    {
      "cityName": "Piscopio",
      "lat": 38.666667,
      "lng": 16.116667
    },
    {
      "cityName": "Pizzoni",
      "lat": 38.633333,
      "lng": 16.25
    },
    {
      "cityName": "Pizzo",
      "lat": 38.733333,
      "lng": 16.166667
    },
    {
      "cityName": "Plaesano",
      "lat": 38.483333,
      "lng": 16.083333
    },
    {
      "cityName": "Plataci",
      "lat": 39.9,
      "lng": 16.433333
    },
    {
      "cityName": "Platania",
      "lat": 39,
      "lng": 16.316667
    },
    {
      "cityName": "Pogliano",
      "lat": 39.15,
      "lng": 16.1
    },
    {
      "cityName": "Poleio",
      "lat": 39.2,
      "lng": 16.283333
    },
    {
      "cityName": "Policastrello",
      "lat": 39.683333,
      "lng": 16.033333
    },
    {
      "cityName": "Polimieri",
      "lat": 39.083333,
      "lng": 16.516667
    },
    {
      "cityName": "Polverini",
      "lat": 38.966667,
      "lng": 16.416667
    },
    {
      "cityName": "Pomari",
      "lat": 38.433333,
      "lng": 15.966667
    },
    {
      "cityName": "Ponte Amendola",
      "lat": 39.766667,
      "lng": 16.366667
    },
    {
      "cityName": "Pontegrande",
      "lat": 38.933333,
      "lng": 16.566667
    },
    {
      "cityName": "Ponticelli",
      "lat": 39.116667,
      "lng": 17.066667
    },
    {
      "cityName": "Porcilicchi",
      "lat": 39.5,
      "lng": 16.516667
    },
    {
      "cityName": "Porticella",
      "lat": 38.583333,
      "lng": 16.266667
    },
    {
      "cityName": "Potenzoni",
      "lat": 38.7,
      "lng": 16.016667
    },
    {
      "cityName": "Preitoni",
      "lat": 38.566667,
      "lng": 15.933333
    },
    {
      "cityName": "Purgatorio",
      "lat": 39.416667,
      "lng": 16.5
    },
    {
      "cityName": "Quadraletto",
      "lat": 39.283333,
      "lng": 16.816667
    },
    {
      "cityName": "Quarantano Inferiore",
      "lat": 38.35,
      "lng": 15.966667
    },
    {
      "cityName": "Quattromiglio",
      "lat": 39.35,
      "lng": 16.25
    },
    {
      "cityName": "Ramondo",
      "lat": 39.25,
      "lng": 16.566667
    },
    {
      "cityName": "Reggio Calabria",
      "lat": 38.1,
      "lng": 15.65
    },
    {
      "cityName": "Regina",
      "lat": 39.45,
      "lng": 16.166667
    },
    {
      "cityName": "Rende",
      "lat": 39.333333,
      "lng": 16.183333
    },
    {
      "cityName": "Riace Marina",
      "lat": 38.383333,
      "lng": 16.516667
    },
    {
      "cityName": "Ricadi",
      "lat": 38.616667,
      "lng": 15.866667
    },
    {
      "cityName": "Righio di Varrese",
      "lat": 39.316667,
      "lng": 16.533333
    },
    {
      "cityName": "Rizzi",
      "lat": 39.016667,
      "lng": 16.35
    },
    {
      "cityName": "Roccabernarda",
      "lat": 39.133333,
      "lng": 16.866667
    },
    {
      "cityName": "Rocca di Neto",
      "lat": 39.183333,
      "lng": 17
    },
    {
      "cityName": "Rocca",
      "lat": 39.083333,
      "lng": 16.866667
    },
    {
      "cityName": "Roccella",
      "lat": 38.8,
      "lng": 16.6
    },
    {
      "cityName": "Roggiano Gravina",
      "lat": 39.616667,
      "lng": 16.15
    },
    {
      "cityName": "Rogliano",
      "lat": 39.166667,
      "lng": 16.316667
    },
    {
      "cityName": "Rombiolo",
      "lat": 38.6,
      "lng": 16
    },
    {
      "cityName": "Rosarno",
      "lat": 38.483333,
      "lng": 15.966667
    },
    {
      "cityName": "Rose",
      "lat": 39.4,
      "lng": 16.283333
    },
    {
      "cityName": "Roseto Capo Spulico",
      "lat": 39.983333,
      "lng": 16.6
    },
    {
      "cityName": "Rossano",
      "lat": 39.566667,
      "lng": 16.633333
    },
    {
      "cityName": "Rossano Stazione",
      "lat": 39.583333,
      "lng": 16.633333
    },
    {
      "cityName": "Rota Greca",
      "lat": 39.466667,
      "lng": 16.116667
    },
    {
      "cityName": "Rotonda",
      "lat": 39.95,
      "lng": 16.033333
    },
    {
      "cityName": "Rovale",
      "lat": 39.25,
      "lng": 16.533333
    },
    {
      "cityName": "Rovella",
      "lat": 39.3,
      "lng": 16.283333
    },
    {
      "cityName": "Rovito",
      "lat": 39.3,
      "lng": 16.316667
    },
    {
      "cityName": "Rozale",
      "lat": 39.2,
      "lng": 16.366667
    },
    {
      "cityName": "Rugieri",
      "lat": 39.5,
      "lng": 16.3
    },
    {
      "cityName": "Salerni",
      "lat": 39.366667,
      "lng": 16.4
    },
    {
      "cityName": "Saliano",
      "lat": 39.183333,
      "lng": 16.433333
    },
    {
      "cityName": "Salice",
      "lat": 39.066667,
      "lng": 16.116667
    },
    {
      "cityName": "Salinella Petraro",
      "lat": 39.233333,
      "lng": 16.866667
    },
    {
      "cityName": "Sambiase Catanzaro",
      "lat": 38.966667,
      "lng": 16.283333
    },
    {
      "cityName": "San Basile",
      "lat": 39.8,
      "lng": 16.166667
    },
    {
      "cityName": "San Calogero",
      "lat": 38.566667,
      "lng": 16.016667
    },
    {
      "cityName": "San Cataldo",
      "lat": 39.016667,
      "lng": 16.2
    },
    {
      "cityName": "San Cosmo Albanese",
      "lat": 39.583333,
      "lng": 16.416667
    },
    {
      "cityName": "San Costantino Albanese",
      "lat": 40.033333,
      "lng": 16.3
    },
    {
      "cityName": "San Costantino Calabro",
      "lat": 38.633333,
      "lng": 16.066667
    },
    {
      "cityName": "San Demetrio Corone",
      "lat": 39.566667,
      "lng": 16.366667
    },
    {
      "cityName": "San Domenico",
      "lat": 38.633333,
      "lng": 16.516667
    },
    {
      "cityName": "San Donato di Ninea",
      "lat": 39.7,
      "lng": 16.05
    },
    {
      "cityName": "San Ferdinando",
      "lat": 38.483333,
      "lng": 15.916667
    },
    {
      "cityName": "San Filippo",
      "lat": 38.383333,
      "lng": 15.883333
    },
    {
      "cityName": "San Filoreto",
      "lat": 38.333333,
      "lng": 15.9
    },
    {
      "cityName": "San Flaro",
      "lat": 38.833333,
      "lng": 16.516667
    },
    {
      "cityName": "San Gaetano",
      "lat": 38.366667,
      "lng": 15.883333
    },
    {
      "cityName": "San Giacomo d'Acri",
      "lat": 39.516667,
      "lng": 16.466667
    },
    {
      "cityName": "San Giacomo",
      "lat": 39.5,
      "lng": 16.1
    },
    {
      "cityName": "Sangineto",
      "lat": 39.6,
      "lng": 15.916667
    },
    {
      "cityName": "San Giorgio Albanese",
      "lat": 39.583333,
      "lng": 16.45
    },
    {
      "cityName": "San Giorgio Lucano",
      "lat": 40.116667,
      "lng": 16.383333
    },
    {
      "cityName": "San Giovanni in Fiore",
      "lat": 39.25,
      "lng": 16.7
    },
    {
      "cityName": "San Gregorio d'Ippona",
      "lat": 38.633333,
      "lng": 16.1
    },
    {
      "cityName": "San Gregorio",
      "lat": 38.066667,
      "lng": 15.65
    },
    {
      "cityName": "San Lauro",
      "lat": 39.55,
      "lng": 16.066667
    },
    {
      "cityName": "San Leo",
      "lat": 38.716667,
      "lng": 16.016667
    },
    {
      "cityName": "San Lorenzo Bellizzi",
      "lat": 39.883333,
      "lng": 16.333333
    },
    {
      "cityName": "San Lorenzo del Vallo",
      "lat": 39.666667,
      "lng": 16.3
    },
    {
      "cityName": "San Lucido",
      "lat": 39.3,
      "lng": 16.05
    },
    {
      "cityName": "San Mango d'Aquino",
      "lat": 39.05,
      "lng": 16.183333
    },
    {
      "cityName": "San Martino di Finita",
      "lat": 39.483333,
      "lng": 16.1
    },
    {
      "cityName": "San Martino",
      "lat": 38.366667,
      "lng": 15.983333
    },
    {
      "cityName": "San Mauro Marchesato",
      "lat": 39.1,
      "lng": 16.933333
    },
    {
      "cityName": "San Morello",
      "lat": 39.483333,
      "lng": 16.866667
    },
    {
      "cityName": "San Nicola da Crissa",
      "lat": 38.666667,
      "lng": 16.283333
    },
    {
      "cityName": "San Nicolò",
      "lat": 38.666667,
      "lng": 15.85
    },
    {
      "cityName": "San Pantaleo",
      "lat": 39.583333,
      "lng": 16.05
    },
    {
      "cityName": "San Pietro a Maida",
      "lat": 38.833333,
      "lng": 16.333333
    },
    {
      "cityName": "San Pietro Apostolo",
      "lat": 39.016667,
      "lng": 16.466667
    },
    {
      "cityName": "San Pietro in Amantea",
      "lat": 39.133333,
      "lng": 16.1
    },
    {
      "cityName": "San Pietro in Guarano",
      "lat": 39.333333,
      "lng": 16.316667
    },
    {
      "cityName": "San Procopio",
      "lat": 38.283333,
      "lng": 15.883333
    },
    {
      "cityName": "San Salvatore",
      "lat": 38.816667,
      "lng": 16.333333
    },
    {
      "cityName": "San Severino Lucano",
      "lat": 40.016667,
      "lng": 16.133333
    },
    {
      "cityName": "San Sisto dei Valdesi",
      "lat": 39.383333,
      "lng": 16.133333
    },
    {
      "cityName": "San Sostene",
      "lat": 38.633333,
      "lng": 16.483333
    },
    {
      "cityName": "San Sosti",
      "lat": 39.666667,
      "lng": 16.033333
    },
    {
      "cityName": "Santa Caterina Albanese",
      "lat": 39.583333,
      "lng": 16.066667
    },
    {
      "cityName": "Santa Caterina del Jonio",
      "lat": 38.533333,
      "lng": 16.516667
    },
    {
      "cityName": "Sant'Agata d'Esaro",
      "lat": 39.616667,
      "lng": 15.983333
    },
    {
      "cityName": "Santa Lucia",
      "lat": 39.5,
      "lng": 16.333333
    },
    {
      "cityName": "Santa Maria",
      "lat": 38.866667,
      "lng": 16.6
    },
    {
      "cityName": "Sant'Andrea Aposlolo dello Ionio",
      "lat": 38.633333,
      "lng": 16.533333
    },
    {
      "cityName": "Santa Severina",
      "lat": 39.15,
      "lng": 16.916667
    },
    {
      "cityName": "Santa Sofia d'Epiro",
      "lat": 39.55,
      "lng": 16.333333
    },
    {
      "cityName": "Sant'Elia",
      "lat": 38.966667,
      "lng": 16.583333
    },
    {
      "cityName": "Sant'Eufemia d'Aspromonte",
      "lat": 38.266667,
      "lng": 15.866667
    },
    {
      "cityName": "Sant'Eufemia Vetere",
      "lat": 38.95,
      "lng": 16.25
    },
    {
      "cityName": "Sant'Ippolito",
      "lat": 39.266667,
      "lng": 16.283333
    },
    {
      "cityName": "San Tommaso",
      "lat": 39.083333,
      "lng": 16.366667
    },
    {
      "cityName": "Sant'Onofrio",
      "lat": 38.7,
      "lng": 16.15
    },
    {
      "cityName": "Santo Stefano di Rogliano",
      "lat": 39.183333,
      "lng": 16.316667
    },
    {
      "cityName": "San Vincenzo la Costa",
      "lat": 39.366667,
      "lng": 16.15
    },
    {
      "cityName": "Saracena",
      "lat": 39.766667,
      "lng": 16.15
    },
    {
      "cityName": "Sarcano",
      "lat": 39.516667,
      "lng": 16.166667
    },
    {
      "cityName": "Sarro",
      "lat": 38.633333,
      "lng": 16.35
    },
    {
      "cityName": "Sarrotino",
      "lat": 38.9,
      "lng": 16.533333
    },
    {
      "cityName": "Satacuosco",
      "lat": 39.533333,
      "lng": 16.466667
    },
    {
      "cityName": "Satriano",
      "lat": 38.666667,
      "lng": 16.483333
    },
    {
      "cityName": "Savelli",
      "lat": 39.316667,
      "lng": 16.783333
    },
    {
      "cityName": "Savuto",
      "lat": 39.066667,
      "lng": 16.166667
    },
    {
      "cityName": "Scala Coeli",
      "lat": 39.45,
      "lng": 16.883333
    },
    {
      "cityName": "Scandale",
      "lat": 39.116667,
      "lng": 16.95
    },
    {
      "cityName": "Scarcelli",
      "lat": 39.4,
      "lng": 16.016667
    },
    {
      "cityName": "Schioviello",
      "lat": 38.783333,
      "lng": 16.316667
    },
    {
      "cityName": "Sciconi",
      "lat": 38.7,
      "lng": 16.033333
    },
    {
      "cityName": "Scifo",
      "lat": 39.016667,
      "lng": 17.166667
    },
    {
      "cityName": "Scola",
      "lat": 39.1,
      "lng": 16.1
    },
    {
      "cityName": "Scorza",
      "lat": 39.75,
      "lng": 16.283333
    },
    {
      "cityName": "Sellia",
      "lat": 38.983333,
      "lng": 16.616667
    },
    {
      "cityName": "Senise",
      "lat": 40.15,
      "lng": 16.283333
    },
    {
      "cityName": "Serra d'Aiello",
      "lat": 39.083333,
      "lng": 16.133333
    },
    {
      "cityName": "Serradipiro",
      "lat": 39.1,
      "lng": 16.416667
    },
    {
      "cityName": "Serra Pedace",
      "lat": 39.283333,
      "lng": 16.333333
    },
    {
      "cityName": "Serra San Bruno",
      "lat": 38.583333,
      "lng": 16.333333
    },
    {
      "cityName": "Serrastretta",
      "lat": 39.016667,
      "lng": 16.416667
    },
    {
      "cityName": "Serrata",
      "lat": 38.516667,
      "lng": 16.1
    },
    {
      "cityName": "Serrisi",
      "lat": 39.3,
      "lng": 16.65
    },
    {
      "cityName": "Sersale",
      "lat": 39.016667,
      "lng": 16.716667
    },
    {
      "cityName": "Siano",
      "lat": 38.916667,
      "lng": 16.6
    },
    {
      "cityName": "Sibari",
      "lat": 39.75,
      "lng": 16.45
    },
    {
      "cityName": "Signorelli",
      "lat": 39.516667,
      "lng": 16.133333
    },
    {
      "cityName": "Simbario",
      "lat": 38.616667,
      "lng": 16.333333
    },
    {
      "cityName": "Simeri",
      "lat": 38.933333,
      "lng": 16.666667
    },
    {
      "cityName": "Sinopoli",
      "lat": 38.266667,
      "lng": 15.883333
    },
    {
      "cityName": "Sorgenti di Frido",
      "lat": 39.95,
      "lng": 16.183333
    },
    {
      "cityName": "Sorianello",
      "lat": 38.583333,
      "lng": 16.25
    },
    {
      "cityName": "Soriano Calabro",
      "lat": 38.6,
      "lng": 16.233333
    },
    {
      "cityName": "Soverato Superiore",
      "lat": 38.683333,
      "lng": 16.533333
    },
    {
      "cityName": "Soveria Simeri",
      "lat": 38.95,
      "lng": 16.683333
    },
    {
      "cityName": "Spartimento",
      "lat": 38.466667,
      "lng": 15.933333
    },
    {
      "cityName": "Spezzano Albanese",
      "lat": 39.666667,
      "lng": 16.316667
    },
    {
      "cityName": "Spezzano della Sila",
      "lat": 39.3,
      "lng": 16.333333
    },
    {
      "cityName": "Spilinga",
      "lat": 38.616667,
      "lng": 15.9
    },
    {
      "cityName": "Spineto",
      "lat": 39.183333,
      "lng": 16.1
    },
    {
      "cityName": "Sprovieri",
      "lat": 39.483333,
      "lng": 16.35
    },
    {
      "cityName": "Squillace",
      "lat": 38.783333,
      "lng": 16.516667
    },
    {
      "cityName": "Stasimo",
      "lat": 39.25,
      "lng": 16.8
    },
    {
      "cityName": "Steccato",
      "lat": 38.95,
      "lng": 16.916667
    },
    {
      "cityName": "Strongoli",
      "lat": 39.266667,
      "lng": 17.05
    },
    {
      "cityName": "Surdo",
      "lat": 39.316667,
      "lng": 16.2
    },
    {
      "cityName": "Taureana",
      "lat": 38.4,
      "lng": 15.866667
    },
    {
      "cityName": "Taverna",
      "lat": 39.016667,
      "lng": 16.583333
    },
    {
      "cityName": "Teana",
      "lat": 40.133333,
      "lng": 16.15
    },
    {
      "cityName": "Terme Luigiane",
      "lat": 39.483333,
      "lng": 15.983333
    },
    {
      "cityName": "Terranova da Síbari",
      "lat": 39.65,
      "lng": 16.333333
    },
    {
      "cityName": "Terranova di Pollino",
      "lat": 39.983333,
      "lng": 16.3
    },
    {
      "cityName": "Terranova Sappo Minulio",
      "lat": 38.316667,
      "lng": 16.016667
    },
    {
      "cityName": "Terranovo di Pollino",
      "lat": 39.966667,
      "lng": 16.3
    },
    {
      "cityName": "Terrati",
      "lat": 39.133333,
      "lng": 16.116667
    },
    {
      "cityName": "Terravecchia",
      "lat": 39.466667,
      "lng": 16.95
    },
    {
      "cityName": "Terreti",
      "lat": 38.116667,
      "lng": 15.716667
    },
    {
      "cityName": "Tessano",
      "lat": 39.25,
      "lng": 16.233333
    },
    {
      "cityName": "Thurio",
      "lat": 39.683333,
      "lng": 16.466667
    },
    {
      "cityName": "Tiriolo",
      "lat": 38.95,
      "lng": 16.5
    },
    {
      "cityName": "Tocci",
      "lat": 39.65,
      "lng": 16.4
    },
    {
      "cityName": "Tomaini",
      "lat": 39.05,
      "lng": 16.316667
    },
    {
      "cityName": "Torano Castello",
      "lat": 39.5,
      "lng": 16.133333
    },
    {
      "cityName": "Torre Caprara",
      "lat": 39.183333,
      "lng": 16.633333
    },
    {
      "cityName": "Torre Cognale del Pero",
      "lat": 39.5,
      "lng": 16.583333
    },
    {
      "cityName": "Torre di Ponte Soprano",
      "lat": 39.183333,
      "lng": 16.583333
    },
    {
      "cityName": "Torre di Ponte Sottano",
      "lat": 39.183333,
      "lng": 16.6
    },
    {
      "cityName": "Torre di Ruggero",
      "lat": 38.65,
      "lng": 16.366667
    },
    {
      "cityName": "Torre Larderia",
      "lat": 39.983333,
      "lng": 16.133333
    },
    {
      "cityName": "Torre Marino",
      "lat": 38.65,
      "lng": 15.85
    },
    {
      "cityName": "Torre Mauro",
      "lat": 39.266667,
      "lng": 16.8
    },
    {
      "cityName": "Torre Melissa",
      "lat": 39.3,
      "lng": 17.1
    },
    {
      "cityName": "Torre Mordillo",
      "lat": 39.716667,
      "lng": 16.3
    },
    {
      "cityName": "Torre Palleca",
      "lat": 39.366667,
      "lng": 16.883333
    },
    {
      "cityName": "Torre Pinta",
      "lat": 39.616667,
      "lng": 16.65
    },
    {
      "cityName": "Torre Ritani",
      "lat": 38.95,
      "lng": 17.05
    },
    {
      "cityName": "Torre San Giovanni",
      "lat": 39.066667,
      "lng": 16.083333
    },
    {
      "cityName": "Torre Sant'Arena",
      "lat": 38.733333,
      "lng": 15.983333
    },
    {
      "cityName": "Trappeto di Montalto",
      "lat": 38.533333,
      "lng": 15.983333
    },
    {
      "cityName": "Trebisacce Marina",
      "lat": 39.866667,
      "lng": 16.533333
    },
    {
      "cityName": "Trescero",
      "lat": 39.983333,
      "lng": 16.016667
    },
    {
      "cityName": "Tripatni",
      "lat": 38.683333,
      "lng": 16.066667
    },
    {
      "cityName": "Tritanti",
      "lat": 38.45,
      "lng": 16.116667
    },
    {
      "cityName": "Tropea",
      "lat": 38.683333,
      "lng": 15.9
    },
    {
      "cityName": "Umbriatico",
      "lat": 39.35,
      "lng": 16.916667
    },
    {
      "cityName": "Umbri",
      "lat": 38.883333,
      "lng": 16.216667
    },
    {
      "cityName": "Uria",
      "lat": 38.916667,
      "lng": 16.716667
    },
    {
      "cityName": "Vaccarizzo Albanese",
      "lat": 39.583333,
      "lng": 16.433333
    },
    {
      "cityName": "Vaccarizzo",
      "lat": 39.4,
      "lng": 16.133333
    },
    {
      "cityName": "Vaiola",
      "lat": 38.966667,
      "lng": 16.366667
    },
    {
      "cityName": "Vallefiorita",
      "lat": 38.766667,
      "lng": 16.45
    },
    {
      "cityName": "Vallelonga",
      "lat": 38.633333,
      "lng": 16.283333
    },
    {
      "cityName": "Vallenetta",
      "lat": 39.183333,
      "lng": 16.116667
    },
    {
      "cityName": "Vallepiccola",
      "lat": 39.3,
      "lng": 16.616667
    },
    {
      "cityName": "Vallicciardi",
      "lat": 39,
      "lng": 16.233333
    },
    {
      "cityName": "Varco",
      "lat": 39.966667,
      "lng": 16.15
    },
    {
      "cityName": "Vena di Máida",
      "lat": 38.883333,
      "lng": 16.4
    },
    {
      "cityName": "Vena Superiore",
      "lat": 38.666667,
      "lng": 16.066667
    },
    {
      "cityName": "Verbicaro",
      "lat": 39.75,
      "lng": 15.916667
    },
    {
      "cityName": "Verta",
      "lat": 39.266667,
      "lng": 16.7
    },
    {
      "cityName": "Verzino",
      "lat": 39.316667,
      "lng": 16.85
    },
    {
      "cityName": "Viggianello",
      "lat": 39.966667,
      "lng": 16.083333
    },
    {
      "cityName": "Vigne Corte",
      "lat": 39.4,
      "lng": 16.75
    },
    {
      "cityName": "Vigne di Pietra Pertosa",
      "lat": 39.383333,
      "lng": 16.833333
    },
    {
      "cityName": "Villa Giúlia",
      "lat": 39.083333,
      "lng": 16.616667
    },
    {
      "cityName": "Villa Italia",
      "lat": 38.35,
      "lng": 15.866667
    },
    {
      "cityName": "Villa Meliscio",
      "lat": 39.916667,
      "lng": 16
    },
    {
      "cityName": "Villaneto",
      "lat": 40.05,
      "lng": 16.2
    },
    {
      "cityName": "Villapiana",
      "lat": 39.85,
      "lng": 16.466667
    },
    {
      "cityName": "Vito Inferiore",
      "lat": 38.116667,
      "lng": 15.683333
    },
    {
      "cityName": "Vito Superiore",
      "lat": 38.133333,
      "lng": 15.7
    },
    {
      "cityName": "Viziole",
      "lat": 39.583333,
      "lng": 16.033333
    },
    {
      "cityName": "Votturino",
      "lat": 39.283333,
      "lng": 16.55
    },
    {
      "cityName": "Zaccanopoli",
      "lat": 38.666667,
      "lng": 15.95
    },
    {
      "cityName": "Zaccaria",
      "lat": 39.366667,
      "lng": 16.533333
    },
    {
      "cityName": "Zagarise",
      "lat": 39,
      "lng": 16.65
    },
    {
      "cityName": "Zambrone",
      "lat": 38.7,
      "lng": 15.983333
    },
    {
      "cityName": "Zammarò",
      "lat": 38.65,
      "lng": 16.1
    },
    {
      "cityName": "Zinga",
      "lat": 39.25,
      "lng": 16.916667
    }
  ]
}