{
  "name": "Upper East",
  "cities": [
    {
      "cityName": "Abagamia",
      "lat": 10.9833333,
      "lng": -0.75
    },
    {
      "cityName": "Abelio",
      "lat": 10.8333333,
      "lng": -1.2333333
    },
    {
      "cityName": "Abeu",
      "lat": 10.95,
      "lng": -0.55
    },
    {
      "cityName": "Abilatega",
      "lat": 10.8666667,
      "lng": -0.2166667
    },
    {
      "cityName": "Abliri",
      "lat": 10.7347222,
      "lng": -1.2905556
    },
    {
      "cityName": "Acharaba",
      "lat": 10.9833333,
      "lng": -0.7666667
    },
    {
      "cityName": "Adaboya",
      "lat": 10.9,
      "lng": -0.7166667
    },
    {
      "cityName": "Adokobisi",
      "lat": 10.95,
      "lng": -0.8166667
    },
    {
      "cityName": "Adonsi",
      "lat": 10.8166667,
      "lng": -0.4666667
    },
    {
      "cityName": "Adoweko",
      "lat": 10.9666667,
      "lng": -0.7166667
    },
    {
      "cityName": "Adunania",
      "lat": 10.9833333,
      "lng": -1.35
    },
    {
      "cityName": "Adung",
      "lat": 10.9833333,
      "lng": -1.15
    },
    {
      "cityName": "Agago",
      "lat": 11.0333333,
      "lng": -0.4666667
    },
    {
      "cityName": "Agushi",
      "lat": 10.8666667,
      "lng": -0.9166667
    },
    {
      "cityName": "Akamo",
      "lat": 10.8666667,
      "lng": -0.95
    },
    {
      "cityName": "Akanaba",
      "lat": 10.9166667,
      "lng": -0.7666667
    },
    {
      "cityName": "Akorisi",
      "lat": 10.9333333,
      "lng": -0.7333333
    },
    {
      "cityName": "Akulmasa",
      "lat": 10.9333333,
      "lng": -0.7
    },
    {
      "cityName": "Akunda",
      "lat": 10.8,
      "lng": -1.0166667
    },
    {
      "cityName": "Akunduo",
      "lat": 10.9333333,
      "lng": -0.8
    },
    {
      "cityName": "Akunka",
      "lat": 10.9666667,
      "lng": -0.8
    },
    {
      "cityName": "Akunkogo",
      "lat": 10.8333333,
      "lng": -0.9833333
    },
    {
      "cityName": "Akure",
      "lat": 10.75,
      "lng": -0.4833333
    },
    {
      "cityName": "Alagiligobisi",
      "lat": 10.9077778,
      "lng": -0.8080556
    },
    {
      "cityName": "Alenzua",
      "lat": 10.9,
      "lng": -0.55
    },
    {
      "cityName": "Alidem",
      "lat": 10.6833333,
      "lng": -1.5
    },
    {
      "cityName": "Alogenia",
      "lat": 10.8333333,
      "lng": -1.45
    },
    {
      "cityName": "Aloko",
      "lat": 10.8833333,
      "lng": -0.3166667
    },
    {
      "cityName": "Amkpaliga",
      "lat": 10.9833333,
      "lng": -0.4666667
    },
    {
      "cityName": "Amodalga",
      "lat": 10.65,
      "lng": -1.1
    },
    {
      "cityName": "Amogorebisi",
      "lat": 10.8166667,
      "lng": -0.9333333
    },
    {
      "cityName": "Amotanga",
      "lat": 11,
      "lng": -0.9666667
    },
    {
      "cityName": "Anabuya",
      "lat": 11.0166667,
      "lng": -0.2333333
    },
    {
      "cityName": "Anamansa",
      "lat": 10.7833333,
      "lng": -1.1666667
    },
    {
      "cityName": "Aniago",
      "lat": 10.9666667,
      "lng": -0.4333333
    },
    {
      "cityName": "Anieregu",
      "lat": 10.95,
      "lng": -0.9666667
    },
    {
      "cityName": "Anish",
      "lat": 10.95,
      "lng": -0.2666667
    },
    {
      "cityName": "Annabisi",
      "lat": 10.8333333,
      "lng": -0.7
    },
    {
      "cityName": "Anyanimatai",
      "lat": 10.9166667,
      "lng": -0.3666667
    },
    {
      "cityName": "Anyukawkaw",
      "lat": 10.75,
      "lng": -0.9166667
    },
    {
      "cityName": "Apilga",
      "lat": 10.75,
      "lng": -0.9
    },
    {
      "cityName": "Apodabogo",
      "lat": 10.7166667,
      "lng": -0.45
    },
    {
      "cityName": "Arabe",
      "lat": 10.9833333,
      "lng": -0.7166667
    },
    {
      "cityName": "Arabe Ayelibia",
      "lat": 11,
      "lng": -0.75
    },
    {
      "cityName": "Aragbiri",
      "lat": 10.7833333,
      "lng": -0.4666667
    },
    {
      "cityName": "Aragu",
      "lat": 10.5666667,
      "lng": -0.8833333
    },
    {
      "cityName": "Aranga",
      "lat": 10.7833333,
      "lng": -0.5166667
    },
    {
      "cityName": "Arebinse",
      "lat": 10.8,
      "lng": -1.15
    },
    {
      "cityName": "Ariziem",
      "lat": 10.9666667,
      "lng": -0.1666667
    },
    {
      "cityName": "Aronkpe",
      "lat": 10.9333333,
      "lng": -0.55
    },
    {
      "cityName": "Asakanyam",
      "lat": 10.9166667,
      "lng": -0.7
    },
    {
      "cityName": "Asebrik",
      "lat": 10.9833333,
      "lng": -0.8
    },
    {
      "cityName": "Asebuga",
      "lat": 10.9166667,
      "lng": -0.75
    },
    {
      "cityName": "Asong",
      "lat": 10.8166667,
      "lng": -0.7666667
    },
    {
      "cityName": "Atarakom",
      "lat": 10.8666667,
      "lng": -0.5166667
    },
    {
      "cityName": "Atiyoro",
      "lat": 10.85,
      "lng": -0.9833333
    },
    {
      "cityName": "Awa",
      "lat": 10.9166667,
      "lng": -0.8833333
    },
    {
      "cityName": "Awina",
      "lat": 10.8166667,
      "lng": -1.4
    },
    {
      "cityName": "Azantole",
      "lat": 10.8333333,
      "lng": -0.5333333
    },
    {
      "cityName": "Azoawera",
      "lat": 10.8,
      "lng": -0.5
    },
    {
      "cityName": "Azupunpun",
      "lat": 10.8833333,
      "lng": -0.5333333
    },
    {
      "cityName": "Babili",
      "lat": 10.95,
      "lng": -1.1
    },
    {
      "cityName": "Bado",
      "lat": 11.1166667,
      "lng": -0.2333333
    },
    {
      "cityName": "Balansa",
      "lat": 10.7166667,
      "lng": -1.3333333
    },
    {
      "cityName": "Baluagu",
      "lat": 10.6333333,
      "lng": -0.8666667
    },
    {
      "cityName": "Balungo",
      "lat": 10.9166667,
      "lng": -0.85
    },
    {
      "cityName": "Bamamburi",
      "lat": 10.9666667,
      "lng": -0.05
    },
    {
      "cityName": "Bango",
      "lat": 10.7166667,
      "lng": -0.4166667
    },
    {
      "cityName": "Banshi",
      "lat": 11.05,
      "lng": -0.35
    },
    {
      "cityName": "Bantamfarigu",
      "lat": 10.75,
      "lng": -0.2
    },
    {
      "cityName": "Bantirago",
      "lat": 10.85,
      "lng": -0.2
    },
    {
      "cityName": "Barabeko",
      "lat": 10.85,
      "lng": -0.1666667
    },
    {
      "cityName": "Bari",
      "lat": 10.7333333,
      "lng": -0.8
    },
    {
      "cityName": "Bavugnia",
      "lat": 10.9166667,
      "lng": -1.0666667
    },
    {
      "cityName": "Bawku",
      "lat": 11.0580556,
      "lng": -0.2416667
    },
    {
      "cityName": "Bawkuzua",
      "lat": 11.0666667,
      "lng": -0.25
    },
    {
      "cityName": "Bazieng",
      "lat": 10.9833333,
      "lng": -0.9333333
    },
    {
      "cityName": "Bazua",
      "lat": 11,
      "lng": -0.3666667
    },
    {
      "cityName": "Bazunde",
      "lat": 10.9,
      "lng": -0.5
    },
    {
      "cityName": "Bechaunsi",
      "lat": 10.65,
      "lng": -1.45
    },
    {
      "cityName": "Bechawnsi Nyambisa",
      "lat": 10.65,
      "lng": -1.4333333
    },
    {
      "cityName": "Bechawnsi Vare",
      "lat": 10.75,
      "lng": -1.4833333
    },
    {
      "cityName": "Bechisi",
      "lat": 10.4,
      "lng": -1.35
    },
    {
      "cityName": "Belagu",
      "lat": 10.9166667,
      "lng": -0.25
    },
    {
      "cityName": "Belambusi",
      "lat": 10.7833333,
      "lng": -0.2
    },
    {
      "cityName": "Belempiis",
      "lat": 10.9333333,
      "lng": -0.2666667
    },
    {
      "cityName": "Beluo",
      "lat": 10.9833333,
      "lng": -1.0833333
    },
    {
      "cityName": "Bembisi",
      "lat": 10.9166667,
      "lng": -0.95
    },
    {
      "cityName": "Benguri",
      "lat": 11,
      "lng": -0.3166667
    },
    {
      "cityName": "Bensi",
      "lat": 10.9333333,
      "lng": -1.4166667
    },
    {
      "cityName": "Beo",
      "lat": 10.8833333,
      "lng": -0.7666667
    },
    {
      "cityName": "Beo Dua",
      "lat": 10.8833333,
      "lng": -0.7833333
    },
    {
      "cityName": "Beo Kumbusgu",
      "lat": 10.8666667,
      "lng": -0.75
    },
    {
      "cityName": "Bezune",
      "lat": 10.9166667,
      "lng": -0.5333333
    },
    {
      "cityName": "Biagu",
      "lat": 10.6,
      "lng": -0.8
    },
    {
      "cityName": "Biaka",
      "lat": 11.0166667,
      "lng": -0.3666667
    },
    {
      "cityName": "Bidema",
      "lat": 10.5666667,
      "lng": -1.3333333
    },
    {
      "cityName": "Bilinsa",
      "lat": 10.7666667,
      "lng": -1.25
    },
    {
      "cityName": "Bimpiela",
      "lat": 11.0833333,
      "lng": -0.0333333
    },
    {
      "cityName": "Binaba",
      "lat": 10.7983333,
      "lng": -0.4738889
    },
    {
      "cityName": "Binduri",
      "lat": 10.9833333,
      "lng": -0.3
    },
    {
      "cityName": "Biong",
      "lat": 10.7666667,
      "lng": -0.8
    },
    {
      "cityName": "Biringo",
      "lat": 10.9333333,
      "lng": -0.4
    },
    {
      "cityName": "Bisiga",
      "lat": 10.55,
      "lng": -0.9
    },
    {
      "cityName": "Biu",
      "lat": 10.7666667,
      "lng": -1.1166667
    },
    {
      "cityName": "Biung",
      "lat": 10.6427778,
      "lng": -0.6636111
    },
    {
      "cityName": "Boango",
      "lat": 11.0833333,
      "lng": -0.25
    },
    {
      "cityName": "Boga",
      "lat": 10.7833333,
      "lng": -0.4333333
    },
    {
      "cityName": "Bogorogo",
      "lat": 10.9,
      "lng": -0.7666667
    },
    {
      "cityName": "Boiya",
      "lat": 10.8333333,
      "lng": -0.4666667
    },
    {
      "cityName": "Bokko",
      "lat": 11,
      "lng": -0.2833333
    },
    {
      "cityName": "Boko",
      "lat": 10.9833333,
      "lng": -0.8333333
    },
    {
      "cityName": "Bolagatanga",
      "lat": 10.7855556,
      "lng": -0.8513889
    },
    {
      "cityName": "Bolga Bukeere",
      "lat": 10.8,
      "lng": -0.8666667
    },
    {
      "cityName": "Bolga Gambibigo",
      "lat": 10.75,
      "lng": -0.8166667
    },
    {
      "cityName": "Bolga Soe",
      "lat": 10.8166667,
      "lng": -0.85
    },
    {
      "cityName": "Bolga Tindongo",
      "lat": 10.7666667,
      "lng": -0.8833333
    },
    {
      "cityName": "Bondari",
      "lat": 10.9166667,
      "lng": -0.4333333
    },
    {
      "cityName": "Bongo Anarorabisi",
      "lat": 10.9166667,
      "lng": -0.7833333
    },
    {
      "cityName": "Bongo Gorogo",
      "lat": 10.9166667,
      "lng": -0.8166667
    },
    {
      "cityName": "Bugaad",
      "lat": 10.7,
      "lng": -0.5
    },
    {
      "cityName": "Bugili",
      "lat": 11.1166667,
      "lng": -0.3833333
    },
    {
      "cityName": "Bugori",
      "lat": 10.8666667,
      "lng": -0.4666667
    },
    {
      "cityName": "Bugri",
      "lat": 10.9833333,
      "lng": -0.1333333
    },
    {
      "cityName": "Bugula",
      "lat": 11.1166667,
      "lng": -0.2
    },
    {
      "cityName": "Buguwia",
      "lat": 10.8,
      "lng": -0.1833333
    },
    {
      "cityName": "Bugwia",
      "lat": 10.6666667,
      "lng": -0.3333333
    },
    {
      "cityName": "Buliga",
      "lat": 10.6833333,
      "lng": -0.4166667
    },
    {
      "cityName": "Bulpielesi",
      "lat": 10.9833333,
      "lng": -0.0833333
    },
    {
      "cityName": "Bwania",
      "lat": 10.8833333,
      "lng": -1.1166667
    },
    {
      "cityName": "Chana",
      "lat": 10.5833333,
      "lng": -1.1833333
    },
    {
      "cityName": "Chania",
      "lat": 10.9833333,
      "lng": -1.0666667
    },
    {
      "cityName": "Chiana Asunia",
      "lat": 10.8666667,
      "lng": -1.2666667
    },
    {
      "cityName": "Chiana Gwenia",
      "lat": 10.85,
      "lng": -1.2333333
    },
    {
      "cityName": "Chiana Kaleveo",
      "lat": 10.8333333,
      "lng": -1.2666667
    },
    {
      "cityName": "Chiana Wurunia",
      "lat": 10.85,
      "lng": -1.3166667
    },
    {
      "cityName": "Chiana Yidania",
      "lat": 10.85,
      "lng": -1.3
    },
    {
      "cityName": "Chuchiliga",
      "lat": 10.8152778,
      "lng": -1.1811111
    },
    {
      "cityName": "Chuchilliga Azuguyeri Teedem",
      "lat": 10.8,
      "lng": -1.2
    },
    {
      "cityName": "Chuchilliga Azuguyeri Yipala",
      "lat": 10.8666667,
      "lng": -1.1833333
    },
    {
      "cityName": "Chuchilliga Namonsa Jaata",
      "lat": 10.8,
      "lng": -1.1833333
    },
    {
      "cityName": "Dabia",
      "lat": 11.0166667,
      "lng": -0.15
    },
    {
      "cityName": "Dagunga",
      "lat": 10.7,
      "lng": -0.4166667
    },
    {
      "cityName": "Dakiu",
      "lat": 10.8333333,
      "lng": -0.8
    },
    {
      "cityName": "Dakrenia",
      "lat": 10.9166667,
      "lng": -1.3333333
    },
    {
      "cityName": "Dambrunsi",
      "lat": 10.5333333,
      "lng": -1.4166667
    },
    {
      "cityName": "Dánfoana",
      "lat": 10.7166667,
      "lng": -0.2166667
    },
    {
      "cityName": "Danugu",
      "lat": 10.7333333,
      "lng": -0.2333333
    },
    {
      "cityName": "Dasubansi",
      "lat": 10.8,
      "lng": -0.2166667
    },
    {
      "cityName": "Datoka Zanwure",
      "lat": 10.6833333,
      "lng": -0.6333333
    },
    {
      "cityName": "Datoko",
      "lat": 10.7058333,
      "lng": -0.6497222
    },
    {
      "cityName": "Datoko Kpetabom",
      "lat": 10.7333333,
      "lng": -0.6
    },
    {
      "cityName": "Datoko Namawgo",
      "lat": 10.7333333,
      "lng": -0.6166667
    },
    {
      "cityName": "Dawba",
      "lat": 10.8666667,
      "lng": -1.0333333
    },
    {
      "cityName": "Dawsikom",
      "lat": 10.7166667,
      "lng": -0.2666667
    },
    {
      "cityName": "Dega",
      "lat": 11.05,
      "lng": -0.2
    },
    {
      "cityName": "Digongo",
      "lat": 10.75,
      "lng": -1.0833333
    },
    {
      "cityName": "Ditimbule",
      "lat": 10.7,
      "lng": -0.6
    },
    {
      "cityName": "Diyuri",
      "lat": 10.7833333,
      "lng": -0.2166667
    },
    {
      "cityName": "Dogbale",
      "lat": 10.95,
      "lng": -0.0833333
    },
    {
      "cityName": "Doish",
      "lat": 10.7666667,
      "lng": -0.7
    },
    {
      "cityName": "Doninga Central",
      "lat": 10.6333333,
      "lng": -1.4166667
    },
    {
      "cityName": "Doninga",
      "lat": 10.6186111,
      "lng": -1.4205556
    },
    {
      "cityName": "Doninga Farinsa",
      "lat": 10.6166667,
      "lng": -1.4
    },
    {
      "cityName": "Doninga Wupeensa",
      "lat": 10.5666667,
      "lng": -1.45
    },
    {
      "cityName": "Dudungo",
      "lat": 10.7833333,
      "lng": -0.2666667
    },
    {
      "cityName": "Dulugu",
      "lat": 10.7666667,
      "lng": -0.8333333
    },
    {
      "cityName": "Dumisbuliga",
      "lat": 10.75,
      "lng": -0.2333333
    },
    {
      "cityName": "Dusabluga",
      "lat": 10.8833333,
      "lng": -0.7
    },
    {
      "cityName": "Dusi Gari",
      "lat": 10.75,
      "lng": -0.7
    },
    {
      "cityName": "Dusi Yale",
      "lat": 10.7166667,
      "lng": -0.6833333
    },
    {
      "cityName": "Faraga",
      "lat": 10.7,
      "lng": -0.4666667
    },
    {
      "cityName": "Farensa",
      "lat": 10.6833333,
      "lng": -1.3
    },
    {
      "cityName": "Feo Nabisi",
      "lat": 11,
      "lng": -0.8166667
    },
    {
      "cityName": "Fetiga",
      "lat": 11.05,
      "lng": -0.4333333
    },
    {
      "cityName": "Fisa",
      "lat": 10.7666667,
      "lng": -1.3
    },
    {
      "cityName": "Fumbisi Central",
      "lat": 10.4333333,
      "lng": -1.3333333
    },
    {
      "cityName": "Gaani",
      "lat": 10.8333333,
      "lng": -1.0833333
    },
    {
      "cityName": "Gabuluga",
      "lat": 10.8,
      "lng": -0.45
    },
    {
      "cityName": "Gadem",
      "lat": 10.6,
      "lng": -1.2166667
    },
    {
      "cityName": "Ga",
      "lat": 10.65,
      "lng": -0.4333333
    },
    {
      "cityName": "Gago",
      "lat": 10.95,
      "lng": -0.1833333
    },
    {
      "cityName": "Galaka",
      "lat": 11.0833333,
      "lng": -0.3666667
    },
    {
      "cityName": "Gamborongo",
      "lat": 10.8833333,
      "lng": -0.9166667
    },
    {
      "cityName": "Gangaboka",
      "lat": 10.75,
      "lng": -0.6166667
    },
    {
      "cityName": "Gangari",
      "lat": 11.05,
      "lng": -0.25
    },
    {
      "cityName": "Garu",
      "lat": 10.85,
      "lng": -0.1833333
    },
    {
      "cityName": "Gasongo",
      "lat": 11.0666667,
      "lng": -0.3666667
    },
    {
      "cityName": "Gbantirigo",
      "lat": 10.8166667,
      "lng": -0.1666667
    },
    {
      "cityName": "Gbantongo",
      "lat": 10.8,
      "lng": -0.5166667
    },
    {
      "cityName": "Gbantongo Kongo",
      "lat": 10.8166667,
      "lng": -0.5166667
    },
    {
      "cityName": "Gbedema Kunkuak",
      "lat": 10.6,
      "lng": -1.3166667
    },
    {
      "cityName": "Gbega",
      "lat": 10.7833333,
      "lng": -0.75
    },
    {
      "cityName": "Gbego",
      "lat": 10.7166667,
      "lng": -0.8166667
    },
    {
      "cityName": "Gbongbanre",
      "lat": 10.7666667,
      "lng": -0.65
    },
    {
      "cityName": "Gia Nangwao",
      "lat": 10.9166667,
      "lng": -1.1333333
    },
    {
      "cityName": "Ginteka",
      "lat": 11.1166667,
      "lng": -0.3
    },
    {
      "cityName": "Goasalaga",
      "lat": 10.9333333,
      "lng": -0.2333333
    },
    {
      "cityName": "Gobasa",
      "lat": 10.55,
      "lng": -1.1833333
    },
    {
      "cityName": "Gode",
      "lat": 10.75,
      "lng": -0.45
    },
    {
      "cityName": "Go",
      "lat": 10.9333333,
      "lng": -0.8833333
    },
    {
      "cityName": "Gomne",
      "lat": 10.9,
      "lng": -0.1
    },
    {
      "cityName": "Gonre",
      "lat": 11,
      "lng": -0.25
    },
    {
      "cityName": "Goo Abagnabisi",
      "lat": 10.9166667,
      "lng": -0.9
    },
    {
      "cityName": "Goo Kadare Abagnabisi",
      "lat": 10.95,
      "lng": -0.9
    },
    {
      "cityName": "Goo Nayorogo",
      "lat": 10.9333333,
      "lng": -0.8666667
    },
    {
      "cityName": "Gorogo",
      "lat": 10.9833333,
      "lng": -0.4166667
    },
    {
      "cityName": "Gorogu",
      "lat": 10.7,
      "lng": -0.85
    },
    {
      "cityName": "Goruma",
      "lat": 10.95,
      "lng": -1
    },
    {
      "cityName": "Goseesi",
      "lat": 11.0333333,
      "lng": -0.2166667
    },
    {
      "cityName": "Gowri Yorogo",
      "lat": 10.85,
      "lng": -0.8166667
    },
    {
      "cityName": "Gozesi",
      "lat": 10.8833333,
      "lng": -0.5
    },
    {
      "cityName": "Goziesi",
      "lat": 10.9333333,
      "lng": -0.5166667
    },
    {
      "cityName": "Gumakatari",
      "lat": 11.15,
      "lng": -0.2666667
    },
    {
      "cityName": "Gumbo Binaba",
      "lat": 10.8333333,
      "lng": -0.4833333
    },
    {
      "cityName": "Gumbo",
      "lat": 10.7,
      "lng": -0.45
    },
    {
      "cityName": "Gumshe",
      "lat": 10.9,
      "lng": -0.35
    },
    {
      "cityName": "Gumyoko",
      "lat": 10.9833333,
      "lng": -0.35
    },
    {
      "cityName": "Guohe",
      "lat": 10.85,
      "lng": -0.6666667
    },
    {
      "cityName": "Gyanasi",
      "lat": 10.3833333,
      "lng": -1.3666667
    },
    {
      "cityName": "Gyelakologo",
      "lat": 10.8833333,
      "lng": -0.15
    },
    {
      "cityName": "Jakwansatambia",
      "lat": 10.5666667,
      "lng": -1.1
    },
    {
      "cityName": "Janania",
      "lat": 10.85,
      "lng": -1.0666667
    },
    {
      "cityName": "Jasa",
      "lat": 10.7166667,
      "lng": -1.4166667
    },
    {
      "cityName": "Jentega",
      "lat": 11.0666667,
      "lng": -0.3
    },
    {
      "cityName": "Jingere",
      "lat": 11.05,
      "lng": -0.0166667
    },
    {
      "cityName": "Jiningsa",
      "lat": 10.55,
      "lng": -1.4333333
    },
    {
      "cityName": "Kabengo",
      "lat": 10.9666667,
      "lng": -0.2
    },
    {
      "cityName": "Kabre",
      "lat": 10.9333333,
      "lng": -0.75
    },
    {
      "cityName": "Kadema Banyangsa",
      "lat": 10.5833333,
      "lng": -1.2333333
    },
    {
      "cityName": "Kadi",
      "lat": 10.9,
      "lng": -0.3166667
    },
    {
      "cityName": "Kadoro",
      "lat": 10.9666667,
      "lng": -1.1666667
    },
    {
      "cityName": "Kagbiri",
      "lat": 10.9,
      "lng": -0.1833333
    },
    {
      "cityName": "Kaiyoro",
      "lat": 10.9833333,
      "lng": -1.3166667
    },
    {
      "cityName": "Kaiyoro-Uru",
      "lat": 10.9333333,
      "lng": -1.3
    },
    {
      "cityName": "Kakansiga",
      "lat": 10.9166667,
      "lng": -0.2166667
    },
    {
      "cityName": "Kalboka",
      "lat": 10.6833333,
      "lng": -0.65
    },
    {
      "cityName": "Kalesesi",
      "lat": 10.55,
      "lng": -1.05
    },
    {
      "cityName": "Kamsango",
      "lat": 10.9666667,
      "lng": -0.5166667
    },
    {
      "cityName": "Kamsori",
      "lat": 11.0333333,
      "lng": -0.05
    },
    {
      "cityName": "Kandem",
      "lat": 10.75,
      "lng": -1.3333333
    },
    {
      "cityName": "Kandiga",
      "lat": 10.8833333,
      "lng": -0.9333333
    },
    {
      "cityName": "Kandiga Kasi",
      "lat": 10.8666667,
      "lng": -0.9666667
    },
    {
      "cityName": "Kanga",
      "lat": 10.9166667,
      "lng": -0.9333333
    },
    {
      "cityName": "Kangberigu",
      "lat": 11.1333333,
      "lng": -0.15
    },
    {
      "cityName": "Kanjaga",
      "lat": 10.5166667,
      "lng": -1.3666667
    },
    {
      "cityName": "Kanjarga Central",
      "lat": 10.5,
      "lng": -1.35
    },
    {
      "cityName": "Kanjarga Vundem",
      "lat": 10.55,
      "lng": -1.3833333
    },
    {
      "cityName": "Kansinga",
      "lat": 10.9666667,
      "lng": -0.75
    },
    {
      "cityName": "Kansongo",
      "lat": 10.75,
      "lng": -0.4166667
    },
    {
      "cityName": "Kantisabilisi",
      "lat": 10.7855556,
      "lng": -0.8008333
    },
    {
      "cityName": "Kaogo",
      "lat": 10.75,
      "lng": -0.6666667
    },
    {
      "cityName": "Kare",
      "lat": 11.1,
      "lng": -0.4166667
    },
    {
      "cityName": "Kasanongo",
      "lat": 10.9,
      "lng": -1
    },
    {
      "cityName": "Kasisa",
      "lat": 10.5,
      "lng": -1.3
    },
    {
      "cityName": "Katansiga",
      "lat": 10.6833333,
      "lng": -0.6166667
    },
    {
      "cityName": "Katiu",
      "lat": 10.8438889,
      "lng": -1.3366667
    },
    {
      "cityName": "Kausaungo",
      "lat": 11.0166667,
      "lng": -0.4333333
    },
    {
      "cityName": "Kauwenia",
      "lat": 10.85,
      "lng": -1.45
    },
    {
      "cityName": "Kawlogo",
      "lat": 10.8333333,
      "lng": -0.95
    },
    {
      "cityName": "Kawmaka",
      "lat": 11.0333333,
      "lng": -0.4166667
    },
    {
      "cityName": "Kayoro Kumbilnia",
      "lat": 10.9333333,
      "lng": -1.3333333
    },
    {
      "cityName": "Kayoro Saborinia",
      "lat": 10.95,
      "lng": -1.3166667
    },
    {
      "cityName": "Keyilo",
      "lat": 10.9333333,
      "lng": -1.1166667
    },
    {
      "cityName": "Kogo",
      "lat": 10.9666667,
      "lng": -0.5333333
    },
    {
      "cityName": "Koka",
      "lat": 11,
      "lng": -0.1833333
    },
    {
      "cityName": "Kokole",
      "lat": 10.8333333,
      "lng": -0.5166667
    },
    {
      "cityName": "Kolebur",
      "lat": 10.95,
      "lng": -0.1
    },
    {
      "cityName": "Kologo Kanvawya",
      "lat": 10.6166667,
      "lng": -0.8333333
    },
    {
      "cityName": "Kologo",
      "lat": 10.7305556,
      "lng": -1.0788889
    },
    {
      "cityName": "Kologu",
      "lat": 10.605,
      "lng": -0.8588889
    },
    {
      "cityName": "Kologu Tangabisi",
      "lat": 10.7666667,
      "lng": -1.05
    },
    {
      "cityName": "Kologu Wingo",
      "lat": 10.7166667,
      "lng": -1.05
    },
    {
      "cityName": "Kologu Zuo",
      "lat": 10.7333333,
      "lng": -1.05
    },
    {
      "cityName": "Kolomvaga",
      "lat": 10.9,
      "lng": -0.2833333
    },
    {
      "cityName": "Kolpeligo",
      "lat": 10.9833333,
      "lng": -0.2
    },
    {
      "cityName": "Kolsabulga",
      "lat": 10.9,
      "lng": -0.1333333
    },
    {
      "cityName": "Koltamisi",
      "lat": 11.1166667,
      "lng": -0.15
    },
    {
      "cityName": "Koltanga",
      "lat": 11.0833333,
      "lng": -0.2666667
    },
    {
      "cityName": "Kondzua",
      "lat": 10.7166667,
      "lng": -0.6333333
    },
    {
      "cityName": "Kopela",
      "lat": 10.75,
      "lng": -0.4333333
    },
    {
      "cityName": "Kopielga",
      "lat": 10.7333333,
      "lng": -0.65
    },
    {
      "cityName": "Korania",
      "lat": 10.8666667,
      "lng": -1.1
    },
    {
      "cityName": "Korogadoni",
      "lat": 10.55,
      "lng": -1.0833333
    },
    {
      "cityName": "Kpabuga",
      "lat": 10.6666667,
      "lng": -0.4
    },
    {
      "cityName": "Kpalaga",
      "lat": 11.1,
      "lng": -0.2666667
    },
    {
      "cityName": "Kpale",
      "lat": 10.7666667,
      "lng": -0.7333333
    },
    {
      "cityName": "Kpalesoko",
      "lat": 10.85,
      "lng": -0.5333333
    },
    {
      "cityName": "Kpaligu",
      "lat": 11.0333333,
      "lng": -0.2666667
    },
    {
      "cityName": "Kpalisako",
      "lat": 10.6833333,
      "lng": -0.4333333
    },
    {
      "cityName": "Kpalisako Tanga",
      "lat": 10.8666667,
      "lng": -0.4166667
    },
    {
      "cityName": "Kpalsako",
      "lat": 10.7166667,
      "lng": -0.3166667
    },
    {
      "cityName": "Kpalugu",
      "lat": 10.9833333,
      "lng": -0.2333333
    },
    {
      "cityName": "Kpalugu Zongo",
      "lat": 11.05,
      "lng": -0.05
    },
    {
      "cityName": "Kpalweaga",
      "lat": 11.0166667,
      "lng": -0.3
    },
    {
      "cityName": "Kpatua",
      "lat": 10.8666667,
      "lng": -0.25
    },
    {
      "cityName": "Kpikpira Natinga",
      "lat": 10.8166667,
      "lng": -0.0833333
    },
    {
      "cityName": "Kpokparago",
      "lat": 10.75,
      "lng": -0.2166667
    },
    {
      "cityName": "Kubogu",
      "lat": 10.9833333,
      "lng": -0.5333333
    },
    {
      "cityName": "Kuboko",
      "lat": 10.9,
      "lng": -0.4833333
    },
    {
      "cityName": "Kubonga",
      "lat": 11.0166667,
      "lng": -0.0166667
    },
    {
      "cityName": "Kudu",
      "lat": 10.9666667,
      "lng": -1.4
    },
    {
      "cityName": "Kugasego Bugri",
      "lat": 10.9166667,
      "lng": -0.1
    },
    {
      "cityName": "Kugri",
      "lat": 10.7833333,
      "lng": -0.2833333
    },
    {
      "cityName": "Kugsabla",
      "lat": 10.9,
      "lng": -0.1166667
    },
    {
      "cityName": "Kuguragu",
      "lat": 10.8833333,
      "lng": -0.1833333
    },
    {
      "cityName": "Kugure",
      "lat": 10.7833333,
      "lng": -0.65
    },
    {
      "cityName": "Kukdabodi",
      "lat": 10.9833333,
      "lng": -0.1833333
    },
    {
      "cityName": "Kukowa",
      "lat": 10.7,
      "lng": -0.4833333
    },
    {
      "cityName": "Kukurizoga",
      "lat": 10.95,
      "lng": -0.5333333
    },
    {
      "cityName": "Kulaga",
      "lat": 10.8666667,
      "lng": -0.35
    },
    {
      "cityName": "Kulbia",
      "lat": 10.8333333,
      "lng": -0.9666667
    },
    {
      "cityName": "Kuliyawgo",
      "lat": 10.95,
      "lng": -0.7333333
    },
    {
      "cityName": "Kuloko",
      "lat": 10.9833333,
      "lng": -0.0666667
    },
    {
      "cityName": "Kulonaba",
      "lat": 11.1166667,
      "lng": -0.1666667
    },
    {
      "cityName": "Kulpielegu",
      "lat": 11.1,
      "lng": -0.2
    },
    {
      "cityName": "Kulugu",
      "lat": 10.6,
      "lng": -0.75
    },
    {
      "cityName": "Kulugungu",
      "lat": 11.15,
      "lng": -0.2166667
    },
    {
      "cityName": "Kulupielegu",
      "lat": 11.1333333,
      "lng": -0.1833333
    },
    {
      "cityName": "Kuluwoko",
      "lat": 11.0333333,
      "lng": -0.0166667
    },
    {
      "cityName": "Kumbilungu",
      "lat": 10.7833333,
      "lng": -0.9333333
    },
    {
      "cityName": "Kumbosigo",
      "lat": 10.8,
      "lng": -0.8166667
    },
    {
      "cityName": "Kumbude",
      "lat": 10.65,
      "lng": -0.6166667
    },
    {
      "cityName": "Kumpalgoga",
      "lat": 10.9666667,
      "lng": -0.3333333
    },
    {
      "cityName": "Kungabnia",
      "lat": 10.8333333,
      "lng": -1.0333333
    },
    {
      "cityName": "Kungongo",
      "lat": 10.5666667,
      "lng": -1.0333333
    },
    {
      "cityName": "Kunkuzei",
      "lat": 10.8333333,
      "lng": -0.6333333
    },
    {
      "cityName": "Kusanaba Natinga",
      "lat": 10.7333333,
      "lng": -0.4666667
    },
    {
      "cityName": "Kutikpema",
      "lat": 10.8,
      "lng": -0.25
    },
    {
      "cityName": "Kwabidem",
      "lat": 10.7666667,
      "lng": -1.2666667
    },
    {
      "cityName": "Kweri",
      "lat": 10.7333333,
      "lng": -1.2166667
    },
    {
      "cityName": "Lambari",
      "lat": 10.7333333,
      "lng": -0.5166667
    },
    {
      "cityName": "Lamboya",
      "lat": 10.9166667,
      "lng": -0.5166667
    },
    {
      "cityName": "Lasaga",
      "lat": 11,
      "lng": -0.1666667
    },
    {
      "cityName": "Lawgawre",
      "lat": 10.6166667,
      "lng": -0.7666667
    },
    {
      "cityName": "Longsa",
      "lat": 10.6333333,
      "lng": -1.2833333
    },
    {
      "cityName": "Lungsa",
      "lat": 10.7666667,
      "lng": -1.2833333
    },
    {
      "cityName": "Mampotunbego",
      "lat": 10.35,
      "lng": -1.4
    },
    {
      "cityName": "Mandago",
      "lat": 11.0833333,
      "lng": -0.0833333
    },
    {
      "cityName": "Manga",
      "lat": 11.0166667,
      "lng": -0.2666667
    },
    {
      "cityName": "Manyoro",
      "lat": 10.95,
      "lng": -0.9833333
    },
    {
      "cityName": "Medigo",
      "lat": 10.9166667,
      "lng": -0.9833333
    },
    {
      "cityName": "Megoga",
      "lat": 11.0333333,
      "lng": -0.1833333
    },
    {
      "cityName": "Melibog",
      "lat": 10.7333333,
      "lng": -0.2833333
    },
    {
      "cityName": "Mengyam",
      "lat": 10.7,
      "lng": -0.2666667
    },
    {
      "cityName": "Millibongo",
      "lat": 10.75,
      "lng": -0.3166667
    },
    {
      "cityName": "Mirigu Nabango",
      "lat": 10.9333333,
      "lng": -0.9666667
    },
    {
      "cityName": "Mishga",
      "lat": 11.0666667,
      "lng": -0.2
    },
    {
      "cityName": "Mogonori",
      "lat": 11.1322222,
      "lng": -0.265
    },
    {
      "cityName": "Morgo",
      "lat": 11,
      "lng": -0.1166667
    },
    {
      "cityName": "Moshi",
      "lat": 10.85,
      "lng": -0.75
    },
    {
      "cityName": "Mwarigo",
      "lat": 10.75,
      "lng": -0.3333333
    },
    {
      "cityName": "Nabio",
      "lat": 10.9333333,
      "lng": -1.1666667
    },
    {
      "cityName": "Nafkoliga",
      "lat": 10.8833333,
      "lng": -0.3666667
    },
    {
      "cityName": "Naga Central",
      "lat": 10.6094444,
      "lng": -1.0294444
    },
    {
      "cityName": "Nagalakinia",
      "lat": 10.8833333,
      "lng": -1.1
    },
    {
      "cityName": "Naiagnia",
      "lat": 10.9,
      "lng": -1.0333333
    },
    {
      "cityName": "Naiyoko",
      "lat": 11.0166667,
      "lng": -0.25
    },
    {
      "cityName": "Nakambo",
      "lat": 11.0166667,
      "lng": -0.0833333
    },
    {
      "cityName": "Nakong-Atinia",
      "lat": 10.8116667,
      "lng": -1.4305556
    },
    {
      "cityName": "Nakong Yelania",
      "lat": 10.7833333,
      "lng": -1.4666667
    },
    {
      "cityName": "Namaltiega",
      "lat": 10.8333333,
      "lng": -0.1666667
    },
    {
      "cityName": "Namango Abiribisi",
      "lat": 10.9825,
      "lng": -0.8527778
    },
    {
      "cityName": "Namogo",
      "lat": 10.75,
      "lng": -0.5
    },
    {
      "cityName": "Namolo",
      "lat": 10.9,
      "lng": -1.0833333
    },
    {
      "cityName": "Nangauri",
      "lat": 10.8577778,
      "lng": -0.6711111
    },
    {
      "cityName": "Nangruma",
      "lat": 10.7,
      "lng": -1.4833333
    },
    {
      "cityName": "Napaad",
      "lat": 10.9,
      "lng": -0.2
    },
    {
      "cityName": "Nati",
      "lat": 10.8166667,
      "lng": -0.2666667
    },
    {
      "cityName": "Natugnia Sabisi",
      "lat": 10.9666667,
      "lng": -0.9666667
    },
    {
      "cityName": "Nauwalise",
      "lat": 10.8333333,
      "lng": -1.15
    },
    {
      "cityName": "Navio",
      "lat": 10.9666667,
      "lng": -1.05
    },
    {
      "cityName": "Navrongo",
      "lat": 10.895,
      "lng": -1.0938889
    },
    {
      "cityName": "Navrongo Saboro",
      "lat": 10.9166667,
      "lng": -1.1
    },
    {
      "cityName": "Nawgsenia",
      "lat": 10.8833333,
      "lng": -1.0833333
    },
    {
      "cityName": "Nenkogo",
      "lat": 11.0833333,
      "lng": -0.1833333
    },
    {
      "cityName": "Niisbuliga",
      "lat": 10.8166667,
      "lng": -0.15
    },
    {
      "cityName": "Nintabugsugu",
      "lat": 10.8666667,
      "lng": -0.15
    },
    {
      "cityName": "Nmakoam",
      "lat": 10.6666667,
      "lng": -0.5833333
    },
    {
      "cityName": "Nobawko",
      "lat": 10.8166667,
      "lng": -0.6333333
    },
    {
      "cityName": "Nohu Bode",
      "lat": 10.8833333,
      "lng": -0.4
    },
    {
      "cityName": "Nombokko",
      "lat": 10.8833333,
      "lng": -0.2166667
    },
    {
      "cityName": "Nosigoga",
      "lat": 10.7666667,
      "lng": -0.5166667
    },
    {
      "cityName": "Nungu",
      "lat": 10.5666667,
      "lng": -0.6666667
    },
    {
      "cityName": "Nyagolongo",
      "lat": 10.9833333,
      "lng": -0.9166667
    },
    {
      "cityName": "Nyambisa",
      "lat": 10.7333333,
      "lng": -1.45
    },
    {
      "cityName": "Nyania",
      "lat": 10.95,
      "lng": -1.0833333
    },
    {
      "cityName": "Nyarega",
      "lat": 10.8333333,
      "lng": -0.8833333
    },
    {
      "cityName": "Nyasa",
      "lat": 10.75,
      "lng": -1.3
    },
    {
      "cityName": "Nyimboko",
      "lat": 11.0166667,
      "lng": -0.2
    },
    {
      "cityName": "Nyogbare",
      "lat": 10.7833333,
      "lng": -0.6333333
    },
    {
      "cityName": "Nyokoko",
      "lat": 10.8,
      "lng": -0.7666667
    },
    {
      "cityName": "Nyorigu",
      "lat": 11.0333333,
      "lng": -0.2833333
    },
    {
      "cityName": "Paga Boania",
      "lat": 11,
      "lng": -1.05
    },
    {
      "cityName": "Paga Kakungu",
      "lat": 10.9922222,
      "lng": -1.1133333
    },
    {
      "cityName": "Paga Taziga",
      "lat": 10.9666667,
      "lng": -1.0333333
    },
    {
      "cityName": "Paga Zenga",
      "lat": 10.9666667,
      "lng": -1.0833333
    },
    {
      "cityName": "Papwesong",
      "lat": 11,
      "lng": -1.4166667
    },
    {
      "cityName": "Pelango",
      "lat": 10.8,
      "lng": -0.7
    },
    {
      "cityName": "Peli",
      "lat": 10.7166667,
      "lng": -0.4833333
    },
    {
      "cityName": "Pialaga",
      "lat": 10.8166667,
      "lng": -0.2
    },
    {
      "cityName": "Pialoko",
      "lat": 11.05,
      "lng": -0.1166667
    },
    {
      "cityName": "Pilbizego",
      "lat": 10.8166667,
      "lng": -0.4333333
    },
    {
      "cityName": "Piugwi",
      "lat": 10.8333333,
      "lng": -0.7333333
    },
    {
      "cityName": "Potwia",
      "lat": 10.85,
      "lng": -0.2666667
    },
    {
      "cityName": "Pukinzego",
      "lat": 10.8333333,
      "lng": -0.4333333
    },
    {
      "cityName": "Pulimakom",
      "lat": 11.0833333,
      "lng": 0.0166667
    },
    {
      "cityName": "Pusiga",
      "lat": 11.0816667,
      "lng": -0.1552778
    },
    {
      "cityName": "Pusu-Namogo",
      "lat": 10.6833333,
      "lng": -0.8666667
    },
    {
      "cityName": "Putigore",
      "lat": 10.8666667,
      "lng": -0.5
    },
    {
      "cityName": "Saago",
      "lat": 11,
      "lng": -0.4833333
    },
    {
      "cityName": "Sabzundi",
      "lat": 11.0080556,
      "lng": -0.0447222
    },
    {
      "cityName": "Saka",
      "lat": 10.9666667,
      "lng": -0.4166667
    },
    {
      "cityName": "Sakom",
      "lat": 10.9166667,
      "lng": -0.4666667
    },
    {
      "cityName": "Sakpari",
      "lat": 10.95,
      "lng": -0.35
    },
    {
      "cityName": "Sakwati",
      "lat": 10.7666667,
      "lng": -0.7666667
    },
    {
      "cityName": "Sambana",
      "lat": 10.9666667,
      "lng": -0.1166667
    },
    {
      "cityName": "Samboligu",
      "lat": 10.95,
      "lng": -0.8666667
    },
    {
      "cityName": "Sambrungo Kologo",
      "lat": 10.8,
      "lng": -0.95
    },
    {
      "cityName": "Sandema Suwarensa",
      "lat": 10.7166667,
      "lng": -1.2833333
    },
    {
      "cityName": "Sangabuli",
      "lat": 11.15,
      "lng": -0.1666667
    },
    {
      "cityName": "Sangine",
      "lat": 10.75,
      "lng": -0.4
    },
    {
      "cityName": "Santienga",
      "lat": 10.6666667,
      "lng": -0.8
    },
    {
      "cityName": "Santoga",
      "lat": 10.7166667,
      "lng": -0.6166667
    },
    {
      "cityName": "Sapalugotili",
      "lat": 10.8333333,
      "lng": -0.5666667
    },
    {
      "cityName": "Sapeliga",
      "lat": 10.9666667,
      "lng": -0.3666667
    },
    {
      "cityName": "Sapelliga Natinga",
      "lat": 11.0780556,
      "lng": -0.4183333
    },
    {
      "cityName": "Sapuoro",
      "lat": 10.8666667,
      "lng": -0.7333333
    },
    {
      "cityName": "Sarabawga",
      "lat": 11.0666667,
      "lng": -0.1833333
    },
    {
      "cityName": "Satoga",
      "lat": 10.7,
      "lng": -0.6166667
    },
    {
      "cityName": "Saundi",
      "lat": 10.7,
      "lng": -0.35
    },
    {
      "cityName": "Sauwiak",
      "lat": 10.7666667,
      "lng": -0.2666667
    },
    {
      "cityName": "Sawko",
      "lat": 10.8166667,
      "lng": -0.55
    },
    {
      "cityName": "Sekoti",
      "lat": 10.8,
      "lng": -0.6166667
    },
    {
      "cityName": "Sekoti Tankwaa",
      "lat": 10.7833333,
      "lng": -0.6166667
    },
    {
      "cityName": "Seregu",
      "lat": 10.95,
      "lng": -0.9333333
    },
    {
      "cityName": "Serugu",
      "lat": 10.7666667,
      "lng": -0.9
    },
    {
      "cityName": "Setani",
      "lat": 10.8666667,
      "lng": -0.4333333
    },
    {
      "cityName": "Shega",
      "lat": 10.7072222,
      "lng": -0.7169444
    },
    {
      "cityName": "Shiega Winduri",
      "lat": 10.65,
      "lng": -0.8333333
    },
    {
      "cityName": "Shiga",
      "lat": 10.6666667,
      "lng": -0.85
    },
    {
      "cityName": "Shilaga",
      "lat": 10.75,
      "lng": -0.5166667
    },
    {
      "cityName": "Silitego",
      "lat": 10.7833333,
      "lng": -0.1833333
    },
    {
      "cityName": "Simaduri",
      "lat": 10.8333333,
      "lng": -0.1833333
    },
    {
      "cityName": "Sinebaga",
      "lat": 10.6833333,
      "lng": -0.2833333
    },
    {
      "cityName": "Sinisaw",
      "lat": 10.8833333,
      "lng": -1.4166667
    },
    {
      "cityName": "Sinyansa",
      "lat": 10.6166667,
      "lng": -1.25
    },
    {
      "cityName": "Sinyensi Akpiokyeri",
      "lat": 10.6666667,
      "lng": -1.35
    },
    {
      "cityName": "Sinyensi Yikpien",
      "lat": 10.7333333,
      "lng": -1.3833333
    },
    {
      "cityName": "Sirigu Wugingo",
      "lat": 10.9666667,
      "lng": -0.9166667
    },
    {
      "cityName": "Soboko",
      "lat": 10.9666667,
      "lng": -0.7833333
    },
    {
      "cityName": "Soe",
      "lat": 10.95,
      "lng": -0.7833333
    },
    {
      "cityName": "Sogodi",
      "lat": 11.05,
      "lng": -0.3
    },
    {
      "cityName": "Sokabisi",
      "lat": 10.7833333,
      "lng": -0.8833333
    },
    {
      "cityName": "Somandega",
      "lat": 10.9833333,
      "lng": -0.1
    },
    {
      "cityName": "Songo",
      "lat": 10.7333333,
      "lng": -0.3
    },
    {
      "cityName": "Sugudi",
      "lat": 11.0666667,
      "lng": -0.1
    },
    {
      "cityName": "Sumbruno Yikene",
      "lat": 10.8,
      "lng": -0.8833333
    },
    {
      "cityName": "Sunkuom",
      "lat": 11.1333333,
      "lng": -0.2166667
    },
    {
      "cityName": "Sunyensi Zungdem",
      "lat": 10.6666667,
      "lng": -1.3833333
    },
    {
      "cityName": "Susudi",
      "lat": 11,
      "lng": -0.0833333
    },
    {
      "cityName": "Takkare",
      "lat": 10.7,
      "lng": -0.3166667
    },
    {
      "cityName": "Takpasi",
      "lat": 10.8166667,
      "lng": -0.25
    },
    {
      "cityName": "Talago",
      "lat": 11.0666667,
      "lng": -0.15
    },
    {
      "cityName": "Tambaliga",
      "lat": 10.8666667,
      "lng": -0.2333333
    },
    {
      "cityName": "Tambiigu",
      "lat": 11.0333333,
      "lng": -0.35
    },
    {
      "cityName": "Tampielim",
      "lat": 11.0333333,
      "lng": -0.3166667
    },
    {
      "cityName": "Tampizego",
      "lat": 11.1166667,
      "lng": -0.25
    },
    {
      "cityName": "Tampola",
      "lat": 10.7833333,
      "lng": -1.0833333
    },
    {
      "cityName": "Tandem",
      "lat": 10.55,
      "lng": -1.2333333
    },
    {
      "cityName": "Tanga Natinga",
      "lat": 10.9,
      "lng": -0.4333333
    },
    {
      "cityName": "Tankongaw",
      "lat": 10.8666667,
      "lng": -0.7833333
    },
    {
      "cityName": "Tansega",
      "lat": 10.9333333,
      "lng": -0.3333333
    },
    {
      "cityName": "Taraganga",
      "lat": 10.9,
      "lng": -0.15
    },
    {
      "cityName": "Tarivago",
      "lat": 11.0166667,
      "lng": -0.0666667
    },
    {
      "cityName": "Tarongo",
      "lat": 10.8833333,
      "lng": -0.8833333
    },
    {
      "cityName": "Teago",
      "lat": 10.9666667,
      "lng": -0.4
    },
    {
      "cityName": "Telania",
      "lat": 10.8333333,
      "lng": -1.0666667
    },
    {
      "cityName": "Temane Natinga",
      "lat": 10.8666667,
      "lng": -0.1333333
    },
    {
      "cityName": "Tenzugu",
      "lat": 10.6833333,
      "lng": -0.8166667
    },
    {
      "cityName": "Teshi Natinga",
      "lat": 10.9666667,
      "lng": -0.4833333
    },
    {
      "cityName": "Tetauko",
      "lat": 10.9333333,
      "lng": -0.2833333
    },
    {
      "cityName": "Tiego",
      "lat": 10.9166667,
      "lng": -0.4833333
    },
    {
      "cityName": "Tili Natinga",
      "lat": 10.8833333,
      "lng": -0.5666667
    },
    {
      "cityName": "Timoni",
      "lat": 10.9166667,
      "lng": -0.4
    },
    {
      "cityName": "Tinawgo",
      "lat": 10.95,
      "lng": -0.25
    },
    {
      "cityName": "Tindonga",
      "lat": 10.8,
      "lng": -0.7333333
    },
    {
      "cityName": "Tirago",
      "lat": 10.8333333,
      "lng": -0.3666667
    },
    {
      "cityName": "Tonga",
      "lat": 10.7166667,
      "lng": -0.8
    },
    {
      "cityName": "Towongo",
      "lat": 10.9666667,
      "lng": -0.8833333
    },
    {
      "cityName": "Tula New",
      "lat": 10.6,
      "lng": -0.6166667
    },
    {
      "cityName": "Tune",
      "lat": 10.8833333,
      "lng": -0.4333333
    },
    {
      "cityName": "Uwasi Central",
      "lat": 10.4833333,
      "lng": -1.2333333
    },
    {
      "cityName": "Uwa",
      "lat": 10.9666667,
      "lng": -0.9
    },
    {
      "cityName": "Vambara",
      "lat": 10.75,
      "lng": -0.2666667
    },
    {
      "cityName": "Varikago",
      "lat": 10.7166667,
      "lng": -0.35
    },
    {
      "cityName": "Veah",
      "lat": 10.8666667,
      "lng": -0.85
    },
    {
      "cityName": "Vonania",
      "lat": 10.85,
      "lng": -1.0833333
    },
    {
      "cityName": "Wania",
      "lat": 10.7833333,
      "lng": -1.4166667
    },
    {
      "cityName": "Warikambo",
      "lat": 10.7791667,
      "lng": -0.1375
    },
    {
      "cityName": "Warinyaga",
      "lat": 10.8883333,
      "lng": -0.0677778
    },
    {
      "cityName": "Wawgo",
      "lat": 10.6833333,
      "lng": -0.7666667
    },
    {
      "cityName": "Weari",
      "lat": 10.9833333,
      "lng": -0.5666667
    },
    {
      "cityName": "Weiga",
      "lat": 10.8833333,
      "lng": -0.4666667
    },
    {
      "cityName": "Wempise",
      "lat": 10.9333333,
      "lng": -0.1166667
    },
    {
      "cityName": "Wiaga Central",
      "lat": 10.65,
      "lng": -1.2666667
    },
    {
      "cityName": "Wiaga Yemonsa",
      "lat": 10.65,
      "lng": -1.2833333
    },
    {
      "cityName": "Wiasi Atong Yeri",
      "lat": 10.3688889,
      "lng": -1.3422222
    },
    {
      "cityName": "Widenaba",
      "lat": 10.95,
      "lng": -0.5666667
    },
    {
      "cityName": "Winkogo Akungobisi",
      "lat": 10.7136111,
      "lng": -0.8688889
    },
    {
      "cityName": "Yaka",
      "lat": 10.7333333,
      "lng": -0.4
    },
    {
      "cityName": "Yalaga",
      "lat": 10.85,
      "lng": -0.2166667
    },
    {
      "cityName": "Yamnega",
      "lat": 10.7166667,
      "lng": -0.75
    },
    {
      "cityName": "Yandawa",
      "lat": 10.5166667,
      "lng": -1.4333333
    },
    {
      "cityName": "Yaragabesi",
      "lat": 10.7833333,
      "lng": -0.85
    },
    {
      "cityName": "Yaragungu",
      "lat": 11.0833333,
      "lng": -0.3333333
    },
    {
      "cityName": "Yariga",
      "lat": 11.0833333,
      "lng": -0.05
    },
    {
      "cityName": "Yarigo",
      "lat": 10.95,
      "lng": -0.4
    },
    {
      "cityName": "Yasuntinga",
      "lat": 11.1666667,
      "lng": -0.2666667
    },
    {
      "cityName": "Yazore",
      "lat": 10.75,
      "lng": -0.75
    },
    {
      "cityName": "Yeliwoko",
      "lat": 10.85,
      "lng": -0.4833333
    },
    {
      "cityName": "Yepala",
      "lat": 10.8166667,
      "lng": -0.8166667
    },
    {
      "cityName": "Yetonia",
      "lat": 10.9,
      "lng": -1.05
    },
    {
      "cityName": "Yiboni",
      "lat": 10.65,
      "lng": -0.3833333
    },
    {
      "cityName": "Yidongo",
      "lat": 10.95,
      "lng": -0.75
    },
    {
      "cityName": "Yikurugu",
      "lat": 10.9666667,
      "lng": -0.4666667
    },
    {
      "cityName": "Yirango",
      "lat": 10.6,
      "lng": -0.7666667
    },
    {
      "cityName": "Zabgu",
      "lat": 11,
      "lng": -0.2166667
    },
    {
      "cityName": "Zaga",
      "lat": 10.8666667,
      "lng": -0.3666667
    },
    {
      "cityName": "Zare Akusiabisi",
      "lat": 10.8333333,
      "lng": -0.8666667
    },
    {
      "cityName": "Zariboko",
      "lat": 10.7833333,
      "lng": -0.1333333
    },
    {
      "cityName": "Zaugo",
      "lat": 11,
      "lng": -0.3333333
    },
    {
      "cityName": "Zebila",
      "lat": 10.9155556,
      "lng": -0.5169444
    },
    {
      "cityName": "Zebon",
      "lat": 10.7833333,
      "lng": -0.6666667
    },
    {
      "cityName": "Ziedi",
      "lat": 11.0833333,
      "lng": -0.2333333
    },
    {
      "cityName": "Ziego",
      "lat": 10.9333333,
      "lng": -0.4333333
    },
    {
      "cityName": "Zika",
      "lat": 11.0833333,
      "lng": -0.4166667
    },
    {
      "cityName": "Zirizawga",
      "lat": 11.15,
      "lng": -0.1833333
    },
    {
      "cityName": "Zoabuliga",
      "lat": 11.05,
      "lng": -0.15
    },
    {
      "cityName": "Zoan Buliga",
      "lat": 10.6666667,
      "lng": -0.6833333
    },
    {
      "cityName": "Zoa",
      "lat": 10.8666667,
      "lng": -0.7
    },
    {
      "cityName": "Zokwema",
      "lat": 11.1166667,
      "lng": -0.4166667
    },
    {
      "cityName": "Zombaw",
      "lat": 10.9666667,
      "lng": -0.2166667
    },
    {
      "cityName": "Zongoin",
      "lat": 10.6613889,
      "lng": -0.4169444
    },
    {
      "cityName": "Zorgo",
      "lat": 11.0666667,
      "lng": -0.2833333
    },
    {
      "cityName": "Zosa",
      "lat": 10.7,
      "lng": -1.4
    },
    {
      "cityName": "Zua",
      "lat": 10.6833333,
      "lng": -0.45
    },
    {
      "cityName": "Zudli",
      "lat": 10.95,
      "lng": -0.2
    },
    {
      "cityName": "Zugu",
      "lat": 11.0166667,
      "lng": -0.1166667
    },
    {
      "cityName": "Zusablaga",
      "lat": 11.0166667,
      "lng": -0.5
    }
  ]
}