{
  "name": "Almaty",
  "cities": [
    {
      "cityName": "12 Dekabrya",
      "lat": 43.415556,
      "lng": 76.898333
    },
    {
      "cityName": "Abakumovka",
      "lat": 45.388611,
      "lng": 79.502222
    },
    {
      "cityName": "Abay",
      "lat": 43.209167,
      "lng": 76.760278
    },
    {
      "cityName": "Achinokho",
      "lat": 43.5,
      "lng": 80.466667
    },
    {
      "cityName": "Agartu",
      "lat": 45.666667,
      "lng": 80.166667
    },
    {
      "cityName": "Aina-bulak",
      "lat": 45.166667,
      "lng": 78.583333
    },
    {
      "cityName": "Aina-Bulan",
      "lat": 44.233333,
      "lng": 79.033333
    },
    {
      "cityName": "Akaral",
      "lat": 44.066667,
      "lng": 79.916667
    },
    {
      "cityName": "Akbalyk",
      "lat": 46.566111,
      "lng": 79.209444
    },
    {
      "cityName": "Akbeim",
      "lat": 42.9,
      "lng": 79.533333
    },
    {
      "cityName": "Akbent",
      "lat": 42.916667,
      "lng": 79.9
    },
    {
      "cityName": "Akbulak",
      "lat": 43.245556,
      "lng": 76.827778
    },
    {
      "cityName": "Ak-Chaganak",
      "lat": 45.183333,
      "lng": 80.05
    },
    {
      "cityName": "Akchi",
      "lat": 43.99,
      "lng": 76.323611
    },
    {
      "cityName": "Akchiy-Aytuar",
      "lat": 43.366667,
      "lng": 76.6
    },
    {
      "cityName": "Akdala",
      "lat": 43.327778,
      "lng": 77.200833
    },
    {
      "cityName": "Ak-Dzhal",
      "lat": 42.833333,
      "lng": 75.633333
    },
    {
      "cityName": "Akdzhazyk",
      "lat": 44.15,
      "lng": 79.75
    },
    {
      "cityName": "Akdzhor",
      "lat": 45.733333,
      "lng": 80.266667
    },
    {
      "cityName": "Akhtypeylyk",
      "lat": 44.266667,
      "lng": 80.15
    },
    {
      "cityName": "Ak-Ichke",
      "lat": 45.216667,
      "lng": 78.7
    },
    {
      "cityName": "Akkaynar",
      "lat": 43.166667,
      "lng": 76.039444
    },
    {
      "cityName": "Akkent",
      "lat": 44.183333,
      "lng": 80.183333
    },
    {
      "cityName": "Akkol'",
      "lat": 45.023333,
      "lng": 75.665556
    },
    {
      "cityName": "Akkuduk",
      "lat": 45.7,
      "lng": 80.15
    },
    {
      "cityName": "Akozek",
      "lat": 43.941111,
      "lng": 77.514444
    },
    {
      "cityName": "Aksay",
      "lat": 43.216667,
      "lng": 79.133333
    },
    {
      "cityName": "Aksay Pervyy",
      "lat": 43.564722,
      "lng": 76.915278
    },
    {
      "cityName": "Aksengir",
      "lat": 43.353333,
      "lng": 76.826111
    },
    {
      "cityName": "Akshiy",
      "lat": 43.515,
      "lng": 77.6325
    },
    {
      "cityName": "Aksu",
      "lat": 45.608611,
      "lng": 79.461944
    },
    {
      "cityName": "Aktam",
      "lat": 43.443056,
      "lng": 79.819167
    },
    {
      "cityName": "Aktas",
      "lat": 43.385278,
      "lng": 77.2325
    },
    {
      "cityName": "Ak-Tasty",
      "lat": 45.166667,
      "lng": 78.816667
    },
    {
      "cityName": "Akterek",
      "lat": 43.271389,
      "lng": 75.488889
    },
    {
      "cityName": "Aktobe",
      "lat": 43.983333,
      "lng": 78.8
    },
    {
      "cityName": "Aktogay",
      "lat": 44.416667,
      "lng": 76.733333
    },
    {
      "cityName": "Aktuma",
      "lat": 45.083333,
      "lng": 78.666667
    },
    {
      "cityName": "Aktyube",
      "lat": 45.233333,
      "lng": 79.666667
    },
    {
      "cityName": "Alakol'",
      "lat": 46.35,
      "lng": 81.3
    },
    {
      "cityName": "Alatau",
      "lat": 43.3575,
      "lng": 77.144444
    },
    {
      "cityName": "Aleksandrovka",
      "lat": 43.447222,
      "lng": 77.330556
    },
    {
      "cityName": "Aleksandrovskoye",
      "lat": 42.933333,
      "lng": 75.5
    },
    {
      "cityName": "Alekseyevka",
      "lat": 43.402778,
      "lng": 77.225
    },
    {
      "cityName": "Alga",
      "lat": 43.445,
      "lng": 77.173056
    },
    {
      "cityName": "Algabas",
      "lat": 42.833333,
      "lng": 79.916667
    },
    {
      "cityName": "Algazy",
      "lat": 46.55,
      "lng": 76.866667
    },
    {
      "cityName": "Alghabas",
      "lat": 43.254722,
      "lng": 76.801389
    },
    {
      "cityName": "Ali",
      "lat": 43.564167,
      "lng": 77.030278
    },
    {
      "cityName": "Alimzhanov",
      "lat": 43.402778,
      "lng": 77.061111
    },
    {
      "cityName": "Alkaly",
      "lat": 45.433333,
      "lng": 79.266667
    },
    {
      "cityName": "Almaarasan",
      "lat": 43.066667,
      "lng": 76.916667
    },
    {
      "cityName": "Almaly",
      "lat": 44.266667,
      "lng": 80.333333
    },
    {
      "cityName": "Altin-Emel",
      "lat": 44.335833,
      "lng": 78.440556
    },
    {
      "cityName": "Amangel'dy",
      "lat": 43.102778,
      "lng": 76.005833
    },
    {
      "cityName": "Anatol'yevka",
      "lat": 43.5,
      "lng": 77.8
    },
    {
      "cityName": "Andreyevka",
      "lat": 44.95,
      "lng": 80.316667
    },
    {
      "cityName": "Antonovka",
      "lat": 45.648889,
      "lng": 80.236944
    },
    {
      "cityName": "Aqdala",
      "lat": 45.033056,
      "lng": 74.528889
    },
    {
      "cityName": "Aqzhar",
      "lat": 46,
      "lng": 77.183333
    },
    {
      "cityName": "Aralkol'",
      "lat": 45.9,
      "lng": 74.75
    },
    {
      "cityName": "Araltobe",
      "lat": 44.016667,
      "lng": 78.75
    },
    {
      "cityName": "Arasan",
      "lat": 45.278056,
      "lng": 79.355
    },
    {
      "cityName": "Arganatinskiy",
      "lat": 46.65,
      "lng": 79.666667
    },
    {
      "cityName": "Arkabay",
      "lat": 43.4175,
      "lng": 77.091944
    },
    {
      "cityName": "Arkarly",
      "lat": 46.248889,
      "lng": 80.097778
    },
    {
      "cityName": "Artel' Vostok",
      "lat": 45.2,
      "lng": 79.05
    },
    {
      "cityName": "Arustan",
      "lat": 44.166667,
      "lng": 80.15
    },
    {
      "cityName": "Ashchibulak",
      "lat": 43.41,
      "lng": 76.913056
    },
    {
      "cityName": "Ashchi-Bulak",
      "lat": 46.383333,
      "lng": 79.633333
    },
    {
      "cityName": "Ashchisu",
      "lat": 46.383333,
      "lng": 77.116667
    },
    {
      "cityName": "Ashil-Togay",
      "lat": 43.066667,
      "lng": 78.333333
    },
    {
      "cityName": "Asy",
      "lat": 43.516667,
      "lng": 78.35
    },
    {
      "cityName": "Asyl",
      "lat": 43.168056,
      "lng": 76.56
    },
    {
      "cityName": "Aul Baubek",
      "lat": 43.4,
      "lng": 77.85
    },
    {
      "cityName": "Aul Dosmambet",
      "lat": 43.45,
      "lng": 78.2
    },
    {
      "cityName": "Aul Nartpay",
      "lat": 43.7,
      "lng": 78.45
    },
    {
      "cityName": "Aul Nur-Uzek",
      "lat": 43.716667,
      "lng": 77.283333
    },
    {
      "cityName": "Aul Odinnadtsatyy",
      "lat": 45.183333,
      "lng": 79.4
    },
    {
      "cityName": "Aulsovet Chetvërtyy",
      "lat": 45.460556,
      "lng": 75.208056
    },
    {
      "cityName": "Aulsovet Pervyy",
      "lat": 45.3,
      "lng": 75.433333
    },
    {
      "cityName": "Aulsovet Tretiy",
      "lat": 45.4,
      "lng": 75.316667
    },
    {
      "cityName": "Aul Vtoroy",
      "lat": 43.218889,
      "lng": 76.995
    },
    {
      "cityName": "Avat",
      "lat": 43.416667,
      "lng": 79.866667
    },
    {
      "cityName": "Aybulak",
      "lat": 44.6,
      "lng": 77.933333
    },
    {
      "cityName": "Aydar",
      "lat": 45.083333,
      "lng": 77.933333
    },
    {
      "cityName": "Aydarly",
      "lat": 44.033333,
      "lng": 79.516389
    },
    {
      "cityName": "Aygyr-Zhal",
      "lat": 42.8,
      "lng": 79.966667
    },
    {
      "cityName": "Azat",
      "lat": 43.354722,
      "lng": 77.2675
    },
    {
      "cityName": "Babatugan",
      "lat": 43.733333,
      "lng": 78.166667
    },
    {
      "cityName": "Baganashyl",
      "lat": 43.198611,
      "lng": 76.915278
    },
    {
      "cityName": "Bakanas",
      "lat": 44.808056,
      "lng": 76.277222
    },
    {
      "cityName": "Bakbakty",
      "lat": 44.570833,
      "lng": 76.659167
    },
    {
      "cityName": "Bakhmutka",
      "lat": 44.583333,
      "lng": 78.75
    },
    {
      "cityName": "Balasaz",
      "lat": 45.144444,
      "lng": 79.411111
    },
    {
      "cityName": "Balatopar",
      "lat": 45.058611,
      "lng": 74.612778
    },
    {
      "cityName": "Balay",
      "lat": 46.5,
      "lng": 77.133333
    },
    {
      "cityName": "Balkhash",
      "lat": 46.666667,
      "lng": 79.333333
    },
    {
      "cityName": "Balpyk Bi",
      "lat": 44.894722,
      "lng": 78.208333
    },
    {
      "cityName": "Baltabay",
      "lat": 43.505,
      "lng": 77.540556
    },
    {
      "cityName": "Baranday",
      "lat": 43.360278,
      "lng": 76.857778
    },
    {
      "cityName": "Bartogay",
      "lat": 43.333333,
      "lng": 78.5
    },
    {
      "cityName": "Baschiy",
      "lat": 44.183333,
      "lng": 78.733333
    },
    {
      "cityName": "Baskan",
      "lat": 45.833333,
      "lng": 79.666667
    },
    {
      "cityName": "Baskunchak",
      "lat": 44.337222,
      "lng": 80.376389
    },
    {
      "cityName": "Bastagan",
      "lat": 44.9,
      "lng": 78.033333
    },
    {
      "cityName": "Bastan",
      "lat": 44.5,
      "lng": 78.75
    },
    {
      "cityName": "Bastaushi",
      "lat": 45.45,
      "lng": 80.4
    },
    {
      "cityName": "Baubek",
      "lat": 43.5,
      "lng": 77.416667
    },
    {
      "cityName": "Bayan-Kazak",
      "lat": 43.4,
      "lng": 79.666667
    },
    {
      "cityName": "Bayankol",
      "lat": 42.6,
      "lng": 79.983333
    },
    {
      "cityName": "Baybichinskoye",
      "lat": 43.146667,
      "lng": 76.174167
    },
    {
      "cityName": "Baybulak",
      "lat": 43.2775,
      "lng": 77.190278
    },
    {
      "cityName": "Bayseit",
      "lat": 43.566667,
      "lng": 78.35
    },
    {
      "cityName": "Bayserka",
      "lat": 43.383611,
      "lng": 77.108889
    },
    {
      "cityName": "Bayserke",
      "lat": 43.480556,
      "lng": 77.046667
    },
    {
      "cityName": "Baytalyab",
      "lat": 45.183333,
      "lng": 75.05
    },
    {
      "cityName": "Baytkan",
      "lat": 43.5,
      "lng": 78.116667
    },
    {
      "cityName": "Baytles",
      "lat": 43.416667,
      "lng": 76.666667
    },
    {
      "cityName": "Bazarkel'dy",
      "lat": 43.547778,
      "lng": 77.280556
    },
    {
      "cityName": "Baza Zagotskot",
      "lat": 43.535833,
      "lng": 77.146111
    },
    {
      "cityName": "Bekete",
      "lat": 43.368889,
      "lng": 76.708333
    },
    {
      "cityName": "Bel'bulak",
      "lat": 43.314444,
      "lng": 77.095833
    },
    {
      "cityName": "Beleksaz",
      "lat": 42.783333,
      "lng": 79.016667
    },
    {
      "cityName": "Belokamenka",
      "lat": 44.966667,
      "lng": 78.666667
    },
    {
      "cityName": "Berëzovka",
      "lat": 45.016667,
      "lng": 78.683333
    },
    {
      "cityName": "Besköl",
      "lat": 46.175278,
      "lng": 81.098889
    },
    {
      "cityName": "Bezvodnyy",
      "lat": 43.533333,
      "lng": 76.866667
    },
    {
      "cityName": "Bidzhe",
      "lat": 44.666667,
      "lng": 78.083333
    },
    {
      "cityName": "Bien",
      "lat": 45.416667,
      "lng": 79.25
    },
    {
      "cityName": "Bigash",
      "lat": 44.716667,
      "lng": 78.566667
    },
    {
      "cityName": "Birlik",
      "lat": 43.2175,
      "lng": 76.138333
    },
    {
      "cityName": "Birlikty",
      "lat": 45.783333,
      "lng": 79.666667
    },
    {
      "cityName": "Bodokhudzir",
      "lat": 43.966667,
      "lng": 79.583333
    },
    {
      "cityName": "Bol'shaya Ketmen'",
      "lat": 43.466667,
      "lng": 80.3
    },
    {
      "cityName": "Bolshoy Achinokho",
      "lat": 43.5,
      "lng": 80.533333
    },
    {
      "cityName": "Bol'shoy Aksu",
      "lat": 43.367222,
      "lng": 79.609722
    },
    {
      "cityName": "Bolshoy Ketmen'",
      "lat": 43.450278,
      "lng": 80.35
    },
    {
      "cityName": "Bol'shoy Kuygan",
      "lat": 45.363889,
      "lng": 74.146667
    },
    {
      "cityName": "Boyauly",
      "lat": 44.833333,
      "lng": 76.183333
    },
    {
      "cityName": "Bozingen",
      "lat": 45.3875,
      "lng": 75.252778
    },
    {
      "cityName": "Boztobe",
      "lat": 42.7,
      "lng": 80.05
    },
    {
      "cityName": "Brigada Dvenadtsataya Luch Vostoka",
      "lat": 43.380833,
      "lng": 77.004167
    },
    {
      "cityName": "Brigada No. 7 Kolkhoza Imeni XX Parts''yezda",
      "lat": 43.576111,
      "lng": 77.167778
    },
    {
      "cityName": "Brigada Nomer Chetyre Kyzylkayrat",
      "lat": 43.583611,
      "lng": 77.053611
    },
    {
      "cityName": "Brigada Nomer Odinnadtsat' Kolkhoza Luch Vostoka",
      "lat": 43.489722,
      "lng": 77.052222
    },
    {
      "cityName": "Brigada Nomer Odin Sovkhoza Imeni Panfilova",
      "lat": 43.356111,
      "lng": 77.127222
    },
    {
      "cityName": "Brigada Nomer Tri Sovkhoza Rassvet",
      "lat": 43.721667,
      "lng": 77.076389
    },
    {
      "cityName": "Budënnovskoye",
      "lat": 44.633333,
      "lng": 78.75
    },
    {
      "cityName": "Bukan",
      "lat": 43.166667,
      "lng": 79.066667
    },
    {
      "cityName": "Burgan",
      "lat": 44.833333,
      "lng": 77.75
    },
    {
      "cityName": "Burgansu",
      "lat": 43.3975,
      "lng": 77.819722
    },
    {
      "cityName": "Burgun",
      "lat": 43.1,
      "lng": 75.983333
    },
    {
      "cityName": "Burkhan",
      "lat": 44.433333,
      "lng": 79.966667
    },
    {
      "cityName": "Burli-Tobe",
      "lat": 46.616667,
      "lng": 79.133333
    },
    {
      "cityName": "Byrlik",
      "lat": 43.308056,
      "lng": 77.141667
    },
    {
      "cityName": "Chaday",
      "lat": 43.75,
      "lng": 78.283333
    },
    {
      "cityName": "Chalkudy-Su",
      "lat": 43.1,
      "lng": 79.95
    },
    {
      "cityName": "Chamalgan",
      "lat": 43.189722,
      "lng": 76.529167
    },
    {
      "cityName": "Chankanay",
      "lat": 44.25,
      "lng": 78.25
    },
    {
      "cityName": "Chapayevo",
      "lat": 43.472222,
      "lng": 76.807222
    },
    {
      "cityName": "Charbak",
      "lat": 43.6,
      "lng": 78.433333
    },
    {
      "cityName": "Charganak",
      "lat": 42.966667,
      "lng": 79.033333
    },
    {
      "cityName": "Charön",
      "lat": 43.776667,
      "lng": 79.389167
    },
    {
      "cityName": "Chelikemir",
      "lat": 43.511111,
      "lng": 76.891667
    },
    {
      "cityName": "Cherkasskoe",
      "lat": 45.667778,
      "lng": 80.367222
    },
    {
      "cityName": "Chet-Merke",
      "lat": 43.066667,
      "lng": 78.8
    },
    {
      "cityName": "Chil'bastau",
      "lat": 43.55,
      "lng": 75.416667
    },
    {
      "cityName": "Chilik",
      "lat": 43.597222,
      "lng": 78.251111
    },
    {
      "cityName": "Chiliktö",
      "lat": 45.916667,
      "lng": 80.25
    },
    {
      "cityName": "Chingel'dy",
      "lat": 43.985278,
      "lng": 77.451389
    },
    {
      "cityName": "Chistopol'skoye",
      "lat": 46.183333,
      "lng": 81.216667
    },
    {
      "cityName": "Chiybut",
      "lat": 43.15,
      "lng": 79.866667
    },
    {
      "cityName": "Chiyen",
      "lat": 43.166667,
      "lng": 75.916667
    },
    {
      "cityName": "Chizhin",
      "lat": 44.383333,
      "lng": 80.133333
    },
    {
      "cityName": "Cholak-Ak-Su",
      "lat": 43.366667,
      "lng": 79.55
    },
    {
      "cityName": "Cholak",
      "lat": 43.133333,
      "lng": 79.933333
    },
    {
      "cityName": "Cholak-Kargalö",
      "lat": 43.251944,
      "lng": 76.356389
    },
    {
      "cityName": "Cholan-Dulaty",
      "lat": 43.466667,
      "lng": 79.983333
    },
    {
      "cityName": "Cholokay",
      "lat": 44.083333,
      "lng": 79.966667
    },
    {
      "cityName": "Chubar",
      "lat": 44.916667,
      "lng": 78.3
    },
    {
      "cityName": "Chul-Adyr",
      "lat": 42.933333,
      "lng": 79.333333
    },
    {
      "cityName": "Chulak",
      "lat": 43.433333,
      "lng": 79.983333
    },
    {
      "cityName": "Chundzha",
      "lat": 43.541667,
      "lng": 79.470278
    },
    {
      "cityName": "Chushanay",
      "lat": 43.283333,
      "lng": 79.316667
    },
    {
      "cityName": "Dala-Kara-Turuk",
      "lat": 43.556944,
      "lng": 77.985278
    },
    {
      "cityName": "Dal'niy Vostok",
      "lat": 45.133333,
      "lng": 78
    },
    {
      "cityName": "Dardamtö",
      "lat": 43.5,
      "lng": 80.05
    },
    {
      "cityName": "Daulet",
      "lat": 43.619167,
      "lng": 77.1025
    },
    {
      "cityName": "Degeres",
      "lat": 43.239444,
      "lng": 75.7975
    },
    {
      "cityName": "Desyat' Let Kazakhskoy Sovetskoy Sotsialisticheskoy Respubliki",
      "lat": 43.283333,
      "lng": 76.666667
    },
    {
      "cityName": "Digerman",
      "lat": 43.416667,
      "lng": 79.716667
    },
    {
      "cityName": "Dimitriyevka",
      "lat": 43.479722,
      "lng": 77.033611
    },
    {
      "cityName": "Djangiz-Agach",
      "lat": 44.766667,
      "lng": 78.55
    },
    {
      "cityName": "Djarkent",
      "lat": 44.162778,
      "lng": 80
    },
    {
      "cityName": "Dobun",
      "lat": 43.666667,
      "lng": 80.083333
    },
    {
      "cityName": "Dostizheniye",
      "lat": 45.183333,
      "lng": 78.133333
    },
    {
      "cityName": "Dostyk",
      "lat": 45.253333,
      "lng": 82.484444
    },
    {
      "cityName": "Dshiren-Aygyr",
      "lat": 43.133333,
      "lng": 75.866667
    },
    {
      "cityName": "Dubunskaya",
      "lat": 43.75,
      "lng": 80.2
    },
    {
      "cityName": "Dulaty",
      "lat": 43.383333,
      "lng": 79.6
    },
    {
      "cityName": "Dynchek",
      "lat": 45.383333,
      "lng": 79.583333
    },
    {
      "cityName": "Dyusen'",
      "lat": 43.583333,
      "lng": 76.916667
    },
    {
      "cityName": "Dyykan",
      "lat": 45.383333,
      "lng": 74.5
    },
    {
      "cityName": "Dzerzhinsk",
      "lat": 45.833333,
      "lng": 81.116667
    },
    {
      "cityName": "Dzerzhinskoe",
      "lat": 43.2975,
      "lng": 77.051389
    },
    {
      "cityName": "Dzhabyr-Kaynar",
      "lat": 42.866667,
      "lng": 79.916667
    },
    {
      "cityName": "Dzhalanash",
      "lat": 43.043056,
      "lng": 78.641111
    },
    {
      "cityName": "Dzhambul",
      "lat": 42.683333,
      "lng": 80
    },
    {
      "cityName": "Dzhanashar",
      "lat": 43.440556,
      "lng": 77.258333
    },
    {
      "cityName": "Dzhanek",
      "lat": 43.416667,
      "lng": 76.9
    },
    {
      "cityName": "Dzharmukhambet",
      "lat": 43.375,
      "lng": 76.802778
    },
    {
      "cityName": "Dzhaugash",
      "lat": 43.366667,
      "lng": 76.666667
    },
    {
      "cityName": "Dzhenishke-Bulak",
      "lat": 43.566667,
      "lng": 78.2
    },
    {
      "cityName": "Dzhidelik",
      "lat": 44.116667,
      "lng": 79.966667
    },
    {
      "cityName": "Dzhil'bastau",
      "lat": 44.316667,
      "lng": 79.883333
    },
    {
      "cityName": "Dzhun-Tyube",
      "lat": 43.7,
      "lng": 78.4
    },
    {
      "cityName": "Ekiasha",
      "lat": 45.382778,
      "lng": 80.134722
    },
    {
      "cityName": "Ekinshi Beszhyldyq",
      "lat": 43.183333,
      "lng": 76.9
    },
    {
      "cityName": "Ekpindi",
      "lat": 43.626944,
      "lng": 77.563056
    },
    {
      "cityName": "Enbekshi",
      "lat": 43.399722,
      "lng": 77.181111
    },
    {
      "cityName": "Energeticheskiy",
      "lat": 43.333333,
      "lng": 77.05
    },
    {
      "cityName": "Energiya",
      "lat": 45.416667,
      "lng": 79.983333
    },
    {
      "cityName": "Esik",
      "lat": 43.355,
      "lng": 77.463333
    },
    {
      "cityName": "Fabrichnöy",
      "lat": 43.161667,
      "lng": 76.411389
    },
    {
      "cityName": "Frunze",
      "lat": 43.706667,
      "lng": 77.271944
    },
    {
      "cityName": "Gavrilovka",
      "lat": 45.015556,
      "lng": 78.373889
    },
    {
      "cityName": "Gerasimovka",
      "lat": 45.789167,
      "lng": 80.867778
    },
    {
      "cityName": "Gigant",
      "lat": 43.466667,
      "lng": 78.333333
    },
    {
      "cityName": "Glinovka",
      "lat": 45.802778,
      "lng": 81.304444
    },
    {
      "cityName": "Golubev Zapor",
      "lat": 45.583333,
      "lng": 80.866667
    },
    {
      "cityName": "Golubinovka",
      "lat": 44.416667,
      "lng": 78.55
    },
    {
      "cityName": "Golubovskoye",
      "lat": 44.139167,
      "lng": 79.810833
    },
    {
      "cityName": "Gomba",
      "lat": 43.7,
      "lng": 79.983333
    },
    {
      "cityName": "Gornyy Gigant",
      "lat": 43.347778,
      "lng": 77.0525
    },
    {
      "cityName": "Gornyy Sadovod",
      "lat": 43.214167,
      "lng": 77.101389
    },
    {
      "cityName": "Gosbank",
      "lat": 43.866667,
      "lng": 77.45
    },
    {
      "cityName": "Grishkanlök",
      "lat": 44.05,
      "lng": 79.95
    },
    {
      "cityName": "Gvardeyskiy",
      "lat": 43.576111,
      "lng": 75.2125
    },
    {
      "cityName": "Iglak",
      "lat": 44.1,
      "lng": 78.05
    },
    {
      "cityName": "Ili",
      "lat": 43.873333,
      "lng": 77.184444
    },
    {
      "cityName": "Iliisk",
      "lat": 43.883333,
      "lng": 77.083333
    },
    {
      "cityName": "Iliyskiy",
      "lat": 43.521944,
      "lng": 76.829722
    },
    {
      "cityName": "Iltay",
      "lat": 45.866667,
      "lng": 80.2
    },
    {
      "cityName": "Imbek",
      "lat": 43.158889,
      "lng": 79.010556
    },
    {
      "cityName": "Imeni Chapayeva",
      "lat": 43.166667,
      "lng": 76.849722
    },
    {
      "cityName": "Imeni Frunze",
      "lat": 43.616667,
      "lng": 77.3
    },
    {
      "cityName": "Imeni Gor'kogo",
      "lat": 43.033333,
      "lng": 78.933333
    },
    {
      "cityName": "Imeni Il'icha",
      "lat": 46.15,
      "lng": 80.7
    },
    {
      "cityName": "Imeni Kaganovicha",
      "lat": 43.202778,
      "lng": 76.168889
    },
    {
      "cityName": "Imeni Kalinina",
      "lat": 43.310278,
      "lng": 77.056667
    },
    {
      "cityName": "Imeni Karla Marksa",
      "lat": 45.866667,
      "lng": 74.75
    },
    {
      "cityName": "Imeni Kuybysheva",
      "lat": 44.65,
      "lng": 76.55
    },
    {
      "cityName": "Imeni Lenina",
      "lat": 43.083333,
      "lng": 79.1
    },
    {
      "cityName": "Imeni Panfilova",
      "lat": 43.389722,
      "lng": 77.127778
    },
    {
      "cityName": "Imeni Pervaya Maya",
      "lat": 43.373611,
      "lng": 76.94
    },
    {
      "cityName": "Imeni Pervogo Maya",
      "lat": 46.133333,
      "lng": 81.2
    },
    {
      "cityName": "Imeni Stalina",
      "lat": 42.75,
      "lng": 79.716667
    },
    {
      "cityName": "Imeni Tarana",
      "lat": 43.358333,
      "lng": 76.270278
    },
    {
      "cityName": "Imeni Tel'mana",
      "lat": 44.85,
      "lng": 78.65
    },
    {
      "cityName": "Imeni Tret'yey Pyatiletki",
      "lat": 43.6,
      "lng": 79.35
    },
    {
      "cityName": "Imeni Vos'mogo Marta",
      "lat": 46.316667,
      "lng": 77.333333
    },
    {
      "cityName": "Imeni Vtoroy Pyatiletki",
      "lat": 44.516667,
      "lng": 78.983333
    },
    {
      "cityName": "Imeni Zhdanova",
      "lat": 43.666667,
      "lng": 78.5
    },
    {
      "cityName": "Inbek",
      "lat": 45.416667,
      "lng": 79.716667
    },
    {
      "cityName": "Intaly",
      "lat": 45.533333,
      "lng": 79.966667
    },
    {
      "cityName": "Intemak",
      "lat": 43.366389,
      "lng": 77.310833
    },
    {
      "cityName": "Intumak",
      "lat": 43.414167,
      "lng": 76.969722
    },
    {
      "cityName": "Intymak",
      "lat": 42.9,
      "lng": 80.433333
    },
    {
      "cityName": "Ir",
      "lat": 45.75,
      "lng": 74.25
    },
    {
      "cityName": "Iryubay",
      "lat": 43.316667,
      "lng": 76.683333
    },
    {
      "cityName": "Isayevo",
      "lat": 43.380833,
      "lng": 76.751944
    },
    {
      "cityName": "Italy",
      "lat": 44.316667,
      "lng": 79
    },
    {
      "cityName": "Itmen'",
      "lat": 46.483333,
      "lng": 80.833333
    },
    {
      "cityName": "Izendy",
      "lat": 46,
      "lng": 81.333333
    },
    {
      "cityName": "Kabak",
      "lat": 43.066667,
      "lng": 78.766667
    },
    {
      "cityName": "Kabanbay",
      "lat": 45.841389,
      "lng": 80.621389
    },
    {
      "cityName": "Kachubek",
      "lat": 43.473333,
      "lng": 77.193333
    },
    {
      "cityName": "Kak Baydöbek",
      "lat": 44.25,
      "lng": 75.083333
    },
    {
      "cityName": "Kakozek",
      "lat": 45.683333,
      "lng": 80.1
    },
    {
      "cityName": "Kakpak",
      "lat": 42.8,
      "lng": 79.9
    },
    {
      "cityName": "Kak Taylyak-Dyuzgun",
      "lat": 45.916667,
      "lng": 75.666667
    },
    {
      "cityName": "Kaldjat",
      "lat": 43.505,
      "lng": 80.672222
    },
    {
      "cityName": "Kalinovka",
      "lat": 44.51,
      "lng": 78.886667
    },
    {
      "cityName": "Kalkaman",
      "lat": 43.215833,
      "lng": 76.807222
    },
    {
      "cityName": "Kalmakkara",
      "lat": 44.05,
      "lng": 78.733333
    },
    {
      "cityName": "Kamenka",
      "lat": 43.184722,
      "lng": 76.830833
    },
    {
      "cityName": "Kamennoye Plato",
      "lat": 43.505,
      "lng": 77.135278
    },
    {
      "cityName": "Kamerashchi",
      "lat": 45,
      "lng": 78.516667
    },
    {
      "cityName": "Kanshengel'",
      "lat": 44.329167,
      "lng": 75.556389
    },
    {
      "cityName": "Kapal",
      "lat": 45.133333,
      "lng": 79.05
    },
    {
      "cityName": "Karabastau",
      "lat": 43.8,
      "lng": 75.6
    },
    {
      "cityName": "Karabek",
      "lat": 45.366667,
      "lng": 74.516667
    },
    {
      "cityName": "Karabulak",
      "lat": 44.908889,
      "lng": 78.492222
    },
    {
      "cityName": "Karachagan",
      "lat": 46.283333,
      "lng": 78.416667
    },
    {
      "cityName": "Kara-Chok",
      "lat": 44.183333,
      "lng": 77.916667
    },
    {
      "cityName": "Kara-Dzhota",
      "lat": 43.666667,
      "lng": 78.166667
    },
    {
      "cityName": "Karaespe",
      "lat": 44.066667,
      "lng": 78.016667
    },
    {
      "cityName": "Karagash",
      "lat": 44.4,
      "lng": 77.65
    },
    {
      "cityName": "Karaguzek",
      "lat": 45.616667,
      "lng": 79.733333
    },
    {
      "cityName": "Karakastek",
      "lat": 43.132222,
      "lng": 76.093333
    },
    {
      "cityName": "Karakemer",
      "lat": 43.426111,
      "lng": 77.623056
    },
    {
      "cityName": "Karakol'",
      "lat": 46.333333,
      "lng": 77.716667
    },
    {
      "cityName": "Karam",
      "lat": 43.55,
      "lng": 78.2
    },
    {
      "cityName": "Karamola",
      "lat": 45.766667,
      "lng": 81.35
    },
    {
      "cityName": "Karamolda",
      "lat": 44.3,
      "lng": 79.183333
    },
    {
      "cityName": "Karashengel'",
      "lat": 43.731389,
      "lng": 77.607778
    },
    {
      "cityName": "Karashokinskiy",
      "lat": 44.11,
      "lng": 77.938333
    },
    {
      "cityName": "Karasu",
      "lat": 43.193889,
      "lng": 76.227222
    },
    {
      "cityName": "Karataldy",
      "lat": 44.866667,
      "lng": 78.75
    },
    {
      "cityName": "Karatal",
      "lat": 44.866667,
      "lng": 78.7
    },
    {
      "cityName": "Karatam",
      "lat": 43.433333,
      "lng": 80.633333
    },
    {
      "cityName": "Karatogan",
      "lat": 42.7,
      "lng": 80.016667
    },
    {
      "cityName": "Kara-Tuma",
      "lat": 43.783333,
      "lng": 79.333333
    },
    {
      "cityName": "Karaturuk",
      "lat": 43.366667,
      "lng": 78.016667
    },
    {
      "cityName": "Kara-Turuk",
      "lat": 43.5,
      "lng": 78.016667
    },
    {
      "cityName": "Karazherik",
      "lat": 45.75,
      "lng": 80.25
    },
    {
      "cityName": "Karbyshevskiy",
      "lat": 45.5,
      "lng": 80.516667
    },
    {
      "cityName": "Kargalö",
      "lat": 45.616667,
      "lng": 80.483333
    },
    {
      "cityName": "Karkara",
      "lat": 42.833333,
      "lng": 79.233333
    },
    {
      "cityName": "Kashgar",
      "lat": 43.1,
      "lng": 79.816667
    },
    {
      "cityName": "Kash",
      "lat": 44.333333,
      "lng": 80.016667
    },
    {
      "cityName": "Kaskelen",
      "lat": 43.200278,
      "lng": 76.622222
    },
    {
      "cityName": "Kaskelenskiy",
      "lat": 43.452778,
      "lng": 76.722778
    },
    {
      "cityName": "Kasles",
      "lat": 43.066667,
      "lng": 78.55
    },
    {
      "cityName": "Kaspan",
      "lat": 44.495,
      "lng": 78.273333
    },
    {
      "cityName": "Kasymbek",
      "lat": 43.251111,
      "lng": 76.431944
    },
    {
      "cityName": "Kauchuk",
      "lat": 43.416667,
      "lng": 76.933333
    },
    {
      "cityName": "Kaychi",
      "lat": 43.716667,
      "lng": 80.083333
    },
    {
      "cityName": "Kaynar",
      "lat": 42.833333,
      "lng": 80.016667
    },
    {
      "cityName": "Kaynazarka",
      "lat": 43.316667,
      "lng": 77.35
    },
    {
      "cityName": "Kaynuk",
      "lat": 43.666667,
      "lng": 78.333333
    },
    {
      "cityName": "Kayrakty",
      "lat": 45.4,
      "lng": 78.033333
    },
    {
      "cityName": "Kayrat",
      "lat": 43.545278,
      "lng": 77.588056
    },
    {
      "cityName": "Kazakhstan",
      "lat": 43.519444,
      "lng": 77.775
    },
    {
      "cityName": "Kazarma",
      "lat": 43.732778,
      "lng": 77.143333
    },
    {
      "cityName": "Kazatkom",
      "lat": 43.580556,
      "lng": 77.7275
    },
    {
      "cityName": "Kazpravda",
      "lat": 43.833333,
      "lng": 77.183333
    },
    {
      "cityName": "Kaztsika",
      "lat": 43.375,
      "lng": 76.855556
    },
    {
      "cityName": "Kegen",
      "lat": 43.019722,
      "lng": 79.220278
    },
    {
      "cityName": "Kengzhyra",
      "lat": 45.500278,
      "lng": 79.75
    },
    {
      "cityName": "Kerbulak",
      "lat": 43.931111,
      "lng": 77.601944
    },
    {
      "cityName": "Keskentas",
      "lat": 42.466667,
      "lng": 80.133333
    },
    {
      "cityName": "Keytyn",
      "lat": 44.366667,
      "lng": 79.716667
    },
    {
      "cityName": "Kholmogorovka",
      "lat": 44.416667,
      "lng": 78.516667
    },
    {
      "cityName": "Khonokhay",
      "lat": 44.35,
      "lng": 80.15
    },
    {
      "cityName": "Khorgos",
      "lat": 44.225,
      "lng": 80.380278
    },
    {
      "cityName": "Khudayar",
      "lat": 44.15,
      "lng": 80.2
    },
    {
      "cityName": "Kibray",
      "lat": 43.226667,
      "lng": 76.679444
    },
    {
      "cityName": "Kiikbay",
      "lat": 43.484444,
      "lng": 77.812222
    },
    {
      "cityName": "Kishi Qaraoy",
      "lat": 43.545278,
      "lng": 77.042778
    },
    {
      "cityName": "Kishlak Karadzhirik",
      "lat": 44.85,
      "lng": 77.85
    },
    {
      "cityName": "Kishlak Naurzbekov",
      "lat": 44.916667,
      "lng": 77.916667
    },
    {
      "cityName": "Kizöl-agach",
      "lat": 45.3725,
      "lng": 78.721111
    },
    {
      "cityName": "Kizöl-jar",
      "lat": 44.416667,
      "lng": 78.166667
    },
    {
      "cityName": "Klyuchevoye",
      "lat": 44.983333,
      "lng": 78.65
    },
    {
      "cityName": "Klyuchi",
      "lat": 43.406667,
      "lng": 77.147222
    },
    {
      "cityName": "Kodam-Berdö",
      "lat": 45.666667,
      "lng": 79.583333
    },
    {
      "cityName": "Kogalö",
      "lat": 45.666667,
      "lng": 80.533333
    },
    {
      "cityName": "Kogozek",
      "lat": 43.3475,
      "lng": 76.768056
    },
    {
      "cityName": "Kokbastau",
      "lat": 44.616667,
      "lng": 78.333333
    },
    {
      "cityName": "Kokkaynar",
      "lat": 43.453333,
      "lng": 76.945
    },
    {
      "cityName": "Kokkol'",
      "lat": 45.666667,
      "lng": 74.316667
    },
    {
      "cityName": "Kökpek",
      "lat": 43.453889,
      "lng": 78.680278
    },
    {
      "cityName": "Kok-Say",
      "lat": 44.55,
      "lng": 79.2
    },
    {
      "cityName": "Koksu",
      "lat": 44.671944,
      "lng": 78.904722
    },
    {
      "cityName": "Koktal",
      "lat": 43.462778,
      "lng": 77.056667
    },
    {
      "cityName": "Koktas",
      "lat": 43.133333,
      "lng": 79.45
    },
    {
      "cityName": "Kok-Terek",
      "lat": 43.466667,
      "lng": 78.416667
    },
    {
      "cityName": "Kokterek",
      "lat": 46.1,
      "lng": 79.566667
    },
    {
      "cityName": "Koktobe",
      "lat": 43.25,
      "lng": 76.976389
    },
    {
      "cityName": "Köktuma",
      "lat": 45.868056,
      "lng": 81.646389
    },
    {
      "cityName": "Kokty",
      "lat": 45.416667,
      "lng": 82.2
    },
    {
      "cityName": "Kokzhaydak",
      "lat": 45.566667,
      "lng": 79.55
    },
    {
      "cityName": "Kokzhide",
      "lat": 46.228333,
      "lng": 78.818056
    },
    {
      "cityName": "Kol'bastau",
      "lat": 43.033333,
      "lng": 78.566667
    },
    {
      "cityName": "Kolkhoz Imeni Parizhskoy Kommuny",
      "lat": 43.340556,
      "lng": 76.815833
    },
    {
      "cityName": "Kolkhoz Kyzyl-Karat",
      "lat": 43.304167,
      "lng": 77.184167
    },
    {
      "cityName": "Kolkhoz Mayskiy",
      "lat": 43.168611,
      "lng": 76.473056
    },
    {
      "cityName": "Kol'taban",
      "lat": 45.35,
      "lng": 78.616667
    },
    {
      "cityName": "Komirshi",
      "lat": 43.066667,
      "lng": 79.666667
    },
    {
      "cityName": "Komsomol",
      "lat": 43.43,
      "lng": 76.848611
    },
    {
      "cityName": "Komsomol'skiy",
      "lat": 43.483333,
      "lng": 77.2
    },
    {
      "cityName": "Kondzhiga-Bulak",
      "lat": 46.25,
      "lng": 79.583333
    },
    {
      "cityName": "Konovalovka",
      "lat": 44.466667,
      "lng": 78.566667
    },
    {
      "cityName": "Konstantinovka",
      "lat": 45.653333,
      "lng": 80.881389
    },
    {
      "cityName": "Konur",
      "lat": 45.166667,
      "lng": 78.666667
    },
    {
      "cityName": "Konur-Ulen",
      "lat": 44.2775,
      "lng": 79.299444
    },
    {
      "cityName": "Kopa",
      "lat": 43.516667,
      "lng": 75.833333
    },
    {
      "cityName": "Köpbirlik",
      "lat": 46.449444,
      "lng": 77.292222
    },
    {
      "cityName": "Kosagash",
      "lat": 43.666667,
      "lng": 79.833333
    },
    {
      "cityName": "Koshmambet",
      "lat": 43.236111,
      "lng": 76.760833
    },
    {
      "cityName": "Koskuduk",
      "lat": 44.083333,
      "lng": 77.4
    },
    {
      "cityName": "Kosmos",
      "lat": 43.5,
      "lng": 77.2625
    },
    {
      "cityName": "Kostobe",
      "lat": 42.816667,
      "lng": 80.2
    },
    {
      "cityName": "Koyankoz",
      "lat": 43.394444,
      "lng": 76.945556
    },
    {
      "cityName": "Koybanskaya",
      "lat": 44.166667,
      "lng": 79.516667
    },
    {
      "cityName": "Kozhay",
      "lat": 43.315,
      "lng": 76.584167
    },
    {
      "cityName": "Kozhban",
      "lat": 45.233333,
      "lng": 77.916667
    },
    {
      "cityName": "Krasnogorovka",
      "lat": 44.416667,
      "lng": 78.383333
    },
    {
      "cityName": "Krasnyy Oktyabr'",
      "lat": 46.366667,
      "lng": 77.216667
    },
    {
      "cityName": "Krasnyy Vostok",
      "lat": 43.189167,
      "lng": 76.801111
    },
    {
      "cityName": "Krivosheyevka",
      "lat": 44.533333,
      "lng": 78.716667
    },
    {
      "cityName": "Krugloye",
      "lat": 44.516667,
      "lng": 78.666667
    },
    {
      "cityName": "Krupskoy",
      "lat": 43.083333,
      "lng": 75.95
    },
    {
      "cityName": "Kugalo",
      "lat": 44.481667,
      "lng": 78.65
    },
    {
      "cityName": "Kulbay",
      "lat": 45.8,
      "lng": 80.3
    },
    {
      "cityName": "Kulikovka",
      "lat": 43.683333,
      "lng": 78.233333
    },
    {
      "cityName": "Kumtekey",
      "lat": 42.883333,
      "lng": 79.25
    },
    {
      "cityName": "Kumzhargan",
      "lat": 45.75,
      "lng": 79.633333
    },
    {
      "cityName": "Kuntek",
      "lat": 43.25,
      "lng": 76.316667
    },
    {
      "cityName": "Kunzhaman",
      "lat": 45.566667,
      "lng": 80.1
    },
    {
      "cityName": "Kurama",
      "lat": 43.364167,
      "lng": 77.513056
    },
    {
      "cityName": "Kuramys",
      "lat": 43.179722,
      "lng": 76.855278
    },
    {
      "cityName": "Kurchilik",
      "lat": 43.866667,
      "lng": 78.283333
    },
    {
      "cityName": "Kurday",
      "lat": 43.613611,
      "lng": 75.011944
    },
    {
      "cityName": "Kurli",
      "lat": 45.333333,
      "lng": 74.833333
    },
    {
      "cityName": "Kurmenty",
      "lat": 43.05,
      "lng": 78.333333
    },
    {
      "cityName": "Kurti",
      "lat": 43.888611,
      "lng": 76.332778
    },
    {
      "cityName": "Kurtö",
      "lat": 44.25,
      "lng": 76.75
    },
    {
      "cityName": "Kush",
      "lat": 43.579444,
      "lng": 77.569167
    },
    {
      "cityName": "Kutentay",
      "lat": 43.678056,
      "lng": 77.112778
    },
    {
      "cityName": "Kuyan-Kuz",
      "lat": 44.208056,
      "lng": 78.173056
    },
    {
      "cityName": "Kuzyltu",
      "lat": 43.416667,
      "lng": 77.073611
    },
    {
      "cityName": "Kyrbaltabay",
      "lat": 43.587222,
      "lng": 77.489167
    },
    {
      "cityName": "Kyrgauyldy",
      "lat": 43.176389,
      "lng": 76.763333
    },
    {
      "cityName": "Kystak",
      "lat": 45.75,
      "lng": 80.133333
    },
    {
      "cityName": "Kyzylashchy",
      "lat": 45.990556,
      "lng": 80.718333
    },
    {
      "cityName": "Kyzylasker",
      "lat": 45.416667,
      "lng": 80.166667
    },
    {
      "cityName": "Kyzyl Dzhambul",
      "lat": 44.1,
      "lng": 79.766667
    },
    {
      "cityName": "Kyzyl-Dzhigda",
      "lat": 43.75,
      "lng": 78.25
    },
    {
      "cityName": "Kyzyl-Enbekshi-Kazakh",
      "lat": 43.45,
      "lng": 77.7
    },
    {
      "cityName": "Kyzylkain",
      "lat": 45.433333,
      "lng": 79.616667
    },
    {
      "cityName": "Kyzyltan",
      "lat": 45.683333,
      "lng": 79.183333
    },
    {
      "cityName": "Kyzyltogan",
      "lat": 44.666667,
      "lng": 78.05
    },
    {
      "cityName": "Kyzyltu 3",
      "lat": 43.311944,
      "lng": 77.158333
    },
    {
      "cityName": "Kyzyltu",
      "lat": 42.983333,
      "lng": 79.333333
    },
    {
      "cityName": "Kyzyl-Tyube",
      "lat": 45.05,
      "lng": 78.75
    },
    {
      "cityName": "Kyzylzhar",
      "lat": 44.25,
      "lng": 79.816667
    },
    {
      "cityName": "Lenino",
      "lat": 43.427778,
      "lng": 76.733333
    },
    {
      "cityName": "Leninsk",
      "lat": 45.65,
      "lng": 80.433333
    },
    {
      "cityName": "Leninzhol",
      "lat": 45.416667,
      "lng": 74.216667
    },
    {
      "cityName": "Lepsi",
      "lat": 45.524167,
      "lng": 80.608611
    },
    {
      "cityName": "Lepsy",
      "lat": 46.235,
      "lng": 78.945556
    },
    {
      "cityName": "Lovar",
      "lat": 43.566667,
      "lng": 78.116667
    },
    {
      "cityName": "Lugovaya",
      "lat": 44.533333,
      "lng": 78.866667
    },
    {
      "cityName": "Mainkum",
      "lat": 45.75,
      "lng": 79.883333
    },
    {
      "cityName": "Maitan",
      "lat": 45.766667,
      "lng": 74.333333
    },
    {
      "cityName": "Malinovka",
      "lat": 44.966667,
      "lng": 78.75
    },
    {
      "cityName": "Malöbay",
      "lat": 43.493889,
      "lng": 78.4075
    },
    {
      "cityName": "Malogorovka",
      "lat": 44.933333,
      "lng": 78.633333
    },
    {
      "cityName": "Malovodnoe",
      "lat": 43.510833,
      "lng": 77.696944
    },
    {
      "cityName": "Malöy Kuygon",
      "lat": 45.416667,
      "lng": 74.166667
    },
    {
      "cityName": "Malshat",
      "lat": 45.766667,
      "lng": 80.716667
    },
    {
      "cityName": "Mar'ya",
      "lat": 46,
      "lng": 79.933333
    },
    {
      "cityName": "Masakbay",
      "lat": 43.620278,
      "lng": 78.305556
    },
    {
      "cityName": "Matay",
      "lat": 45.895,
      "lng": 78.718056
    },
    {
      "cityName": "Matibulak",
      "lat": 43.565556,
      "lng": 75.281667
    },
    {
      "cityName": "Maykamys",
      "lat": 46.583333,
      "lng": 77.633333
    },
    {
      "cityName": "Maykan",
      "lat": 45.666667,
      "lng": 80.65
    },
    {
      "cityName": "Maylybay",
      "lat": 45.639167,
      "lng": 77.461667
    },
    {
      "cityName": "Mayskoye",
      "lat": 46.183333,
      "lng": 81.166667
    },
    {
      "cityName": "Mikhaylovka",
      "lat": 42.833333,
      "lng": 75.7
    },
    {
      "cityName": "Molaly",
      "lat": 45.452778,
      "lng": 78.314722
    },
    {
      "cityName": "Monan-Bulak",
      "lat": 43.466667,
      "lng": 77.45
    },
    {
      "cityName": "Mopr",
      "lat": 45.166667,
      "lng": 78.083333
    },
    {
      "cityName": "Mukrö",
      "lat": 44.833333,
      "lng": 78.166667
    },
    {
      "cityName": "Mul'das",
      "lat": 45.166667,
      "lng": 77.833333
    },
    {
      "cityName": "Mulla-Dakhty-Ize",
      "lat": 44.3,
      "lng": 80.1
    },
    {
      "cityName": "Mynbayevo",
      "lat": 43.293056,
      "lng": 76.444444
    },
    {
      "cityName": "Nadezdinskoye",
      "lat": 45.75,
      "lng": 80.75
    },
    {
      "cityName": "Narön Kol",
      "lat": 42.725833,
      "lng": 80.178333
    },
    {
      "cityName": "Nechayev Sad",
      "lat": 45.136111,
      "lng": 79
    },
    {
      "cityName": "Nizhniy Khonokhay",
      "lat": 44.316667,
      "lng": 80.166667
    },
    {
      "cityName": "Nizhniy Zharylgap",
      "lat": 43.533333,
      "lng": 77.45
    },
    {
      "cityName": "Novaya Derevnya",
      "lat": 45.416667,
      "lng": 80.3
    },
    {
      "cityName": "Novoiliysk",
      "lat": 44,
      "lng": 77
    },
    {
      "cityName": "Novopokrovka",
      "lat": 45.450833,
      "lng": 79.989167
    },
    {
      "cityName": "Novotugan",
      "lat": 44.633333,
      "lng": 78.133333
    },
    {
      "cityName": "Novyy Mir",
      "lat": 43.4,
      "lng": 77.2675
    },
    {
      "cityName": "Novyy Put'",
      "lat": 45.25,
      "lng": 78.116667
    },
    {
      "cityName": "Nygyrchi",
      "lat": 44.2,
      "lng": 79.95
    },
    {
      "cityName": "Obukhovka",
      "lat": 46.195278,
      "lng": 81.102778
    },
    {
      "cityName": "Oktryabr'",
      "lat": 43.243611,
      "lng": 76.793056
    },
    {
      "cityName": "Oktyabr'",
      "lat": 43.1,
      "lng": 78.85
    },
    {
      "cityName": "Onuy",
      "lat": 43.533333,
      "lng": 78.3
    },
    {
      "cityName": "Onym",
      "lat": 45.583333,
      "lng": 79.416667
    },
    {
      "cityName": "Orakbalga",
      "lat": 45.4,
      "lng": 74.566667
    },
    {
      "cityName": "Ornek",
      "lat": 42.766667,
      "lng": 80.083333
    },
    {
      "cityName": "Osinovka",
      "lat": 45.833333,
      "lng": 80.7
    },
    {
      "cityName": "Osoaviakhim",
      "lat": 45.25,
      "lng": 77.983333
    },
    {
      "cityName": "Otar",
      "lat": 43.3225,
      "lng": 75.470833
    },
    {
      "cityName": "Otdeleniye Nomer Tri Sovkhoza Zhetygenskiy",
      "lat": 43.740278,
      "lng": 77.211944
    },
    {
      "cityName": "Oyan",
      "lat": 45.15,
      "lng": 77.933333
    },
    {
      "cityName": "Oyzhaylau",
      "lat": 43.583333,
      "lng": 78.416667
    },
    {
      "cityName": "Ozërnyy",
      "lat": 43.065278,
      "lng": 76.982778
    },
    {
      "cityName": "Panzhim",
      "lat": 44.206667,
      "lng": 80.21
    },
    {
      "cityName": "Pervoya Maya",
      "lat": 45.221667,
      "lng": 77.935556
    },
    {
      "cityName": "Petropavlovka",
      "lat": 45.633333,
      "lng": 80.466667
    },
    {
      "cityName": "Podgornoe",
      "lat": 43.333056,
      "lng": 79.48
    },
    {
      "cityName": "Podsobnoye Khozyaystvo Lepsy",
      "lat": 46.288333,
      "lng": 78.311389
    },
    {
      "cityName": "Pokrovka",
      "lat": 43.409722,
      "lng": 77.013889
    },
    {
      "cityName": "Poputnoye",
      "lat": 44.583333,
      "lng": 79.083333
    },
    {
      "cityName": "Pos'yet",
      "lat": 45.383333,
      "lng": 74.2
    },
    {
      "cityName": "Primorets",
      "lat": 45.2,
      "lng": 78.016667
    },
    {
      "cityName": "Proletarskiy",
      "lat": 45.45,
      "lng": 79.85
    },
    {
      "cityName": "Put' Il'icha",
      "lat": 43.253611,
      "lng": 76.775
    },
    {
      "cityName": "Qyzylqayyng",
      "lat": 45.833333,
      "lng": 80.25
    },
    {
      "cityName": "Raimbek",
      "lat": 43.215278,
      "lng": 76.765556
    },
    {
      "cityName": "Rakhat",
      "lat": 43.190833,
      "lng": 76.864444
    },
    {
      "cityName": "Razdol'noye",
      "lat": 43.345,
      "lng": 77.229444
    },
    {
      "cityName": "Razvil'noye",
      "lat": 44.416667,
      "lng": 78.5
    },
    {
      "cityName": "Rgayty",
      "lat": 45.7,
      "lng": 81.883333
    },
    {
      "cityName": "Robach'ye",
      "lat": 46.466944,
      "lng": 81.538056
    },
    {
      "cityName": "Rybalka Sary-tumsuk",
      "lat": 45.9,
      "lng": 74.25
    },
    {
      "cityName": "Rybalka Semiz-Kul'",
      "lat": 45.666667,
      "lng": 74.3
    },
    {
      "cityName": "Sadovoye",
      "lat": 45.55,
      "lng": 80.35
    },
    {
      "cityName": "Sadykyuzy",
      "lat": 44.166667,
      "lng": 80.066667
    },
    {
      "cityName": "Sadyr",
      "lat": 44.383333,
      "lng": 80.066667
    },
    {
      "cityName": "Sagabiyen",
      "lat": 45.383333,
      "lng": 79.25
    },
    {
      "cityName": "Sagat",
      "lat": 46.7,
      "lng": 80.75
    },
    {
      "cityName": "Sakatay",
      "lat": 44.25,
      "lng": 80.083333
    },
    {
      "cityName": "Sakezun",
      "lat": 43.366667,
      "lng": 79.6
    },
    {
      "cityName": "Saldy-Piket",
      "lat": 43.316667,
      "lng": 76.097222
    },
    {
      "cityName": "Sargumei",
      "lat": 45.2,
      "lng": 74.183333
    },
    {
      "cityName": "Sarkand",
      "lat": 45.41,
      "lng": 79.918611
    },
    {
      "cityName": "Sarö-bulak",
      "lat": 43.283333,
      "lng": 79.383333
    },
    {
      "cityName": "Saro-Ozak",
      "lat": 44.358333,
      "lng": 77.975278
    },
    {
      "cityName": "Saroy",
      "lat": 44.633333,
      "lng": 78.366667
    },
    {
      "cityName": "Sarsembe",
      "lat": 43.566667,
      "lng": 77.366667
    },
    {
      "cityName": "Sartasu",
      "lat": 42.766667,
      "lng": 79.216667
    },
    {
      "cityName": "Sarybastau",
      "lat": 42.980556,
      "lng": 80.274167
    },
    {
      "cityName": "Sarybel",
      "lat": 44.423333,
      "lng": 80.059722
    },
    {
      "cityName": "Sary-Bulak",
      "lat": 43.233333,
      "lng": 78.283333
    },
    {
      "cityName": "Sarybulak",
      "lat": 43.7,
      "lng": 79.966667
    },
    {
      "cityName": "Sary-Dzhas",
      "lat": 42.915278,
      "lng": 79.608889
    },
    {
      "cityName": "Sarykamys",
      "lat": 46.566667,
      "lng": 76.95
    },
    {
      "cityName": "Satö",
      "lat": 43.070278,
      "lng": 78.409444
    },
    {
      "cityName": "Sayakskaya Pristan'",
      "lat": 46.583333,
      "lng": 77.583333
    },
    {
      "cityName": "Saymale",
      "lat": 44.383333,
      "lng": 80.083333
    },
    {
      "cityName": "Sergeyevka",
      "lat": 43.116667,
      "lng": 75.666667
    },
    {
      "cityName": "Shamaudin",
      "lat": 43.533333,
      "lng": 78.383333
    },
    {
      "cityName": "Shatyrbay",
      "lat": 45.511667,
      "lng": 80.335556
    },
    {
      "cityName": "Shilibastau",
      "lat": 43.733333,
      "lng": 76.116667
    },
    {
      "cityName": "Shinzhaly",
      "lat": 45.666667,
      "lng": 80.816667
    },
    {
      "cityName": "Sholakozek",
      "lat": 45.6,
      "lng": 79.516667
    },
    {
      "cityName": "Shubar",
      "lat": 44.55,
      "lng": 78.966667
    },
    {
      "cityName": "Shugyla",
      "lat": 43.208889,
      "lng": 76.800833
    },
    {
      "cityName": "Shunkar",
      "lat": 43.466667,
      "lng": 80.166667
    },
    {
      "cityName": "Skotovod",
      "lat": 43.795,
      "lng": 77.683333
    },
    {
      "cityName": "Sogabiyen'",
      "lat": 45.416667,
      "lng": 79.233333
    },
    {
      "cityName": "Sokolovka",
      "lat": 45.6,
      "lng": 80.466667
    },
    {
      "cityName": "Sol'prom",
      "lat": 42.916667,
      "lng": 79.233333
    },
    {
      "cityName": "Sotsialdy",
      "lat": 46.1,
      "lng": 81.266667
    },
    {
      "cityName": "Spetsgorodok",
      "lat": 43.34,
      "lng": 76.885278
    },
    {
      "cityName": "Stalino",
      "lat": 44.966667,
      "lng": 78.25
    },
    {
      "cityName": "Stanovishche Sary-Bulak",
      "lat": 43.683333,
      "lng": 78.533333
    },
    {
      "cityName": "Stanovishche Targap",
      "lat": 43.333333,
      "lng": 75.833333
    },
    {
      "cityName": "Sugur",
      "lat": 43.433333,
      "lng": 78.216667
    },
    {
      "cityName": "Sümbe",
      "lat": 42.932222,
      "lng": 80.486111
    },
    {
      "cityName": "Suuk-Togay",
      "lat": 43.183333,
      "lng": 78.533333
    },
    {
      "cityName": "Suyksay",
      "lat": 45.252778,
      "lng": 79.413889
    },
    {
      "cityName": "Syugandy",
      "lat": 42.933333,
      "lng": 75.483333
    },
    {
      "cityName": "Talapker",
      "lat": 46.25,
      "lng": 80.9
    },
    {
      "cityName": "Taldy-Kurgan Stantsiya",
      "lat": 45,
      "lng": 77.916667
    },
    {
      "cityName": "Taldy",
      "lat": 44.4,
      "lng": 79.833333
    },
    {
      "cityName": "Talgar",
      "lat": 43.304444,
      "lng": 77.232778
    },
    {
      "cityName": "Tamerlik",
      "lat": 43.316667,
      "lng": 79.183333
    },
    {
      "cityName": "Taras",
      "lat": 45.4,
      "lng": 79.8
    },
    {
      "cityName": "Tasaryk",
      "lat": 45.5,
      "lng": 80.133333
    },
    {
      "cityName": "Tash-Kara-Su",
      "lat": 43.766667,
      "lng": 79.433333
    },
    {
      "cityName": "Tashkenbaysay",
      "lat": 43.475278,
      "lng": 77.400278
    },
    {
      "cityName": "Tashty-Kara",
      "lat": 43.471944,
      "lng": 77.352222
    },
    {
      "cityName": "Tastö-bulak",
      "lat": 45.116667,
      "lng": 78.75
    },
    {
      "cityName": "Tastuma",
      "lat": 45.783333,
      "lng": 80.5
    },
    {
      "cityName": "Tastybulak",
      "lat": 43.179722,
      "lng": 76.807778
    },
    {
      "cityName": "Tastyozek",
      "lat": 44.4,
      "lng": 78.616667
    },
    {
      "cityName": "Tauturgen",
      "lat": 43.351389,
      "lng": 77.616111
    },
    {
      "cityName": "Tebet",
      "lat": 43.45,
      "lng": 75.783333
    },
    {
      "cityName": "Tekebulak",
      "lat": 45.933333,
      "lng": 80.766667
    },
    {
      "cityName": "Tekeli",
      "lat": 44.83,
      "lng": 78.823889
    },
    {
      "cityName": "Tekes",
      "lat": 42.828056,
      "lng": 80.049444
    },
    {
      "cityName": "Temerlinskaya",
      "lat": 43.266667,
      "lng": 79.2
    },
    {
      "cityName": "Tendyk",
      "lat": 46.016667,
      "lng": 80.683333
    },
    {
      "cityName": "Terektö",
      "lat": 43.433333,
      "lng": 78.083333
    },
    {
      "cityName": "Termete",
      "lat": 43.566667,
      "lng": 78.45
    },
    {
      "cityName": "Tesiktogan",
      "lat": 45.716667,
      "lng": 79.25
    },
    {
      "cityName": "Teskensu",
      "lat": 43.549444,
      "lng": 77.8675
    },
    {
      "cityName": "Tishkan",
      "lat": 44.166667,
      "lng": 80.05
    },
    {
      "cityName": "Tles",
      "lat": 45.25,
      "lng": 78.083333
    },
    {
      "cityName": "Togubulak",
      "lat": 43.016667,
      "lng": 78.716667
    },
    {
      "cityName": "Tolkyn",
      "lat": 43.629722,
      "lng": 77.894444
    },
    {
      "cityName": "Tonkeris",
      "lat": 43.477778,
      "lng": 77.139444
    },
    {
      "cityName": "Topolëvka",
      "lat": 45.4,
      "lng": 80.333333
    },
    {
      "cityName": "Toymas-Togan",
      "lat": 43.05,
      "lng": 75.983333
    },
    {
      "cityName": "Tretiy Internatsional",
      "lat": 45.266667,
      "lng": 78.083333
    },
    {
      "cityName": "Troitskoye",
      "lat": 43.25,
      "lng": 76.766667
    },
    {
      "cityName": "Troytskoye",
      "lat": 44.95,
      "lng": 78.616667
    },
    {
      "cityName": "Turgay",
      "lat": 43.583333,
      "lng": 78.066667
    },
    {
      "cityName": "Turgen'",
      "lat": 43.400556,
      "lng": 77.593333
    },
    {
      "cityName": "Tusunuk",
      "lat": 45.883333,
      "lng": 79.966667
    },
    {
      "cityName": "Tuyuk",
      "lat": 43.106111,
      "lng": 79.404167
    },
    {
      "cityName": "Ucharal",
      "lat": 46.169722,
      "lng": 80.939444
    },
    {
      "cityName": "Uduty",
      "lat": 43.433333,
      "lng": 79.8
    },
    {
      "cityName": "Ul'gili",
      "lat": 42.866667,
      "lng": 80.35
    },
    {
      "cityName": "Ul'guli",
      "lat": 43.428056,
      "lng": 76.102778
    },
    {
      "cityName": "Ul'ken-Aksu",
      "lat": 43.366667,
      "lng": 79.583333
    },
    {
      "cityName": "Ülken",
      "lat": 45.211944,
      "lng": 73.978611
    },
    {
      "cityName": "Ungurtas",
      "lat": 43.274444,
      "lng": 76.024722
    },
    {
      "cityName": "Uritskoye",
      "lat": 44.366667,
      "lng": 78.416667
    },
    {
      "cityName": "Usharal",
      "lat": 44.233333,
      "lng": 76.85
    },
    {
      "cityName": "Üshtöbe",
      "lat": 45.242222,
      "lng": 77.982222
    },
    {
      "cityName": "Uspenovka",
      "lat": 45.783333,
      "lng": 80.966667
    },
    {
      "cityName": "Uvarovka",
      "lat": 44.5,
      "lng": 78.5
    },
    {
      "cityName": "Uyalö",
      "lat": 46.433333,
      "lng": 81.366667
    },
    {
      "cityName": "Uygur",
      "lat": 43.533333,
      "lng": 78.266667
    },
    {
      "cityName": "Uzekh",
      "lat": 45.333333,
      "lng": 74.183333
    },
    {
      "cityName": "Uzunagach",
      "lat": 43.221667,
      "lng": 76.308611
    },
    {
      "cityName": "Uzuntam",
      "lat": 43.633333,
      "lng": 79.7
    },
    {
      "cityName": "Volna",
      "lat": 46.333333,
      "lng": 78.283333
    },
    {
      "cityName": "Yanaturmysh",
      "lat": 43.533333,
      "lng": 77.733333
    },
    {
      "cityName": "Yekpindy",
      "lat": 45.736389,
      "lng": 80.618333
    },
    {
      "cityName": "Yeltay",
      "lat": 43.166667,
      "lng": 79.966667
    },
    {
      "cityName": "Yenbekshykazakh",
      "lat": 44.866667,
      "lng": 78.2
    },
    {
      "cityName": "Yerikty",
      "lat": 45.433333,
      "lng": 74.183333
    },
    {
      "cityName": "Yermensay",
      "lat": 43.184722,
      "lng": 76.929167
    },
    {
      "cityName": "Yesekartkan",
      "lat": 43.033333,
      "lng": 80.25
    },
    {
      "cityName": "Yesentay",
      "lat": 43.416667,
      "lng": 76.983333
    },
    {
      "cityName": "Yevgen'yevka",
      "lat": 43.508611,
      "lng": 77.671667
    },
    {
      "cityName": "Zakirovskiy",
      "lat": 43.416667,
      "lng": 77.05
    },
    {
      "cityName": "Zarechnoye",
      "lat": 43.714722,
      "lng": 77.041111
    },
    {
      "cityName": "Zhail'ma",
      "lat": 45.65,
      "lng": 79.5
    },
    {
      "cityName": "Zhalanashkol'",
      "lat": 45.566667,
      "lng": 82.183333
    },
    {
      "cityName": "Zhalasay",
      "lat": 43.133333,
      "lng": 78.95
    },
    {
      "cityName": "Zhamanterekty",
      "lat": 45.883333,
      "lng": 80.633333
    },
    {
      "cityName": "Zhamanty",
      "lat": 43.25,
      "lng": 75.583333
    },
    {
      "cityName": "Zhanaadym",
      "lat": 42.85,
      "lng": 79.733333
    },
    {
      "cityName": "Zhanaandyrys",
      "lat": 46.366667,
      "lng": 77.316667
    },
    {
      "cityName": "Zhanaarka",
      "lat": 43.613333,
      "lng": 77.022222
    },
    {
      "cityName": "Zhanabirlik",
      "lat": 46.55,
      "lng": 81.833333
    },
    {
      "cityName": "Zhanadaur",
      "lat": 43.435556,
      "lng": 76.956667
    },
    {
      "cityName": "Zhanama",
      "lat": 46.2,
      "lng": 80.766667
    },
    {
      "cityName": "Zhanatogan",
      "lat": 45.666667,
      "lng": 79.816667
    },
    {
      "cityName": "Zhana-Turmysh",
      "lat": 43.531667,
      "lng": 77.758056
    },
    {
      "cityName": "Zhanaturmys",
      "lat": 43.183333,
      "lng": 76.783333
    },
    {
      "cityName": "Zhana-Turmys",
      "lat": 43.416667,
      "lng": 77.833333
    },
    {
      "cityName": "Zhanazhol",
      "lat": 45.7,
      "lng": 79.75
    },
    {
      "cityName": "Zharkulak",
      "lat": 42.4,
      "lng": 80.133333
    },
    {
      "cityName": "Zharshapkan",
      "lat": 44.783333,
      "lng": 78.383333
    },
    {
      "cityName": "Zhartas",
      "lat": 43.558056,
      "lng": 75.453333
    },
    {
      "cityName": "Zhaur",
      "lat": 44.25,
      "lng": 79.35
    },
    {
      "cityName": "Zheltorangghy",
      "lat": 45.068056,
      "lng": 75.256667
    },
    {
      "cityName": "Zhenis",
      "lat": 44.866667,
      "lng": 77.866667
    },
    {
      "cityName": "Zhetygen",
      "lat": 43.691389,
      "lng": 77.128056
    },
    {
      "cityName": "Zhilybulak",
      "lat": 43.166667,
      "lng": 80.066667
    },
    {
      "cityName": "Zhirenaygyr",
      "lat": 43.602778,
      "lng": 76.157778
    },
    {
      "cityName": "Zholaman",
      "lat": 44.266667,
      "lng": 77.533333
    },
    {
      "cityName": "Zhopdykulat",
      "lat": 42.983333,
      "lng": 79.566667
    },
    {
      "cityName": "Znergeticheskiy",
      "lat": 43.427778,
      "lng": 77.022222
    }
  ]
}