{
  "name": "Unnamed region 27",
  "cities": [
    {
      "cityName": "Adamowo",
      "lat": 52.916667,
      "lng": 20.183333
    },
    {
      "cityName": "Andzin",
      "lat": 52.583333,
      "lng": 20.683333
    },
    {
      "cityName": "Antoniewo",
      "lat": 52.9,
      "lng": 19.966667
    },
    {
      "cityName": "Arcelin",
      "lat": 52.65,
      "lng": 20.316667
    },
    {
      "cityName": "Augustowo",
      "lat": 52.9,
      "lng": 20.316667
    },
    {
      "cityName": "Baby",
      "lat": 52.816667,
      "lng": 20.6
    },
    {
      "cityName": "Bacze",
      "lat": 52.933333,
      "lng": 20.716667
    },
    {
      "cityName": "Badkowo",
      "lat": 52.75,
      "lng": 20.633333
    },
    {
      "cityName": "Badzyn",
      "lat": 53.1,
      "lng": 19.85
    },
    {
      "cityName": "Bagienice Duze",
      "lat": 53.15,
      "lng": 20.016667
    },
    {
      "cityName": "Bagienice Male",
      "lat": 53.15,
      "lng": 20.033333
    },
    {
      "cityName": "Bagienice Nowe",
      "lat": 53.15,
      "lng": 19.983333
    },
    {
      "cityName": "Baraki Gosciskie",
      "lat": 53.133333,
      "lng": 19.966667
    },
    {
      "cityName": "Barance",
      "lat": 52.95,
      "lng": 20.8
    },
    {
      "cityName": "Bartoldy",
      "lat": 52.966667,
      "lng": 20.85
    },
    {
      "cityName": "Bebnowo",
      "lat": 52.916667,
      "lng": 20.1
    },
    {
      "cityName": "Bedziemin",
      "lat": 53.066667,
      "lng": 19.833333
    },
    {
      "cityName": "Begno",
      "lat": 52.75,
      "lng": 20.833333
    },
    {
      "cityName": "Belk",
      "lat": 53.25,
      "lng": 19.883333
    },
    {
      "cityName": "Besnica",
      "lat": 53.15,
      "lng": 19.7
    },
    {
      "cityName": "Beszyno",
      "lat": 52.566667,
      "lng": 20.3
    },
    {
      "cityName": "Bialowieza",
      "lat": 52.733333,
      "lng": 21.05
    },
    {
      "cityName": "Bialuty",
      "lat": 53.216667,
      "lng": 20.4
    },
    {
      "cityName": "Bielany",
      "lat": 52.683333,
      "lng": 20.9
    },
    {
      "cityName": "Bielany Budy",
      "lat": 52.683333,
      "lng": 20.916667
    },
    {
      "cityName": "Bielawy",
      "lat": 52.983333,
      "lng": 20.1
    },
    {
      "cityName": "Bielawy Goluskie",
      "lat": 52.933333,
      "lng": 19.966667
    },
    {
      "cityName": "Biele",
      "lat": 52.666667,
      "lng": 20.45
    },
    {
      "cityName": "Bielin",
      "lat": 52.85,
      "lng": 20.616667
    },
    {
      "cityName": "Bienki",
      "lat": 53.05,
      "lng": 20.116667
    },
    {
      "cityName": "Bienki Bucice",
      "lat": 52.816667,
      "lng": 20.666667
    },
    {
      "cityName": "Bienki Karkuty",
      "lat": 52.816667,
      "lng": 20.683333
    },
    {
      "cityName": "Bienki Skrzekoty",
      "lat": 52.8,
      "lng": 20.683333
    },
    {
      "cityName": "Biezany",
      "lat": 52.933333,
      "lng": 20.15
    },
    {
      "cityName": "Bledostowo",
      "lat": 52.583333,
      "lng": 20.933333
    },
    {
      "cityName": "Bledowo",
      "lat": 52.55,
      "lng": 20.683333
    },
    {
      "cityName": "Blomino Gule",
      "lat": 52.666667,
      "lng": 20.2
    },
    {
      "cityName": "Blomino Jeze",
      "lat": 52.65,
      "lng": 20.2
    },
    {
      "cityName": "Boby",
      "lat": 52.783333,
      "lng": 21.133333
    },
    {
      "cityName": "Bogucin",
      "lat": 52.733333,
      "lng": 20.083333
    },
    {
      "cityName": "Bogurzyn",
      "lat": 53.05,
      "lng": 20.283333
    },
    {
      "cityName": "Bogurzynek",
      "lat": 53.05,
      "lng": 20.266667
    },
    {
      "cityName": "Boguszewice",
      "lat": 52.983333,
      "lng": 19.733333
    },
    {
      "cityName": "Bojanowo",
      "lat": 52.916667,
      "lng": 20.083333
    },
    {
      "cityName": "Bonkowo Koscielne",
      "lat": 52.966667,
      "lng": 20.216667
    },
    {
      "cityName": "Bonkowo Podlesne",
      "lat": 52.966667,
      "lng": 20.183333
    },
    {
      "cityName": "Borkowo Boksy",
      "lat": 53.083333,
      "lng": 20.766667
    },
    {
      "cityName": "Borkowo",
      "lat": 52.566667,
      "lng": 20.666667
    },
    {
      "cityName": "Borkowo Falenta",
      "lat": 53.1,
      "lng": 20.766667
    },
    {
      "cityName": "Borsuki Stare",
      "lat": 52.65,
      "lng": 21.116667
    },
    {
      "cityName": "Borza",
      "lat": 52.75,
      "lng": 20.883333
    },
    {
      "cityName": "Borza Przechy",
      "lat": 52.766667,
      "lng": 20.9
    },
    {
      "cityName": "Borzuchowo-Dacbogi",
      "lat": 53.05,
      "lng": 20.583333
    },
    {
      "cityName": "Breginie",
      "lat": 52.9,
      "lng": 20.2
    },
    {
      "cityName": "Brodawo Baboly",
      "lat": 52.666667,
      "lng": 20.883333
    },
    {
      "cityName": "Brodowo",
      "lat": 52.683333,
      "lng": 20.85
    },
    {
      "cityName": "Brodowo Kuce",
      "lat": 52.666667,
      "lng": 20.85
    },
    {
      "cityName": "Brody",
      "lat": 52.616667,
      "lng": 20.383333
    },
    {
      "cityName": "Brody Mlockie",
      "lat": 52.8,
      "lng": 20.433333
    },
    {
      "cityName": "Brodziecin",
      "lat": 52.75,
      "lng": 20.583333
    },
    {
      "cityName": "Bronin",
      "lat": 52.616667,
      "lng": 20.816667
    },
    {
      "cityName": "Brudnice",
      "lat": 53.083333,
      "lng": 19.883333
    },
    {
      "cityName": "Brulino",
      "lat": 52.65,
      "lng": 20.733333
    },
    {
      "cityName": "Brzescie",
      "lat": 52.666667,
      "lng": 20.25
    },
    {
      "cityName": "Brzescie Wloscianskie",
      "lat": 52.683333,
      "lng": 20.233333
    },
    {
      "cityName": "Brzowa Maje",
      "lat": 53.233333,
      "lng": 20.666667
    },
    {
      "cityName": "Brzozowo",
      "lat": 52.95,
      "lng": 20.866667
    },
    {
      "cityName": "Brzozowo Czary",
      "lat": 53.233333,
      "lng": 20.633333
    },
    {
      "cityName": "Brzozowo Dabrowka",
      "lat": 53.2,
      "lng": 20.666667
    },
    {
      "cityName": "Brzozowo Leg",
      "lat": 53.2,
      "lng": 20.683333
    },
    {
      "cityName": "Brzozowo Nowe",
      "lat": 53.2,
      "lng": 20.65
    },
    {
      "cityName": "Brzozowo Stare",
      "lat": 53.216667,
      "lng": 20.666667
    },
    {
      "cityName": "Brzozowo Wielkie",
      "lat": 52.95,
      "lng": 20.85
    },
    {
      "cityName": "Budki Krajkowskie",
      "lat": 52.783333,
      "lng": 20.233333
    },
    {
      "cityName": "Budy Bolewskie",
      "lat": 52.966667,
      "lng": 20.45
    },
    {
      "cityName": "Budy Ciemniewskie",
      "lat": 52.716667,
      "lng": 20.466667
    },
    {
      "cityName": "Budy Garlinskie",
      "lat": 53.133333,
      "lng": 20.55
    },
    {
      "cityName": "Budy Gizynskie",
      "lat": 52.866667,
      "lng": 20.366667
    },
    {
      "cityName": "Budy Kraszewskie",
      "lat": 52.816667,
      "lng": 20.083333
    },
    {
      "cityName": "Budy Krogule",
      "lat": 52.55,
      "lng": 20.816667
    },
    {
      "cityName": "Budy Matusy",
      "lat": 52.933333,
      "lng": 20.2
    },
    {
      "cityName": "Budy Mlawskie",
      "lat": 53.116667,
      "lng": 20.433333
    },
    {
      "cityName": "Budy Radzyminska",
      "lat": 52.733333,
      "lng": 20.366667
    },
    {
      "cityName": "Budy Rumockie",
      "lat": 52.816667,
      "lng": 20.416667
    },
    {
      "cityName": "Budy Siennickie",
      "lat": 52.55,
      "lng": 20.783333
    },
    {
      "cityName": "Budy Sulkowskie",
      "lat": 52.966667,
      "lng": 20.4
    },
    {
      "cityName": "Budy Wolinskie",
      "lat": 52.866667,
      "lng": 20.1
    },
    {
      "cityName": "Bulkowo",
      "lat": 52.683333,
      "lng": 20.966667
    },
    {
      "cityName": "Bulkowo Nowe",
      "lat": 52.683333,
      "lng": 20.983333
    },
    {
      "cityName": "Burkat",
      "lat": 53.266667,
      "lng": 20.15
    },
    {
      "cityName": "Burkaty",
      "lat": 52.816667,
      "lng": 20.716667
    },
    {
      "cityName": "Burki",
      "lat": 52.7,
      "lng": 20.9
    },
    {
      "cityName": "Bursz",
      "lat": 53.183333,
      "lng": 20.2
    },
    {
      "cityName": "Bylice",
      "lat": 52.7,
      "lng": 20.75
    },
    {
      "cityName": "Byszewo",
      "lat": 52.833333,
      "lng": 20.983333
    },
    {
      "cityName": "Byszewo Wygoda",
      "lat": 52.816667,
      "lng": 20.933333
    },
    {
      "cityName": "Chadzyny",
      "lat": 52.9,
      "lng": 20.166667
    },
    {
      "cityName": "Chadzyny Krusze",
      "lat": 52.9,
      "lng": 20.15
    },
    {
      "cityName": "Chadzyny Szymanczyki",
      "lat": 52.9,
      "lng": 20.183333
    },
    {
      "cityName": "Chamsk",
      "lat": 53.033333,
      "lng": 19.933333
    },
    {
      "cityName": "Charzyny",
      "lat": 52.866667,
      "lng": 20.183333
    },
    {
      "cityName": "Charzyny Szatkowieta",
      "lat": 52.866667,
      "lng": 20.166667
    },
    {
      "cityName": "Chechnówka",
      "lat": 52.55,
      "lng": 20.866667
    },
    {
      "cityName": "Chelchy Dzierskie",
      "lat": 52.883333,
      "lng": 20.983333
    },
    {
      "cityName": "Chelchy Ilowe",
      "lat": 52.883333,
      "lng": 20.95
    },
    {
      "cityName": "Chelchy Klimki",
      "lat": 52.866667,
      "lng": 20.966667
    },
    {
      "cityName": "Chlebiotka",
      "lat": 52.6,
      "lng": 20.75
    },
    {
      "cityName": "Chmielewko",
      "lat": 52.65,
      "lng": 20.833333
    },
    {
      "cityName": "Chmielewko-Wasosze",
      "lat": 53.183333,
      "lng": 20.516667
    },
    {
      "cityName": "Chmielewo Male",
      "lat": 53.216667,
      "lng": 20.583333
    },
    {
      "cityName": "Chmielewo Wielkie",
      "lat": 53.216667,
      "lng": 20.566667
    },
    {
      "cityName": "Chojnowo",
      "lat": 53.033333,
      "lng": 20.783333
    },
    {
      "cityName": "Cholewy",
      "lat": 52.583333,
      "lng": 20.316667
    },
    {
      "cityName": "Chomec",
      "lat": 52.866667,
      "lng": 20.033333
    },
    {
      "cityName": "Chotum Baraki",
      "lat": 52.883333,
      "lng": 20.483333
    },
    {
      "cityName": "Chotum",
      "lat": 52.883333,
      "lng": 20.466667
    },
    {
      "cityName": "Chrapon",
      "lat": 53,
      "lng": 19.716667
    },
    {
      "cityName": "Chrcynno",
      "lat": 52.566667,
      "lng": 20.866667
    },
    {
      "cityName": "Chromakowo",
      "lat": 53.033333,
      "lng": 19.833333
    },
    {
      "cityName": "Chroscice Lyczki",
      "lat": 52.766667,
      "lng": 20.666667
    },
    {
      "cityName": "Chroscin",
      "lat": 52.55,
      "lng": 20.216667
    },
    {
      "cityName": "Chrostowo Wielkie",
      "lat": 53.016667,
      "lng": 20.733333
    },
    {
      "cityName": "Chrostowo Zalesie",
      "lat": 53,
      "lng": 20.7
    },
    {
      "cityName": "Chrzanowo Bronisze",
      "lat": 52.833333,
      "lng": 21.05
    },
    {
      "cityName": "Cichawy",
      "lat": 52.716667,
      "lng": 20.683333
    },
    {
      "cityName": "Ciechanów",
      "lat": 52.883333,
      "lng": 20.616667
    },
    {
      "cityName": "Cieciersk",
      "lat": 52.783333,
      "lng": 20.083333
    },
    {
      "cityName": "Cieciorki",
      "lat": 52.666667,
      "lng": 20.383333
    },
    {
      "cityName": "Cieksyn",
      "lat": 52.566667,
      "lng": 20.683333
    },
    {
      "cityName": "Ciemniewko",
      "lat": 52.816667,
      "lng": 20.75
    },
    {
      "cityName": "Ciemniewo",
      "lat": 52.716667,
      "lng": 20.483333
    },
    {
      "cityName": "Ciepielin",
      "lat": 52.583333,
      "lng": 20.983333
    },
    {
      "cityName": "Cierpigórz",
      "lat": 53.083333,
      "lng": 19.95
    },
    {
      "cityName": "Cieszki",
      "lat": 53.083333,
      "lng": 19.8
    },
    {
      "cityName": "Cieszkowo",
      "lat": 52.716667,
      "lng": 20.233333
    },
    {
      "cityName": "Cieszkowo Kolonia",
      "lat": 52.716667,
      "lng": 20.25
    },
    {
      "cityName": "Cieszkowo Nowe",
      "lat": 52.7,
      "lng": 20.25
    },
    {
      "cityName": "Cieszkowo Stare",
      "lat": 52.7,
      "lng": 20.283333
    },
    {
      "cityName": "Cwiklin",
      "lat": 52.666667,
      "lng": 20.35
    },
    {
      "cityName": "Cywiny",
      "lat": 52.7,
      "lng": 20.166667
    },
    {
      "cityName": "Cywiny Dynguny",
      "lat": 52.716667,
      "lng": 20.166667
    },
    {
      "cityName": "Cywiny Górne",
      "lat": 52.683333,
      "lng": 20.2
    },
    {
      "cityName": "Cywiny Pobodzie",
      "lat": 52.7,
      "lng": 20.216667
    },
    {
      "cityName": "Cywiny Wojskie",
      "lat": 52.7,
      "lng": 20.183333
    },
    {
      "cityName": "Czarna Novva",
      "lat": 52.533333,
      "lng": 20.616667
    },
    {
      "cityName": "Czarnocin",
      "lat": 52.916667,
      "lng": 20.383333
    },
    {
      "cityName": "Czarnocinek",
      "lat": 52.9,
      "lng": 20.4
    },
    {
      "cityName": "Czarnostów",
      "lat": 52.8,
      "lng": 21
    },
    {
      "cityName": "Czarnoty",
      "lat": 52.683333,
      "lng": 20.633333
    },
    {
      "cityName": "Czernice",
      "lat": 52.9,
      "lng": 20.733333
    },
    {
      "cityName": "Dabek",
      "lat": 53.016667,
      "lng": 20.366667
    },
    {
      "cityName": "Dabrowa",
      "lat": 52.583333,
      "lng": 20.9
    },
    {
      "cityName": "Dabrowice",
      "lat": 53.083333,
      "lng": 19.783333
    },
    {
      "cityName": "Dabrowki",
      "lat": 52.933333,
      "lng": 19.9
    },
    {
      "cityName": "Dalanowo",
      "lat": 52.6,
      "lng": 20.433333
    },
    {
      "cityName": "Dalnia",
      "lat": 52.966667,
      "lng": 20.3
    },
    {
      "cityName": "Debien",
      "lat": 53.4,
      "lng": 19.9
    },
    {
      "cityName": "Debinki",
      "lat": 52.55,
      "lng": 20.733333
    },
    {
      "cityName": "Debowka",
      "lat": 52.983333,
      "lng": 19.75
    },
    {
      "cityName": "Debsk",
      "lat": 53.033333,
      "lng": 19.983333
    },
    {
      "cityName": "Dlugokaty",
      "lat": 53.183333,
      "lng": 20.55
    },
    {
      "cityName": "Dlugokaty Kobialki",
      "lat": 53.2,
      "lng": 20.55
    },
    {
      "cityName": "Dlugokaty Wielkie",
      "lat": 53.183333,
      "lng": 20.566667
    },
    {
      "cityName": "Dlugoleka Wielka",
      "lat": 52.933333,
      "lng": 20.8
    },
    {
      "cityName": "Dlutowo",
      "lat": 52.5,
      "lng": 20.433333
    },
    {
      "cityName": "Dlutowo Gorne",
      "lat": 52.5,
      "lng": 20.45
    },
    {
      "cityName": "Dluzniewo",
      "lat": 52.716667,
      "lng": 20.333333
    },
    {
      "cityName": "Dluzniewska Wola",
      "lat": 52.716667,
      "lng": 20.35
    },
    {
      "cityName": "Dobra Wola",
      "lat": 52.566667,
      "lng": 20.633333
    },
    {
      "cityName": "Dobrogosty",
      "lat": 53.15,
      "lng": 20.6
    },
    {
      "cityName": "Dobrogosty Tansk",
      "lat": 53.166667,
      "lng": 20.6
    },
    {
      "cityName": "Dobrska",
      "lat": 52.683333,
      "lng": 20.1
    },
    {
      "cityName": "Dobrska Nowa",
      "lat": 52.7,
      "lng": 20.1
    },
    {
      "cityName": "Domäne Frödau",
      "lat": 53.366667,
      "lng": 20.166667
    },
    {
      "cityName": "Domoslaw",
      "lat": 52.633333,
      "lng": 20.966667
    },
    {
      "cityName": "Dramin",
      "lat": 52.766667,
      "lng": 20.233333
    },
    {
      "cityName": "Draminek",
      "lat": 52.766667,
      "lng": 20.216667
    },
    {
      "cityName": "Drazewo",
      "lat": 52.783333,
      "lng": 20.633333
    },
    {
      "cityName": "Dreglin",
      "lat": 52.833333,
      "lng": 20.233333
    },
    {
      "cityName": "Drogiszka",
      "lat": 52.95,
      "lng": 20.366667
    },
    {
      "cityName": "Drozdowo",
      "lat": 52.75,
      "lng": 20.2
    },
    {
      "cityName": "Drozdowo Wlosciany",
      "lat": 52.766667,
      "lng": 20.2
    },
    {
      "cityName": "Drozdzyn",
      "lat": 52.633333,
      "lng": 20.45
    },
    {
      "cityName": "Dukt",
      "lat": 52.833333,
      "lng": 20.383333
    },
    {
      "cityName": "Dunaj",
      "lat": 52.983333,
      "lng": 20.366667
    },
    {
      "cityName": "Dwor Mala Turza",
      "lat": 53.283333,
      "lng": 19.966667
    },
    {
      "cityName": "Dwor Zbiki",
      "lat": 52.933333,
      "lng": 20.916667
    },
    {
      "cityName": "Dzbanice",
      "lat": 52.6,
      "lng": 21.066667
    },
    {
      "cityName": "Dzbonie",
      "lat": 52.933333,
      "lng": 20.7
    },
    {
      "cityName": "Dzieczewo",
      "lat": 52.933333,
      "lng": 20.033333
    },
    {
      "cityName": "Dziektarzewo",
      "lat": 52.766667,
      "lng": 20.35
    },
    {
      "cityName": "Dzielin",
      "lat": 53.033333,
      "lng": 20.75
    },
    {
      "cityName": "Dzierzanowo",
      "lat": 52.8,
      "lng": 21.066667
    },
    {
      "cityName": "Dzierzazna",
      "lat": 52.633333,
      "lng": 20.233333
    },
    {
      "cityName": "Dzierzaznia Parcele",
      "lat": 52.616667,
      "lng": 20.216667
    },
    {
      "cityName": "Dzierzgówek",
      "lat": 53.183333,
      "lng": 20.633333
    },
    {
      "cityName": "Dziwy",
      "lat": 53.116667,
      "lng": 19.816667
    },
    {
      "cityName": "Dzwierznia",
      "lat": 53.183333,
      "lng": 20.383333
    },
    {
      "cityName": "Elzbiecin",
      "lat": 52.883333,
      "lng": 20.7
    },
    {
      "cityName": "Falbogi Wielkie",
      "lat": 52.5,
      "lng": 20.583333
    },
    {
      "cityName": "Faustynowo",
      "lat": 52.8,
      "lng": 20.35
    },
    {
      "cityName": "Filice",
      "lat": 53.283333,
      "lng": 20.15
    },
    {
      "cityName": "Filipy",
      "lat": 52.916667,
      "lng": 20.883333
    },
    {
      "cityName": "Florentynowo",
      "lat": 52.633333,
      "lng": 20.6
    },
    {
      "cityName": "Franciszkowo",
      "lat": 53.05,
      "lng": 19.916667
    },
    {
      "cityName": "Gaj",
      "lat": 52.7,
      "lng": 20.783333
    },
    {
      "cityName": "Galominek",
      "lat": 52.716667,
      "lng": 20.3
    },
    {
      "cityName": "Galomin",
      "lat": 52.7,
      "lng": 20.316667
    },
    {
      "cityName": "Galumin",
      "lat": 53.15,
      "lng": 19.883333
    },
    {
      "cityName": "Ganshorn bei Hohenstein",
      "lat": 53.516667,
      "lng": 20.283333
    },
    {
      "cityName": "Garkowo Nowe",
      "lat": 53.033333,
      "lng": 20.1
    },
    {
      "cityName": "Garkowo Stare",
      "lat": 53.033333,
      "lng": 20.083333
    },
    {
      "cityName": "Garlino",
      "lat": 53.1,
      "lng": 20.566667
    },
    {
      "cityName": "Garlino-Racibory",
      "lat": 53.083333,
      "lng": 20.566667
    },
    {
      "cityName": "Garlino Zalesie",
      "lat": 53.1,
      "lng": 20.55
    },
    {
      "cityName": "Garnowo",
      "lat": 52.783333,
      "lng": 20.833333
    },
    {
      "cityName": "Garnowo Stare",
      "lat": 52.766667,
      "lng": 20.85
    },
    {
      "cityName": "Gasiorowko",
      "lat": 52.7,
      "lng": 20.883333
    },
    {
      "cityName": "Gasiorowo Duze",
      "lat": 52.55,
      "lng": 21.116667
    },
    {
      "cityName": "Gasiorowo",
      "lat": 52.55,
      "lng": 21.1
    },
    {
      "cityName": "Gasiorowo Male",
      "lat": 52.55,
      "lng": 21.083333
    },
    {
      "cityName": "Gaski",
      "lat": 52.883333,
      "lng": 20.55
    },
    {
      "cityName": "Gawlowek",
      "lat": 52.616667,
      "lng": 20.7
    },
    {
      "cityName": "Gawlowo",
      "lat": 52.6,
      "lng": 20.7
    },
    {
      "cityName": "Giednia",
      "lat": 53.066667,
      "lng": 20.466667
    },
    {
      "cityName": "Gielczynek",
      "lat": 52.916667,
      "lng": 20.233333
    },
    {
      "cityName": "Gielczyn",
      "lat": 52.916667,
      "lng": 20.216667
    },
    {
      "cityName": "Gizynek",
      "lat": 52.85,
      "lng": 20.316667
    },
    {
      "cityName": "Gizyno",
      "lat": 52.85,
      "lng": 20.333333
    },
    {
      "cityName": "Gleboka",
      "lat": 53.033333,
      "lng": 19.75
    },
    {
      "cityName": "Glinki",
      "lat": 53.166667,
      "lng": 19.816667
    },
    {
      "cityName": "Glinojek",
      "lat": 52.816667,
      "lng": 20.3
    },
    {
      "cityName": "Glodki",
      "lat": 52.816667,
      "lng": 21.083333
    },
    {
      "cityName": "Glodowo",
      "lat": 52.6,
      "lng": 20.85
    },
    {
      "cityName": "Gluzek",
      "lat": 53.066667,
      "lng": 20.266667
    },
    {
      "cityName": "Gnaty Szczerbaki",
      "lat": 52.65,
      "lng": 20.9
    },
    {
      "cityName": "Gnaty Wiesniany",
      "lat": 52.666667,
      "lng": 20.916667
    },
    {
      "cityName": "Gnojno",
      "lat": 52.783333,
      "lng": 21.166667
    },
    {
      "cityName": "Godacze Górne",
      "lat": 52.7,
      "lng": 20.8
    },
    {
      "cityName": "Gogole Wielkie",
      "lat": 52.833333,
      "lng": 20.816667
    },
    {
      "cityName": "Golany",
      "lat": 52.983333,
      "lng": 20.833333
    },
    {
      "cityName": "Golebie",
      "lat": 52.65,
      "lng": 20.766667
    },
    {
      "cityName": "Golebie Uczastkowe",
      "lat": 52.65,
      "lng": 20.783333
    },
    {
      "cityName": "Golotczyzna",
      "lat": 52.783333,
      "lng": 20.7
    },
    {
      "cityName": "Goloty",
      "lat": 52.833333,
      "lng": 20.566667
    },
    {
      "cityName": "Goluszyn",
      "lat": 52.95,
      "lng": 19.983333
    },
    {
      "cityName": "Golymin",
      "lat": 52.8,
      "lng": 20.883333
    },
    {
      "cityName": "Golymin Nowy",
      "lat": 52.8,
      "lng": 20.9
    },
    {
      "cityName": "Golymin-Osrodek",
      "lat": 52.816667,
      "lng": 20.866667
    },
    {
      "cityName": "Gorki Duze",
      "lat": 52.633333,
      "lng": 20.866667
    },
    {
      "cityName": "Górki Witowice",
      "lat": 52.65,
      "lng": 20.866667
    },
    {
      "cityName": "Gortaty",
      "lat": 52.733333,
      "lng": 20.8
    },
    {
      "cityName": "Gorysze",
      "lat": 52.9,
      "lng": 20.533333
    },
    {
      "cityName": "Gosciejewo",
      "lat": 52.783333,
      "lng": 21.05
    },
    {
      "cityName": "Goscimin Zawady",
      "lat": 52.716667,
      "lng": 20.616667
    },
    {
      "cityName": "Gosciszka",
      "lat": 53.116667,
      "lng": 20.016667
    },
    {
      "cityName": "Gostkowo",
      "lat": 52.9,
      "lng": 20.616667
    },
    {
      "cityName": "Gostomin",
      "lat": 52.8,
      "lng": 20.5
    },
    {
      "cityName": "Goszczk",
      "lat": 52.883333,
      "lng": 20.133333
    },
    {
      "cityName": "Goszczyce Mlynskie",
      "lat": 52.75,
      "lng": 20.366667
    },
    {
      "cityName": "Goszczyce Podlesne",
      "lat": 52.75,
      "lng": 20.35
    },
    {
      "cityName": "Grabczewo",
      "lat": 52.516667,
      "lng": 20.333333
    },
    {
      "cityName": "Grabie",
      "lat": 52.616667,
      "lng": 20.616667
    },
    {
      "cityName": "Grabienice",
      "lat": 52.916667,
      "lng": 20.366667
    },
    {
      "cityName": "Grabienice Wielkie",
      "lat": 52.933333,
      "lng": 20.366667
    },
    {
      "cityName": "Grabowiec",
      "lat": 52.666667,
      "lng": 21.116667
    },
    {
      "cityName": "Grady",
      "lat": 53.366667,
      "lng": 19.866667
    },
    {
      "cityName": "Gradzanowo",
      "lat": 52.9,
      "lng": 20.1
    },
    {
      "cityName": "Gradzanowo Wloscianskie",
      "lat": 52.916667,
      "lng": 20.133333
    },
    {
      "cityName": "Gradzanowo Zbaskie",
      "lat": 52.9,
      "lng": 20.116667
    },
    {
      "cityName": "Gralewo",
      "lat": 52.716667,
      "lng": 20.116667
    },
    {
      "cityName": "Gredzice",
      "lat": 52.85,
      "lng": 20.666667
    },
    {
      "cityName": "Grieben",
      "lat": 53.383333,
      "lng": 20.066667
    },
    {
      "cityName": "Grochy Stara Wies",
      "lat": 52.783333,
      "lng": 20.933333
    },
    {
      "cityName": "Gródki",
      "lat": 53.233333,
      "lng": 20.05
    },
    {
      "cityName": "Grójec",
      "lat": 53.05,
      "lng": 20.816667
    },
    {
      "cityName": "Gromadzyn",
      "lat": 52.666667,
      "lng": 20.483333
    },
    {
      "cityName": "Gromin",
      "lat": 52.733333,
      "lng": 21.016667
    },
    {
      "cityName": "Gronowo",
      "lat": 53.383333,
      "lng": 19.883333
    },
    {
      "cityName": "Gruszka",
      "lat": 53.216667,
      "lng": 20.05
    },
    {
      "cityName": "Grzebsk",
      "lat": 53.216667,
      "lng": 20.6
    },
    {
      "cityName": "Grzybowo",
      "lat": 52.833333,
      "lng": 20.216667
    },
    {
      "cityName": "Grzybowo Wielkie",
      "lat": 53.166667,
      "lng": 20.5
    },
    {
      "cityName": "Gucin",
      "lat": 52.716667,
      "lng": 20.6
    },
    {
      "cityName": "Gumino",
      "lat": 52.566667,
      "lng": 20.266667
    },
    {
      "cityName": "Gumino Parafialne",
      "lat": 52.566667,
      "lng": 20.25
    },
    {
      "cityName": "Gumino Parcele",
      "lat": 52.583333,
      "lng": 20.25
    },
    {
      "cityName": "Gumowo",
      "lat": 52.616667,
      "lng": 20.266667
    },
    {
      "cityName": "Gumowo Szlacheckie",
      "lat": 52.833333,
      "lng": 20.483333
    },
    {
      "cityName": "Gutków",
      "lat": 52.733333,
      "lng": 20.633333
    },
    {
      "cityName": "Gutkowo Fije",
      "lat": 52.833333,
      "lng": 20.133333
    },
    {
      "cityName": "Gutkowo Wite",
      "lat": 52.833333,
      "lng": 20.116667
    },
    {
      "cityName": "Gutowo",
      "lat": 53.45,
      "lng": 19.933333
    },
    {
      "cityName": "Gzowo",
      "lat": 52.616667,
      "lng": 21.116667
    },
    {
      "cityName": "Gzy",
      "lat": 52.75,
      "lng": 20.95
    },
    {
      "cityName": "Halinin Nowy",
      "lat": 52.733333,
      "lng": 20.516667
    },
    {
      "cityName": "Humiecin Andrychy",
      "lat": 53.016667,
      "lng": 20.616667
    },
    {
      "cityName": "Humiecin Koski",
      "lat": 53.016667,
      "lng": 20.633333
    },
    {
      "cityName": "Humiecin Retki",
      "lat": 53.016667,
      "lng": 20.583333
    },
    {
      "cityName": "Huta",
      "lat": 53.083333,
      "lng": 19.683333
    },
    {
      "cityName": "Idzikowice",
      "lat": 52.65,
      "lng": 20.533333
    },
    {
      "cityName": "Ignacewo",
      "lat": 52.966667,
      "lng": 20.333333
    },
    {
      "cityName": "Ilinko",
      "lat": 52.616667,
      "lng": 20.316667
    },
    {
      "cityName": "Ilino",
      "lat": 52.6,
      "lng": 20.316667
    },
    {
      "cityName": "Ilowa",
      "lat": 53.183333,
      "lng": 20.3
    },
    {
      "cityName": "Imbrzyki Zaluze",
      "lat": 52.933333,
      "lng": 20.75
    },
    {
      "cityName": "Jablonowo",
      "lat": 53.2,
      "lng": 20.016667
    },
    {
      "cityName": "Jackowo",
      "lat": 52.633333,
      "lng": 20.783333
    },
    {
      "cityName": "Jamielnik",
      "lat": 53.25,
      "lng": 19.816667
    },
    {
      "cityName": "Janopole",
      "lat": 52.65,
      "lng": 20.7
    },
    {
      "cityName": "Janówko",
      "lat": 52.75,
      "lng": 20.7
    },
    {
      "cityName": "Janowo",
      "lat": 53.2,
      "lng": 20.316667
    },
    {
      "cityName": "Januszewo",
      "lat": 52.483333,
      "lng": 20.416667
    },
    {
      "cityName": "Jarluty Duze",
      "lat": 52.983333,
      "lng": 20.55
    },
    {
      "cityName": "Jarluty Male",
      "lat": 52.983333,
      "lng": 20.516667
    },
    {
      "cityName": "Jasiony",
      "lat": 53.05,
      "lng": 19.7
    },
    {
      "cityName": "Jaskolowo",
      "lat": 52.566667,
      "lng": 20.916667
    },
    {
      "cityName": "Jeglia",
      "lat": 53.4,
      "lng": 19.883333
    },
    {
      "cityName": "Jelen",
      "lat": 53.3,
      "lng": 19.866667
    },
    {
      "cityName": "Jeze",
      "lat": 53.05,
      "lng": 20.483333
    },
    {
      "cityName": "Jezewo",
      "lat": 52.583333,
      "lng": 20.366667
    },
    {
      "cityName": "Jezewo Wesel",
      "lat": 52.883333,
      "lng": 20.166667
    },
    {
      "cityName": "Joniec",
      "lat": 52.6,
      "lng": 20.583333
    },
    {
      "cityName": "Jonne",
      "lat": 52.95,
      "lng": 19.816667
    },
    {
      "cityName": "Józefowo",
      "lat": 52.583333,
      "lng": 20.583333
    },
    {
      "cityName": "Julisin",
      "lat": 52.833333,
      "lng": 20.333333
    },
    {
      "cityName": "Kacice",
      "lat": 52.666667,
      "lng": 21.083333
    },
    {
      "cityName": "Kaczorowy",
      "lat": 52.733333,
      "lng": 20.15
    },
    {
      "cityName": "Kadlubowka",
      "lat": 52.666667,
      "lng": 20.6
    },
    {
      "cityName": "Kaleczyn",
      "lat": 52.716667,
      "lng": 20.75
    },
    {
      "cityName": "Kaleczyn Nowy",
      "lat": 52.8,
      "lng": 20.85
    },
    {
      "cityName": "Kaleczyn Stary",
      "lat": 52.816667,
      "lng": 20.85
    },
    {
      "cityName": "Kalisz",
      "lat": 52.95,
      "lng": 20.65
    },
    {
      "cityName": "Kalki",
      "lat": 52.766667,
      "lng": 20.483333
    },
    {
      "cityName": "Kamienica",
      "lat": 52.45,
      "lng": 20.483333
    },
    {
      "cityName": "Kamienica Kozaki",
      "lat": 52.466667,
      "lng": 20.466667
    },
    {
      "cityName": "Kamienica Mala",
      "lat": 52.483333,
      "lng": 20.483333
    },
    {
      "cityName": "Kamionna",
      "lat": 52.6,
      "lng": 20.916667
    },
    {
      "cityName": "Kanigówek",
      "lat": 52.85,
      "lng": 20.466667
    },
    {
      "cityName": "Kargoszynek",
      "lat": 52.883333,
      "lng": 20.583333
    },
    {
      "cityName": "Kargoszyn",
      "lat": 52.9,
      "lng": 20.6
    },
    {
      "cityName": "Karniewek",
      "lat": 52.6,
      "lng": 21.116667
    },
    {
      "cityName": "Karniszyn",
      "lat": 52.983333,
      "lng": 19.9
    },
    {
      "cityName": "Karnkowo",
      "lat": 52.466667,
      "lng": 20.45
    },
    {
      "cityName": "Karolinowo",
      "lat": 52.55,
      "lng": 20.533333
    },
    {
      "cityName": "Katki",
      "lat": 52.966667,
      "lng": 20.55
    },
    {
      "cityName": "Katne",
      "lat": 52.616667,
      "lng": 20.75
    },
    {
      "cityName": "Katy",
      "lat": 52.9,
      "lng": 20.666667
    },
    {
      "cityName": "Keblowice",
      "lat": 52.483333,
      "lng": 20.366667
    },
    {
      "cityName": "Keczewo",
      "lat": 53.133333,
      "lng": 20.166667
    },
    {
      "cityName": "Kedzierzawice",
      "lat": 52.633333,
      "lng": 20.85
    },
    {
      "cityName": "Kepa",
      "lat": 52.733333,
      "lng": 20.416667
    },
    {
      "cityName": "Kepiaste",
      "lat": 52.55,
      "lng": 21
    },
    {
      "cityName": "Kesy",
      "lat": 52.716667,
      "lng": 20.916667
    },
    {
      "cityName": "Kicin",
      "lat": 52.75,
      "lng": 20.533333
    },
    {
      "cityName": "Kielbowo",
      "lat": 52.733333,
      "lng": 20.1
    },
    {
      "cityName": "Kielki",
      "lat": 52.733333,
      "lng": 20.25
    },
    {
      "cityName": "Kiniki",
      "lat": 52.766667,
      "lng": 20.166667
    },
    {
      "cityName": "Kisiny",
      "lat": 53.233333,
      "lng": 20.216667
    },
    {
      "cityName": "Kitki",
      "lat": 53.133333,
      "lng": 20.6
    },
    {
      "cityName": "Kleszewo",
      "lat": 52.75,
      "lng": 21.1
    },
    {
      "cityName": "Klice",
      "lat": 52.966667,
      "lng": 20.516667
    },
    {
      "cityName": "Kliczewo",
      "lat": 53.05,
      "lng": 20.016667
    },
    {
      "cityName": "Klonowo",
      "lat": 53.25,
      "lng": 19.75
    },
    {
      "cityName": "Kluczewska Wólka",
      "lat": 53.05,
      "lng": 20.033333
    },
    {
      "cityName": "Klukówek",
      "lat": 52.683333,
      "lng": 20.733333
    },
    {
      "cityName": "Klukowo",
      "lat": 52.666667,
      "lng": 20.75
    },
    {
      "cityName": "Kluszewo-Zabrody",
      "lat": 53.083333,
      "lng": 20.533333
    },
    {
      "cityName": "Kobylalaka",
      "lat": 52.966667,
      "lng": 19.95
    },
    {
      "cityName": "Kobylin",
      "lat": 52.866667,
      "lng": 20.8
    },
    {
      "cityName": "Kocewo",
      "lat": 52.95,
      "lng": 19.916667
    },
    {
      "cityName": "Kociecin Brodowy",
      "lat": 52.85,
      "lng": 20.216667
    },
    {
      "cityName": "Kociecin Tworki",
      "lat": 52.866667,
      "lng": 20.233333
    },
    {
      "cityName": "Kodlutowo",
      "lat": 52.833333,
      "lng": 20.15
    },
    {
      "cityName": "Kolaczkow",
      "lat": 52.9,
      "lng": 20.8
    },
    {
      "cityName": "Kolaki Budzyno",
      "lat": 52.95,
      "lng": 20.733333
    },
    {
      "cityName": "Kolaki",
      "lat": 53.083333,
      "lng": 20.666667
    },
    {
      "cityName": "Kolaki Kwasy",
      "lat": 52.966667,
      "lng": 20.7
    },
    {
      "cityName": "Kolaki Male",
      "lat": 53.083333,
      "lng": 20.65
    },
    {
      "cityName": "Kolonia Brynsk",
      "lat": 53.2,
      "lng": 19.766667
    },
    {
      "cityName": "Kolonia Garlino Zalesie",
      "lat": 53.1,
      "lng": 20.533333
    },
    {
      "cityName": "Kolonia Grzybowo Wielkie",
      "lat": 53.183333,
      "lng": 20.5
    },
    {
      "cityName": "Kolonia Grzybowo Windyki",
      "lat": 53.15,
      "lng": 20.483333
    },
    {
      "cityName": "Kolonia Kitki",
      "lat": 53.116667,
      "lng": 20.583333
    },
    {
      "cityName": "Kolonia Nacpolsk",
      "lat": 52.533333,
      "lng": 20.216667
    },
    {
      "cityName": "Kolonia Nosarzewo Borowe",
      "lat": 53.083333,
      "lng": 20.55
    },
    {
      "cityName": "Kolonia Pawlowo Koscielne",
      "lat": 53.066667,
      "lng": 20.733333
    },
    {
      "cityName": "Kolonia Rosciszewo",
      "lat": 52.9,
      "lng": 19.8
    },
    {
      "cityName": "Kolonia Sokolowo",
      "lat": 53.05,
      "lng": 20.616667
    },
    {
      "cityName": "Kolonia Trzcianka",
      "lat": 53.083333,
      "lng": 20.416667
    },
    {
      "cityName": "Kolonia Unieck",
      "lat": 52.883333,
      "lng": 20.2
    },
    {
      "cityName": "Kolonia Wola Szydlowska",
      "lat": 53.066667,
      "lng": 20.433333
    },
    {
      "cityName": "Kolozab",
      "lat": 52.65,
      "lng": 20.483333
    },
    {
      "cityName": "Komonino",
      "lat": 52.85,
      "lng": 20.25
    },
    {
      "cityName": "Komorniki",
      "lat": 53.266667,
      "lng": 20.216667
    },
    {
      "cityName": "Komory Blotne",
      "lat": 52.766667,
      "lng": 20.683333
    },
    {
      "cityName": "Konary",
      "lat": 52.6,
      "lng": 20.733333
    },
    {
      "cityName": "Konarzewo Bolesty",
      "lat": 52.8,
      "lng": 20.933333
    },
    {
      "cityName": "Konarzewo",
      "lat": 52.8,
      "lng": 20.916667
    },
    {
      "cityName": "Konarzewo Laki",
      "lat": 52.883333,
      "lng": 20.833333
    },
    {
      "cityName": "Konarzewo Skórze",
      "lat": 52.85,
      "lng": 20.866667
    },
    {
      "cityName": "Konarzewo Zawady Dworskie",
      "lat": 52.816667,
      "lng": 20.916667
    },
    {
      "cityName": "Kondrajce",
      "lat": 52.7,
      "lng": 20.516667
    },
    {
      "cityName": "Kondrajec Panski",
      "lat": 52.816667,
      "lng": 20.25
    },
    {
      "cityName": "Kondrajec Szlachecki",
      "lat": 52.8,
      "lng": 20.266667
    },
    {
      "cityName": "Konopaty",
      "lat": 53.133333,
      "lng": 19.783333
    },
    {
      "cityName": "Konotopa",
      "lat": 52.916667,
      "lng": 20.316667
    },
    {
      "cityName": "Konstantynów",
      "lat": 52.733333,
      "lng": 20.6
    },
    {
      "cityName": "Kopaniarze",
      "lat": 53.35,
      "lng": 19.9
    },
    {
      "cityName": "Korbonice",
      "lat": 53.1,
      "lng": 20.316667
    },
    {
      "cityName": "Koryciska",
      "lat": 52.533333,
      "lng": 20.566667
    },
    {
      "cityName": "Korytowo",
      "lat": 52.6,
      "lng": 20.2
    },
    {
      "cityName": "Korzybie",
      "lat": 52.65,
      "lng": 20.266667
    },
    {
      "cityName": "Korzybie Wielkie",
      "lat": 52.633333,
      "lng": 20.266667
    },
    {
      "cityName": "Kosciesze",
      "lat": 52.716667,
      "lng": 20.8
    },
    {
      "cityName": "Kosdroje",
      "lat": 52.966667,
      "lng": 20.616667
    },
    {
      "cityName": "Kosewo",
      "lat": 52.6,
      "lng": 20.766667
    },
    {
      "cityName": "Kosiny Bartosowe",
      "lat": 53.05,
      "lng": 20.316667
    },
    {
      "cityName": "Kosiny Kapiczne",
      "lat": 53.066667,
      "lng": 20.333333
    },
    {
      "cityName": "Kosiny Stare",
      "lat": 53.033333,
      "lng": 20.333333
    },
    {
      "cityName": "Kosiorowo",
      "lat": 52.7,
      "lng": 20.85
    },
    {
      "cityName": "Kosmowo",
      "lat": 53.083333,
      "lng": 20.7
    },
    {
      "cityName": "Kosmy Wielkie",
      "lat": 52.766667,
      "lng": 20.65
    },
    {
      "cityName": "Kossewo",
      "lat": 53.066667,
      "lng": 19.983333
    },
    {
      "cityName": "Kossobudy",
      "lat": 52.783333,
      "lng": 20.2
    },
    {
      "cityName": "Koszelewy",
      "lat": 53.333333,
      "lng": 19.966667
    },
    {
      "cityName": "Koterman",
      "lat": 52.933333,
      "lng": 20.666667
    },
    {
      "cityName": "Koty",
      "lat": 53.3,
      "lng": 19.9
    },
    {
      "cityName": "Kowalewice",
      "lat": 52.666667,
      "lng": 20.833333
    },
    {
      "cityName": "Kowalewko",
      "lat": 52.833333,
      "lng": 20.266667
    },
    {
      "cityName": "Kowalewo",
      "lat": 53.016667,
      "lng": 20.283333
    },
    {
      "cityName": "Kownaty Borowe",
      "lat": 52.816667,
      "lng": 20.533333
    },
    {
      "cityName": "Kownaty",
      "lat": 52.65,
      "lng": 20.433333
    },
    {
      "cityName": "Kozarzewo",
      "lat": 52.533333,
      "lng": 20.3
    },
    {
      "cityName": "Koziczyn",
      "lat": 52.983333,
      "lng": 20.666667
    },
    {
      "cityName": "Kozi Las",
      "lat": 53.166667,
      "lng": 19.9
    },
    {
      "cityName": "Koziminy Nowe",
      "lat": 52.65,
      "lng": 20.4
    },
    {
      "cityName": "Koziminy Stare",
      "lat": 52.666667,
      "lng": 20.4
    },
    {
      "cityName": "Kozin",
      "lat": 52.916667,
      "lng": 20.916667
    },
    {
      "cityName": "Kozminy",
      "lat": 52.666667,
      "lng": 20.433333
    },
    {
      "cityName": "Kozniewo",
      "lat": 52.766667,
      "lng": 20.75
    },
    {
      "cityName": "Kozniewo Lysaki",
      "lat": 52.766667,
      "lng": 20.733333
    },
    {
      "cityName": "Kozniewo Srednie",
      "lat": 52.75,
      "lng": 20.75
    },
    {
      "cityName": "Kozniewo Wielkie",
      "lat": 52.75,
      "lng": 20.766667
    },
    {
      "cityName": "Kozolin",
      "lat": 52.733333,
      "lng": 20.166667
    },
    {
      "cityName": "Krajecin",
      "lat": 52.616667,
      "lng": 20.583333
    },
    {
      "cityName": "Krajewo",
      "lat": 53.166667,
      "lng": 20.4
    },
    {
      "cityName": "Krajkowo",
      "lat": 52.8,
      "lng": 20.2
    },
    {
      "cityName": "Krasne",
      "lat": 52.916667,
      "lng": 20.966667
    },
    {
      "cityName": "Kraszewo Czubaki",
      "lat": 52.816667,
      "lng": 20.05
    },
    {
      "cityName": "Kraszewo Falki",
      "lat": 52.8,
      "lng": 20.033333
    },
    {
      "cityName": "Kraszewo",
      "lat": 52.783333,
      "lng": 20.583333
    },
    {
      "cityName": "Kraszewo Rory",
      "lat": 52.8,
      "lng": 20.066667
    },
    {
      "cityName": "Kraszewo Slawecin",
      "lat": 52.783333,
      "lng": 20.066667
    },
    {
      "cityName": "Kre",
      "lat": 53.15,
      "lng": 20.233333
    },
    {
      "cityName": "Krepica",
      "lat": 52.6,
      "lng": 20.5
    },
    {
      "cityName": "Krery",
      "lat": 53.15,
      "lng": 20.633333
    },
    {
      "cityName": "Kroczewo",
      "lat": 52.483333,
      "lng": 20.566667
    },
    {
      "cityName": "Królewo",
      "lat": 52.633333,
      "lng": 20.566667
    },
    {
      "cityName": "Krosnice",
      "lat": 52.966667,
      "lng": 20.483333
    },
    {
      "cityName": "Krubinek",
      "lat": 52.85,
      "lng": 20.633333
    },
    {
      "cityName": "Kruczy Borek",
      "lat": 52.616667,
      "lng": 21.133333
    },
    {
      "cityName": "Kruki",
      "lat": 52.583333,
      "lng": 20.866667
    },
    {
      "cityName": "Kruszenica",
      "lat": 52.783333,
      "lng": 20.25
    },
    {
      "cityName": "Kruszenica Wlodki",
      "lat": 52.766667,
      "lng": 20.25
    },
    {
      "cityName": "Krusz",
      "lat": 52.833333,
      "lng": 20.366667
    },
    {
      "cityName": "Krysk",
      "lat": 52.533333,
      "lng": 20.416667
    },
    {
      "cityName": "Krysk Wola",
      "lat": 52.533333,
      "lng": 20.4
    },
    {
      "cityName": "Krzeczanowo",
      "lat": 52.85,
      "lng": 20.1
    },
    {
      "cityName": "Krzyczki",
      "lat": 52.6,
      "lng": 20.866667
    },
    {
      "cityName": "Krzyczki Pieniazki",
      "lat": 52.583333,
      "lng": 20.883333
    },
    {
      "cityName": "Krzykosy",
      "lat": 52.566667,
      "lng": 20.4
    },
    {
      "cityName": "Krzywki Boski",
      "lat": 53.083333,
      "lng": 20.116667
    },
    {
      "cityName": "Krzywki Bralki",
      "lat": 53.083333,
      "lng": 20.1
    },
    {
      "cityName": "Krzywki Piaski",
      "lat": 53.083333,
      "lng": 20.133333
    },
    {
      "cityName": "Ksiezydwor",
      "lat": 53.216667,
      "lng": 20.166667
    },
    {
      "cityName": "Kubice",
      "lat": 52.7,
      "lng": 20.7
    },
    {
      "cityName": "Kuchary",
      "lat": 52.666667,
      "lng": 20.5
    },
    {
      "cityName": "Kucice",
      "lat": 52.566667,
      "lng": 20.233333
    },
    {
      "cityName": "Kuczbork",
      "lat": 53.083333,
      "lng": 20.05
    },
    {
      "cityName": "Kuklin",
      "lat": 53.183333,
      "lng": 20.45
    },
    {
      "cityName": "Kulany",
      "lat": 53.216667,
      "lng": 20.466667
    },
    {
      "cityName": "Kunki",
      "lat": 53,
      "lng": 20.166667
    },
    {
      "cityName": "Kurki",
      "lat": 53.166667,
      "lng": 20.566667
    },
    {
      "cityName": "Kuskowo Glinki",
      "lat": 52.883333,
      "lng": 20.333333
    },
    {
      "cityName": "Lachowiec",
      "lat": 52.733333,
      "lng": 20.266667
    },
    {
      "cityName": "Laczyno Nowe",
      "lat": 53.216667,
      "lng": 20.616667
    },
    {
      "cityName": "Lady Krajeczyn",
      "lat": 52.733333,
      "lng": 20.933333
    },
    {
      "cityName": "Laguny",
      "lat": 52.966667,
      "lng": 20.783333
    },
    {
      "cityName": "Laszewo",
      "lat": 52.866667,
      "lng": 20.083333
    },
    {
      "cityName": "Latonice",
      "lat": 52.633333,
      "lng": 20.683333
    },
    {
      "cityName": "Lautenburg",
      "lat": 53.266667,
      "lng": 19.816667
    },
    {
      "cityName": "Lazek",
      "lat": 53.166667,
      "lng": 20.116667
    },
    {
      "cityName": "Lebki",
      "lat": 52.933333,
      "lng": 20.383333
    },
    {
      "cityName": "Lebki Wielkie",
      "lat": 52.8,
      "lng": 20.616667
    },
    {
      "cityName": "Leck Maly",
      "lat": 53.266667,
      "lng": 19.966667
    },
    {
      "cityName": "Leck Wielki",
      "lat": 53.233333,
      "lng": 19.95
    },
    {
      "cityName": "Lekowice",
      "lat": 52.933333,
      "lng": 20.516667
    },
    {
      "cityName": "Lekowo",
      "lat": 52.933333,
      "lng": 20.55
    },
    {
      "cityName": "Lelewo",
      "lat": 52.566667,
      "lng": 20.7
    },
    {
      "cityName": "Lempice",
      "lat": 52.65,
      "lng": 21
    },
    {
      "cityName": "Lempin",
      "lat": 52.766667,
      "lng": 20.1
    },
    {
      "cityName": "Lesniewo Dolne",
      "lat": 52.983333,
      "lng": 20.633333
    },
    {
      "cityName": "Lesniewo",
      "lat": 52.85,
      "lng": 20.95
    },
    {
      "cityName": "Lewiczyn",
      "lat": 53.133333,
      "lng": 20.283333
    },
    {
      "cityName": "Lezno",
      "lat": 53.283333,
      "lng": 19.7
    },
    {
      "cityName": "Liberadz",
      "lat": 53,
      "lng": 20.2
    },
    {
      "cityName": "Lindenau",
      "lat": 53.383333,
      "lng": 20.166667
    },
    {
      "cityName": "Lipa",
      "lat": 52.75,
      "lng": 21.116667
    },
    {
      "cityName": "Lipiny",
      "lat": 52.816667,
      "lng": 20.4
    },
    {
      "cityName": "Lipniki Nowe",
      "lat": 52.716667,
      "lng": 21.033333
    },
    {
      "cityName": "Lipniki Stare",
      "lat": 52.7,
      "lng": 21
    },
    {
      "cityName": "Lipowiec Koscielny",
      "lat": 53.116667,
      "lng": 20.183333
    },
    {
      "cityName": "Lipowiec",
      "lat": 52.8,
      "lng": 20.516667
    },
    {
      "cityName": "Lisewo",
      "lat": 52.6,
      "lng": 20.483333
    },
    {
      "cityName": "Lomia",
      "lat": 53.116667,
      "lng": 20.35
    },
    {
      "cityName": "Lopacin",
      "lat": 52.75,
      "lng": 20.666667
    },
    {
      "cityName": "Lorcin",
      "lat": 52.533333,
      "lng": 20.866667
    },
    {
      "cityName": "Losiewo",
      "lat": 52.583333,
      "lng": 20.966667
    },
    {
      "cityName": "Luberadz",
      "lat": 52.75,
      "lng": 20.466667
    },
    {
      "cityName": "Lubienica",
      "lat": 52.65,
      "lng": 21.083333
    },
    {
      "cityName": "Lugi",
      "lat": 53.016667,
      "lng": 20.066667
    },
    {
      "cityName": "Lukowo",
      "lat": 52.85,
      "lng": 20.9
    },
    {
      "cityName": "Luszewo",
      "lat": 52.783333,
      "lng": 20.333333
    },
    {
      "cityName": "Lutocin",
      "lat": 53,
      "lng": 19.783333
    },
    {
      "cityName": "Maczewo",
      "lat": 52.866667,
      "lng": 20.25
    },
    {
      "cityName": "Malczyn",
      "lat": 52.583333,
      "lng": 20.716667
    },
    {
      "cityName": "Malechy",
      "lat": 52.85,
      "lng": 20.983333
    },
    {
      "cityName": "Malonki",
      "lat": 52.883333,
      "lng": 20.9
    },
    {
      "cityName": "Maluzun",
      "lat": 52.75,
      "lng": 20.416667
    },
    {
      "cityName": "Maly Las",
      "lat": 53.133333,
      "lng": 19.916667
    },
    {
      "cityName": "Marszewnica",
      "lat": 53.183333,
      "lng": 19.966667
    },
    {
      "cityName": "Marusy",
      "lat": 52.783333,
      "lng": 20.733333
    },
    {
      "cityName": "Marysinek",
      "lat": 52.916667,
      "lng": 20.25
    },
    {
      "cityName": "Mazewo Dworskie",
      "lat": 52.616667,
      "lng": 20.766667
    },
    {
      "cityName": "Mazewo Wloseianskie",
      "lat": 52.616667,
      "lng": 20.783333
    },
    {
      "cityName": "Mdzewko",
      "lat": 52.95,
      "lng": 20.266667
    },
    {
      "cityName": "Mdzewo",
      "lat": 52.95,
      "lng": 20.3
    },
    {
      "cityName": "Miaczyn Duzy",
      "lat": 52.983333,
      "lng": 20.25
    },
    {
      "cityName": "Miaczyn Maly",
      "lat": 53,
      "lng": 20.233333
    },
    {
      "cityName": "Michalinek",
      "lat": 52.6,
      "lng": 20.466667
    },
    {
      "cityName": "Michalinowo",
      "lat": 53.166667,
      "lng": 20.433333
    },
    {
      "cityName": "Michowo",
      "lat": 52.633333,
      "lng": 20.4
    },
    {
      "cityName": "Miekoszyn",
      "lat": 52.533333,
      "lng": 20.75
    },
    {
      "cityName": "Mieszki Kuligi",
      "lat": 52.6,
      "lng": 20.966667
    },
    {
      "cityName": "Mieszki",
      "lat": 52.6,
      "lng": 20.95
    },
    {
      "cityName": "Mieszki Rozki",
      "lat": 52.833333,
      "lng": 20.65
    },
    {
      "cityName": "Mieszki Wielkie",
      "lat": 52.816667,
      "lng": 20.633333
    },
    {
      "cityName": "Milewo Brzegedy",
      "lat": 52.866667,
      "lng": 20.883333
    },
    {
      "cityName": "Milewo",
      "lat": 52.666667,
      "lng": 20.416667
    },
    {
      "cityName": "Milewo Raczki",
      "lat": 52.9,
      "lng": 20.866667
    },
    {
      "cityName": "Milotki",
      "lat": 53.05,
      "lng": 20.066667
    },
    {
      "cityName": "Miszewo Czernie",
      "lat": 52.65,
      "lng": 20.633333
    },
    {
      "cityName": "Miszewo Debin",
      "lat": 52.633333,
      "lng": 20.633333
    },
    {
      "cityName": "Miszewo Maly",
      "lat": 52.633333,
      "lng": 20.616667
    },
    {
      "cityName": "Miszewo",
      "lat": 52.65,
      "lng": 20.616667
    },
    {
      "cityName": "Miszewo Stanislawowo",
      "lat": 52.65,
      "lng": 20.666667
    },
    {
      "cityName": "Mlava",
      "lat": 53.116667,
      "lng": 20.383333
    },
    {
      "cityName": "Mlawka",
      "lat": 53.15,
      "lng": 20.35
    },
    {
      "cityName": "Mleczówka",
      "lat": 53.1,
      "lng": 19.666667
    },
    {
      "cityName": "Mlock",
      "lat": 52.8,
      "lng": 20.466667
    },
    {
      "cityName": "Mlodochowo",
      "lat": 52.733333,
      "lng": 20.066667
    },
    {
      "cityName": "Mludzyn",
      "lat": 53.016667,
      "lng": 19.9
    },
    {
      "cityName": "Mlynsk",
      "lat": 52.583333,
      "lng": 20.45
    },
    {
      "cityName": "Mochty",
      "lat": 52.433333,
      "lng": 20.533333
    },
    {
      "cityName": "Modelka",
      "lat": 52.9,
      "lng": 20.45
    },
    {
      "cityName": "Modla",
      "lat": 52.9,
      "lng": 20.433333
    },
    {
      "cityName": "Mojnowo",
      "lat": 53,
      "lng": 19.816667
    },
    {
      "cityName": "Morgi",
      "lat": 52.566667,
      "lng": 20.733333
    },
    {
      "cityName": "Mory",
      "lat": 52.616667,
      "lng": 21.066667
    },
    {
      "cityName": "Mosaki",
      "lat": 52.9,
      "lng": 20.95
    },
    {
      "cityName": "Mostowo",
      "lat": 53.066667,
      "lng": 20.133333
    },
    {
      "cityName": "Murawka",
      "lat": 52.833333,
      "lng": 20.8
    },
    {
      "cityName": "Murawki",
      "lat": 53.316667,
      "lng": 19.966667
    },
    {
      "cityName": "Murowanka",
      "lat": 52.566667,
      "lng": 21.066667
    },
    {
      "cityName": "Myslim Watrobki",
      "lat": 52.933333,
      "lng": 19.916667
    },
    {
      "cityName": "Mystkowo",
      "lat": 52.683333,
      "lng": 20.216667
    },
    {
      "cityName": "Naborowice",
      "lat": 52.483333,
      "lng": 20.5
    },
    {
      "cityName": "Nacpolsk",
      "lat": 52.5,
      "lng": 20.25
    },
    {
      "cityName": "Nadole",
      "lat": 52.816667,
      "lng": 20.066667
    },
    {
      "cityName": "Nadratowo",
      "lat": 53.033333,
      "lng": 20.05
    },
    {
      "cityName": "Naruszewo",
      "lat": 52.533333,
      "lng": 20.366667
    },
    {
      "cityName": "Narzym",
      "lat": 53.183333,
      "lng": 20.25
    },
    {
      "cityName": "Nasierowo Dolne",
      "lat": 52.85,
      "lng": 20.733333
    },
    {
      "cityName": "Nasierowo Dziurawieniec",
      "lat": 52.85,
      "lng": 20.75
    },
    {
      "cityName": "Nasierowo Górne",
      "lat": 52.85,
      "lng": 20.716667
    },
    {
      "cityName": "Nicgóra",
      "lat": 53.066667,
      "lng": 20.083333
    },
    {
      "cityName": "Nick",
      "lat": 53.216667,
      "lng": 19.933333
    },
    {
      "cityName": "Niechlonin",
      "lat": 53.183333,
      "lng": 20.05
    },
    {
      "cityName": "Niechodzin",
      "lat": 52.85,
      "lng": 20.583333
    },
    {
      "cityName": "Niechodzkie",
      "lat": 52.85,
      "lng": 20.566667
    },
    {
      "cityName": "Niedarzyn",
      "lat": 52.733333,
      "lng": 20.233333
    },
    {
      "cityName": "Niedzialki",
      "lat": 53.133333,
      "lng": 20.133333
    },
    {
      "cityName": "Niegocin",
      "lat": 53.083333,
      "lng": 20.166667
    },
    {
      "cityName": "Niemyje",
      "lat": 53.15,
      "lng": 20.55
    },
    {
      "cityName": "Niepiekla",
      "lat": 52.5,
      "lng": 20.55
    },
    {
      "cityName": "Nieradowo",
      "lat": 52.866667,
      "lng": 20.833333
    },
    {
      "cityName": "Niestepowo",
      "lat": 52.65,
      "lng": 21.033333
    },
    {
      "cityName": "Niestoja",
      "lat": 53.3,
      "lng": 20.133333
    },
    {
      "cityName": "Nosarzewo Polne",
      "lat": 53.083333,
      "lng": 20.516667
    },
    {
      "cityName": "Nosek",
      "lat": 53.233333,
      "lng": 19.75
    },
    {
      "cityName": "Nowa Wies Mala",
      "lat": 53.116667,
      "lng": 20.416667
    },
    {
      "cityName": "Nowa Wies",
      "lat": 52.583333,
      "lng": 20.8
    },
    {
      "cityName": "Nowe Konopaty",
      "lat": 53.15,
      "lng": 19.783333
    },
    {
      "cityName": "Nowy Dwór",
      "lat": 53.233333,
      "lng": 19.9
    },
    {
      "cityName": "Nowy Garwarz",
      "lat": 52.816667,
      "lng": 20.316667
    },
    {
      "cityName": "Nowy Zielun",
      "lat": 53.2,
      "lng": 19.85
    },
    {
      "cityName": "Nuzewko",
      "lat": 52.833333,
      "lng": 20.6
    },
    {
      "cityName": "Obiedzino Górne",
      "lat": 52.85,
      "lng": 20.833333
    },
    {
      "cityName": "Obrab",
      "lat": 52.733333,
      "lng": 20.483333
    },
    {
      "cityName": "Obrebice",
      "lat": 53.033333,
      "lng": 20.816667
    },
    {
      "cityName": "Obreb",
      "lat": 52.616667,
      "lng": 21.05
    },
    {
      "cityName": "Ogonowo",
      "lat": 52.766667,
      "lng": 20.333333
    },
    {
      "cityName": "Olbrachcice",
      "lat": 52.65,
      "lng": 21.066667
    },
    {
      "cityName": "Olszewiec",
      "lat": 53.05,
      "lng": 20.8
    },
    {
      "cityName": "Olszewka",
      "lat": 52.816667,
      "lng": 20.766667
    },
    {
      "cityName": "Olszewko",
      "lat": 53.066667,
      "lng": 20.033333
    },
    {
      "cityName": "Olszewo Bolaki",
      "lat": 53.033333,
      "lng": 20.5
    },
    {
      "cityName": "Olszewo Borzymy",
      "lat": 53.033333,
      "lng": 20.516667
    },
    {
      "cityName": "Olszewo Korzybie",
      "lat": 53.05,
      "lng": 20.566667
    },
    {
      "cityName": "Olszewo Tosie",
      "lat": 53.033333,
      "lng": 20.533333
    },
    {
      "cityName": "Olszyny Nowe",
      "lat": 52.533333,
      "lng": 20.466667
    },
    {
      "cityName": "Olszyny Stare",
      "lat": 52.516667,
      "lng": 20.483333
    },
    {
      "cityName": "Opinogóra Dolna",
      "lat": 52.916667,
      "lng": 20.716667
    },
    {
      "cityName": "Opinogóra Górna",
      "lat": 52.9,
      "lng": 20.716667
    },
    {
      "cityName": "Oscislowo",
      "lat": 52.833333,
      "lng": 20.45
    },
    {
      "cityName": "Osiek Górny",
      "lat": 52.783333,
      "lng": 20.916667
    },
    {
      "cityName": "Osiek",
      "lat": 52.6,
      "lng": 20.55
    },
    {
      "cityName": "Osiek Wo'lka",
      "lat": 52.783333,
      "lng": 20.883333
    },
    {
      "cityName": "Osnica",
      "lat": 52.85,
      "lng": 21.033333
    },
    {
      "cityName": "Osowa",
      "lat": 53.1,
      "lng": 20.083333
    },
    {
      "cityName": "Osówka",
      "lat": 53.116667,
      "lng": 19.933333
    },
    {
      "cityName": "Ossowa Drobinska",
      "lat": 52.833333,
      "lng": 20.066667
    },
    {
      "cityName": "Ossowa Kreczanowska",
      "lat": 52.85,
      "lng": 20.066667
    },
    {
      "cityName": "Ostaszewo Wola",
      "lat": 52.766667,
      "lng": 20.816667
    },
    {
      "cityName": "Ostrów",
      "lat": 52.983333,
      "lng": 20.4
    },
    {
      "cityName": "Ostrowy",
      "lat": 53.216667,
      "lng": 19.766667
    },
    {
      "cityName": "Ostrzyniewo",
      "lat": 52.666667,
      "lng": 20.783333
    },
    {
      "cityName": "Otocznia Nowa",
      "lat": 53.083333,
      "lng": 20.4
    },
    {
      "cityName": "Otocznia Stara",
      "lat": 53.1,
      "lng": 20.4
    },
    {
      "cityName": "Paczkowo",
      "lat": 52.983333,
      "lng": 20.083333
    },
    {
      "cityName": "Paluki",
      "lat": 52.883333,
      "lng": 20.75
    },
    {
      "cityName": "Parcele Gralewo",
      "lat": 52.733333,
      "lng": 20.133333
    },
    {
      "cityName": "Parówki",
      "lat": 52.983333,
      "lng": 20.266667
    },
    {
      "cityName": "Patki",
      "lat": 53.133333,
      "lng": 19.816667
    },
    {
      "cityName": "Patory Zaluze",
      "lat": 52.916667,
      "lng": 20.75
    },
    {
      "cityName": "Pawlowo Koscielne",
      "lat": 53.066667,
      "lng": 20.716667
    },
    {
      "cityName": "Pawlowo Nowe",
      "lat": 53.083333,
      "lng": 20.716667
    },
    {
      "cityName": "Pawlowo",
      "lat": 52.616667,
      "lng": 20.933333
    },
    {
      "cityName": "Pechcin",
      "lat": 52.866667,
      "lng": 20.566667
    },
    {
      "cityName": "Pekawka",
      "lat": 52.816667,
      "lng": 20.8
    },
    {
      "cityName": "Pekowo",
      "lat": 52.75,
      "lng": 20.983333
    },
    {
      "cityName": "Pesy Duze",
      "lat": 52.766667,
      "lng": 20.183333
    },
    {
      "cityName": "Petrykozy",
      "lat": 53.166667,
      "lng": 20.133333
    },
    {
      "cityName": "Pianowo Bargly",
      "lat": 52.616667,
      "lng": 20.8
    },
    {
      "cityName": "Pieglowo",
      "lat": 53.05,
      "lng": 20.533333
    },
    {
      "cityName": "Piekielko",
      "lat": 53.166667,
      "lng": 20.366667
    },
    {
      "cityName": "Pienki Psuckie",
      "lat": 52.516667,
      "lng": 20.766667
    },
    {
      "cityName": "Pierlawki",
      "lat": 53.25,
      "lng": 20.133333
    },
    {
      "cityName": "Pierzchaly Blazeje",
      "lat": 53.1,
      "lng": 20.8
    },
    {
      "cityName": "Piescirogi Nowe",
      "lat": 52.566667,
      "lng": 20.766667
    },
    {
      "cityName": "Piescirogi",
      "lat": 52.583333,
      "lng": 20.766667
    },
    {
      "cityName": "Pijawnia",
      "lat": 52.85,
      "lng": 20.016667
    },
    {
      "cityName": "Piskornia Duza",
      "lat": 52.616667,
      "lng": 21.016667
    },
    {
      "cityName": "Piskornia Mala",
      "lat": 52.583333,
      "lng": 21
    },
    {
      "cityName": "Piskornia",
      "lat": 52.6,
      "lng": 21.016667
    },
    {
      "cityName": "Placiszewko",
      "lat": 52.766667,
      "lng": 20.366667
    },
    {
      "cityName": "Placiszewo",
      "lat": 52.766667,
      "lng": 20.383333
    },
    {
      "cityName": "Plociczno",
      "lat": 53.116667,
      "lng": 19.7
    },
    {
      "cityName": "Plocochowo",
      "lat": 52.683333,
      "lng": 21.033333
    },
    {
      "cityName": "Pniewo Czeruchy",
      "lat": 52.933333,
      "lng": 20.5
    },
    {
      "cityName": "Pniewo Wielkie",
      "lat": 52.95,
      "lng": 20.483333
    },
    {
      "cityName": "Poczernia",
      "lat": 52.566667,
      "lng": 20.45
    },
    {
      "cityName": "Podkrajewo",
      "lat": 53.083333,
      "lng": 20.283333
    },
    {
      "cityName": "Podmarszczyn",
      "lat": 52.566667,
      "lng": 20.183333
    },
    {
      "cityName": "Pogorzelce",
      "lat": 52.583333,
      "lng": 21.1
    },
    {
      "cityName": "Pokrytki",
      "lat": 52.95,
      "lng": 20.35
    },
    {
      "cityName": "Polesie",
      "lat": 52.766667,
      "lng": 20.3
    },
    {
      "cityName": "Pomocnia",
      "lat": 52.616667,
      "lng": 21
    },
    {
      "cityName": "Pomorze",
      "lat": 52.866667,
      "lng": 20.7
    },
    {
      "cityName": "Poniaty Cibory",
      "lat": 52.616667,
      "lng": 20.883333
    },
    {
      "cityName": "Poniaty Wielkie",
      "lat": 52.6,
      "lng": 20.883333
    },
    {
      "cityName": "Ponikiew",
      "lat": 52.733333,
      "lng": 21.116667
    },
    {
      "cityName": "Popielzyn Dolny",
      "lat": 52.6,
      "lng": 20.616667
    },
    {
      "cityName": "Popielzyn Gorny",
      "lat": 52.6,
      "lng": 20.6
    },
    {
      "cityName": "Popielzyn Zawady",
      "lat": 52.583333,
      "lng": 20.616667
    },
    {
      "cityName": "Poplawy",
      "lat": 52.7,
      "lng": 21.1
    },
    {
      "cityName": "Popowo Borowe",
      "lat": 52.55,
      "lng": 20.9
    },
    {
      "cityName": "Porzowo",
      "lat": 52.766667,
      "lng": 20.933333
    },
    {
      "cityName": "Postruze Duze",
      "lat": 52.566667,
      "lng": 20.416667
    },
    {
      "cityName": "Potyry",
      "lat": 52.516667,
      "lng": 20.316667
    },
    {
      "cityName": "Powielin",
      "lat": 52.566667,
      "lng": 20.95
    },
    {
      "cityName": "Pozga",
      "lat": 52.9,
      "lng": 19.933333
    },
    {
      "cityName": "Proboszczewice",
      "lat": 52.583333,
      "lng": 20.533333
    },
    {
      "cityName": "Proszkowo",
      "lat": 53.033333,
      "lng": 20.2
    },
    {
      "cityName": "Prusinowice",
      "lat": 52.683333,
      "lng": 20.8
    },
    {
      "cityName": "Prusocin",
      "lat": 52.9,
      "lng": 20.25
    },
    {
      "cityName": "Prusy",
      "lat": 53.383333,
      "lng": 19.983333
    },
    {
      "cityName": "Pruszkowo",
      "lat": 52.65,
      "lng": 20.516667
    },
    {
      "cityName": "Przedwojewo",
      "lat": 52.916667,
      "lng": 20.65
    },
    {
      "cityName": "Przelek Maly",
      "lat": 53.216667,
      "lng": 19.983333
    },
    {
      "cityName": "Przelek Wielki",
      "lat": 53.233333,
      "lng": 20
    },
    {
      "cityName": "Przemiarowo",
      "lat": 52.766667,
      "lng": 21.083333
    },
    {
      "cityName": "Przeradz Maly",
      "lat": 53.033333,
      "lng": 19.8
    },
    {
      "cityName": "Przeradz Parcele",
      "lat": 53.016667,
      "lng": 19.816667
    },
    {
      "cityName": "Przeradz Wielki",
      "lat": 53.016667,
      "lng": 19.8
    },
    {
      "cityName": "Przerodki",
      "lat": 53.2,
      "lng": 19.866667
    },
    {
      "cityName": "Przewodowo Parcele",
      "lat": 52.733333,
      "lng": 20.966667
    },
    {
      "cityName": "Przyborowice Górne",
      "lat": 52.55,
      "lng": 20.516667
    },
    {
      "cityName": "Przychód",
      "lat": 53.033333,
      "lng": 20.133333
    },
    {
      "cityName": "Przytoka Paluki",
      "lat": 52.883333,
      "lng": 20.766667
    },
    {
      "cityName": "Przywilcz",
      "lat": 53.016667,
      "lng": 20.666667
    },
    {
      "cityName": "Psucin",
      "lat": 52.516667,
      "lng": 20.783333
    },
    {
      "cityName": "Pszczolki Gorne",
      "lat": 53.05,
      "lng": 20.683333
    },
    {
      "cityName": "Pszczolki Szerszenie",
      "lat": 53.05,
      "lng": 20.666667
    },
    {
      "cityName": "Purzyce",
      "lat": 53.083333,
      "lng": 19.716667
    },
    {
      "cityName": "Purzyce Rozwory",
      "lat": 53.066667,
      "lng": 20.583333
    },
    {
      "cityName": "Rabedy",
      "lat": 53.033333,
      "lng": 21.716667
    },
    {
      "cityName": "Rabicz",
      "lat": 52.516667,
      "lng": 20.433333
    },
    {
      "cityName": "Rachocin",
      "lat": 52.883333,
      "lng": 20.216667
    },
    {
      "cityName": "Raczyny",
      "lat": 53.05,
      "lng": 19.783333
    },
    {
      "cityName": "Radomka",
      "lat": 52.983333,
      "lng": 20.683333
    },
    {
      "cityName": "Radzanów",
      "lat": 52.933333,
      "lng": 20.1
    },
    {
      "cityName": "Radziwie",
      "lat": 52.733333,
      "lng": 20.583333
    },
    {
      "cityName": "Radzyminek",
      "lat": 52.583333,
      "lng": 20.35
    },
    {
      "cityName": "Radzymin",
      "lat": 52.566667,
      "lng": 20.366667
    },
    {
      "cityName": "Rafaly",
      "lat": 52.85,
      "lng": 20.933333
    },
    {
      "cityName": "Rakowo",
      "lat": 52.633333,
      "lng": 20.283333
    },
    {
      "cityName": "Rak",
      "lat": 53.033333,
      "lng": 19.666667
    },
    {
      "cityName": "Ratowo",
      "lat": 52.966667,
      "lng": 20.083333
    },
    {
      "cityName": "Rauschken",
      "lat": 53.383333,
      "lng": 20.133333
    },
    {
      "cityName": "Rebkowo",
      "lat": 52.633333,
      "lng": 20.916667
    },
    {
      "cityName": "Rebowo",
      "lat": 52.9,
      "lng": 20.783333
    },
    {
      "cityName": "Regimin",
      "lat": 52.933333,
      "lng": 20.566667
    },
    {
      "cityName": "Rochnia",
      "lat": 53.016667,
      "lng": 20.216667
    },
    {
      "cityName": "Romanowo",
      "lat": 52.883333,
      "lng": 21.033333
    },
    {
      "cityName": "Ropele",
      "lat": 52.916667,
      "lng": 20.616667
    },
    {
      "cityName": "Rosochy",
      "lat": 52.983333,
      "lng": 20.483333
    },
    {
      "cityName": "Rostki Male",
      "lat": 52.616667,
      "lng": 20.683333
    },
    {
      "cityName": "Rostkowo",
      "lat": 53,
      "lng": 20.816667
    },
    {
      "cityName": "Rostowa",
      "lat": 52.866667,
      "lng": 19.983333
    },
    {
      "cityName": "Rozwozin",
      "lat": 53.066667,
      "lng": 19.816667
    },
    {
      "cityName": "Ruda",
      "lat": 53.166667,
      "lng": 19.866667
    },
    {
      "cityName": "Rudki Borki",
      "lat": 52.866667,
      "lng": 20.483333
    },
    {
      "cityName": "Rudki Glowice",
      "lat": 52.85,
      "lng": 20.5
    },
    {
      "cityName": "Rudki Marszowice",
      "lat": 52.883333,
      "lng": 20.533333
    },
    {
      "cityName": "Rudowo",
      "lat": 52.95,
      "lng": 20.216667
    },
    {
      "cityName": "Rumian",
      "lat": 53.433333,
      "lng": 19.933333
    },
    {
      "cityName": "Ruszkowo",
      "lat": 52.583333,
      "lng": 20.733333
    },
    {
      "cityName": "Rutkowice",
      "lat": 53.283333,
      "lng": 20.1
    },
    {
      "cityName": "Rybitwy Kokoszki",
      "lat": 52.766667,
      "lng": 20.283333
    },
    {
      "cityName": "Rybno",
      "lat": 53.383333,
      "lng": 19.933333
    },
    {
      "cityName": "Rydzewo",
      "lat": 52.866667,
      "lng": 20.433333
    },
    {
      "cityName": "Rykaczewo",
      "lat": 52.833333,
      "lng": 20.516667
    },
    {
      "cityName": "Rywociny",
      "lat": 53.166667,
      "lng": 20.166667
    },
    {
      "cityName": "Rzeczki Wólka",
      "lat": 52.833333,
      "lng": 20.683333
    },
    {
      "cityName": "Rzeszotko",
      "lat": 52.783333,
      "lng": 20.5
    },
    {
      "cityName": "Rzewin Pienki",
      "lat": 52.75,
      "lng": 20.3
    },
    {
      "cityName": "Rzewin",
      "lat": 52.733333,
      "lng": 20.283333
    },
    {
      "cityName": "Rzezawy",
      "lat": 53.083333,
      "lng": 19.85
    },
    {
      "cityName": "Rzy",
      "lat": 52.7,
      "lng": 20.566667
    },
    {
      "cityName": "Sadek",
      "lat": 52.733333,
      "lng": 20.4
    },
    {
      "cityName": "Sadlowo",
      "lat": 52.983333,
      "lng": 19.933333
    },
    {
      "cityName": "Sadowiec",
      "lat": 52.516667,
      "lng": 20.466667
    },
    {
      "cityName": "Sadowo",
      "lat": 53.066667,
      "lng": 19.966667
    },
    {
      "cityName": "Salkowo",
      "lat": 52.75,
      "lng": 20.133333
    },
    {
      "cityName": "Sarbiewo",
      "lat": 52.7,
      "lng": 20.35
    },
    {
      "cityName": "Sarnowa Góra",
      "lat": 52.783333,
      "lng": 20.616667
    },
    {
      "cityName": "Sarnowo Góry",
      "lat": 52.6,
      "lng": 20.25
    },
    {
      "cityName": "Sarnowo Grady",
      "lat": 52.6,
      "lng": 20.233333
    },
    {
      "cityName": "Seroki",
      "lat": 52.983333,
      "lng": 19.816667
    },
    {
      "cityName": "Siedlino",
      "lat": 52.6,
      "lng": 20.416667
    },
    {
      "cityName": "Siedliska",
      "lat": 52.916667,
      "lng": 19.933333
    },
    {
      "cityName": "Siekluki",
      "lat": 52.616667,
      "lng": 20.3
    },
    {
      "cityName": "Siemcicha",
      "lat": 53.05,
      "lng": 19.816667
    },
    {
      "cityName": "Siemiatkowo Koziebrodzkie",
      "lat": 52.883333,
      "lng": 20.033333
    },
    {
      "cityName": "Siemiatkowo Rechty",
      "lat": 52.883333,
      "lng": 20.05
    },
    {
      "cityName": "Siemiatkowo Rogalne",
      "lat": 52.9,
      "lng": 20.033333
    },
    {
      "cityName": "Sierakowo",
      "lat": 52.783333,
      "lng": 20.15
    },
    {
      "cityName": "Sikory",
      "lat": 52.866667,
      "lng": 20.15
    },
    {
      "cityName": "Sinogóra",
      "lat": 53.1,
      "lng": 19.783333
    },
    {
      "cityName": "Sisice",
      "lat": 52.716667,
      "lng": 20.95
    },
    {
      "cityName": "Skarzyce",
      "lat": 52.65,
      "lng": 20.966667
    },
    {
      "cityName": "Skarzynek",
      "lat": 52.8,
      "lng": 20.583333
    },
    {
      "cityName": "Skaszewo",
      "lat": 52.733333,
      "lng": 20.85
    },
    {
      "cityName": "Skolatowo",
      "lat": 52.616667,
      "lng": 20.2
    },
    {
      "cityName": "Skoroszki",
      "lat": 52.616667,
      "lng": 20.9
    },
    {
      "cityName": "Skórznice",
      "lat": 52.7,
      "lng": 20.916667
    },
    {
      "cityName": "Skurpie",
      "lat": 53.283333,
      "lng": 20.116667
    },
    {
      "cityName": "Skwary Dabrowe",
      "lat": 52.55,
      "lng": 20.35
    },
    {
      "cityName": "Slawecin",
      "lat": 52.966667,
      "lng": 20
    },
    {
      "cityName": "Slawogora Nowa",
      "lat": 53.116667,
      "lng": 20.466667
    },
    {
      "cityName": "Slawogora Stara",
      "lat": 53.133333,
      "lng": 20.466667
    },
    {
      "cityName": "Slepowrony",
      "lat": 52.616667,
      "lng": 20.5
    },
    {
      "cityName": "Slonczewo Gotardy",
      "lat": 52.733333,
      "lng": 20.816667
    },
    {
      "cityName": "Sloniawy",
      "lat": 52.866667,
      "lng": 21.066667
    },
    {
      "cityName": "Slotwin",
      "lat": 52.55,
      "lng": 20.45
    },
    {
      "cityName": "Slup",
      "lat": 53.3,
      "lng": 19.766667
    },
    {
      "cityName": "Slustowo",
      "lat": 52.633333,
      "lng": 20.733333
    },
    {
      "cityName": "Smardzewo",
      "lat": 52.7,
      "lng": 20.4
    },
    {
      "cityName": "Smiecin Nowy",
      "lat": 52.866667,
      "lng": 20.616667
    },
    {
      "cityName": "Smiecin",
      "lat": 52.883333,
      "lng": 20.6
    },
    {
      "cityName": "Smogorzewo Panskie",
      "lat": 52.583333,
      "lng": 20.916667
    },
    {
      "cityName": "Smulska",
      "lat": 52.533333,
      "lng": 20.55
    },
    {
      "cityName": "Sniadowo Dworskie A",
      "lat": 52.516667,
      "lng": 20.65
    },
    {
      "cityName": "Sniadowo Dworskie B",
      "lat": 52.516667,
      "lng": 20.633333
    },
    {
      "cityName": "Sobkleszcz",
      "lat": 52.733333,
      "lng": 20.7
    },
    {
      "cityName": "Sobokleszcz",
      "lat": 52.6,
      "lng": 20.516667
    },
    {
      "cityName": "Sochy",
      "lat": 53.183333,
      "lng": 20.35
    },
    {
      "cityName": "Sokolniki",
      "lat": 52.666667,
      "lng": 20.283333
    },
    {
      "cityName": "Sokolowo",
      "lat": 53.066667,
      "lng": 20.616667
    },
    {
      "cityName": "Sokolowy Kat",
      "lat": 52.916667,
      "lng": 19.95
    },
    {
      "cityName": "Soldau",
      "lat": 53.233333,
      "lng": 20.183333
    },
    {
      "cityName": "Sosenkowo",
      "lat": 52.533333,
      "lng": 20.25
    },
    {
      "cityName": "Sosnowo",
      "lat": 52.933333,
      "lng": 20.766667
    },
    {
      "cityName": "Srebrna",
      "lat": 52.5,
      "lng": 20.333333
    },
    {
      "cityName": "Stanislawowo",
      "lat": 52.916667,
      "lng": 19.916667
    },
    {
      "cityName": "Starczewo Duze",
      "lat": 52.666667,
      "lng": 20.166667
    },
    {
      "cityName": "Staroguby",
      "lat": 52.916667,
      "lng": 20.2
    },
    {
      "cityName": "Starópol",
      "lat": 52.316667,
      "lng": 19.833333
    },
    {
      "cityName": "Stawiszyn Laziska",
      "lat": 52.966667,
      "lng": 19.983333
    },
    {
      "cityName": "Stawiszyn Zwalewo",
      "lat": 52.983333,
      "lng": 19.983333
    },
    {
      "cityName": "Stegna",
      "lat": 53.183333,
      "lng": 20.65
    },
    {
      "cityName": "Stpice",
      "lat": 52.65,
      "lng": 20.816667
    },
    {
      "cityName": "Straszewo",
      "lat": 53.166667,
      "lng": 19.95
    },
    {
      "cityName": "Strubiny",
      "lat": 52.616667,
      "lng": 20.466667
    },
    {
      "cityName": "Strusin",
      "lat": 52.8,
      "lng": 20.7
    },
    {
      "cityName": "Stryjewo",
      "lat": 53,
      "lng": 20.65
    },
    {
      "cityName": "Strzalkowo",
      "lat": 53,
      "lng": 20.416667
    },
    {
      "cityName": "Strzegowo-Osada",
      "lat": 52.9,
      "lng": 20.283333
    },
    {
      "cityName": "Strzelnia",
      "lat": 53.05,
      "lng": 20.633333
    },
    {
      "cityName": "Strzembowo Kapkaz",
      "lat": 52.483333,
      "lng": 20.383333
    },
    {
      "cityName": "Strzembowo",
      "lat": 52.5,
      "lng": 20.4
    },
    {
      "cityName": "Strzeszewo",
      "lat": 52.983333,
      "lng": 19.883333
    },
    {
      "cityName": "Strzyze",
      "lat": 52.633333,
      "lng": 21.1
    },
    {
      "cityName": "Studzianki",
      "lat": 52.55,
      "lng": 20.766667
    },
    {
      "cityName": "Studzieniec",
      "lat": 53.15,
      "lng": 20.366667
    },
    {
      "cityName": "Sulerzyz",
      "lat": 52.85,
      "lng": 20.45
    },
    {
      "cityName": "Sulkowo Borowe",
      "lat": 52.95,
      "lng": 20.416667
    },
    {
      "cityName": "Sulkowo Polne",
      "lat": 52.933333,
      "lng": 20.416667
    },
    {
      "cityName": "Sulkowo",
      "lat": 52.7,
      "lng": 20.816667
    },
    {
      "cityName": "Suwaki",
      "lat": 52.916667,
      "lng": 20.05
    },
    {
      "cityName": "Swelice",
      "lat": 52.8,
      "lng": 21.033333
    },
    {
      "cityName": "Swiercze Siolki",
      "lat": 52.666667,
      "lng": 20.766667
    },
    {
      "cityName": "Swierkowo",
      "lat": 52.633333,
      "lng": 20.716667
    },
    {
      "cityName": "Swojecin",
      "lat": 53.016667,
      "lng": 19.866667
    },
    {
      "cityName": "Syberia",
      "lat": 52.966667,
      "lng": 20.25
    },
    {
      "cityName": "Szapsk",
      "lat": 52.716667,
      "lng": 20.133333
    },
    {
      "cityName": "Szczawin",
      "lat": 52.666667,
      "lng": 20.683333
    },
    {
      "cityName": "Szczepanki Nowa Wies",
      "lat": 52.983333,
      "lng": 20.75
    },
    {
      "cityName": "Szczepanki Piechy",
      "lat": 53,
      "lng": 20.766667
    },
    {
      "cityName": "Szczepkowo",
      "lat": 52.85,
      "lng": 20.183333
    },
    {
      "cityName": "Szczepkowskie Zale",
      "lat": 52.833333,
      "lng": 20.183333
    },
    {
      "cityName": "Szczupliny",
      "lat": 53.383333,
      "lng": 20.016667
    },
    {
      "cityName": "Szczytno",
      "lat": 52.566667,
      "lng": 20.483333
    },
    {
      "cityName": "Szenkowo",
      "lat": 53.316667,
      "lng": 20.15
    },
    {
      "cityName": "Szlasy Zalne",
      "lat": 52.95,
      "lng": 20.833333
    },
    {
      "cityName": "Szlasy Zlotki",
      "lat": 52.833333,
      "lng": 21.033333
    },
    {
      "cityName": "Szpaki",
      "lat": 53.116667,
      "lng": 20.616667
    },
    {
      "cityName": "Szronka",
      "lat": 53.166667,
      "lng": 20.066667
    },
    {
      "cityName": "Szulimierz",
      "lat": 52.966667,
      "lng": 20.65
    },
    {
      "cityName": "Szumlin",
      "lat": 52.616667,
      "lng": 20.55
    },
    {
      "cityName": "Szydlowko",
      "lat": 53.1,
      "lng": 20.45
    },
    {
      "cityName": "Szydlowo",
      "lat": 53.083333,
      "lng": 20.45
    },
    {
      "cityName": "Szyjki",
      "lat": 52.85,
      "lng": 20.283333
    },
    {
      "cityName": "Szymaki",
      "lat": 52.683333,
      "lng": 20.35
    },
    {
      "cityName": "Tadajówka",
      "lat": 53.066667,
      "lng": 19.783333
    },
    {
      "cityName": "Tansk Choraze",
      "lat": 53.183333,
      "lng": 20.6
    },
    {
      "cityName": "Tansk Grzymki",
      "lat": 53.183333,
      "lng": 20.583333
    },
    {
      "cityName": "Tansk Pobodze",
      "lat": 53.2,
      "lng": 20.633333
    },
    {
      "cityName": "Tansk Umiotki",
      "lat": 53.183333,
      "lng": 20.616667
    },
    {
      "cityName": "Tarczyny",
      "lat": 53.35,
      "lng": 19.866667
    },
    {
      "cityName": "Targonie",
      "lat": 52.933333,
      "lng": 20.583333
    },
    {
      "cityName": "Tlucznice",
      "lat": 52.833333,
      "lng": 20.933333
    },
    {
      "cityName": "Toki",
      "lat": 53,
      "lng": 19.666667
    },
    {
      "cityName": "Torun Dworski",
      "lat": 52.516667,
      "lng": 20.716667
    },
    {
      "cityName": "Toruniak",
      "lat": 53.15,
      "lng": 19.9
    },
    {
      "cityName": "Truszczyny",
      "lat": 53.416667,
      "lng": 19.883333
    },
    {
      "cityName": "Trzcianka",
      "lat": 52.95,
      "lng": 20.616667
    },
    {
      "cityName": "Trzcieniec",
      "lat": 52.933333,
      "lng": 20.166667
    },
    {
      "cityName": "Trzciniec",
      "lat": 52.766667,
      "lng": 21.016667
    },
    {
      "cityName": "Trzepowo",
      "lat": 52.583333,
      "lng": 21.066667
    },
    {
      "cityName": "Tuczki",
      "lat": 53.366667,
      "lng": 19.966667
    },
    {
      "cityName": "Tupadly",
      "lat": 52.9,
      "lng": 20.016667
    },
    {
      "cityName": "Turowo",
      "lat": 52.55,
      "lng": 20.383333
    },
    {
      "cityName": "Turza Mala",
      "lat": 53.116667,
      "lng": 20.233333
    },
    {
      "cityName": "Tyszki-Bregendy",
      "lat": 53.05,
      "lng": 20.516667
    },
    {
      "cityName": "Ujazdowo",
      "lat": 52.833333,
      "lng": 20.533333
    },
    {
      "cityName": "Unieck",
      "lat": 52.866667,
      "lng": 20.2
    },
    {
      "cityName": "Unierzyz",
      "lat": 52.85,
      "lng": 20.3
    },
    {
      "cityName": "Unikowo",
      "lat": 52.933333,
      "lng": 20.433333
    },
    {
      "cityName": "Uniszki Gumowskie",
      "lat": 53.183333,
      "lng": 20.4
    },
    {
      "cityName": "Wagrodno",
      "lat": 52.566667,
      "lng": 20.8
    },
    {
      "cityName": "Wapiersk",
      "lat": 53.316667,
      "lng": 19.866667
    },
    {
      "cityName": "Wasosze",
      "lat": 53.166667,
      "lng": 20.516667
    },
    {
      "cityName": "Watkowo Stare",
      "lat": 52.816667,
      "lng": 20.816667
    },
    {
      "cityName": "Wawrowo",
      "lat": 53.183333,
      "lng": 20
    },
    {
      "cityName": "Wepily",
      "lat": 52.7,
      "lng": 20.083333
    },
    {
      "cityName": "Wery",
      "lat": 53.35,
      "lng": 19.883333
    },
    {
      "cityName": "Wezewo",
      "lat": 52.916667,
      "lng": 20.933333
    },
    {
      "cityName": "Wiadrowo",
      "lat": 53.1,
      "lng": 19.916667
    },
    {
      "cityName": "Wieczfnia Baki",
      "lat": 53.183333,
      "lng": 20.483333
    },
    {
      "cityName": "Wieczfnia",
      "lat": 53.2,
      "lng": 20.483333
    },
    {
      "cityName": "Wielgoleka",
      "lat": 52.816667,
      "lng": 20.9
    },
    {
      "cityName": "Wielun Pelki",
      "lat": 52.983333,
      "lng": 20.016667
    },
    {
      "cityName": "Wielun",
      "lat": 52.983333,
      "lng": 20.033333
    },
    {
      "cityName": "Wielun Wilewo",
      "lat": 52.966667,
      "lng": 20.016667
    },
    {
      "cityName": "Wierzbica Panska",
      "lat": 52.616667,
      "lng": 20.183333
    },
    {
      "cityName": "Wierzbowice Koliszewo",
      "lat": 52.7,
      "lng": 20.433333
    },
    {
      "cityName": "Wierzbowo",
      "lat": 52.966667,
      "lng": 20.733333
    },
    {
      "cityName": "Wiksin",
      "lat": 53.083333,
      "lng": 20.633333
    },
    {
      "cityName": "Wilamowice",
      "lat": 52.6,
      "lng": 20.283333
    },
    {
      "cityName": "Wilamy",
      "lat": 52.533333,
      "lng": 20.583333
    },
    {
      "cityName": "Wilkowo",
      "lat": 52.95,
      "lng": 20.75
    },
    {
      "cityName": "Winniki",
      "lat": 52.616667,
      "lng": 20.733333
    },
    {
      "cityName": "Wisniewo-Dziarnowo",
      "lat": 53.066667,
      "lng": 20.666667
    },
    {
      "cityName": "Witkowo Milaki",
      "lat": 52.766667,
      "lng": 20.133333
    },
    {
      "cityName": "Witkowo Pawlaki",
      "lat": 52.766667,
      "lng": 20.116667
    },
    {
      "cityName": "Wkra",
      "lat": 52.8,
      "lng": 20.3
    },
    {
      "cityName": "Wladyslawowo",
      "lat": 52.933333,
      "lng": 19.866667
    },
    {
      "cityName": "Wladyslawow",
      "lat": 52.883333,
      "lng": 20.666667
    },
    {
      "cityName": "Wlewsk",
      "lat": 53.266667,
      "lng": 19.766667
    },
    {
      "cityName": "Wloki",
      "lat": 52.6,
      "lng": 20.15
    },
    {
      "cityName": "Wóity Trojany",
      "lat": 52.783333,
      "lng": 20.966667
    },
    {
      "cityName": "Wojciechowo",
      "lat": 52.85,
      "lng": 20.033333
    },
    {
      "cityName": "Wojny",
      "lat": 52.5,
      "lng": 20.566667
    },
    {
      "cityName": "Wojtkowa Wies",
      "lat": 52.766667,
      "lng": 20.516667
    },
    {
      "cityName": "Wola Debska",
      "lat": 53.133333,
      "lng": 20.533333
    },
    {
      "cityName": "Wola Golyminska",
      "lat": 52.833333,
      "lng": 20.883333
    },
    {
      "cityName": "Wola Kanigowska",
      "lat": 52.883333,
      "lng": 20.383333
    },
    {
      "cityName": "Wola Keczewska",
      "lat": 53.133333,
      "lng": 20.216667
    },
    {
      "cityName": "Wola Laszewska",
      "lat": 52.866667,
      "lng": 20.133333
    },
    {
      "cityName": "Wola Mlocka",
      "lat": 52.783333,
      "lng": 20.416667
    },
    {
      "cityName": "Wola Pawlowska",
      "lat": 52.9,
      "lng": 20.516667
    },
    {
      "cityName": "Wola Rancza",
      "lat": 52.766667,
      "lng": 20.8
    },
    {
      "cityName": "Wola Szydlowska",
      "lat": 53.05,
      "lng": 20.45
    },
    {
      "cityName": "Wola Wierzbowska",
      "lat": 52.966667,
      "lng": 20.75
    },
    {
      "cityName": "Wola Wodzynska",
      "lat": 52.733333,
      "lng": 20.5
    },
    {
      "cityName": "Wólka Garwarska",
      "lat": 52.816667,
      "lng": 20.333333
    },
    {
      "cityName": "Wolka Lukowska",
      "lat": 52.866667,
      "lng": 20.933333
    },
    {
      "cityName": "Wólka",
      "lat": 53.133333,
      "lng": 20.366667
    },
    {
      "cityName": "Wozniki Pruszyn",
      "lat": 52.566667,
      "lng": 20.433333
    },
    {
      "cityName": "Wróblewo Tartak",
      "lat": 52.983333,
      "lng": 20.15
    },
    {
      "cityName": "Wróblewo",
      "lat": 52.55,
      "lng": 20.316667
    },
    {
      "cityName": "Wrona Nowa",
      "lat": 52.566667,
      "lng": 20.6
    },
    {
      "cityName": "Wronino",
      "lat": 52.566667,
      "lng": 20.316667
    },
    {
      "cityName": "Wronka",
      "lat": 53.183333,
      "lng": 19.9
    },
    {
      "cityName": "Wronska",
      "lat": 52.583333,
      "lng": 20.516667
    },
    {
      "cityName": "Wylazlowo",
      "lat": 53.216667,
      "lng": 19.916667
    },
    {
      "cityName": "Wyrzyki Duze",
      "lat": 52.683333,
      "lng": 20.75
    },
    {
      "cityName": "Wysiolka",
      "lat": 52.8,
      "lng": 20.383333
    },
    {
      "cityName": "Wysoka",
      "lat": 53.233333,
      "lng": 20.1
    },
    {
      "cityName": "Wyszyny Koscielne",
      "lat": 53.066667,
      "lng": 20.4
    },
    {
      "cityName": "Zabiczyn",
      "lat": 52.55,
      "lng": 20.85
    },
    {
      "cityName": "Zabin Karniewski",
      "lat": 52.85,
      "lng": 21.016667
    },
    {
      "cityName": "Zabiny",
      "lat": 53.35,
      "lng": 19.983333
    },
    {
      "cityName": "Zabone",
      "lat": 52.533333,
      "lng": 20.716667
    },
    {
      "cityName": "Zaborowo",
      "lat": 52.533333,
      "lng": 20.283333
    },
    {
      "cityName": "Zakobiel Duza",
      "lat": 52.616667,
      "lng": 20.666667
    },
    {
      "cityName": "Zakrzewo Male",
      "lat": 53.016667,
      "lng": 20.566667
    },
    {
      "cityName": "Zakrzewo Polskie",
      "lat": 53.2,
      "lng": 20.166667
    },
    {
      "cityName": "Zakrzewo Ranki",
      "lat": 53.216667,
      "lng": 20.533333
    },
    {
      "cityName": "Zalesie",
      "lat": 52.816667,
      "lng": 20.35
    },
    {
      "cityName": "Zaluski",
      "lat": 52.516667,
      "lng": 20.55
    },
    {
      "cityName": "Zarnowka",
      "lat": 53.083333,
      "lng": 19.733333
    },
    {
      "cityName": "Zarnowo",
      "lat": 53.1,
      "lng": 20.616667
    },
    {
      "cityName": "Zarybinek",
      "lat": 53.383333,
      "lng": 19.966667
    },
    {
      "cityName": "Zatorowizna",
      "lat": 53.066667,
      "lng": 19.666667
    },
    {
      "cityName": "Zawady Nowe",
      "lat": 52.716667,
      "lng": 20.65
    },
    {
      "cityName": "Zberoz",
      "lat": 53.066667,
      "lng": 20.75
    },
    {
      "cityName": "Zbiki Kierzki",
      "lat": 52.933333,
      "lng": 20.9
    },
    {
      "cityName": "Zbyszyno Wielkie",
      "lat": 52.666667,
      "lng": 20.233333
    },
    {
      "cityName": "Zdroje",
      "lat": 53.033333,
      "lng": 20.4
    },
    {
      "cityName": "Zebry Falbogi",
      "lat": 52.733333,
      "lng": 20.883333
    },
    {
      "cityName": "Zebry Idzki",
      "lat": 53.05,
      "lng": 20.7
    },
    {
      "cityName": "Zelechy",
      "lat": 52.683333,
      "lng": 20.433333
    },
    {
      "cityName": "Zeleznia",
      "lat": 52.833333,
      "lng": 20.316667
    },
    {
      "cityName": "Zembrzus Wielki",
      "lat": 53.033333,
      "lng": 20.7
    },
    {
      "cityName": "Zenbok",
      "lat": 52.983333,
      "lng": 20.583333
    },
    {
      "cityName": "Zgliczyn Glinki",
      "lat": 52.966667,
      "lng": 20.05
    },
    {
      "cityName": "Zgliczyn Pobodzy",
      "lat": 52.95,
      "lng": 20.033333
    },
    {
      "cityName": "Zgliczyn Witawy",
      "lat": 52.95,
      "lng": 20.05
    },
    {
      "cityName": "Zielona",
      "lat": 52.933333,
      "lng": 20.85
    },
    {
      "cityName": "Zielun Osada",
      "lat": 53.166667,
      "lng": 19.85
    },
    {
      "cityName": "Ziemiany",
      "lat": 52.866667,
      "lng": 20.05
    },
    {
      "cityName": "Zimolza",
      "lat": 52.966667,
      "lng": 19.833333
    },
    {
      "cityName": "Zlotopolice",
      "lat": 52.466667,
      "lng": 20.5
    },
    {
      "cityName": "Zlotowo Borki",
      "lat": 52.983333,
      "lng": 20.133333
    },
    {
      "cityName": "Zlotowo Wola",
      "lat": 53,
      "lng": 20.116667
    },
    {
      "cityName": "Zlotowo",
      "lat": 52.983333,
      "lng": 20.116667
    },
    {
      "cityName": "Zmijewo Gaje",
      "lat": 53,
      "lng": 20.5
    },
    {
      "cityName": "Zmijewo Kuce",
      "lat": 53,
      "lng": 20.533333
    },
    {
      "cityName": "Zmijewo Paki",
      "lat": 53.016667,
      "lng": 20.5
    },
    {
      "cityName": "Zukowo Strusie",
      "lat": 52.783333,
      "lng": 20.033333
    },
    {
      "cityName": "Zukowo Wawrzonki",
      "lat": 52.766667,
      "lng": 20.066667
    },
    {
      "cityName": "Zukowo",
      "lat": 52.5,
      "lng": 20.266667
    },
    {
      "cityName": "Zuramin",
      "lat": 53.066667,
      "lng": 19.916667
    },
    {
      "cityName": "Zurominek",
      "lat": 53.016667,
      "lng": 20.333333
    },
    {
      "cityName": "Zychowo",
      "lat": 52.816667,
      "lng": 20.166667
    },
    {
      "cityName": "Zygmuntowo",
      "lat": 52.833333,
      "lng": 20.25
    }
  ]
}