{
  "name": "South Cotabato",
  "cities": [
    {
      "cityName": "Abaca",
      "lat": 6.065278,
      "lng": 124.466111
    },
    {
      "cityName": "Agikik",
      "lat": 6.235278,
      "lng": 125.422222
    },
    {
      "cityName": "Akbual",
      "lat": 5.865278,
      "lng": 125.341389
    },
    {
      "cityName": "Alabel",
      "lat": 6.090833,
      "lng": 125.2775
    },
    {
      "cityName": "Alah",
      "lat": 6.195833,
      "lng": 124.772222
    },
    {
      "cityName": "Ambuldan",
      "lat": 6.568056,
      "lng": 124.653056
    },
    {
      "cityName": "Apas",
      "lat": 5.912222,
      "lng": 125.316111
    },
    {
      "cityName": "Apla",
      "lat": 5.773333,
      "lng": 125.213056
    },
    {
      "cityName": "Babinag",
      "lat": 6.433333,
      "lng": 124.666667
    },
    {
      "cityName": "Badak",
      "lat": 6.532778,
      "lng": 124.876389
    },
    {
      "cityName": "Badok",
      "lat": 6.478611,
      "lng": 124.885556
    },
    {
      "cityName": "Badtasan",
      "lat": 6.005833,
      "lng": 124.613333
    },
    {
      "cityName": "Bago-enged",
      "lat": 6.2,
      "lng": 125
    },
    {
      "cityName": "Bailat",
      "lat": 5.943889,
      "lng": 125.094167
    },
    {
      "cityName": "Bailong",
      "lat": 5.983333,
      "lng": 124.646667
    },
    {
      "cityName": "Bai Sirafmang",
      "lat": 6.440278,
      "lng": 124.626944
    },
    {
      "cityName": "Balatian",
      "lat": 6.1725,
      "lng": 124.489722
    },
    {
      "cityName": "Baletan",
      "lat": 5.743611,
      "lng": 125.236389
    },
    {
      "cityName": "Bambad",
      "lat": 6.583056,
      "lng": 124.605
    },
    {
      "cityName": "Bañga",
      "lat": 6.35,
      "lng": 124.783333
    },
    {
      "cityName": "Banogcot",
      "lat": 6.533333,
      "lng": 124.7
    },
    {
      "cityName": "Bantal",
      "lat": 6.151944,
      "lng": 125.031389
    },
    {
      "cityName": "Bantañgan",
      "lat": 6,
      "lng": 124.6
    },
    {
      "cityName": "Basack Pagaloñgan",
      "lat": 6.268889,
      "lng": 124.976111
    },
    {
      "cityName": "Batao",
      "lat": 6.48,
      "lng": 124.926389
    },
    {
      "cityName": "Batinlo",
      "lat": 6.314167,
      "lng": 125.294167
    },
    {
      "cityName": "Batotitic",
      "lat": 6.223333,
      "lng": 125.251944
    },
    {
      "cityName": "Bawi",
      "lat": 5.894167,
      "lng": 125.258333
    },
    {
      "cityName": "Bayabas",
      "lat": 6.210556,
      "lng": 124.734444
    },
    {
      "cityName": "Belnebe",
      "lat": 6.2,
      "lng": 125.016667
    },
    {
      "cityName": "Belomala",
      "lat": 6.358333,
      "lng": 124.979722
    },
    {
      "cityName": "Bentong",
      "lat": 6.227222,
      "lng": 125.012222
    },
    {
      "cityName": "Bianan",
      "lat": 6.193889,
      "lng": 125.0475
    },
    {
      "cityName": "Bilaan Clearings",
      "lat": 6.519722,
      "lng": 124.745556
    },
    {
      "cityName": "Bila",
      "lat": 6.027222,
      "lng": 125.285833
    },
    {
      "cityName": "Bitu",
      "lat": 6.103611,
      "lng": 125.298056
    },
    {
      "cityName": "Blakael",
      "lat": 6.2,
      "lng": 124.833333
    },
    {
      "cityName": "Bogbog",
      "lat": 5.631667,
      "lng": 125.307778
    },
    {
      "cityName": "Bonanog",
      "lat": 5.883056,
      "lng": 124.861111
    },
    {
      "cityName": "Bonogcot",
      "lat": 6.482778,
      "lng": 124.722778
    },
    {
      "cityName": "Bual",
      "lat": 5.863889,
      "lng": 124.924167
    },
    {
      "cityName": "Buca",
      "lat": 5.958889,
      "lng": 124.675556
    },
    {
      "cityName": "Bucay Pait",
      "lat": 6.564167,
      "lng": 124.7675
    },
    {
      "cityName": "Burias",
      "lat": 5.717778,
      "lng": 125.253611
    },
    {
      "cityName": "Busok",
      "lat": 5.759444,
      "lng": 125.225278
    },
    {
      "cityName": "Cablacan",
      "lat": 5.856944,
      "lng": 124.955833
    },
    {
      "cityName": "Cablallan",
      "lat": 5.779722,
      "lng": 125.197778
    },
    {
      "cityName": "Caiñaman",
      "lat": 6.493889,
      "lng": 124.63
    },
    {
      "cityName": "Calabalol",
      "lat": 5.816667,
      "lng": 125.166667
    },
    {
      "cityName": "Calimbega",
      "lat": 5.7625,
      "lng": 125.220556
    },
    {
      "cityName": "Calmaba",
      "lat": 5.695833,
      "lng": 125.285278
    },
    {
      "cityName": "Camasi",
      "lat": 6.115833,
      "lng": 125.243611
    },
    {
      "cityName": "Cambias",
      "lat": 5.966667,
      "lng": 124.7
    },
    {
      "cityName": "Candulay",
      "lat": 5.968889,
      "lng": 124.680833
    },
    {
      "cityName": "Carpenter",
      "lat": 6.454167,
      "lng": 124.8725
    },
    {
      "cityName": "Caspot",
      "lat": 5.6925,
      "lng": 125.288889
    },
    {
      "cityName": "Cebuano",
      "lat": 6.388056,
      "lng": 124.968333
    },
    {
      "cityName": "Centrala",
      "lat": 6.353889,
      "lng": 124.755556
    },
    {
      "cityName": "Chakalan",
      "lat": 5.775,
      "lng": 125.4325
    },
    {
      "cityName": "Cinco",
      "lat": 6.385,
      "lng": 124.776944
    },
    {
      "cityName": "Clinan",
      "lat": 6.187222,
      "lng": 125.134167
    },
    {
      "cityName": "Colongolo",
      "lat": 6.338611,
      "lng": 124.721667
    },
    {
      "cityName": "Concepcion",
      "lat": 6.477778,
      "lng": 124.883056
    },
    {
      "cityName": "Copalcada",
      "lat": 6.056111,
      "lng": 124.506667
    },
    {
      "cityName": "Creek",
      "lat": 6.201667,
      "lng": 125.059167
    },
    {
      "cityName": "Crossing",
      "lat": 6.369167,
      "lng": 124.919167
    },
    {
      "cityName": "Crossing Palkan",
      "lat": 6.269444,
      "lng": 125.01
    },
    {
      "cityName": "Dahay",
      "lat": 6.396944,
      "lng": 124.7225
    },
    {
      "cityName": "Dalahuan",
      "lat": 7.933333,
      "lng": 117.066667
    },
    {
      "cityName": "Dalao",
      "lat": 5.871667,
      "lng": 124.898889
    },
    {
      "cityName": "Daliao",
      "lat": 5.861111,
      "lng": 124.953333
    },
    {
      "cityName": "Datunan",
      "lat": 5.62,
      "lng": 125.304167
    },
    {
      "cityName": "Dinaigal",
      "lat": 6.546389,
      "lng": 124.669722
    },
    {
      "cityName": "Dongcaling",
      "lat": 5.583056,
      "lng": 125.301111
    },
    {
      "cityName": "Dongon",
      "lat": 5.680833,
      "lng": 125.2925
    },
    {
      "cityName": "Dumaguil",
      "lat": 6.62,
      "lng": 124.653333
    },
    {
      "cityName": "Dumalalig",
      "lat": 6.586944,
      "lng": 124.758056
    },
    {
      "cityName": "Dumlok",
      "lat": 6.296389,
      "lng": 125.281111
    },
    {
      "cityName": "Dupac",
      "lat": 6.603056,
      "lng": 124.673611
    },
    {
      "cityName": "Elblabu",
      "lat": 6.51,
      "lng": 124.951389
    },
    {
      "cityName": "Ellucy",
      "lat": 6.513611,
      "lng": 124.885278
    },
    {
      "cityName": "El Nonak",
      "lat": 6.435278,
      "lng": 124.8075
    },
    {
      "cityName": "Elnonok",
      "lat": 6.206389,
      "lng": 125.126667
    },
    {
      "cityName": "Esperanza",
      "lat": 6.499444,
      "lng": 124.666111
    },
    {
      "cityName": "Gadon",
      "lat": 5.916667,
      "lng": 124.778889
    },
    {
      "cityName": "Glamang",
      "lat": 6.160556,
      "lng": 125.061111
    },
    {
      "cityName": "Glan",
      "lat": 5.824167,
      "lng": 125.203333
    },
    {
      "cityName": "Glan Padido",
      "lat": 5.855,
      "lng": 125.218611
    },
    {
      "cityName": "Guinsang-an",
      "lat": 6.48,
      "lng": 124.680556
    },
    {
      "cityName": "Gulo",
      "lat": 5.741667,
      "lng": 125.418889
    },
    {
      "cityName": "Gumasa",
      "lat": 5.790278,
      "lng": 125.189722
    },
    {
      "cityName": "Gumtali",
      "lat": 6.283333,
      "lng": 125.216667
    },
    {
      "cityName": "Ilaya",
      "lat": 5.815278,
      "lng": 125.226667
    },
    {
      "cityName": "Inoburen",
      "lat": 6.198611,
      "lng": 125.445833
    },
    {
      "cityName": "Jajah Muda",
      "lat": 6.593056,
      "lng": 124.668333
    },
    {
      "cityName": "Jupu",
      "lat": 6.220833,
      "lng": 124.551667
    },
    {
      "cityName": "Kabalen",
      "lat": 6.319444,
      "lng": 125.010556
    },
    {
      "cityName": "Kabog",
      "lat": 5.9075,
      "lng": 125.235833
    },
    {
      "cityName": "Kalabalol",
      "lat": 5.821389,
      "lng": 125.241667
    },
    {
      "cityName": "Kalabanit",
      "lat": 5.800278,
      "lng": 125.2725
    },
    {
      "cityName": "Kalaha",
      "lat": 6.201667,
      "lng": 125.253611
    },
    {
      "cityName": "Kalanasan",
      "lat": 5.823333,
      "lng": 125.191111
    },
    {
      "cityName": "Kalaong",
      "lat": 6.071667,
      "lng": 124.45
    },
    {
      "cityName": "Kalibo",
      "lat": 6.350556,
      "lng": 124.818889
    },
    {
      "cityName": "Kalipagan",
      "lat": 5.623611,
      "lng": 125.303889
    },
    {
      "cityName": "Kaliwa",
      "lat": 5.735278,
      "lng": 125.373333
    },
    {
      "cityName": "Kalkam",
      "lat": 6.329444,
      "lng": 124.938056
    },
    {
      "cityName": "Kalondapok",
      "lat": 6.536389,
      "lng": 124.905
    },
    {
      "cityName": "Kalumpang",
      "lat": 5.610833,
      "lng": 125.298611
    },
    {
      "cityName": "Kamanga",
      "lat": 5.857778,
      "lng": 125.056111
    },
    {
      "cityName": "Kanalo",
      "lat": 5.8775,
      "lng": 124.883889
    },
    {
      "cityName": "Kanantung",
      "lat": 5.923611,
      "lng": 124.771389
    },
    {
      "cityName": "Kansan",
      "lat": 5.987778,
      "lng": 124.677778
    },
    {
      "cityName": "Kapatan",
      "lat": 5.900556,
      "lng": 125.2375
    },
    {
      "cityName": "Karonadal",
      "lat": 6.253333,
      "lng": 124.995
    },
    {
      "cityName": "Katabao",
      "lat": 5.889167,
      "lng": 124.829444
    },
    {
      "cityName": "Katatoan",
      "lat": 5.683333,
      "lng": 125.316667
    },
    {
      "cityName": "Katipuan",
      "lat": 6.475,
      "lng": 124.690556
    },
    {
      "cityName": "Kauian",
      "lat": 6.424167,
      "lng": 124.458056
    },
    {
      "cityName": "Kawas",
      "lat": 6.063611,
      "lng": 125.276667
    },
    {
      "cityName": "Kiamba",
      "lat": 5.989444,
      "lng": 124.624167
    },
    {
      "cityName": "Kiambing",
      "lat": 6.031944,
      "lng": 124.5075
    },
    {
      "cityName": "Kimangayao",
      "lat": 5.709444,
      "lng": 125.274722
    },
    {
      "cityName": "Kindap",
      "lat": 5.880556,
      "lng": 124.878611
    },
    {
      "cityName": "Kiogam",
      "lat": 5.828889,
      "lng": 125.2575
    },
    {
      "cityName": "Kipalbig",
      "lat": 6.410833,
      "lng": 124.925
    },
    {
      "cityName": "Kitagas",
      "lat": 5.896944,
      "lng": 124.819444
    },
    {
      "cityName": "Kiupa",
      "lat": 5.841667,
      "lng": 125.319167
    },
    {
      "cityName": "Kling",
      "lat": 5.938056,
      "lng": 124.724722
    },
    {
      "cityName": "Klintak",
      "lat": 5.902778,
      "lng": 125.341389
    },
    {
      "cityName": "Kolonamo",
      "lat": 6.540833,
      "lng": 124.923333
    },
    {
      "cityName": "Kolon",
      "lat": 5.856111,
      "lng": 125.026111
    },
    {
      "cityName": "Kolonpanoon",
      "lat": 6.279722,
      "lng": 124.713611
    },
    {
      "cityName": "Kolumbug",
      "lat": 6.523889,
      "lng": 124.608333
    },
    {
      "cityName": "Koronadal",
      "lat": 6.503056,
      "lng": 124.846944
    },
    {
      "cityName": "Kudanding",
      "lat": 6.586944,
      "lng": 124.623056
    },
    {
      "cityName": "Kusan",
      "lat": 6.413611,
      "lng": 124.729444
    },
    {
      "cityName": "Kuya",
      "lat": 5.685,
      "lng": 125.291944
    },
    {
      "cityName": "Labañgal",
      "lat": 6.116667,
      "lng": 125.25
    },
    {
      "cityName": "Ladol",
      "lat": 6.079167,
      "lng": 125.2825
    },
    {
      "cityName": "Lago",
      "lat": 5.726111,
      "lng": 125.2325
    },
    {
      "cityName": "Lagundi",
      "lat": 5.942222,
      "lng": 124.714167
    },
    {
      "cityName": "Lahit",
      "lat": 6.258333,
      "lng": 124.708333
    },
    {
      "cityName": "Laket",
      "lat": 6.25,
      "lng": 124.85
    },
    {
      "cityName": "Lamba",
      "lat": 6.359722,
      "lng": 124.812222
    },
    {
      "cityName": "Lambayan",
      "lat": 6.329444,
      "lng": 125.22
    },
    {
      "cityName": "Lambontong",
      "lat": 6.308333,
      "lng": 124.810556
    },
    {
      "cityName": "Lambuntong",
      "lat": 6.166667,
      "lng": 124.816667
    },
    {
      "cityName": "Lamdamay",
      "lat": 6.2,
      "lng": 124.733333
    },
    {
      "cityName": "Lamian",
      "lat": 6.309167,
      "lng": 124.846389
    },
    {
      "cityName": "Lamlusok",
      "lat": 6.213611,
      "lng": 124.705556
    },
    {
      "cityName": "Lamonal",
      "lat": 6.313056,
      "lng": 125.169167
    },
    {
      "cityName": "Lampako",
      "lat": 6.3,
      "lng": 124.8
    },
    {
      "cityName": "Lampane",
      "lat": 6.093889,
      "lng": 124.814722
    },
    {
      "cityName": "Lampari",
      "lat": 6.3125,
      "lng": 124.880278
    },
    {
      "cityName": "Lampitak",
      "lat": 6.432222,
      "lng": 125.0525
    },
    {
      "cityName": "Lamponal",
      "lat": 6.261111,
      "lng": 125.246111
    },
    {
      "cityName": "Lanao",
      "lat": 6.088056,
      "lng": 124.430278
    },
    {
      "cityName": "Landamay",
      "lat": 6.183333,
      "lng": 124.783333
    },
    {
      "cityName": "Lansogod",
      "lat": 6.294722,
      "lng": 124.794722
    },
    {
      "cityName": "Lapuz",
      "lat": 6.523333,
      "lng": 124.63
    },
    {
      "cityName": "Lasang",
      "lat": 5.929722,
      "lng": 125.266389
    },
    {
      "cityName": "Lebe",
      "lat": 6.017778,
      "lng": 124.548889
    },
    {
      "cityName": "Libas",
      "lat": 6.535556,
      "lng": 124.778889
    },
    {
      "cityName": "Libertad",
      "lat": 6.378611,
      "lng": 124.746944
    },
    {
      "cityName": "Liberty",
      "lat": 6.455278,
      "lng": 124.981944
    },
    {
      "cityName": "Libi",
      "lat": 6.022778,
      "lng": 125.314167
    },
    {
      "cityName": "Linan",
      "lat": 6.43,
      "lng": 124.975556
    },
    {
      "cityName": "Linao",
      "lat": 5.862222,
      "lng": 124.983889
    },
    {
      "cityName": "Linek",
      "lat": 6.019167,
      "lng": 124.5675
    },
    {
      "cityName": "Lintak",
      "lat": 5.883333,
      "lng": 125.35
    },
    {
      "cityName": "Little Lun",
      "lat": 6.037778,
      "lng": 125.283889
    },
    {
      "cityName": "Liwanag",
      "lat": 6.399722,
      "lng": 124.76
    },
    {
      "cityName": "Llamos Buni",
      "lat": 6.45,
      "lng": 124.866667
    },
    {
      "cityName": "Lomoyon",
      "lat": 5.915833,
      "lng": 124.786944
    },
    {
      "cityName": "Lonen",
      "lat": 6.359167,
      "lng": 124.904722
    },
    {
      "cityName": "Lopez Jaena",
      "lat": 6.508889,
      "lng": 124.6825
    },
    {
      "cityName": "Luan",
      "lat": 6.091667,
      "lng": 124.416111
    },
    {
      "cityName": "Lumakil",
      "lat": 6.219167,
      "lng": 125.015278
    },
    {
      "cityName": "Luma",
      "lat": 6.021389,
      "lng": 124.5275
    },
    {
      "cityName": "Lumangko",
      "lat": 6.492778,
      "lng": 124.809167
    },
    {
      "cityName": "Lumasal",
      "lat": 5.885278,
      "lng": 124.849444
    },
    {
      "cityName": "Lumatil",
      "lat": 5.874722,
      "lng": 124.888333
    },
    {
      "cityName": "Lumatiz",
      "lat": 6.120278,
      "lng": 125.017222
    },
    {
      "cityName": "Lumit",
      "lat": 5.934444,
      "lng": 124.725833
    },
    {
      "cityName": "Lun Grande",
      "lat": 6.035556,
      "lng": 125.298056
    },
    {
      "cityName": "Lusok",
      "lat": 6.159722,
      "lng": 125.046111
    },
    {
      "cityName": "Maan",
      "lat": 5.933889,
      "lng": 124.735556
    },
    {
      "cityName": "Maasim",
      "lat": 5.8575,
      "lng": 125.006111
    },
    {
      "cityName": "Mabay",
      "lat": 6.054722,
      "lng": 124.473889
    },
    {
      "cityName": "Mabini",
      "lat": 6.538889,
      "lng": 124.9
    },
    {
      "cityName": "Maguling",
      "lat": 6.095,
      "lng": 124.403333
    },
    {
      "cityName": "Maitum",
      "lat": 6.039167,
      "lng": 124.498611
    },
    {
      "cityName": "Makalung",
      "lat": 6.221111,
      "lng": 125.463611
    },
    {
      "cityName": "Malabog",
      "lat": 5.778611,
      "lng": 125.42
    },
    {
      "cityName": "Malabulan",
      "lat": 6.125278,
      "lng": 125.253889
    },
    {
      "cityName": "Malalag",
      "lat": 5.882778,
      "lng": 124.866389
    },
    {
      "cityName": "Malandag",
      "lat": 6.308889,
      "lng": 125.251111
    },
    {
      "cityName": "Malangas",
      "lat": 5.928889,
      "lng": 125.376111
    },
    {
      "cityName": "Malapatan",
      "lat": 5.969167,
      "lng": 125.289444
    },
    {
      "cityName": "Malaya",
      "lat": 6.475,
      "lng": 124.752778
    },
    {
      "cityName": "Malay",
      "lat": 6.319444,
      "lng": 124.470556
    },
    {
      "cityName": "Malbang",
      "lat": 5.855556,
      "lng": 125.045278
    },
    {
      "cityName": "Malbel",
      "lat": 6.533333,
      "lng": 124.816667
    },
    {
      "cityName": "Malbo",
      "lat": 6.527222,
      "lng": 124.865556
    },
    {
      "cityName": "Male",
      "lat": 6.011667,
      "lng": 125.289167
    },
    {
      "cityName": "Maligu",
      "lat": 6.216667,
      "lng": 125.216667
    },
    {
      "cityName": "Malitao",
      "lat": 5.766389,
      "lng": 125.419722
    },
    {
      "cityName": "Malkahi",
      "lat": 5.950833,
      "lng": 125.321389
    },
    {
      "cityName": "Maltana",
      "lat": 6.4225,
      "lng": 124.937222
    },
    {
      "cityName": "Malungon",
      "lat": 6.279167,
      "lng": 125.281667
    },
    {
      "cityName": "Mambucal",
      "lat": 6.475556,
      "lng": 124.841389
    },
    {
      "cityName": "Mamibong",
      "lat": 5.604444,
      "lng": 125.298889
    },
    {
      "cityName": "Mananda",
      "lat": 5.721667,
      "lng": 125.237222
    },
    {
      "cityName": "Manga",
      "lat": 6.290833,
      "lng": 125.308333
    },
    {
      "cityName": "Mangilala",
      "lat": 6.648056,
      "lng": 124.733889
    },
    {
      "cityName": "Manil",
      "lat": 5.8625,
      "lng": 124.937222
    },
    {
      "cityName": "Manubo Clearings",
      "lat": 6.19,
      "lng": 124.440278
    },
    {
      "cityName": "Manuel Roxas",
      "lat": 6.445278,
      "lng": 124.666667
    },
    {
      "cityName": "Mara",
      "lat": 6.119722,
      "lng": 125.245
    },
    {
      "cityName": "Marbel 8",
      "lat": 6.4225,
      "lng": 124.8825
    },
    {
      "cityName": "Mareus Grande",
      "lat": 5.6425,
      "lng": 125.305556
    },
    {
      "cityName": "Margus Pegueño",
      "lat": 5.658333,
      "lng": 125.3025
    },
    {
      "cityName": "Masiag",
      "lat": 6.355,
      "lng": 124.409444
    },
    {
      "cityName": "Matimos",
      "lat": 6.583889,
      "lng": 124.741111
    },
    {
      "cityName": "Matinao",
      "lat": 6.162778,
      "lng": 125.096944
    },
    {
      "cityName": "Matingo",
      "lat": 5.978056,
      "lng": 124.685
    },
    {
      "cityName": "Matulas",
      "lat": 6.476389,
      "lng": 124.809167
    },
    {
      "cityName": "Matutum",
      "lat": 6.2975,
      "lng": 125.127778
    },
    {
      "cityName": "Mindupok",
      "lat": 6.090556,
      "lng": 124.423333
    },
    {
      "cityName": "Mudan",
      "lat": 5.869167,
      "lng": 125.259444
    },
    {
      "cityName": "Mutul",
      "lat": 6.016667,
      "lng": 125.1
    },
    {
      "cityName": "Nagupo",
      "lat": 5.934167,
      "lng": 124.757222
    },
    {
      "cityName": "Nalus",
      "lat": 6.012222,
      "lng": 124.585278
    },
    {
      "cityName": "Nama",
      "lat": 5.91,
      "lng": 124.806111
    },
    {
      "cityName": "New Iloilo",
      "lat": 6.547778,
      "lng": 124.789722
    },
    {
      "cityName": "New Pangasinan",
      "lat": 6.490833,
      "lng": 124.885278
    },
    {
      "cityName": "New Passi",
      "lat": 6.598056,
      "lng": 124.678333
    },
    {
      "cityName": "Nibong",
      "lat": 5.7775,
      "lng": 125.19
    },
    {
      "cityName": "Nidam",
      "lat": 6.308056,
      "lng": 125.075278
    },
    {
      "cityName": "Norala Barrio 10",
      "lat": 6.452222,
      "lng": 124.642778
    },
    {
      "cityName": "Norala Barrio 12",
      "lat": 6.4575,
      "lng": 124.681667
    },
    {
      "cityName": "Norala Barrio 13",
      "lat": 6.435,
      "lng": 124.668611
    },
    {
      "cityName": "Norala Barrio 2",
      "lat": 6.495,
      "lng": 124.7175
    },
    {
      "cityName": "Norala Barrio 5",
      "lat": 6.4925,
      "lng": 124.649444
    },
    {
      "cityName": "Norala",
      "lat": 6.5225,
      "lng": 124.659167
    },
    {
      "cityName": "Nucolyail",
      "lat": 5.663333,
      "lng": 125.296667
    },
    {
      "cityName": "Pagalungan",
      "lat": 6.235278,
      "lng": 125.041944
    },
    {
      "cityName": "Palian",
      "lat": 6.373889,
      "lng": 124.910556
    },
    {
      "cityName": "Palkan",
      "lat": 6.296389,
      "lng": 125.031667
    },
    {
      "cityName": "Pananok",
      "lat": 5.860278,
      "lng": 124.9975
    },
    {
      "cityName": "Panay",
      "lat": 6.497778,
      "lng": 124.638333
    },
    {
      "cityName": "Pange",
      "lat": 6.026111,
      "lng": 124.519722
    },
    {
      "cityName": "Pangyan",
      "lat": 5.700833,
      "lng": 125.281111
    },
    {
      "cityName": "Pansulan",
      "lat": 5.9825,
      "lng": 124.680278
    },
    {
      "cityName": "Paraiso",
      "lat": 6.473611,
      "lng": 124.810833
    },
    {
      "cityName": "Pinol",
      "lat": 6.103333,
      "lng": 124.380833
    },
    {
      "cityName": "Plain 2",
      "lat": 6.305556,
      "lng": 125.246944
    },
    {
      "cityName": "Poblacion",
      "lat": 6.335833,
      "lng": 124.933056
    },
    {
      "cityName": "Polomoloc",
      "lat": 6.221944,
      "lng": 125.060278
    },
    {
      "cityName": "Polongding",
      "lat": 6.285,
      "lng": 124.968333
    },
    {
      "cityName": "Polo",
      "lat": 6.264722,
      "lng": 125.1125
    },
    {
      "cityName": "Ponong Grande",
      "lat": 6.450556,
      "lng": 124.755278
    },
    {
      "cityName": "Puago",
      "lat": 5.948333,
      "lng": 124.705278
    },
    {
      "cityName": "Punsad",
      "lat": 5.713333,
      "lng": 125.272222
    },
    {
      "cityName": "Puti",
      "lat": 6.515278,
      "lng": 124.684722
    },
    {
      "cityName": "Rangay",
      "lat": 6.407778,
      "lng": 124.806389
    },
    {
      "cityName": "Rizal",
      "lat": 6.458611,
      "lng": 124.7325
    },
    {
      "cityName": "Rotunda",
      "lat": 6.521944,
      "lng": 124.89
    },
    {
      "cityName": "Sagal",
      "lat": 5.580556,
      "lng": 125.306111
    },
    {
      "cityName": "Salakit",
      "lat": 6.018611,
      "lng": 124.557778
    },
    {
      "cityName": "Salome",
      "lat": 5.862778,
      "lng": 124.979167
    },
    {
      "cityName": "Sampao",
      "lat": 6.630556,
      "lng": 124.631667
    },
    {
      "cityName": "San Isidro",
      "lat": 6.462778,
      "lng": 124.860833
    },
    {
      "cityName": "San Jose",
      "lat": 6.553611,
      "lng": 124.639167
    },
    {
      "cityName": "San Miguel",
      "lat": 6.489444,
      "lng": 124.695278
    },
    {
      "cityName": "Santo Niño",
      "lat": 6.435,
      "lng": 124.6975
    },
    {
      "cityName": "San Vicenta",
      "lat": 6.493056,
      "lng": 124.669722
    },
    {
      "cityName": "San Vicente",
      "lat": 6.449722,
      "lng": 124.794722
    },
    {
      "cityName": "Sao",
      "lat": 6.216667,
      "lng": 124.583333
    },
    {
      "cityName": "Sapakan",
      "lat": 6.302222,
      "lng": 124.6675
    },
    {
      "cityName": "Sapali",
      "lat": 6.347778,
      "lng": 124.797222
    },
    {
      "cityName": "Sapu Grande",
      "lat": 5.92,
      "lng": 125.275278
    },
    {
      "cityName": "Sapu-Padido",
      "lat": 5.917222,
      "lng": 125.266944
    },
    {
      "cityName": "Saravia",
      "lat": 6.423889,
      "lng": 124.880278
    },
    {
      "cityName": "Saub",
      "lat": 6.048056,
      "lng": 124.488056
    },
    {
      "cityName": "Sebu",
      "lat": 6.22,
      "lng": 124.693611
    },
    {
      "cityName": "Selken",
      "lat": 6.485833,
      "lng": 124.813056
    },
    {
      "cityName": "Selten",
      "lat": 6.2,
      "lng": 124.75
    },
    {
      "cityName": "Seroken",
      "lat": 6.466667,
      "lng": 124.833333
    },
    {
      "cityName": "Siguil",
      "lat": 6.191389,
      "lng": 124.811389
    },
    {
      "cityName": "Siluton",
      "lat": 6.23,
      "lng": 124.728611
    },
    {
      "cityName": "Silway 7",
      "lat": 6.180833,
      "lng": 125.114167
    },
    {
      "cityName": "Silway 8",
      "lat": 6.198056,
      "lng": 125.081389
    },
    {
      "cityName": "Sinabulad",
      "lat": 5.8,
      "lng": 125.183333
    },
    {
      "cityName": "Sinolon",
      "lat": 6.243889,
      "lng": 124.814444
    },
    {
      "cityName": "Sipilin",
      "lat": 6.0425,
      "lng": 124.521389
    },
    {
      "cityName": "Suagon",
      "lat": 6,
      "lng": 124.616667
    },
    {
      "cityName": "Suli",
      "lat": 5.975556,
      "lng": 124.656111
    },
    {
      "cityName": "Sulit",
      "lat": 6.236111,
      "lng": 125.020556
    },
    {
      "cityName": "Sumbang",
      "lat": 5.827778,
      "lng": 125.175833
    },
    {
      "cityName": "Supo",
      "lat": 5.888056,
      "lng": 124.838056
    },
    {
      "cityName": "Surallah",
      "lat": 6.366667,
      "lng": 124.733333
    },
    {
      "cityName": "Suyan",
      "lat": 6.060278,
      "lng": 125.385278
    },
    {
      "cityName": "Tabontod",
      "lat": 6.166667,
      "lng": 124.883333
    },
    {
      "cityName": "Tacalma",
      "lat": 6.255833,
      "lng": 125.271111
    },
    {
      "cityName": "Tacub",
      "lat": 5.883333,
      "lng": 124.883333
    },
    {
      "cityName": "Tafagang",
      "lat": 6.183333,
      "lng": 124.766667
    },
    {
      "cityName": "Takal",
      "lat": 6.100278,
      "lng": 124.388333
    },
    {
      "cityName": "Talukao",
      "lat": 6.078889,
      "lng": 124.439444
    },
    {
      "cityName": "Taluya",
      "lat": 5.811667,
      "lng": 125.172778
    },
    {
      "cityName": "Tamadang",
      "lat": 6.02,
      "lng": 124.634167
    },
    {
      "cityName": "Tambilil",
      "lat": 5.962222,
      "lng": 124.669722
    },
    {
      "cityName": "Tamlang",
      "lat": 5.844167,
      "lng": 125.358611
    },
    {
      "cityName": "Tampacan",
      "lat": 6.444167,
      "lng": 124.926389
    },
    {
      "cityName": "Tamparan",
      "lat": 5.673333,
      "lng": 125.295278
    },
    {
      "cityName": "Tamsia",
      "lat": 5.948611,
      "lng": 125.325278
    },
    {
      "cityName": "Tañgo",
      "lat": 5.880833,
      "lng": 125.221944
    },
    {
      "cityName": "Tantangan",
      "lat": 6.615,
      "lng": 124.748889
    },
    {
      "cityName": "Taplan",
      "lat": 6.483611,
      "lng": 124.881111
    },
    {
      "cityName": "Tapon",
      "lat": 5.831111,
      "lng": 125.220556
    },
    {
      "cityName": "Teresita",
      "lat": 6.413611,
      "lng": 124.707222
    },
    {
      "cityName": "Ticang",
      "lat": 5.593056,
      "lng": 125.294444
    },
    {
      "cityName": "Ticulab",
      "lat": 6.123333,
      "lng": 124.4275
    },
    {
      "cityName": "Tinago",
      "lat": 6.588056,
      "lng": 124.7
    },
    {
      "cityName": "Tingkalungan",
      "lat": 6.303611,
      "lng": 125.423611
    },
    {
      "cityName": "Tinoto",
      "lat": 5.886667,
      "lng": 125.070556
    },
    {
      "cityName": "Tituan",
      "lat": 6.017222,
      "lng": 125.390278
    },
    {
      "cityName": "Tocawal",
      "lat": 6.133333,
      "lng": 125.3
    },
    {
      "cityName": "Togakulasa",
      "lat": 6.1,
      "lng": 125.15
    },
    {
      "cityName": "Tual",
      "lat": 6,
      "lng": 124.633333
    },
    {
      "cityName": "Tubay",
      "lat": 6.187778,
      "lng": 125.435278
    },
    {
      "cityName": "Tubi",
      "lat": 6.306944,
      "lng": 124.781667
    },
    {
      "cityName": "Tuboli",
      "lat": 5.775278,
      "lng": 125.356667
    },
    {
      "cityName": "Tukadilas",
      "lat": 6.450278,
      "lng": 124.890278
    },
    {
      "cityName": "Tulan",
      "lat": 5.800833,
      "lng": 125.18
    },
    {
      "cityName": "Tupi",
      "lat": 6.334444,
      "lng": 124.952778
    },
    {
      "cityName": "Tuyan",
      "lat": 6,
      "lng": 125.283333
    },
    {
      "cityName": "Upper Klinan",
      "lat": 6.227222,
      "lng": 125.120833
    },
    {
      "cityName": "Upper Malalag",
      "lat": 6.066667,
      "lng": 124.496389
    },
    {
      "cityName": "Upper Polomoloc",
      "lat": 6.232778,
      "lng": 125.045833
    },
    {
      "cityName": "Veterans Townsite",
      "lat": 6.2775,
      "lng": 124.799167
    },
    {
      "cityName": "Villa R. Magsaysay",
      "lat": 6.574167,
      "lng": 124.762222
    },
    {
      "cityName": "Zulueta",
      "lat": 6.482778,
      "lng": 124.936667
    }
  ]
}