{
  "name": "Quezon City",
  "cities": [
    {
      "cityName": "Alicia",
      "lat": 14.665,
      "lng": 121.0208
    },
    {
      "cityName": "Amihan",
      "lat": 14.6274,
      "lng": 121.0675
    },
    {
      "cityName": "Apolonio Samson",
      "lat": 14.6483,
      "lng": 121.0078
    },
    {
      "cityName": "Baesa",
      "lat": 14.6724,
      "lng": 121.0113
    },
    {
      "cityName": "Bagbag",
      "lat": 14.6976,
      "lng": 121.0393
    },
    {
      "cityName": "Bagong Pagasa",
      "lat": 14.6627,
      "lng": 121.0328
    },
    {
      "cityName": "Bagong Silangan",
      "lat": 14.7064,
      "lng": 121.104
    },
    {
      "cityName": "Bagumbayan",
      "lat": 14.6052,
      "lng": 121.0813
    },
    {
      "cityName": "Bagumbuhay",
      "lat": 14.6195,
      "lng": 121.067
    },
    {
      "cityName": "Bahay Toro",
      "lat": 14.6741,
      "lng": 121.0345
    },
    {
      "cityName": "Balara",
      "lat": 14.6655,
      "lng": 121.0863
    },
    {
      "cityName": "Banlat",
      "lat": 14.674722,
      "lng": 121.026111
    },
    {
      "cityName": "Barilan",
      "lat": 14.633333,
      "lng": 121
    },
    {
      "cityName": "Barrio Obrero",
      "lat": 14.6276,
      "lng": 121.0315
    },
    {
      "cityName": "Batasan Hills",
      "lat": 14.6819,
      "lng": 121.0944
    },
    {
      "cityName": "Bayanihan",
      "lat": 14.6073,
      "lng": 121.071
    },
    {
      "cityName": "BF Homes Subdivision",
      "lat": 14.6881,
      "lng": 121.0786
    },
    {
      "cityName": "Binuksuk",
      "lat": 14.731944,
      "lng": 121.053611
    },
    {
      "cityName": "Blue Ridge",
      "lat": 14.6115,
      "lng": 121.0766
    },
    {
      "cityName": "Bungad",
      "lat": 14.6481,
      "lng": 121.024
    },
    {
      "cityName": "Caloocan",
      "lat": 14.633333,
      "lng": 121.05
    },
    {
      "cityName": "Camp Murphy",
      "lat": 14.618333,
      "lng": 121.059167
    },
    {
      "cityName": "Capital",
      "lat": 14.6975,
      "lng": 121.087778
    },
    {
      "cityName": "Capri",
      "lat": 14.719,
      "lng": 121.0288
    },
    {
      "cityName": "Carmel Subdivision",
      "lat": 14.672222,
      "lng": 121.039444
    },
    {
      "cityName": "Central",
      "lat": 14.6437,
      "lng": 121.0509
    },
    {
      "cityName": "Claro",
      "lat": 14.6255,
      "lng": 121.0668
    },
    {
      "cityName": "Commonwealth",
      "lat": 14.7004,
      "lng": 121.081
    },
    {
      "cityName": "Cruz Na Ligas",
      "lat": 14.6428,
      "lng": 121.0658
    },
    {
      "cityName": "Cubao",
      "lat": 14.616667,
      "lng": 121.05
    },
    {
      "cityName": "Culiat",
      "lat": 14.6697,
      "lng": 121.0494
    },
    {
      "cityName": "Damayang Lagi",
      "lat": 14.6191,
      "lng": 121.0268
    },
    {
      "cityName": "Damayao",
      "lat": 14.6377,
      "lng": 121.0142
    },
    {
      "cityName": "Del Monte",
      "lat": 14.6418,
      "lng": 121.0177
    },
    {
      "cityName": "Diliman",
      "lat": 14.658889,
      "lng": 121.073611
    },
    {
      "cityName": "Do単a Aurora",
      "lat": 14.6156,
      "lng": 121.0096
    },
    {
      "cityName": "Dona Faustina Village",
      "lat": 14.673056,
      "lng": 121.053611
    },
    {
      "cityName": "Do単a Imelda",
      "lat": 14.6162,
      "lng": 121.0192
    },
    {
      "cityName": "Do単a Josefa",
      "lat": 14.6193,
      "lng": 121.0065
    },
    {
      "cityName": "Don Manuel",
      "lat": 14.6146,
      "lng": 121.0034
    },
    {
      "cityName": "Duyan Duyan",
      "lat": 14.6228,
      "lng": 121.0699
    },
    {
      "cityName": "East Kamias",
      "lat": 14.6314,
      "lng": 121.0547
    },
    {
      "cityName": "East Triangle",
      "lat": 14.6428,
      "lng": 121.0426
    },
    {
      "cityName": "E. Rodriguez",
      "lat": 14.6213,
      "lng": 121.0543
    },
    {
      "cityName": "Escoba",
      "lat": 14.619,
      "lng": 121.074
    },
    {
      "cityName": "Fairview",
      "lat": 14.7036,
      "lng": 121.069
    },
    {
      "cityName": "Filinvest Homes",
      "lat": 14.6878,
      "lng": 121.102
    },
    {
      "cityName": "Galas",
      "lat": 14.6083,
      "lng": 121.0146
    },
    {
      "cityName": "Geronimo Subdivision",
      "lat": 14.675833,
      "lng": 121.029722
    },
    {
      "cityName": "Grace Park",
      "lat": 14.633333,
      "lng": 120.966667
    },
    {
      "cityName": "Greater Lagro",
      "lat": 14.7279,
      "lng": 121.0531
    },
    {
      "cityName": "Gulod",
      "lat": 14.7103,
      "lng": 121.0388
    },
    {
      "cityName": "Horseshoe",
      "lat": 14.6095,
      "lng": 121.0454
    },
    {
      "cityName": "Immaculate Concepcion",
      "lat": 14.619,
      "lng": 121.0461
    },
    {
      "cityName": "Kalusugan",
      "lat": 14.6227,
      "lng": 121.0253
    },
    {
      "cityName": "Kamuning",
      "lat": 14.6274,
      "lng": 121.0402
    },
    {
      "cityName": "Kanluran",
      "lat": 14.6134,
      "lng": 121.0428
    },
    {
      "cityName": "Katipunan",
      "lat": 14.652,
      "lng": 121.018
    },
    {
      "cityName": "Kings Point Subdivision",
      "lat": 14.702778,
      "lng": 121.024722
    },
    {
      "cityName": "Kristong Hari",
      "lat": 14.6243,
      "lng": 121.0336
    },
    {
      "cityName": "Laging Handa",
      "lat": 14.6306,
      "lng": 121.0294
    },
    {
      "cityName": "Libis",
      "lat": 14.608,
      "lng": 121.0807
    },
    {
      "cityName": "Lourdes",
      "lat": 14.6224,
      "lng": 121.0041
    },
    {
      "cityName": "Loyola Heights",
      "lat": 14.629,
      "lng": 121.0726
    },
    {
      "cityName": "Mahabang-gubat",
      "lat": 14.651111,
      "lng": 121.037222
    },
    {
      "cityName": "Malaya",
      "lat": 14.6342,
      "lng": 121.0537
    },
    {
      "cityName": "Mangga",
      "lat": 14.6242,
      "lng": 121.0626
    },
    {
      "cityName": "Manila Heights Subdivision",
      "lat": 14.6,
      "lng": 121.066667
    },
    {
      "cityName": "Manotok Subdivision",
      "lat": 14.677778,
      "lng": 121.01
    },
    {
      "cityName": "Manresa",
      "lat": 14.6402,
      "lng": 121.0039
    },
    {
      "cityName": "Mapuntod",
      "lat": 14.6,
      "lng": 121.033333
    },
    {
      "cityName": "Mariana",
      "lat": 14.6172,
      "lng": 121.0361
    },
    {
      "cityName": "Mariblo",
      "lat": 14.6347,
      "lng": 121.016
    },
    {
      "cityName": "Marilag",
      "lat": 14.6211,
      "lng": 121.0703
    },
    {
      "cityName": "Masagana",
      "lat": 14.6119,
      "lng": 121.0663
    },
    {
      "cityName": "Masambong",
      "lat": 14.6409,
      "lng": 121.0107
    },
    {
      "cityName": "Milagrosa",
      "lat": 14.6143,
      "lng": 121.0717
    },
    {
      "cityName": "Nayong Kanluran",
      "lat": 14.6387,
      "lng": 121.025
    },
    {
      "cityName": "New Era",
      "lat": 14.6624,
      "lng": 121.0557
    },
    {
      "cityName": "New Manila",
      "lat": 14.618889,
      "lng": 121.027222
    },
    {
      "cityName": "North Fairview",
      "lat": 14.7149,
      "lng": 121.0555
    },
    {
      "cityName": "North Triangle",
      "lat": 14.6498,
      "lng": 121.0398
    },
    {
      "cityName": "Novaliches",
      "lat": 14.7178,
      "lng": 121.0367
    },
    {
      "cityName": "Once",
      "lat": 14.600833,
      "lng": 121.031944
    },
    {
      "cityName": "Pagatas",
      "lat": 14.7007,
      "lng": 121.0974
    },
    {
      "cityName": "Paligsahan",
      "lat": 14.63,
      "lng": 121.0203
    },
    {
      "cityName": "Paltok",
      "lat": 14.6431,
      "lng": 121.0246
    },
    {
      "cityName": "Pansol",
      "lat": 14.654,
      "lng": 121.0804
    },
    {
      "cityName": "Paraiso",
      "lat": 14.6363,
      "lng": 121.0156
    },
    {
      "cityName": "Pascual Subdivision",
      "lat": 14.673889,
      "lng": 121.013611
    },
    {
      "cityName": "Pasong Tamo",
      "lat": 14.6809,
      "lng": 121.0673
    },
    {
      "cityName": "Phil-Am",
      "lat": 14.6474,
      "lng": 121.0318
    },
    {
      "cityName": "Pinagkaisahan",
      "lat": 14.623,
      "lng": 121.0457
    },
    {
      "cityName": "Pinyahan",
      "lat": 14.636,
      "lng": 121.0495
    },
    {
      "cityName": "Project 6",
      "lat": 14.6591,
      "lng": 121.0395
    },
    {
      "cityName": "Quezon City",
      "lat": 14.6488,
      "lng": 121.0509
    },
    {
      "cityName": "Quirino",
      "lat": 14.6291,
      "lng": 121.0584
    },
    {
      "cityName": "Ramon Magsaysay",
      "lat": 14.658,
      "lng": 121.0168
    },
    {
      "cityName": "Roxas",
      "lat": 14.6265,
      "lng": 121.0236
    },
    {
      "cityName": "Sacred Heart",
      "lat": 14.6308,
      "lng": 121.0383
    },
    {
      "cityName": "Saint Ignacius",
      "lat": 14.6013,
      "lng": 121.0709
    },
    {
      "cityName": "Sampaloc",
      "lat": 14.616667,
      "lng": 121
    },
    {
      "cityName": "San Antonio",
      "lat": 14.647,
      "lng": 121.0164
    },
    {
      "cityName": "San Bartolome",
      "lat": 14.7088,
      "lng": 121.0281
    },
    {
      "cityName": "Sangandaan",
      "lat": 14.6736,
      "lng": 121.0229
    },
    {
      "cityName": "San Isidro",
      "lat": 14.6116,
      "lng": 121.0063
    },
    {
      "cityName": "San Juan del Monte",
      "lat": 14.601944,
      "lng": 121.029444
    },
    {
      "cityName": "San Martin De Porres",
      "lat": 14.6143,
      "lng": 121.0502
    },
    {
      "cityName": "San Roque",
      "lat": 14.6177,
      "lng": 121.0611
    },
    {
      "cityName": "Santa Cruz",
      "lat": 14.6359,
      "lng": 121.0224
    },
    {
      "cityName": "Santa Lucia",
      "lat": 14.7064,
      "lng": 121.0525
    },
    {
      "cityName": "Santa Monica",
      "lat": 14.7248,
      "lng": 121.0465
    },
    {
      "cityName": "Santo Cristo",
      "lat": 14.6584,
      "lng": 121.025
    },
    {
      "cityName": "Santo Domingo",
      "lat": 14.6267,
      "lng": 121.006
    },
    {
      "cityName": "Santol",
      "lat": 14.6136,
      "lng": 121.0229
    },
    {
      "cityName": "Santo Ni単o",
      "lat": 14.6119,
      "lng": 121.0138
    },
    {
      "cityName": "San Vicente",
      "lat": 14.655,
      "lng": 121.0596
    },
    {
      "cityName": "Sauyo",
      "lat": 14.6853,
      "lng": 121.0362
    },
    {
      "cityName": "Sienna",
      "lat": 14.6331,
      "lng": 121.0055
    },
    {
      "cityName": "Sikatuna",
      "lat": 14.6381,
      "lng": 121.059
    },
    {
      "cityName": "Silangan",
      "lat": 14.6263,
      "lng": 121.0594
    },
    {
      "cityName": "Soccorro",
      "lat": 14.612,
      "lng": 121.0582
    },
    {
      "cityName": "South Triangle",
      "lat": 14.6359,
      "lng": 121.0369
    },
    {
      "cityName": "Tagumpay",
      "lat": 14.6224,
      "lng": 121.0629
    },
    {
      "cityName": "Talampas",
      "lat": 14.605556,
      "lng": 121.078056
    },
    {
      "cityName": "Talayan",
      "lat": 14.6327,
      "lng": 121.0124
    },
    {
      "cityName": "Talipapa",
      "lat": 14.6857,
      "lng": 121.0269
    },
    {
      "cityName": "Tandang Sora",
      "lat": 14.6785,
      "lng": 121.0424
    },
    {
      "cityName": "Tanque",
      "lat": 14.633333,
      "lng": 121.016667
    },
    {
      "cityName": "Tatalon",
      "lat": 14.6236,
      "lng": 121.0135
    },
    {
      "cityName": "Teachers Village",
      "lat": 14.6411,
      "lng": 121.0551
    },
    {
      "cityName": "Teodoro Kalaw Jr. Subdivision",
      "lat": 14.670278,
      "lng": 121.060278
    },
    {
      "cityName": "Tierra Bella Subdivision",
      "lat": 14.6675,
      "lng": 121.066667
    },
    {
      "cityName": "Timoteo Cruz Subdivision",
      "lat": 14.681111,
      "lng": 121.010556
    },
    {
      "cityName": "Ugong Norte",
      "lat": 14.5925,
      "lng": 121.0712
    },
    {
      "cityName": "U.P. Village",
      "lat": 14.649944,
      "lng": 121.058858
    },
    {
      "cityName": "Valencia",
      "lat": 14.6104,
      "lng": 121.0378
    },
    {
      "cityName": "Vasra",
      "lat": 14.659,
      "lng": 121.0443
    },
    {
      "cityName": "Veterans Village",
      "lat": 14.6532,
      "lng": 121.0257
    },
    {
      "cityName": "Villa Maria Clara",
      "lat": 14.6089,
      "lng": 121.0699
    },
    {
      "cityName": "West Kamias",
      "lat": 14.6303,
      "lng": 121.0493
    },
    {
      "cityName": "West Triangle",
      "lat": 14.6422,
      "lng": 121.0316
    },
    {
      "cityName": "White Plains",
      "lat": 14.5965,
      "lng": 121.0707
    },
    {
      "cityName": "Zobel",
      "lat": 14.615,
      "lng": 121.0662
    }
  ]
}