{
  "name": "Leyte",
  "cities": [
    {
      "cityName": "Abaca",
      "lat": 11.086944,
      "lng": 124.917778
    },
    {
      "cityName": "Abango",
      "lat": 11.25,
      "lng": 124.75
    },
    {
      "cityName": "Abijae",
      "lat": 11.151389,
      "lng": 124.400278
    },
    {
      "cityName": "Abijid",
      "lat": 10.466667,
      "lng": 124.75
    },
    {
      "cityName": "Abobo",
      "lat": 11.366667,
      "lng": 124.366667
    },
    {
      "cityName": "Abre",
      "lat": 11.066667,
      "lng": 124.9
    },
    {
      "cityName": "Abuyog",
      "lat": 10.735278,
      "lng": 125.021389
    },
    {
      "cityName": "Abuyogay",
      "lat": 10.75,
      "lng": 125
    },
    {
      "cityName": "Acaban",
      "lat": 11.688889,
      "lng": 124.500556
    },
    {
      "cityName": "Agaban",
      "lat": 11.683611,
      "lng": 124.504167
    },
    {
      "cityName": "Agahang",
      "lat": 11.297222,
      "lng": 124.532222
    },
    {
      "cityName": "Agaoob",
      "lat": 11.183333,
      "lng": 124.433333
    },
    {
      "cityName": "Agayan",
      "lat": 11.216667,
      "lng": 124.533333
    },
    {
      "cityName": "Agobob",
      "lat": 11.167222,
      "lng": 124.443889
    },
    {
      "cityName": "Agpangi",
      "lat": 11.592222,
      "lng": 124.396111
    },
    {
      "cityName": "Agutay",
      "lat": 11.813333,
      "lng": 124.335278
    },
    {
      "cityName": "Alahag",
      "lat": 11.183333,
      "lng": 124.816667
    },
    {
      "cityName": "Alangalang",
      "lat": 11.206111,
      "lng": 124.846667
    },
    {
      "cityName": "Albuara",
      "lat": 10.916667,
      "lng": 124.696667
    },
    {
      "cityName": "Alegre",
      "lat": 10.933333,
      "lng": 125
    },
    {
      "cityName": "Alegria",
      "lat": 10.933333,
      "lng": 124.95
    },
    {
      "cityName": "Alejos",
      "lat": 10.345833,
      "lng": 124.818611
    },
    {
      "cityName": "Alkuino",
      "lat": 10.698056,
      "lng": 124.810278
    },
    {
      "cityName": "Almarco",
      "lat": 11.083333,
      "lng": 124.4
    },
    {
      "cityName": "Almenia",
      "lat": 11.620278,
      "lng": 124.381667
    },
    {
      "cityName": "Altavista",
      "lat": 10.683333,
      "lng": 124.783333
    },
    {
      "cityName": "Amahit",
      "lat": 11.280278,
      "lng": 124.754722
    },
    {
      "cityName": "Amambahag",
      "lat": 11.669722,
      "lng": 124.536111
    },
    {
      "cityName": "Amandangay",
      "lat": 11.066667,
      "lng": 124.883333
    },
    {
      "cityName": "America",
      "lat": 10.9,
      "lng": 124.95
    },
    {
      "cityName": "Anahauan",
      "lat": 11.165,
      "lng": 124.945278
    },
    {
      "cityName": "Anahauay",
      "lat": 11.152778,
      "lng": 124.947778
    },
    {
      "cityName": "Anahawan",
      "lat": 10.35,
      "lng": 124.866667
    },
    {
      "cityName": "Anas",
      "lat": 10.653056,
      "lng": 125.033889
    },
    {
      "cityName": "Andres Bonifacio",
      "lat": 10.733333,
      "lng": 124.966667
    },
    {
      "cityName": "Anglag",
      "lat": 10.583333,
      "lng": 125.05
    },
    {
      "cityName": "Anibongan",
      "lat": 10.626111,
      "lng": 125.056389
    },
    {
      "cityName": "Anibong",
      "lat": 11.001667,
      "lng": 124.993056
    },
    {
      "cityName": "Anibungan",
      "lat": 11.216667,
      "lng": 124.75
    },
    {
      "cityName": "Anislagan",
      "lat": 11.516944,
      "lng": 124.317222
    },
    {
      "cityName": "Anislag",
      "lat": 10.935,
      "lng": 124.439167
    },
    {
      "cityName": "Anog",
      "lat": 11.478611,
      "lng": 124.556389
    },
    {
      "cityName": "Anonang",
      "lat": 10.983333,
      "lng": 124.883333
    },
    {
      "cityName": "Antipolo",
      "lat": 11.299722,
      "lng": 124.628611
    },
    {
      "cityName": "Apale",
      "lat": 10.866667,
      "lng": 124.483333
    },
    {
      "cityName": "Apid",
      "lat": 10.535278,
      "lng": 124.642222
    },
    {
      "cityName": "Arabo",
      "lat": 10.933333,
      "lng": 124.966667
    },
    {
      "cityName": "Arado",
      "lat": 10.95,
      "lng": 125.033333
    },
    {
      "cityName": "Arasto",
      "lat": 11.038333,
      "lng": 124.996111
    },
    {
      "cityName": "Arevalo",
      "lat": 11.358333,
      "lng": 124.360833
    },
    {
      "cityName": "Ariquen",
      "lat": 11.478333,
      "lng": 124.548056
    },
    {
      "cityName": "Aristog",
      "lat": 11.549722,
      "lng": 124.588611
    },
    {
      "cityName": "Ariuan",
      "lat": 11.066667,
      "lng": 124.966667
    },
    {
      "cityName": "Aslom",
      "lat": 10.966667,
      "lng": 124.866667
    },
    {
      "cityName": "Asluman",
      "lat": 11.601667,
      "lng": 124.543889
    },
    {
      "cityName": "Aslum",
      "lat": 10.716667,
      "lng": 125.083333
    },
    {
      "cityName": "Aslun",
      "lat": 11.167778,
      "lng": 124.884722
    },
    {
      "cityName": "Astorga",
      "lat": 11.154167,
      "lng": 124.859722
    },
    {
      "cityName": "Atipolo",
      "lat": 11.573056,
      "lng": 124.395833
    },
    {
      "cityName": "Aurora",
      "lat": 11.385833,
      "lng": 124.336389
    },
    {
      "cityName": "Baas",
      "lat": 10.374722,
      "lng": 124.781389
    },
    {
      "cityName": "Babaiñgon",
      "lat": 11.423333,
      "lng": 124.846111
    },
    {
      "cityName": "Babalanga",
      "lat": 10.883333,
      "lng": 124.75
    },
    {
      "cityName": "Bacabgan",
      "lat": 11.366667,
      "lng": 124.35
    },
    {
      "cityName": "Bachao",
      "lat": 11.383333,
      "lng": 124.483333
    },
    {
      "cityName": "Baco",
      "lat": 11.4125,
      "lng": 124.485278
    },
    {
      "cityName": "Bacol",
      "lat": 11.4,
      "lng": 124.95
    },
    {
      "cityName": "Badiang",
      "lat": 10.202778,
      "lng": 124.791389
    },
    {
      "cityName": "Badiang daco",
      "lat": 11.137778,
      "lng": 124.400556
    },
    {
      "cityName": "Bagabao",
      "lat": 11.300556,
      "lng": 124.441389
    },
    {
      "cityName": "Bagacay",
      "lat": 10.897778,
      "lng": 124.906944
    },
    {
      "cityName": "Bagahupi",
      "lat": 11.358889,
      "lng": 124.953056
    },
    {
      "cityName": "Bagakay",
      "lat": 11.3,
      "lng": 124.366667
    },
    {
      "cityName": "Bagbacay",
      "lat": 11.247778,
      "lng": 124.469167
    },
    {
      "cityName": "Bago",
      "lat": 10.333333,
      "lng": 124.783333
    },
    {
      "cityName": "Bagsay",
      "lat": 11.4,
      "lng": 124.383333
    },
    {
      "cityName": "Baguiad",
      "lat": 11.35,
      "lng": 124.35
    },
    {
      "cityName": "Baguinbin",
      "lat": 10.981111,
      "lng": 124.413333
    },
    {
      "cityName": "Bagulangsang",
      "lat": 11.502222,
      "lng": 124.294167
    },
    {
      "cityName": "Bagumbayan",
      "lat": 10.383333,
      "lng": 124.75
    },
    {
      "cityName": "Bahay",
      "lat": 11.122778,
      "lng": 124.861667
    },
    {
      "cityName": "Bahiguhay",
      "lat": 11.283333,
      "lng": 124.7
    },
    {
      "cityName": "Bairan",
      "lat": 11.258611,
      "lng": 124.814167
    },
    {
      "cityName": "Bakong",
      "lat": 11.399167,
      "lng": 124.809167
    },
    {
      "cityName": "Balaglas",
      "lat": 11.201389,
      "lng": 124.513889
    },
    {
      "cityName": "Balagui",
      "lat": 11.473611,
      "lng": 124.514167
    },
    {
      "cityName": "Balakson",
      "lat": 11.669444,
      "lng": 124.339722
    },
    {
      "cityName": "Balanac",
      "lat": 11.175833,
      "lng": 124.468056
    },
    {
      "cityName": "Balang Baco",
      "lat": 11.370278,
      "lng": 124.960278
    },
    {
      "cityName": "Balao",
      "lat": 10.608056,
      "lng": 124.8325
    },
    {
      "cityName": "Balaw",
      "lat": 10.683333,
      "lng": 124.8
    },
    {
      "cityName": "Balere",
      "lat": 10.833333,
      "lng": 124.95
    },
    {
      "cityName": "Balife",
      "lat": 11.2025,
      "lng": 124.389444
    },
    {
      "cityName": "Balilit",
      "lat": 11.083333,
      "lng": 124.933333
    },
    {
      "cityName": "Balingasag",
      "lat": 11.01,
      "lng": 124.963889
    },
    {
      "cityName": "Balinsacayao",
      "lat": 10.680556,
      "lng": 124.958333
    },
    {
      "cityName": "Baliw",
      "lat": 10.35,
      "lng": 124.883333
    },
    {
      "cityName": "Ballesteros",
      "lat": 11.336389,
      "lng": 124.756389
    },
    {
      "cityName": "Balocaway",
      "lat": 11.435556,
      "lng": 124.521944
    },
    {
      "cityName": "Balocawe",
      "lat": 10.711944,
      "lng": 124.960833
    },
    {
      "cityName": "Balocawehay",
      "lat": 10.724444,
      "lng": 124.968333
    },
    {
      "cityName": "Balogo",
      "lat": 10.888333,
      "lng": 124.710278
    },
    {
      "cityName": "Baluarte",
      "lat": 11.313889,
      "lng": 124.723333
    },
    {
      "cityName": "Balucanad",
      "lat": 11.281389,
      "lng": 124.650556
    },
    {
      "cityName": "Balud",
      "lat": 11.291944,
      "lng": 124.650556
    },
    {
      "cityName": "Banayon",
      "lat": 11.053333,
      "lng": 124.927222
    },
    {
      "cityName": "Banga",
      "lat": 10.466667,
      "lng": 124.883333
    },
    {
      "cityName": "Bangabanga",
      "lat": 11.233333,
      "lng": 124.683333
    },
    {
      "cityName": "Bang-hao",
      "lat": 11.444167,
      "lng": 124.466944
    },
    {
      "cityName": "Bangon",
      "lat": 11.383333,
      "lng": 124.333333
    },
    {
      "cityName": "Bantigue",
      "lat": 10.925,
      "lng": 124.414722
    },
    {
      "cityName": "Bantigui",
      "lat": 10.340833,
      "lng": 124.780833
    },
    {
      "cityName": "Banuyo",
      "lat": 11.333333,
      "lng": 124.466667
    },
    {
      "cityName": "Baranbang",
      "lat": 11.266944,
      "lng": 124.424167
    },
    {
      "cityName": "Baras",
      "lat": 11.183333,
      "lng": 125.016667
    },
    {
      "cityName": "Baras Daco",
      "lat": 11.516944,
      "lng": 124.291111
    },
    {
      "cityName": "Barayong",
      "lat": 11.170278,
      "lng": 124.975278
    },
    {
      "cityName": "Bariis",
      "lat": 11.555556,
      "lng": 124.5925
    },
    {
      "cityName": "Baroc",
      "lat": 11.55,
      "lng": 124.6
    },
    {
      "cityName": "Bartoline",
      "lat": 10.753333,
      "lng": 124.793056
    },
    {
      "cityName": "Barugoay",
      "lat": 11.292778,
      "lng": 124.705
    },
    {
      "cityName": "Barugo",
      "lat": 11.324167,
      "lng": 124.738333
    },
    {
      "cityName": "Baruguhay Central",
      "lat": 11.3,
      "lng": 124.683333
    },
    {
      "cityName": "Basud",
      "lat": 11.368056,
      "lng": 124.364167
    },
    {
      "cityName": "Bato",
      "lat": 10.327778,
      "lng": 124.791111
    },
    {
      "cityName": "Batuan",
      "lat": 10.466667,
      "lng": 124.766667
    },
    {
      "cityName": "Baugo",
      "lat": 10.529444,
      "lng": 124.963889
    },
    {
      "cityName": "Bawang",
      "lat": 10.683333,
      "lng": 125.116667
    },
    {
      "cityName": "Bayabas",
      "lat": 10.670556,
      "lng": 125.005278
    },
    {
      "cityName": "Baybay",
      "lat": 10.676944,
      "lng": 124.799167
    },
    {
      "cityName": "Bayugan",
      "lat": 10.6,
      "lng": 125.083333
    },
    {
      "cityName": "Bayug",
      "lat": 10.983333,
      "lng": 124.916667
    },
    {
      "cityName": "Belen",
      "lat": 10.983333,
      "lng": 124.466667
    },
    {
      "cityName": "Beniay",
      "lat": 11.466667,
      "lng": 124.466667
    },
    {
      "cityName": "Benolho",
      "lat": 10.947778,
      "lng": 124.674722
    },
    {
      "cityName": "Berseth",
      "lat": 11.230278,
      "lng": 124.829444
    },
    {
      "cityName": "Betaog",
      "lat": 10.916667,
      "lng": 124.55
    },
    {
      "cityName": "Biasang",
      "lat": 10.966667,
      "lng": 124.533333
    },
    {
      "cityName": "Bi-as",
      "lat": 11.183333,
      "lng": 124.783333
    },
    {
      "cityName": "Biasong",
      "lat": 10.666667,
      "lng": 124.816667
    },
    {
      "cityName": "Bibo",
      "lat": 10.85,
      "lng": 124.966667
    },
    {
      "cityName": "Bigaa",
      "lat": 11.533333,
      "lng": 124.416667
    },
    {
      "cityName": "Biliran",
      "lat": 11.466667,
      "lng": 124.475278
    },
    {
      "cityName": "Biluang",
      "lat": 11.696944,
      "lng": 124.399167
    },
    {
      "cityName": "Bilwang",
      "lat": 10.882222,
      "lng": 124.47
    },
    {
      "cityName": "Binagbag",
      "lat": 10.883333,
      "lng": 124.5
    },
    {
      "cityName": "Binalauan",
      "lat": 11.764444,
      "lng": 124.327222
    },
    {
      "cityName": "Bincay",
      "lat": 10.9,
      "lng": 125.016667
    },
    {
      "cityName": "Binibihah",
      "lat": 11.211944,
      "lng": 124.733889
    },
    {
      "cityName": "Binibulang",
      "lat": 10.4,
      "lng": 124.716667
    },
    {
      "cityName": "Binog",
      "lat": 10.4,
      "lng": 124.733333
    },
    {
      "cityName": "Binohañgan",
      "lat": 11.6,
      "lng": 124.566667
    },
    {
      "cityName": "Binongloan",
      "lat": 11.2175,
      "lng": 124.824167
    },
    {
      "cityName": "Bintoan",
      "lat": 10.966667,
      "lng": 124.7
    },
    {
      "cityName": "Binullio",
      "lat": 10.816667,
      "lng": 124.9
    },
    {
      "cityName": "Binungto-an",
      "lat": 11.216667,
      "lng": 124.833333
    },
    {
      "cityName": "Binuntuan",
      "lat": 11.437222,
      "lng": 124.879444
    },
    {
      "cityName": "Bislig",
      "lat": 11.0725,
      "lng": 125.033611
    },
    {
      "cityName": "Bisoria",
      "lat": 11.297778,
      "lng": 124.669444
    },
    {
      "cityName": "Bitahuan",
      "lat": 10.596667,
      "lng": 124.766944
    },
    {
      "cityName": "Bito",
      "lat": 10.766667,
      "lng": 125
    },
    {
      "cityName": "Bitoon",
      "lat": 10.933333,
      "lng": 124.4
    },
    {
      "cityName": "Biyasong",
      "lat": 10.766667,
      "lng": 124.783333
    },
    {
      "cityName": "Bobao",
      "lat": 11.399722,
      "lng": 124.536667
    },
    {
      "cityName": "Boghaon",
      "lat": 11.240278,
      "lng": 124.484722
    },
    {
      "cityName": "Boho",
      "lat": 11.316667,
      "lng": 124.333333
    },
    {
      "cityName": "Bohol",
      "lat": 11.680278,
      "lng": 124.516667
    },
    {
      "cityName": "Bojo",
      "lat": 10.45,
      "lng": 124.783333
    },
    {
      "cityName": "Bolirao",
      "lat": 11.066667,
      "lng": 124.916667
    },
    {
      "cityName": "Bolod",
      "lat": 11.166667,
      "lng": 124.833333
    },
    {
      "cityName": "Bolongtd",
      "lat": 11.133333,
      "lng": 124.95
    },
    {
      "cityName": "Bolongtohan",
      "lat": 11,
      "lng": 124.983333
    },
    {
      "cityName": "Bonali",
      "lat": 11.383333,
      "lng": 124.383333
    },
    {
      "cityName": "Bonbongon",
      "lat": 11.256944,
      "lng": 124.581389
    },
    {
      "cityName": "Bonga Bonga",
      "lat": 11.116667,
      "lng": 124.883333
    },
    {
      "cityName": "Bong-aw",
      "lat": 10.416667,
      "lng": 124.8
    },
    {
      "cityName": "Bongbongan",
      "lat": 11.266667,
      "lng": 124.583333
    },
    {
      "cityName": "Bonglayon",
      "lat": 11.121667,
      "lng": 124.739722
    },
    {
      "cityName": "Bontogon",
      "lat": 11.431389,
      "lng": 124.469722
    },
    {
      "cityName": "Bontok",
      "lat": 10.45,
      "lng": 124.733333
    },
    {
      "cityName": "Borongo",
      "lat": 10.883333,
      "lng": 124.7
    },
    {
      "cityName": "Bosloton",
      "lat": 10.916667,
      "lng": 124.4
    },
    {
      "cityName": "Botnga",
      "lat": 11.155833,
      "lng": 124.420278
    },
    {
      "cityName": "Buac",
      "lat": 10.866667,
      "lng": 124.75
    },
    {
      "cityName": "Buaya",
      "lat": 10.7,
      "lng": 125.083333
    },
    {
      "cityName": "Bubon",
      "lat": 10.683333,
      "lng": 124.85
    },
    {
      "cityName": "Bubunao",
      "lat": 11.3,
      "lng": 124.883333
    },
    {
      "cityName": "Bucal",
      "lat": 10.7,
      "lng": 124.833333
    },
    {
      "cityName": "Buenavista",
      "lat": 10.616667,
      "lng": 125.083333
    },
    {
      "cityName": "Buga",
      "lat": 10.596111,
      "lng": 124.8425
    },
    {
      "cityName": "Bugabuga",
      "lat": 11.190278,
      "lng": 124.413611
    },
    {
      "cityName": "Bugho",
      "lat": 10.795833,
      "lng": 124.935556
    },
    {
      "cityName": "Bughu",
      "lat": 11.25,
      "lng": 124.85
    },
    {
      "cityName": "Bugnay",
      "lat": 11.383333,
      "lng": 124.35
    },
    {
      "cityName": "Bukid",
      "lat": 11.295,
      "lng": 124.7475
    },
    {
      "cityName": "Bulacan",
      "lat": 10.466667,
      "lng": 124.733333
    },
    {
      "cityName": "Bulalacao",
      "lat": 11.692222,
      "lng": 124.382778
    },
    {
      "cityName": "Bulalakao",
      "lat": 11.483333,
      "lng": 124.466667
    },
    {
      "cityName": "Bulan",
      "lat": 11.183333,
      "lng": 124.450556
    },
    {
      "cityName": "Buli",
      "lat": 10.316667,
      "lng": 124.8
    },
    {
      "cityName": "Bunakan",
      "lat": 11.480278,
      "lng": 124.333611
    },
    {
      "cityName": "Buncogan",
      "lat": 11.529444,
      "lng": 124.350278
    },
    {
      "cityName": "Bunga",
      "lat": 10.775556,
      "lng": 124.784444
    },
    {
      "cityName": "Bungo",
      "lat": 10.783333,
      "lng": 125
    },
    {
      "cityName": "Bungtod",
      "lat": 10.9,
      "lng": 124.966667
    },
    {
      "cityName": "Bunong",
      "lat": 10.3125,
      "lng": 124.795278
    },
    {
      "cityName": "Buntay",
      "lat": 10.733333,
      "lng": 124.916667
    },
    {
      "cityName": "Buquid",
      "lat": 11.316667,
      "lng": 124.733333
    },
    {
      "cityName": "Burabod",
      "lat": 11.478333,
      "lng": 124.455833
    },
    {
      "cityName": "Burabud-Bilwang",
      "lat": 11.699167,
      "lng": 124.408056
    },
    {
      "cityName": "Buracan",
      "lat": 10.855278,
      "lng": 124.953611
    },
    {
      "cityName": "Burak",
      "lat": 11.05,
      "lng": 125.016667
    },
    {
      "cityName": "Burauen",
      "lat": 10.975556,
      "lng": 124.892778
    },
    {
      "cityName": "Buri",
      "lat": 11.004444,
      "lng": 124.908333
    },
    {
      "cityName": "Busali",
      "lat": 11.488611,
      "lng": 124.445556
    },
    {
      "cityName": "Butak",
      "lat": 11.416667,
      "lng": 124.333333
    },
    {
      "cityName": "Butasan l",
      "lat": 11.306111,
      "lng": 124.461944
    },
    {
      "cityName": "Butigan",
      "lat": 10.65,
      "lng": 124.85
    },
    {
      "cityName": "Buyayao",
      "lat": 11.057222,
      "lng": 124.860556
    },
    {
      "cityName": "Cabacongan",
      "lat": 10.933333,
      "lng": 124.981667
    },
    {
      "cityName": "Cabadsan",
      "lat": 11.25,
      "lng": 124.833333
    },
    {
      "cityName": "Cabagtan",
      "lat": 10.966667,
      "lng": 124.95
    },
    {
      "cityName": "Cabalasan",
      "lat": 10.633333,
      "lng": 124.833333
    },
    {
      "cityName": "Cabaluan",
      "lat": 11.222778,
      "lng": 124.535833
    },
    {
      "cityName": "Caba-ohan",
      "lat": 11.133333,
      "lng": 124.866667
    },
    {
      "cityName": "Cabaracan",
      "lat": 10.95,
      "lng": 124.966667
    },
    {
      "cityName": "Cabarasan",
      "lat": 10.933333,
      "lng": 124.983333
    },
    {
      "cityName": "Cabarasan Dacu",
      "lat": 11.15,
      "lng": 124.983333
    },
    {
      "cityName": "Cabatoan",
      "lat": 10.866667,
      "lng": 124.733333
    },
    {
      "cityName": "Cabayagon",
      "lat": 10.578611,
      "lng": 124.871389
    },
    {
      "cityName": "Cabaywa",
      "lat": 11.183333,
      "lng": 124.933333
    },
    {
      "cityName": "Cabolan",
      "lat": 11.321944,
      "lng": 124.545278
    },
    {
      "cityName": "Caboloan",
      "lat": 11.326389,
      "lng": 124.803611
    },
    {
      "cityName": "Caboloran",
      "lat": 11.046667,
      "lng": 124.904722
    },
    {
      "cityName": "Cabucgayan",
      "lat": 11.471944,
      "lng": 124.575
    },
    {
      "cityName": "Cabulan",
      "lat": 11.245833,
      "lng": 124.560278
    },
    {
      "cityName": "Cabulilisan",
      "lat": 10.511667,
      "lng": 124.812222
    },
    {
      "cityName": "Cabungaan",
      "lat": 11.032778,
      "lng": 124.891111
    },
    {
      "cityName": "Cabunga-an",
      "lat": 11.424444,
      "lng": 124.345278
    },
    {
      "cityName": "Cabuynan",
      "lat": 11.080556,
      "lng": 125.024722
    },
    {
      "cityName": "Cacao",
      "lat": 11.153611,
      "lng": 124.976389
    },
    {
      "cityName": "Cadacan",
      "lat": 10.733333,
      "lng": 125
    },
    {
      "cityName": "Cadahunan",
      "lat": 10.966667,
      "lng": 124.883333
    },
    {
      "cityName": "Cadlum",
      "lat": 11.445278,
      "lng": 124.365278
    },
    {
      "cityName": "Cagangon",
      "lat": 10.961944,
      "lng": 124.865833
    },
    {
      "cityName": "Caghalo",
      "lat": 11.258611,
      "lng": 124.667778
    },
    {
      "cityName": "Caguinkingan",
      "lat": 10.873056,
      "lng": 124.996944
    },
    {
      "cityName": "Cahagnaan",
      "lat": 10.206944,
      "lng": 124.769722
    },
    {
      "cityName": "Caibiran",
      "lat": 11.571667,
      "lng": 124.582222
    },
    {
      "cityName": "Caiboy",
      "lat": 11.316667,
      "lng": 124.366667
    },
    {
      "cityName": "Calaghosan",
      "lat": 10.916667,
      "lng": 124.883333
    },
    {
      "cityName": "Calagitan",
      "lat": 11,
      "lng": 124.433333
    },
    {
      "cityName": "Calanipawan",
      "lat": 10.766667,
      "lng": 124.916667
    },
    {
      "cityName": "Calbani",
      "lat": 11.793611,
      "lng": 124.296389
    },
    {
      "cityName": "Calbasag",
      "lat": 10.966667,
      "lng": 125.033333
    },
    {
      "cityName": "Calbugos",
      "lat": 11.25,
      "lng": 124.45
    },
    {
      "cityName": "Calincaguing",
      "lat": 11.307222,
      "lng": 124.766389
    },
    {
      "cityName": "Calingatngan",
      "lat": 10.9,
      "lng": 124.7
    },
    {
      "cityName": "Calipayan",
      "lat": 10.966667,
      "lng": 125
    },
    {
      "cityName": "Calo-agan",
      "lat": 10.738611,
      "lng": 124.945833
    },
    {
      "cityName": "Calogcog",
      "lat": 11.183333,
      "lng": 124.9
    },
    {
      "cityName": "Calsada",
      "lat": 10.780556,
      "lng": 125.003611
    },
    {
      "cityName": "Calubian",
      "lat": 11.445,
      "lng": 124.428889
    },
    {
      "cityName": "Calunangan",
      "lat": 10.875278,
      "lng": 124.506944
    },
    {
      "cityName": "Calunasan",
      "lat": 10.933333,
      "lng": 124.516667
    },
    {
      "cityName": "Caluslugan",
      "lat": 10.866667,
      "lng": 124.966667
    },
    {
      "cityName": "Calutan",
      "lat": 11.044444,
      "lng": 124.9175
    },
    {
      "cityName": "Camaire",
      "lat": 11.133333,
      "lng": 125.016667
    },
    {
      "cityName": "Camanci",
      "lat": 11.25,
      "lng": 124.716667
    },
    {
      "cityName": "Camanse",
      "lat": 11.125278,
      "lng": 124.436944
    },
    {
      "cityName": "Cambacao",
      "lat": 11.009722,
      "lng": 124.935
    },
    {
      "cityName": "Cambinoy",
      "lat": 11.066667,
      "lng": 124.383333
    },
    {
      "cityName": "Cambong",
      "lat": 10.639444,
      "lng": 124.883333
    },
    {
      "cityName": "Cameri",
      "lat": 11.131944,
      "lng": 124.998889
    },
    {
      "cityName": "Campatic",
      "lat": 11.15,
      "lng": 124.4
    },
    {
      "cityName": "Campatong",
      "lat": 11.133333,
      "lng": 124.433333
    },
    {
      "cityName": "Campoding",
      "lat": 11.54,
      "lng": 124.426111
    },
    {
      "cityName": "Campokpok",
      "lat": 11.294444,
      "lng": 124.403333
    },
    {
      "cityName": "Canadauam",
      "lat": 10.694722,
      "lng": 124.796667
    },
    {
      "cityName": "Canagan",
      "lat": 11.266667,
      "lng": 124.7
    },
    {
      "cityName": "Canalom",
      "lat": 10.526389,
      "lng": 124.765278
    },
    {
      "cityName": "Canampil",
      "lat": 10.483333,
      "lng": 124.733333
    },
    {
      "cityName": "Cananga",
      "lat": 11.185833,
      "lng": 124.559167
    },
    {
      "cityName": "Canayo",
      "lat": 10.533333,
      "lng": 124.95
    },
    {
      "cityName": "Canday",
      "lat": 11.812222,
      "lng": 124.325278
    },
    {
      "cityName": "Candonaya",
      "lat": 10.933333,
      "lng": 124.716667
    },
    {
      "cityName": "Cangag",
      "lat": 10.966667,
      "lng": 124.45
    },
    {
      "cityName": "Cang Atong",
      "lat": 11.016667,
      "lng": 124.45
    },
    {
      "cityName": "Cangbino",
      "lat": 10.996944,
      "lng": 124.421944
    },
    {
      "cityName": "Cang Binos",
      "lat": 11.083333,
      "lng": 124.383333
    },
    {
      "cityName": "Cangcosme",
      "lat": 11.021111,
      "lng": 124.414444
    },
    {
      "cityName": "Cangiras",
      "lat": 10.383333,
      "lng": 124.833333
    },
    {
      "cityName": "Canhandugan",
      "lat": 11.135,
      "lng": 124.779722
    },
    {
      "cityName": "Canigao",
      "lat": 10.25,
      "lng": 124.75
    },
    {
      "cityName": "Canisak",
      "lat": 11.283333,
      "lng": 124.766667
    },
    {
      "cityName": "Canitud",
      "lat": 10.466667,
      "lng": 124.783333
    },
    {
      "cityName": "Cankilang",
      "lat": 10.420278,
      "lng": 124.756111
    },
    {
      "cityName": "Canlampay",
      "lat": 11.202778,
      "lng": 124.7275
    },
    {
      "cityName": "Canlaodun",
      "lat": 11.15,
      "lng": 124.883333
    },
    {
      "cityName": "Canmagsay",
      "lat": 11.043333,
      "lng": 125.017222
    },
    {
      "cityName": "Canmangui",
      "lat": 10.983333,
      "lng": 124.983333
    },
    {
      "cityName": "Canmute",
      "lat": 10.922222,
      "lng": 124.530556
    },
    {
      "cityName": "Canomantag",
      "lat": 11.306667,
      "lng": 124.715
    },
    {
      "cityName": "Canop",
      "lat": 11.285278,
      "lng": 124.795
    },
    {
      "cityName": "Cansagaya",
      "lat": 11.333333,
      "lng": 124.75
    },
    {
      "cityName": "Cansamada",
      "lat": 11.061667,
      "lng": 124.935278
    },
    {
      "cityName": "Cansamqui",
      "lat": 11.088333,
      "lng": 124.947778
    },
    {
      "cityName": "Cansapanid",
      "lat": 11.306667,
      "lng": 124.839444
    },
    {
      "cityName": "Cantandog",
      "lat": 10.35,
      "lng": 124.783333
    },
    {
      "cityName": "Cantatoc",
      "lat": 10.990556,
      "lng": 124.689722
    },
    {
      "cityName": "Cantigala",
      "lat": 10.763889,
      "lng": 125.001667
    },
    {
      "cityName": "Cantuhawon",
      "lat": 10.95,
      "lng": 124.4
    },
    {
      "cityName": "Can Unzo",
      "lat": 10.958333,
      "lng": 124.547778
    },
    {
      "cityName": "Canvirtudes",
      "lat": 11.183333,
      "lng": 124.866667
    },
    {
      "cityName": "Capaculian",
      "lat": 11.031944,
      "lng": 124.945833
    },
    {
      "cityName": "Capalis",
      "lat": 11.601667,
      "lng": 124.561667
    },
    {
      "cityName": "Capangehan",
      "lat": 11.033889,
      "lng": 125.021944
    },
    {
      "cityName": "Capasanan",
      "lat": 10.966667,
      "lng": 124.5
    },
    {
      "cityName": "Capatqan",
      "lat": 10.966667,
      "lng": 124.716667
    },
    {
      "cityName": "Capiz",
      "lat": 11.189444,
      "lng": 124.855833
    },
    {
      "cityName": "Capoocan",
      "lat": 11.293333,
      "lng": 124.641944
    },
    {
      "cityName": "Caraycaray",
      "lat": 11.555556,
      "lng": 124.416667
    },
    {
      "cityName": "Caridad",
      "lat": 10.830833,
      "lng": 124.752778
    },
    {
      "cityName": "Carigara",
      "lat": 11.299167,
      "lng": 124.675556
    },
    {
      "cityName": "Casa",
      "lat": 11.166667,
      "lng": 124.466667
    },
    {
      "cityName": "Casibong",
      "lat": 11.769722,
      "lng": 124.311111
    },
    {
      "cityName": "Casilion",
      "lat": 11.216667,
      "lng": 124.733333
    },
    {
      "cityName": "Castilla",
      "lat": 11.138611,
      "lng": 124.928333
    },
    {
      "cityName": "Cataguan",
      "lat": 10.973889,
      "lng": 124.493333
    },
    {
      "cityName": "Catambuan",
      "lat": 10.992778,
      "lng": 124.480556
    },
    {
      "cityName": "Catanbuan",
      "lat": 11.016667,
      "lng": 125
    },
    {
      "cityName": "Catigahan",
      "lat": 10.983333,
      "lng": 124.45
    },
    {
      "cityName": "Catmon",
      "lat": 11.523333,
      "lng": 124.425556
    },
    {
      "cityName": "Catotocan",
      "lat": 11.193611,
      "lng": 124.571389
    },
    {
      "cityName": "Caucab",
      "lat": 11.633333,
      "lng": 124.383333
    },
    {
      "cityName": "Cavita",
      "lat": 11.134444,
      "lng": 124.956667
    },
    {
      "cityName": "Cawayan",
      "lat": 11.428333,
      "lng": 124.444722
    },
    {
      "cityName": "Cawilan",
      "lat": 10.883333,
      "lng": 124.733333
    },
    {
      "cityName": "Cayangian",
      "lat": 11.216667,
      "lng": 124.4
    },
    {
      "cityName": "Cebongaga",
      "lat": 11.204722,
      "lng": 124.418889
    },
    {
      "cityName": "Ciabo",
      "lat": 10.616667,
      "lng": 124.883333
    },
    {
      "cityName": "Cogon Bincay",
      "lat": 10.95,
      "lng": 125.016667
    },
    {
      "cityName": "Colasian",
      "lat": 11.284167,
      "lng": 124.635278
    },
    {
      "cityName": "Concepcion",
      "lat": 10.405278,
      "lng": 124.783056
    },
    {
      "cityName": "Consuegra",
      "lat": 11.299722,
      "lng": 124.513889
    },
    {
      "cityName": "Coronado",
      "lat": 10.55,
      "lng": 124.795
    },
    {
      "cityName": "Crussing",
      "lat": 10.639722,
      "lng": 124.937222
    },
    {
      "cityName": "Cruz",
      "lat": 10.951944,
      "lng": 124.391389
    },
    {
      "cityName": "Culaba",
      "lat": 11.657778,
      "lng": 124.5425
    },
    {
      "cityName": "Culas",
      "lat": 11.445833,
      "lng": 124.485556
    },
    {
      "cityName": "Culasian",
      "lat": 11.306944,
      "lng": 124.610556
    },
    {
      "cityName": "Culauin",
      "lat": 11.133333,
      "lng": 124.916667
    },
    {
      "cityName": "Curajo",
      "lat": 11.172778,
      "lng": 124.983333
    },
    {
      "cityName": "Dagami",
      "lat": 11.060833,
      "lng": 124.902778
    },
    {
      "cityName": "Dagot",
      "lat": 11.283333,
      "lng": 124.716667
    },
    {
      "cityName": "Daha",
      "lat": 11.4575,
      "lng": 124.311111
    },
    {
      "cityName": "Dakay",
      "lat": 11,
      "lng": 125.009722
    },
    {
      "cityName": "Dalakit",
      "lat": 11.423889,
      "lng": 124.860833
    },
    {
      "cityName": "Damulaan",
      "lat": 10.865556,
      "lng": 124.724167
    },
    {
      "cityName": "Danao",
      "lat": 10.5,
      "lng": 124.8
    },
    {
      "cityName": "Dangsalan",
      "lat": 11.283333,
      "lng": 124.733333
    },
    {
      "cityName": "Dao",
      "lat": 10.933333,
      "lng": 125.016667
    },
    {
      "cityName": "Dapdap",
      "lat": 10.772778,
      "lng": 124.969722
    },
    {
      "cityName": "Daraon",
      "lat": 11.4,
      "lng": 124.433333
    },
    {
      "cityName": "Daro",
      "lat": 11.179444,
      "lng": 124.748611
    },
    {
      "cityName": "Dayas",
      "lat": 10.683333,
      "lng": 125.016667
    },
    {
      "cityName": "Deposito",
      "lat": 10.966667,
      "lng": 124.65
    },
    {
      "cityName": "Desahona",
      "lat": 11.070278,
      "lng": 124.934722
    },
    {
      "cityName": "Dingli",
      "lat": 10.65,
      "lng": 125
    },
    {
      "cityName": "Dobdob",
      "lat": 10.333333,
      "lng": 124.8
    },
    {
      "cityName": "Domiri",
      "lat": 11.3,
      "lng": 124.6
    },
    {
      "cityName": "Dongon",
      "lat": 11.4,
      "lng": 124.9
    },
    {
      "cityName": "Doos",
      "lat": 10.465278,
      "lng": 124.729444
    },
    {
      "cityName": "Doyog",
      "lat": 10.883333,
      "lng": 124.966667
    },
    {
      "cityName": "Duka",
      "lat": 11.374444,
      "lng": 124.797222
    },
    {
      "cityName": "Dulag",
      "lat": 10.9525,
      "lng": 125.031667
    },
    {
      "cityName": "Dulao",
      "lat": 11.433333,
      "lng": 124.383333
    },
    {
      "cityName": "Duliugan",
      "lat": 10.9175,
      "lng": 124.387778
    },
    {
      "cityName": "Eiyawan",
      "lat": 11.271944,
      "lng": 124.698611
    },
    {
      "cityName": "Elevado",
      "lat": 10.28,
      "lng": 124.845556
    },
    {
      "cityName": "Esperanza",
      "lat": 10.263611,
      "lng": 124.8375
    },
    {
      "cityName": "Gabas",
      "lat": 10.730833,
      "lng": 124.796389
    },
    {
      "cityName": "Gacao",
      "lat": 11.15,
      "lng": 124.966667
    },
    {
      "cityName": "Gaganson",
      "lat": 11.15,
      "lng": 124.916667
    },
    {
      "cityName": "Gakat",
      "lat": 10.704722,
      "lng": 124.814444
    },
    {
      "cityName": "Galotan",
      "lat": 11.2,
      "lng": 124.8
    },
    {
      "cityName": "Gapas",
      "lat": 11.171667,
      "lng": 124.830556
    },
    {
      "cityName": "Garang",
      "lat": 11.283333,
      "lng": 124.883333
    },
    {
      "cityName": "Gaurisan",
      "lat": 10.25,
      "lng": 124.85
    },
    {
      "cityName": "Gayad",
      "lat": 11.323611,
      "lng": 124.555278
    },
    {
      "cityName": "Giagsam",
      "lat": 11.233333,
      "lng": 124.766667
    },
    {
      "cityName": "Gibucauan",
      "lat": 11.2125,
      "lng": 124.773889
    },
    {
      "cityName": "Gibuga",
      "lat": 10.883333,
      "lng": 124.983333
    },
    {
      "cityName": "Gigantangan",
      "lat": 11.564722,
      "lng": 124.273611
    },
    {
      "cityName": "Gimaranat",
      "lat": 10.883333,
      "lng": 124.95
    },
    {
      "cityName": "Gimarco",
      "lat": 11.35,
      "lng": 124.45
    },
    {
      "cityName": "Ginabuyan",
      "lat": 11.238889,
      "lng": 124.405
    },
    {
      "cityName": "Ginbucaran",
      "lat": 10.916667,
      "lng": 125
    },
    {
      "cityName": "Ginogusan",
      "lat": 11.010556,
      "lng": 124.895278
    },
    {
      "cityName": "Gintuluyan",
      "lat": 10.883333,
      "lng": 125
    },
    {
      "cityName": "Gintunuan",
      "lat": 10.616667,
      "lng": 124.9
    },
    {
      "cityName": "Gitabla",
      "lat": 11,
      "lng": 125
    },
    {
      "cityName": "Gitnug",
      "lat": 10.233333,
      "lng": 124.816667
    },
    {
      "cityName": "Gotosan",
      "lat": 11.431667,
      "lng": 124.438611
    },
    {
      "cityName": "Guadalupe",
      "lat": 10.55,
      "lng": 124.766667
    },
    {
      "cityName": "Gubang",
      "lat": 10.65,
      "lng": 124.866667
    },
    {
      "cityName": "Guinadiongan",
      "lat": 11.327778,
      "lng": 124.562778
    },
    {
      "cityName": "Guinarona",
      "lat": 11.026111,
      "lng": 124.903889
    },
    {
      "cityName": "Guinciaman",
      "lat": 11.283333,
      "lng": 124.833333
    },
    {
      "cityName": "Guinciana",
      "lat": 11.342778,
      "lng": 124.815278
    },
    {
      "cityName": "Guindagan",
      "lat": 11.116667,
      "lng": 125
    },
    {
      "cityName": "Guindapulan",
      "lat": 11.165556,
      "lng": 124.996944
    },
    {
      "cityName": "Guindapunan",
      "lat": 11.302778,
      "lng": 124.705833
    },
    {
      "cityName": "Guindulangan",
      "lat": 11.592778,
      "lng": 124.574167
    },
    {
      "cityName": "Guingawan",
      "lat": 11.075833,
      "lng": 124.958056
    },
    {
      "cityName": "Guinhalinan",
      "lat": 10.95,
      "lng": 125
    },
    {
      "cityName": "Guinlanguban",
      "lat": 10.466667,
      "lng": 124.816667
    },
    {
      "cityName": "Guinlobñgan",
      "lat": 11.093611,
      "lng": 124.857222
    },
    {
      "cityName": "Guinobatan",
      "lat": 10.883333,
      "lng": 124.516667
    },
    {
      "cityName": "Guinputngan",
      "lat": 11.266667,
      "lng": 124.783333
    },
    {
      "cityName": "Guintiguian",
      "lat": 11.392222,
      "lng": 124.979167
    },
    {
      "cityName": "Gungab",
      "lat": 10.916667,
      "lng": 124.7
    },
    {
      "cityName": "Habuhab",
      "lat": 11.626667,
      "lng": 124.563889
    },
    {
      "cityName": "Hacienda Porto Bello",
      "lat": 10.969167,
      "lng": 124.526111
    },
    {
      "cityName": "Haclagan",
      "lat": 11.116667,
      "lng": 125.016667
    },
    {
      "cityName": "Halaba",
      "lat": 11.140833,
      "lng": 124.850833
    },
    {
      "cityName": "Halabas",
      "lat": 11.124722,
      "lng": 124.884444
    },
    {
      "cityName": "Hamurawon",
      "lat": 11.6,
      "lng": 124.394722
    },
    {
      "cityName": "Henosang",
      "lat": 11.314167,
      "lng": 124.7325
    },
    {
      "cityName": "Hiabangan",
      "lat": 11.059444,
      "lng": 124.892778
    },
    {
      "cityName": "Hibabaguan",
      "lat": 10.573333,
      "lng": 124.969722
    },
    {
      "cityName": "Hibaguan",
      "lat": 10.367222,
      "lng": 124.867778
    },
    {
      "cityName": "Hibucawan",
      "lat": 11.25,
      "lng": 124.883333
    },
    {
      "cityName": "Hibuluangan",
      "lat": 11.198889,
      "lng": 124.420833
    },
    {
      "cityName": "Hibunauan",
      "lat": 10.683611,
      "lng": 124.816111
    },
    {
      "cityName": "Hibunawon",
      "lat": 11.148056,
      "lng": 124.815278
    },
    {
      "cityName": "Hilaan",
      "lat": 10.4,
      "lng": 124.883333
    },
    {
      "cityName": "Hilapintan",
      "lat": 10.806944,
      "lng": 124.768889
    },
    {
      "cityName": "Hiloctogan",
      "lat": 11.25,
      "lng": 124.683333
    },
    {
      "cityName": "Hiloktogan",
      "lat": 10.831111,
      "lng": 124.884444
    },
    {
      "cityName": "Hilongos",
      "lat": 10.374444,
      "lng": 124.749722
    },
    {
      "cityName": "Himacugo",
      "lat": 10.45,
      "lng": 124.766667
    },
    {
      "cityName": "Himamara",
      "lat": 10.633333,
      "lng": 124.966667
    },
    {
      "cityName": "Himarco",
      "lat": 11.087778,
      "lng": 124.415
    },
    {
      "cityName": "Himo-aw",
      "lat": 10.366944,
      "lng": 124.758056
    },
    {
      "cityName": "Himongan",
      "lat": 10.366667,
      "lng": 124.766667
    },
    {
      "cityName": "Hinagbauam",
      "lat": 11.016667,
      "lng": 124.466667
    },
    {
      "cityName": "Hindang",
      "lat": 10.434167,
      "lng": 124.729167
    },
    {
      "cityName": "Hinugayan",
      "lat": 11.300556,
      "lng": 124.7925
    },
    {
      "cityName": "Hipasngo",
      "lat": 10.663333,
      "lng": 124.806111
    },
    {
      "cityName": "Hira-an",
      "lat": 11.283333,
      "lng": 124.783333
    },
    {
      "cityName": "Hitomnag",
      "lat": 11.05,
      "lng": 124.887222
    },
    {
      "cityName": "Hitoog",
      "lat": 10.266667,
      "lng": 124.816667
    },
    {
      "cityName": "Hitudpan",
      "lat": 10.359722,
      "lng": 124.887778
    },
    {
      "cityName": "Hitugnub",
      "lat": 11.062222,
      "lng": 124.880833
    },
    {
      "cityName": "Holog",
      "lat": 11.776944,
      "lng": 124.306111
    },
    {
      "cityName": "Hubasan",
      "lat": 11.15,
      "lng": 124.416667
    },
    {
      "cityName": "Hubas",
      "lat": 10.583333,
      "lng": 124.816667
    },
    {
      "cityName": "Hubay",
      "lat": 11.398611,
      "lng": 124.349722
    },
    {
      "cityName": "Hugpa",
      "lat": 10.983333,
      "lng": 124.85
    },
    {
      "cityName": "Humaragina",
      "lat": 11.3025,
      "lng": 124.558056
    },
    {
      "cityName": "Humirog",
      "lat": 10.633333,
      "lng": 125
    },
    {
      "cityName": "Hunan",
      "lat": 10.913889,
      "lng": 124.479444
    },
    {
      "cityName": "Hunob",
      "lat": 10.6,
      "lng": 124.883333
    },
    {
      "cityName": "Ibag",
      "lat": 11.315,
      "lng": 124.823611
    },
    {
      "cityName": "Ibawon",
      "lat": 10.833333,
      "lng": 124.933333
    },
    {
      "cityName": "Igang",
      "lat": 10.683333,
      "lng": 124.833333
    },
    {
      "cityName": "Igod",
      "lat": 11.328056,
      "lng": 124.4825
    },
    {
      "cityName": "Iligay",
      "lat": 11.266667,
      "lng": 124.45
    },
    {
      "cityName": "Impo",
      "lat": 11.335556,
      "lng": 124.82
    },
    {
      "cityName": "Inagusan",
      "lat": 11.533333,
      "lng": 124.4
    },
    {
      "cityName": "Inalaran",
      "lat": 10.620556,
      "lng": 125.153889
    },
    {
      "cityName": "Inambak",
      "lat": 11.281389,
      "lng": 124.563889
    },
    {
      "cityName": "Inangatan",
      "lat": 11.25,
      "lng": 124.4
    },
    {
      "cityName": "Inasuyan",
      "lat": 11.697778,
      "lng": 124.476389
    },
    {
      "cityName": "Inayupan",
      "lat": 10.766667,
      "lng": 124.966667
    },
    {
      "cityName": "Inopacan",
      "lat": 10.4975,
      "lng": 124.738889
    },
    {
      "cityName": "Iphag",
      "lat": 11.15,
      "lng": 124.816667
    },
    {
      "cityName": "Ipil",
      "lat": 11.558889,
      "lng": 124.596111
    },
    {
      "cityName": "Isabel",
      "lat": 10.926667,
      "lng": 124.435278
    },
    {
      "cityName": "Jabian",
      "lat": 11.306667,
      "lng": 124.483056
    },
    {
      "cityName": "Jabong",
      "lat": 11.021389,
      "lng": 124.936944
    },
    {
      "cityName": "Jaena",
      "lat": 10.633333,
      "lng": 124.783333
    },
    {
      "cityName": "Jagna",
      "lat": 11.416667,
      "lng": 124.85
    },
    {
      "cityName": "Jaro",
      "lat": 11.188333,
      "lng": 124.7825
    },
    {
      "cityName": "Jinagnatan",
      "lat": 11.266667,
      "lng": 124.383333
    },
    {
      "cityName": "Jones",
      "lat": 11.133333,
      "lng": 124.883333
    },
    {
      "cityName": "Jordan",
      "lat": 11.164167,
      "lng": 124.395
    },
    {
      "cityName": "Jubasan",
      "lat": 11.433333,
      "lng": 124.4
    },
    {
      "cityName": "Julita",
      "lat": 10.974722,
      "lng": 124.961667
    },
    {
      "cityName": "Junan",
      "lat": 10.916667,
      "lng": 124.533333
    },
    {
      "cityName": "Kabati-anuhan",
      "lat": 11.283333,
      "lng": 124.85
    },
    {
      "cityName": "Kabatong",
      "lat": 11.418611,
      "lng": 124.818611
    },
    {
      "cityName": "Kabatuan",
      "lat": 11.233333,
      "lng": 124.716667
    },
    {
      "cityName": "Kabayan",
      "lat": 11.05,
      "lng": 124.883333
    },
    {
      "cityName": "Kabayugan",
      "lat": 11.316667,
      "lng": 124.4
    },
    {
      "cityName": "Kabilisan",
      "lat": 11.316667,
      "lng": 124.35
    },
    {
      "cityName": "Kabinitan",
      "lat": 11.433333,
      "lng": 124.366667
    },
    {
      "cityName": "Kaboloran",
      "lat": 11.233333,
      "lng": 124.9
    },
    {
      "cityName": "Kadajunan",
      "lat": 11.011944,
      "lng": 124.881389
    },
    {
      "cityName": "Kagbuaya",
      "lat": 11.283333,
      "lng": 124.666667
    },
    {
      "cityName": "Kaghalo",
      "lat": 11.235833,
      "lng": 124.71
    },
    {
      "cityName": "Kaghalu",
      "lat": 11.233333,
      "lng": 124.65
    },
    {
      "cityName": "Kalangawan",
      "lat": 11.416667,
      "lng": 124.816667
    },
    {
      "cityName": "Kalinginan",
      "lat": 11.100278,
      "lng": 125.018611
    },
    {
      "cityName": "Kalvasag",
      "lat": 10.983333,
      "lng": 124.95
    },
    {
      "cityName": "Kamansi",
      "lat": 11.218889,
      "lng": 124.716111
    },
    {
      "cityName": "Kamlook",
      "lat": 10.233333,
      "lng": 124.833333
    },
    {
      "cityName": "Kampisao",
      "lat": 11.1,
      "lng": 124.433333
    },
    {
      "cityName": "Kanapuy",
      "lat": 11.416111,
      "lng": 124.866944
    },
    {
      "cityName": "Kanbanuy",
      "lat": 10.770556,
      "lng": 124.795
    },
    {
      "cityName": "Kandadam",
      "lat": 10.7,
      "lng": 124.8
    },
    {
      "cityName": "Kandoong",
      "lat": 10.333333,
      "lng": 124.85
    },
    {
      "cityName": "Kang Caintic",
      "lat": 10.916667,
      "lng": 124.733333
    },
    {
      "cityName": "Kang Dagit",
      "lat": 10.9,
      "lng": 124.75
    },
    {
      "cityName": "Kanggapac",
      "lat": 11,
      "lng": 124.4
    },
    {
      "cityName": "Kanipa",
      "lat": 10.666667,
      "lng": 124.833333
    },
    {
      "cityName": "Kanjaloy",
      "lat": 11.416667,
      "lng": 124.9
    },
    {
      "cityName": "Kanmonhag",
      "lat": 11.025278,
      "lng": 124.968056
    },
    {
      "cityName": "Kanmugao",
      "lat": 11.283333,
      "lng": 124.75
    },
    {
      "cityName": "Kapahaun",
      "lat": 11.055833,
      "lng": 124.943333
    },
    {
      "cityName": "Kapakunan",
      "lat": 10.916667,
      "lng": 124.966667
    },
    {
      "cityName": "Kaparasanan",
      "lat": 10.916667,
      "lng": 124.85
    },
    {
      "cityName": "Kapinaw",
      "lat": 10.670278,
      "lng": 125.037222
    },
    {
      "cityName": "Kapodlusan",
      "lat": 10.416667,
      "lng": 124.85
    },
    {
      "cityName": "Kataguman",
      "lat": 11.021944,
      "lng": 124.461667
    },
    {
      "cityName": "Katambuan",
      "lat": 11,
      "lng": 124.466667
    },
    {
      "cityName": "Kawayan",
      "lat": 11.679444,
      "lng": 124.356667
    },
    {
      "cityName": "Kiga",
      "lat": 10.7,
      "lng": 124.816667
    },
    {
      "cityName": "Kikilo",
      "lat": 10.641389,
      "lng": 125.140833
    },
    {
      "cityName": "Kilim",
      "lat": 10.713611,
      "lng": 124.799722
    },
    {
      "cityName": "Kiloon",
      "lat": 11.033333,
      "lng": 124.983333
    },
    {
      "cityName": "Kinalunsan",
      "lat": 11.338889,
      "lng": 124.819444
    },
    {
      "cityName": "Kinauit",
      "lat": 10.573889,
      "lng": 124.938056
    },
    {
      "cityName": "Kinis",
      "lat": 11.283333,
      "lng": 124.866667
    },
    {
      "cityName": "Kugod",
      "lat": 11,
      "lng": 125.016667
    },
    {
      "cityName": "Labiranan",
      "lat": 11,
      "lng": 125.033333
    },
    {
      "cityName": "Lactusan",
      "lat": 11.3,
      "lng": 124.733333
    },
    {
      "cityName": "Lagolago",
      "lat": 10.74,
      "lng": 124.791667
    },
    {
      "cityName": "Lainab",
      "lat": 11.195833,
      "lng": 124.754444
    },
    {
      "cityName": "Laka",
      "lat": 11.566667,
      "lng": 124.383333
    },
    {
      "cityName": "Lamak",
      "lat": 10.399722,
      "lng": 124.738889
    },
    {
      "cityName": "Lamanoc",
      "lat": 10.927778,
      "lng": 124.546389
    },
    {
      "cityName": "Lanac",
      "lat": 11.233889,
      "lng": 124.841667
    },
    {
      "cityName": "Lanawan",
      "lat": 11.133333,
      "lng": 124.933333
    },
    {
      "cityName": "Langaw",
      "lat": 11.5,
      "lng": 124.616667
    },
    {
      "cityName": "Lanyog",
      "lat": 10.981389,
      "lng": 124.674167
    },
    {
      "cityName": "La Paz",
      "lat": 10.8925,
      "lng": 124.955833
    },
    {
      "cityName": "Lapdok",
      "lat": 11.082778,
      "lng": 124.911111
    },
    {
      "cityName": "Larey",
      "lat": 11.26,
      "lng": 124.394444
    },
    {
      "cityName": "Lauan",
      "lat": 11.116667,
      "lng": 124.916667
    },
    {
      "cityName": "Lawaan",
      "lat": 10.724167,
      "lng": 125.031389
    },
    {
      "cityName": "Layog",
      "lat": 11.3,
      "lng": 124.416667
    },
    {
      "cityName": "Lebok",
      "lat": 10.8775,
      "lng": 124.515278
    },
    {
      "cityName": "Lemon",
      "lat": 11.289722,
      "lng": 124.566667
    },
    {
      "cityName": "Leyte",
      "lat": 11.370278,
      "lng": 124.488889
    },
    {
      "cityName": "Libagong",
      "lat": 10.663889,
      "lng": 124.836389
    },
    {
      "cityName": "Libas",
      "lat": 10.941111,
      "lng": 124.543333
    },
    {
      "cityName": "Libertad",
      "lat": 10.916667,
      "lng": 124.45
    },
    {
      "cityName": "Liberty",
      "lat": 10.874167,
      "lng": 125.0025
    },
    {
      "cityName": "Libjo",
      "lat": 10.316667,
      "lng": 124.85
    },
    {
      "cityName": "Libu",
      "lat": 11.266667,
      "lng": 124.683333
    },
    {
      "cityName": "Licod",
      "lat": 11.233333,
      "lng": 124.75
    },
    {
      "cityName": "Lico",
      "lat": 11.568333,
      "lng": 124.437222
    },
    {
      "cityName": "Limbuhan",
      "lat": 11.066667,
      "lng": 125.016667
    },
    {
      "cityName": "Linao",
      "lat": 10.483333,
      "lng": 124.75
    },
    {
      "cityName": "Lingayon",
      "lat": 11.2,
      "lng": 124.865
    },
    {
      "cityName": "Lingganay",
      "lat": 11.1,
      "lng": 124.383333
    },
    {
      "cityName": "Liogliog",
      "lat": 11.292222,
      "lng": 124.368889
    },
    {
      "cityName": "Llaya",
      "lat": 10.283333,
      "lng": 124.8
    },
    {
      "cityName": "Locsoon",
      "lat": 11.546944,
      "lng": 124.457778
    },
    {
      "cityName": "Lolibow",
      "lat": 11.266667,
      "lng": 124.566667
    },
    {
      "cityName": "Lomonon",
      "lat": 11.101944,
      "lng": 124.402222
    },
    {
      "cityName": "Longbiahay",
      "lat": 11.116667,
      "lng": 124.816667
    },
    {
      "cityName": "Lonog",
      "lat": 11.205833,
      "lng": 124.566667
    },
    {
      "cityName": "Lonoy",
      "lat": 11.216667,
      "lng": 124.570556
    },
    {
      "cityName": "Looc",
      "lat": 11.475,
      "lng": 124.563056
    },
    {
      "cityName": "Look",
      "lat": 11.05,
      "lng": 124.383333
    },
    {
      "cityName": "Lourdes",
      "lat": 11.216667,
      "lng": 124.8
    },
    {
      "cityName": "Loyonsawang",
      "lat": 10.716667,
      "lng": 125.066667
    },
    {
      "cityName": "Lubi",
      "lat": 10.966667,
      "lng": 124.783333
    },
    {
      "cityName": "Lubiranan",
      "lat": 11.216667,
      "lng": 124.516667
    },
    {
      "cityName": "Luinab",
      "lat": 11.216667,
      "lng": 124.7
    },
    {
      "cityName": "Lukay",
      "lat": 11.26,
      "lng": 124.833333
    },
    {
      "cityName": "Lundag",
      "lat": 10.916667,
      "lng": 124.5
    },
    {
      "cityName": "Luneta",
      "lat": 10.841111,
      "lng": 124.901944
    },
    {
      "cityName": "Luntad",
      "lat": 11.162778,
      "lng": 125.0025
    },
    {
      "cityName": "Luperia",
      "lat": 11.213611,
      "lng": 124.556667
    },
    {
      "cityName": "Maalngon",
      "lat": 11.031111,
      "lng": 124.858056
    },
    {
      "cityName": "Ma-anda",
      "lat": 11.444444,
      "lng": 124.4975
    },
    {
      "cityName": "Maasin",
      "lat": 10.433333,
      "lng": 124.75
    },
    {
      "cityName": "Mabagon",
      "lat": 10.440278,
      "lng": 124.755
    },
    {
      "cityName": "Macalpe",
      "lat": 11.120278,
      "lng": 124.841389
    },
    {
      "cityName": "Macalpi",
      "lat": 11.235556,
      "lng": 124.736389
    },
    {
      "cityName": "Macanip",
      "lat": 11.156389,
      "lng": 124.792778
    },
    {
      "cityName": "MacArthur",
      "lat": 10.833333,
      "lng": 125
    },
    {
      "cityName": "Madao",
      "lat": 11.694167,
      "lng": 124.446667
    },
    {
      "cityName": "Mag-aso",
      "lat": 10.883333,
      "lng": 124.916667
    },
    {
      "cityName": "Magasu",
      "lat": 10.7,
      "lng": 125
    },
    {
      "cityName": "Magbangon",
      "lat": 11.483056,
      "lng": 124.573611
    },
    {
      "cityName": "Magcasuang",
      "lat": 11.422778,
      "lng": 124.942778
    },
    {
      "cityName": "Magnangoy",
      "lat": 10.416667,
      "lng": 124.716667
    },
    {
      "cityName": "Magsaigad",
      "lat": 11.422222,
      "lng": 124.840556
    },
    {
      "cityName": "Magsanga",
      "lat": 10.95,
      "lng": 124.483333
    },
    {
      "cityName": "Magupi",
      "lat": 11.326389,
      "lng": 124.340278
    },
    {
      "cityName": "Mahalit",
      "lat": 10.889444,
      "lng": 124.527222
    },
    {
      "cityName": "Mahaplag",
      "lat": 10.586389,
      "lng": 124.973056
    },
    {
      "cityName": "Mahonag",
      "lat": 10.935278,
      "lng": 124.7825
    },
    {
      "cityName": "Mainguikay",
      "lat": 11.099167,
      "lng": 124.996111
    },
    {
      "cityName": "Mainit",
      "lat": 11.214444,
      "lng": 124.830278
    },
    {
      "cityName": "Maitom",
      "lat": 10.623056,
      "lng": 124.774167
    },
    {
      "cityName": "Malabago",
      "lat": 11.025,
      "lng": 124.869444
    },
    {
      "cityName": "Malabagu",
      "lat": 11.3825,
      "lng": 124.874167
    },
    {
      "cityName": "Malabca",
      "lat": 10.990556,
      "lng": 124.918333
    },
    {
      "cityName": "Malagatas",
      "lat": 11.288056,
      "lng": 124.655278
    },
    {
      "cityName": "Malaguicay",
      "lat": 10.714444,
      "lng": 125.046389
    },
    {
      "cityName": "Malaihao",
      "lat": 10.979722,
      "lng": 124.859444
    },
    {
      "cityName": "Malaog",
      "lat": 11.2,
      "lng": 124.716667
    },
    {
      "cityName": "Malapok Norte",
      "lat": 10.216667,
      "lng": 124.8
    },
    {
      "cityName": "Malbog",
      "lat": 11.1,
      "lng": 124.983333
    },
    {
      "cityName": "Malcampo",
      "lat": 11.334722,
      "lng": 124.345
    },
    {
      "cityName": "Malibago",
      "lat": 11.411111,
      "lng": 124.925278
    },
    {
      "cityName": "Malirang",
      "lat": 11.169722,
      "lng": 124.959722
    },
    {
      "cityName": "Malitbog",
      "lat": 10.932222,
      "lng": 124.690278
    },
    {
      "cityName": "Malitbug",
      "lat": 10.783333,
      "lng": 124.916667
    },
    {
      "cityName": "Maliwaliw",
      "lat": 11.038333,
      "lng": 124.908056
    },
    {
      "cityName": "Maljo",
      "lat": 10.516667,
      "lng": 124.75
    },
    {
      "cityName": "Malobago",
      "lat": 10.765833,
      "lng": 124.917222
    },
    {
      "cityName": "Malpag",
      "lat": 11.3,
      "lng": 124.833333
    },
    {
      "cityName": "Maludbalud",
      "lat": 10.65,
      "lng": 125.016667
    },
    {
      "cityName": "Managasnas",
      "lat": 11.301944,
      "lng": 124.594444
    },
    {
      "cityName": "Manaha-or",
      "lat": 11.141667,
      "lng": 124.430556
    },
    {
      "cityName": "Manaomata",
      "lat": 11.383333,
      "lng": 124.45
    },
    {
      "cityName": "Manarog",
      "lat": 10.808611,
      "lng": 124.91
    },
    {
      "cityName": "Manban",
      "lat": 10.935556,
      "lng": 124.384167
    },
    {
      "cityName": "Mangbo",
      "lat": 10.726111,
      "lng": 124.810833
    },
    {
      "cityName": "Mangitngit",
      "lat": 10.326111,
      "lng": 124.856667
    },
    {
      "cityName": "Manilisia",
      "lat": 10.753056,
      "lng": 124.941111
    },
    {
      "cityName": "Manlilisid",
      "lat": 10.75,
      "lng": 124.95
    },
    {
      "cityName": "Manloy",
      "lat": 11.3,
      "lng": 124.633333
    },
    {
      "cityName": "Manok",
      "lat": 11.446944,
      "lng": 124.475556
    },
    {
      "cityName": "Manpagut",
      "lat": 11.256667,
      "lng": 124.696111
    },
    {
      "cityName": "Mapgap",
      "lat": 10.611667,
      "lng": 124.861667
    },
    {
      "cityName": "Mapuyo",
      "lat": 11.702778,
      "lng": 124.42
    },
    {
      "cityName": "Maragongdong",
      "lat": 11.055833,
      "lng": 124.883333
    },
    {
      "cityName": "Marao",
      "lat": 10.478611,
      "lng": 124.740278
    },
    {
      "cityName": "Maripipi",
      "lat": 11.779167,
      "lng": 124.349167
    },
    {
      "cityName": "Marunot",
      "lat": 11.166667,
      "lng": 124.383333
    },
    {
      "cityName": "Masagongsong",
      "lat": 11.662222,
      "lng": 124.359444
    },
    {
      "cityName": "Masalpi",
      "lat": 11.353333,
      "lng": 124.549444
    },
    {
      "cityName": "Mascarinas",
      "lat": 10.65,
      "lng": 124.8
    },
    {
      "cityName": "Masisi",
      "lat": 11.303056,
      "lng": 124.379722
    },
    {
      "cityName": "Maslog",
      "lat": 10.580833,
      "lng": 124.768889
    },
    {
      "cityName": "Matagob",
      "lat": 11.144722,
      "lng": 124.473611
    },
    {
      "cityName": "Matagpa",
      "lat": 10.95,
      "lng": 124.833333
    },
    {
      "cityName": "Mataguk",
      "lat": 11.483333,
      "lng": 124.4
    },
    {
      "cityName": "Matalom",
      "lat": 10.283056,
      "lng": 124.787778
    },
    {
      "cityName": "Matapay",
      "lat": 10.383333,
      "lng": 124.733333
    },
    {
      "cityName": "Matikol",
      "lat": 10.583333,
      "lng": 124.783333
    },
    {
      "cityName": "Matinao",
      "lat": 11.575278,
      "lng": 124.564722
    },
    {
      "cityName": "Matlang",
      "lat": 10.891944,
      "lng": 124.457222
    },
    {
      "cityName": "Matog-ob",
      "lat": 11.1,
      "lng": 124.5
    },
    {
      "cityName": "Matungao",
      "lat": 11.435556,
      "lng": 124.32
    },
    {
      "cityName": "Mauguisan",
      "lat": 11.295,
      "lng": 124.663889
    },
    {
      "cityName": "Maula",
      "lat": 10.621111,
      "lng": 124.843056
    },
    {
      "cityName": "Maulayan",
      "lat": 11.208889,
      "lng": 124.529167
    },
    {
      "cityName": "Mawodnawod",
      "lat": 11.360556,
      "lng": 124.809444
    },
    {
      "cityName": "Maya",
      "lat": 10.805278,
      "lng": 125.001111
    },
    {
      "cityName": "Mayorgac",
      "lat": 10.9,
      "lng": 125
    },
    {
      "cityName": "Mercadohay",
      "lat": 11.038889,
      "lng": 124.934444
    },
    {
      "cityName": "Mercado",
      "lat": 11.033333,
      "lng": 124.916667
    },
    {
      "cityName": "Meriba",
      "lat": 10.910556,
      "lng": 124.536389
    },
    {
      "cityName": "Minoro",
      "lat": 11.266667,
      "lng": 124.633333
    },
    {
      "cityName": "Minuhang",
      "lat": 11.349722,
      "lng": 124.771111
    },
    {
      "cityName": "Minulho",
      "lat": 11.104722,
      "lng": 124.788611
    },
    {
      "cityName": "Mocalbocal",
      "lat": 11.503333,
      "lng": 124.438333
    },
    {
      "cityName": "Monte Folka",
      "lat": 10.626389,
      "lng": 124.796111
    },
    {
      "cityName": "Moog",
      "lat": 11.5,
      "lng": 124.483333
    },
    {
      "cityName": "Morikidikit",
      "lat": 11.637222,
      "lng": 124.559444
    },
    {
      "cityName": "Mudburon",
      "lat": 11.2,
      "lng": 124.866667
    },
    {
      "cityName": "Nababuy",
      "lat": 11.416667,
      "lng": 124.866667
    },
    {
      "cityName": "Nabulkasan",
      "lat": 11.283333,
      "lng": 124.816667
    },
    {
      "cityName": "Nabungkagan",
      "lat": 11.403611,
      "lng": 124.810556
    },
    {
      "cityName": "Nagaasan",
      "lat": 11.399444,
      "lng": 124.935833
    },
    {
      "cityName": "Naga",
      "lat": 10.35,
      "lng": 124.816667
    },
    {
      "cityName": "Naliwatan",
      "lat": 11.674444,
      "lng": 124.5325
    },
    {
      "cityName": "Nasonongan",
      "lat": 11.315,
      "lng": 124.756667
    },
    {
      "cityName": "Naval",
      "lat": 11.560556,
      "lng": 124.3975
    },
    {
      "cityName": "Nigad",
      "lat": 10.555556,
      "lng": 124.7675
    },
    {
      "cityName": "Nipa",
      "lat": 11.411944,
      "lng": 124.453889
    },
    {
      "cityName": "Nomono",
      "lat": 10.566667,
      "lng": 124.783333
    },
    {
      "cityName": "Nubas",
      "lat": 11.125833,
      "lng": 124.873889
    },
    {
      "cityName": "Oguis",
      "lat": 10.56,
      "lng": 124.956667
    },
    {
      "cityName": "Ohaon",
      "lat": 11.093889,
      "lng": 124.390833
    },
    {
      "cityName": "Omaganhan",
      "lat": 11.333333,
      "lng": 124.366667
    },
    {
      "cityName": "Omotot",
      "lat": 11.116667,
      "lng": 124.733333
    },
    {
      "cityName": "Opong",
      "lat": 11.020556,
      "lng": 125.036389
    },
    {
      "cityName": "Otabon",
      "lat": 11.289722,
      "lng": 124.390833
    },
    {
      "cityName": "Otin",
      "lat": 11.233333,
      "lng": 124.433333
    },
    {
      "cityName": "Otod",
      "lat": 11.409722,
      "lng": 124.536111
    },
    {
      "cityName": "Pa-a",
      "lat": 10.4,
      "lng": 124.8
    },
    {
      "cityName": "Paghudlan",
      "lat": 10.930556,
      "lng": 124.845833
    },
    {
      "cityName": "Pago",
      "lat": 11.095833,
      "lng": 124.99
    },
    {
      "cityName": "Pagsayan",
      "lat": 10.666667,
      "lng": 124.983333
    },
    {
      "cityName": "Pagsolhogon",
      "lat": 11.362222,
      "lng": 124.933611
    },
    {
      "cityName": "Paguhaan",
      "lat": 11.101389,
      "lng": 124.846111
    },
    {
      "cityName": "Paguite",
      "lat": 10.700556,
      "lng": 124.955278
    },
    {
      "cityName": "Pahagan",
      "lat": 11,
      "lng": 124.7
    },
    {
      "cityName": "Palahongon",
      "lat": 10.531944,
      "lng": 124.968889
    },
    {
      "cityName": "Palanas",
      "lat": 10.883333,
      "lng": 124.716667
    },
    {
      "cityName": "Palanogan",
      "lat": 10.619722,
      "lng": 124.944167
    },
    {
      "cityName": "Palarao",
      "lat": 11.401667,
      "lng": 124.483611
    },
    {
      "cityName": "Palawan",
      "lat": 11.038333,
      "lng": 124.399444
    },
    {
      "cityName": "Palhi",
      "lat": 10.648611,
      "lng": 124.8
    },
    {
      "cityName": "Palid",
      "lat": 11.35,
      "lng": 124.466667
    },
    {
      "cityName": "Palompan",
      "lat": 11.046944,
      "lng": 124.386667
    },
    {
      "cityName": "Palo",
      "lat": 11.1575,
      "lng": 124.990833
    },
    {
      "cityName": "Pamonacan",
      "lat": 11.315833,
      "lng": 124.788611
    },
    {
      "cityName": "Pamumudlon",
      "lat": 10.566667,
      "lng": 124.95
    },
    {
      "cityName": "Panalian",
      "lat": 10.95,
      "lng": 124.666667
    },
    {
      "cityName": "Pananawan",
      "lat": 11.416667,
      "lng": 124.35
    },
    {
      "cityName": "Panaugan",
      "lat": 10.683333,
      "lng": 124.966667
    },
    {
      "cityName": "Panda",
      "lat": 11.119444,
      "lng": 124.83
    },
    {
      "cityName": "Pangawilan",
      "lat": 10.616667,
      "lng": 125.15
    },
    {
      "cityName": "Pangdan",
      "lat": 10.943889,
      "lng": 124.873889
    },
    {
      "cityName": "Pange",
      "lat": 10.316667,
      "lng": 124.833333
    },
    {
      "cityName": "Pangit",
      "lat": 11.5875,
      "lng": 124.398333
    },
    {
      "cityName": "Pangue",
      "lat": 11.158056,
      "lng": 124.820833
    },
    {
      "cityName": "Pansagan",
      "lat": 10.616667,
      "lng": 124.833333
    },
    {
      "cityName": "Paragom",
      "lat": 11.266667,
      "lng": 124.716667
    },
    {
      "cityName": "Parasanon",
      "lat": 10.615833,
      "lng": 125.04
    },
    {
      "cityName": "Parina",
      "lat": 11.3,
      "lng": 124.716667
    },
    {
      "cityName": "Pasakay",
      "lat": 11.268889,
      "lng": 124.755833
    },
    {
      "cityName": "Pastrana",
      "lat": 11.136667,
      "lng": 124.885556
    },
    {
      "cityName": "Patag",
      "lat": 11.663889,
      "lng": 124.523333
    },
    {
      "cityName": "Patang",
      "lat": 11.168056,
      "lng": 124.854444
    },
    {
      "cityName": "Patoc",
      "lat": 11.089722,
      "lng": 124.860556
    },
    {
      "cityName": "Patong",
      "lat": 10.6,
      "lng": 124.983333
    },
    {
      "cityName": "Pawa",
      "lat": 10.883333,
      "lng": 124.933333
    },
    {
      "cityName": "Pawican",
      "lat": 11.501111,
      "lng": 124.611389
    },
    {
      "cityName": "Pawing",
      "lat": 11.18,
      "lng": 125.002778
    },
    {
      "cityName": "Peña",
      "lat": 11.212778,
      "lng": 124.455833
    },
    {
      "cityName": "Pepita",
      "lat": 11.173889,
      "lng": 124.872222
    },
    {
      "cityName": "Petogo",
      "lat": 11.236667,
      "lng": 124.778333
    },
    {
      "cityName": "Picas Norte",
      "lat": 10.684167,
      "lng": 125.0075
    },
    {
      "cityName": "Picas",
      "lat": 10.683333,
      "lng": 125
    },
    {
      "cityName": "Pikas",
      "lat": 11.031111,
      "lng": 124.978611
    },
    {
      "cityName": "Pili",
      "lat": 11.630833,
      "lng": 124.373333
    },
    {
      "cityName": "Piliway",
      "lat": 10.85,
      "lng": 124.933333
    },
    {
      "cityName": "Pinamihagan",
      "lat": 11.617222,
      "lng": 124.566667
    },
    {
      "cityName": "Pinamitinan",
      "lat": 11.283333,
      "lng": 124.633333
    },
    {
      "cityName": "Pinamono",
      "lat": 10.576111,
      "lng": 125.063056
    },
    {
      "cityName": "Pinamopoan",
      "lat": 11.314722,
      "lng": 124.573889
    },
    {
      "cityName": "Pinangomhan",
      "lat": 11.5,
      "lng": 124.466667
    },
    {
      "cityName": "Pinanhadsan",
      "lat": 11.145278,
      "lng": 124.888611
    },
    {
      "cityName": "Pinanlagaan",
      "lat": 11.266667,
      "lng": 124.733333
    },
    {
      "cityName": "Pinanukaran",
      "lat": 11.287222,
      "lng": 124.832778
    },
    {
      "cityName": "Pinarut",
      "lat": 11.233333,
      "lng": 124.416667
    },
    {
      "cityName": "Pinocawan",
      "lat": 10.8,
      "lng": 124.95
    },
    {
      "cityName": "Plaridel",
      "lat": 10.565,
      "lng": 124.766389
    },
    {
      "cityName": "Pocol",
      "lat": 10.85,
      "lng": 124.733333
    },
    {
      "cityName": "Ponce",
      "lat": 10.683333,
      "lng": 124.816667
    },
    {
      "cityName": "Pondoc",
      "lat": 10.716667,
      "lng": 125
    },
    {
      "cityName": "Pongon",
      "lat": 10.733333,
      "lng": 124.933333
    },
    {
      "cityName": "Pongso",
      "lat": 11.285278,
      "lng": 124.770278
    },
    {
      "cityName": "Potot",
      "lat": 11.338056,
      "lng": 124.552222
    },
    {
      "cityName": "Proteccion",
      "lat": 10.4,
      "lng": 124.75
    },
    {
      "cityName": "Puisant",
      "lat": 11.3,
      "lng": 124.766667
    },
    {
      "cityName": "Pulahongon",
      "lat": 10.733333,
      "lng": 125.016667
    },
    {
      "cityName": "Pulang Bato",
      "lat": 11.616667,
      "lng": 124.383333
    },
    {
      "cityName": "Pumpunan",
      "lat": 10.630833,
      "lng": 124.804722
    },
    {
      "cityName": "Pusod",
      "lat": 10.95,
      "lng": 124.933333
    },
    {
      "cityName": "Quelao",
      "lat": 11.066667,
      "lng": 125.033333
    },
    {
      "cityName": "Quinayaban",
      "lat": 10.95,
      "lng": 124.55
    },
    {
      "cityName": "Rabin",
      "lat": 11.566667,
      "lng": 124.316667
    },
    {
      "cityName": "Rizal",
      "lat": 10.833333,
      "lng": 124.916667
    },
    {
      "cityName": "Roosevelt",
      "lat": 11.3,
      "lng": 124.783333
    },
    {
      "cityName": "Ruba",
      "lat": 11.133333,
      "lng": 124.75
    },
    {
      "cityName": "Saay",
      "lat": 11.116667,
      "lng": 124.433333
    },
    {
      "cityName": "Sadyapun",
      "lat": 11.233333,
      "lng": 124.733333
    },
    {
      "cityName": "Salug",
      "lat": 10.766667,
      "lng": 124.983333
    },
    {
      "cityName": "Salvacion",
      "lat": 11.216667,
      "lng": 124.9
    },
    {
      "cityName": "Sambulawan",
      "lat": 11.35,
      "lng": 124.5
    },
    {
      "cityName": "Samputan",
      "lat": 11.419722,
      "lng": 124.906389
    },
    {
      "cityName": "San Andres",
      "lat": 10.957778,
      "lng": 124.936111
    },
    {
      "cityName": "San Antonio",
      "lat": 10.964722,
      "lng": 124.646667
    },
    {
      "cityName": "San Augustin",
      "lat": 10.785556,
      "lng": 124.778889
    },
    {
      "cityName": "San Benito",
      "lat": 11.048611,
      "lng": 124.895556
    },
    {
      "cityName": "Sancaling",
      "lat": 11.466667,
      "lng": 124.483333
    },
    {
      "cityName": "San Diego",
      "lat": 10.983333,
      "lng": 124.9
    },
    {
      "cityName": "San Esteban",
      "lat": 10.955,
      "lng": 124.913611
    },
    {
      "cityName": "Sangabon",
      "lat": 11.2,
      "lng": 124.383333
    },
    {
      "cityName": "San Gabriel",
      "lat": 10.999722,
      "lng": 124.929722
    },
    {
      "cityName": "San Galang",
      "lat": 11.496667,
      "lng": 124.486389
    },
    {
      "cityName": "San Ignacio",
      "lat": 11,
      "lng": 124.9
    },
    {
      "cityName": "San Isidro",
      "lat": 10.966667,
      "lng": 124.433333
    },
    {
      "cityName": "San Joaquin",
      "lat": 11.146944,
      "lng": 125.000833
    },
    {
      "cityName": "San Jose",
      "lat": 10.988889,
      "lng": 125.035278
    },
    {
      "cityName": "San Juan",
      "lat": 10.271111,
      "lng": 124.832778
    },
    {
      "cityName": "San Mateo",
      "lat": 11.3,
      "lng": 124.7
    },
    {
      "cityName": "San Miguel",
      "lat": 11.267222,
      "lng": 124.8325
    },
    {
      "cityName": "San Pablo",
      "lat": 10.983333,
      "lng": 124.933333
    },
    {
      "cityName": "San Pedro",
      "lat": 10.961389,
      "lng": 124.818611
    },
    {
      "cityName": "San Roque",
      "lat": 11.009722,
      "lng": 125.0375
    },
    {
      "cityName": "Santa Ana",
      "lat": 10.925833,
      "lng": 124.928333
    },
    {
      "cityName": "Santa Elena",
      "lat": 10.9,
      "lng": 124.933333
    },
    {
      "cityName": "Santa Fe",
      "lat": 10.2375,
      "lng": 124.771944
    },
    {
      "cityName": "Santa Margarita",
      "lat": 10.413056,
      "lng": 124.8225
    },
    {
      "cityName": "Santa Paz",
      "lat": 10.266667,
      "lng": 124.783333
    },
    {
      "cityName": "Santarin",
      "lat": 11.323611,
      "lng": 124.728889
    },
    {
      "cityName": "Santa Rosa",
      "lat": 11.094167,
      "lng": 124.419722
    },
    {
      "cityName": "Santiago",
      "lat": 11.066667,
      "lng": 124.433333
    },
    {
      "cityName": "Santol",
      "lat": 11.248056,
      "lng": 124.791944
    },
    {
      "cityName": "Santo Niño",
      "lat": 10.928611,
      "lng": 124.959444
    },
    {
      "cityName": "Santo",
      "lat": 11.210833,
      "lng": 124.948333
    },
    {
      "cityName": "San Vicente",
      "lat": 11.023333,
      "lng": 124.995278
    },
    {
      "cityName": "San Victoray",
      "lat": 10.916667,
      "lng": 124.933333
    },
    {
      "cityName": "San Vincente",
      "lat": 11.208611,
      "lng": 124.81
    },
    {
      "cityName": "Sapa",
      "lat": 10.6,
      "lng": 124.833333
    },
    {
      "cityName": "Sarisari",
      "lat": 11.139444,
      "lng": 124.813333
    },
    {
      "cityName": "Seguinon",
      "lat": 10.941111,
      "lng": 124.685556
    },
    {
      "cityName": "Silad",
      "lat": 11.223333,
      "lng": 124.397778
    },
    {
      "cityName": "Sinalgan",
      "lat": 11.05,
      "lng": 124.916667
    },
    {
      "cityName": "Sinayawan",
      "lat": 11.266667,
      "lng": 124.6
    },
    {
      "cityName": "Sogod",
      "lat": 10.9,
      "lng": 124.45
    },
    {
      "cityName": "Soledad",
      "lat": 11.216944,
      "lng": 124.771667
    },
    {
      "cityName": "Songon",
      "lat": 10.333333,
      "lng": 124.866667
    },
    {
      "cityName": "Sonlagon",
      "lat": 11.283333,
      "lng": 124.4
    },
    {
      "cityName": "Subancogon",
      "lat": 11.523056,
      "lng": 124.356944
    },
    {
      "cityName": "Sucre",
      "lat": 10.666667,
      "lng": 124.85
    },
    {
      "cityName": "Sudlon",
      "lat": 11.371667,
      "lng": 124.517222
    },
    {
      "cityName": "Suhi",
      "lat": 11.267778,
      "lng": 124.6975
    },
    {
      "cityName": "Sulpa",
      "lat": 11.184444,
      "lng": 124.411389
    },
    {
      "cityName": "Sungi",
      "lat": 10.8,
      "lng": 125
    },
    {
      "cityName": "Susimbahan",
      "lat": 11.492778,
      "lng": 124.346944
    },
    {
      "cityName": "Tabango",
      "lat": 11.307778,
      "lng": 124.371111
    },
    {
      "cityName": "Tabang",
      "lat": 10.233333,
      "lng": 124.766667
    },
    {
      "cityName": "Tabayho",
      "lat": 11.284722,
      "lng": 124.559722
    },
    {
      "cityName": "Taberna",
      "lat": 11.033333,
      "lng": 124.433333
    },
    {
      "cityName": "Tabgas",
      "lat": 10.9,
      "lng": 124.711111
    },
    {
      "cityName": "Tabigui",
      "lat": 11.281944,
      "lng": 124.488611
    },
    {
      "cityName": "Tabing",
      "lat": 11.4,
      "lng": 124.35
    },
    {
      "cityName": "Taboc",
      "lat": 10.433333,
      "lng": 124.733333
    },
    {
      "cityName": "Tabojab",
      "lat": 11.616667,
      "lng": 124.566667
    },
    {
      "cityName": "Tabonan",
      "lat": 11.113333,
      "lng": 124.405
    },
    {
      "cityName": "Tabonoc",
      "lat": 10.35,
      "lng": 124.8
    },
    {
      "cityName": "Tabonok",
      "lat": 10.366667,
      "lng": 124.783333
    },
    {
      "cityName": "Tabontabon",
      "lat": 11.040833,
      "lng": 124.961111
    },
    {
      "cityName": "Tabo",
      "lat": 10.95,
      "lng": 124.983333
    },
    {
      "cityName": "Tabuanon",
      "lat": 11.016667,
      "lng": 124.933333
    },
    {
      "cityName": "Tabubunga",
      "lat": 11.124167,
      "lng": 124.405278
    },
    {
      "cityName": "Tabunan",
      "lat": 11.653889,
      "lng": 124.363333
    },
    {
      "cityName": "Tadoc",
      "lat": 10.709722,
      "lng": 125.006944
    },
    {
      "cityName": "Tagabaca",
      "lat": 10.65,
      "lng": 124.966667
    },
    {
      "cityName": "Tagac",
      "lat": 11.287778,
      "lng": 124.713611
    },
    {
      "cityName": "Tagatom",
      "lat": 10.605833,
      "lng": 124.901944
    },
    {
      "cityName": "Tagbibi",
      "lat": 10.418056,
      "lng": 124.725
    },
    {
      "cityName": "Tagbinunga",
      "lat": 10.550833,
      "lng": 124.961111
    },
    {
      "cityName": "Tagharigue",
      "lat": 11.4,
      "lng": 124.4
    },
    {
      "cityName": "Taghuyan",
      "lat": 10.95,
      "lng": 124.866667
    },
    {
      "cityName": "Tagkip",
      "lat": 10.95,
      "lng": 124.95
    },
    {
      "cityName": "Taglauigan",
      "lat": 11.489167,
      "lng": 124.300833
    },
    {
      "cityName": "Taglawigan",
      "lat": 11.421944,
      "lng": 124.368333
    },
    {
      "cityName": "Taglibas",
      "lat": 10.333333,
      "lng": 124.833333
    },
    {
      "cityName": "Tahod",
      "lat": 10.540556,
      "lng": 124.769167
    },
    {
      "cityName": "Takin",
      "lat": 10.983333,
      "lng": 124.833333
    },
    {
      "cityName": "Talahib",
      "lat": 11.637222,
      "lng": 124.3675
    },
    {
      "cityName": "Talairan",
      "lat": 11.433056,
      "lng": 124.527778
    },
    {
      "cityName": "Talibong",
      "lat": 11.514444,
      "lng": 124.619167
    },
    {
      "cityName": "Talisayan",
      "lat": 10.95,
      "lng": 124.7
    },
    {
      "cityName": "Talisay",
      "lat": 10.360278,
      "lng": 124.774167
    },
    {
      "cityName": "Taloan",
      "lat": 10.957778,
      "lng": 124.464167
    },
    {
      "cityName": "Talostosan",
      "lat": 11.577778,
      "lng": 124.450833
    },
    {
      "cityName": "Tamarindo",
      "lat": 11.605556,
      "lng": 124.405833
    },
    {
      "cityName": "Tambis",
      "lat": 10.4,
      "lng": 124.801389
    },
    {
      "cityName": "Tampocon",
      "lat": 10.416667,
      "lng": 124.833333
    },
    {
      "cityName": "Tanauan",
      "lat": 11.109444,
      "lng": 125.015556
    },
    {
      "cityName": "Tanghas",
      "lat": 11.049722,
      "lng": 125.033056
    },
    {
      "cityName": "Tanguhay",
      "lat": 11.208056,
      "lng": 124.512778
    },
    {
      "cityName": "Taog",
      "lat": 11.210833,
      "lng": 124.421667
    },
    {
      "cityName": "Taontaon",
      "lat": 10.5,
      "lng": 124.75
    },
    {
      "cityName": "Tapkip",
      "lat": 11.093889,
      "lng": 124.876667
    },
    {
      "cityName": "Tarugan",
      "lat": 10.9,
      "lng": 124.916667
    },
    {
      "cityName": "Tawid",
      "lat": 10.316667,
      "lng": 124.816667
    },
    {
      "cityName": "Tawod",
      "lat": 10.3,
      "lng": 124.8
    },
    {
      "cityName": "Taytay",
      "lat": 10.7,
      "lng": 125.116667
    },
    {
      "cityName": "Teguit",
      "lat": 11.416667,
      "lng": 124.45
    },
    {
      "cityName": "Telegrafo",
      "lat": 11.034722,
      "lng": 125.033889
    },
    {
      "cityName": "Telegrato",
      "lat": 11.668611,
      "lng": 124.345278
    },
    {
      "cityName": "Tengbo",
      "lat": 11.306111,
      "lng": 124.421944
    },
    {
      "cityName": "Tibac",
      "lat": 11.172778,
      "lng": 124.954167
    },
    {
      "cityName": "Tibak",
      "lat": 11.176667,
      "lng": 124.934722
    },
    {
      "cityName": "Tib'o",
      "lat": 10.658333,
      "lng": 125.116111
    },
    {
      "cityName": "Tibur",
      "lat": 11.174167,
      "lng": 124.390833
    },
    {
      "cityName": "Ticogo",
      "lat": 11.265278,
      "lng": 124.79
    },
    {
      "cityName": "Tigban",
      "lat": 11.321111,
      "lng": 124.768333
    },
    {
      "cityName": "Tigbao",
      "lat": 10.987778,
      "lng": 124.999722
    },
    {
      "cityName": "Tihagong",
      "lat": 11.248056,
      "lng": 124.393333
    },
    {
      "cityName": "Tinabalan",
      "lat": 11.091111,
      "lng": 124.389722
    },
    {
      "cityName": "Tinagan",
      "lat": 10.852222,
      "lng": 124.737222
    },
    {
      "cityName": "Tinago",
      "lat": 11.052778,
      "lng": 124.42
    },
    {
      "cityName": "Tinaguban",
      "lat": 11.211944,
      "lng": 124.707778
    },
    {
      "cityName": "Tinambacan",
      "lat": 11.162222,
      "lng": 124.748333
    },
    {
      "cityName": "Tindoc",
      "lat": 10.588333,
      "lng": 124.949722
    },
    {
      "cityName": "Tingib",
      "lat": 11.128889,
      "lng": 124.824722
    },
    {
      "cityName": "Tinobdan",
      "lat": 11.083333,
      "lng": 124.416667
    },
    {
      "cityName": "Tipulo",
      "lat": 11.283333,
      "lng": 124.416667
    },
    {
      "cityName": "Toctoc",
      "lat": 11.4,
      "lng": 124.458056
    },
    {
      "cityName": "Tolingon",
      "lat": 10.868611,
      "lng": 124.478333
    },
    {
      "cityName": "Tolosa",
      "lat": 11.059722,
      "lng": 125.036111
    },
    {
      "cityName": "Tomalistis",
      "lat": 11.594722,
      "lng": 124.571944
    },
    {
      "cityName": "Tonghas",
      "lat": 11.604722,
      "lng": 124.564167
    },
    {
      "cityName": "Tuba",
      "lat": 11.231667,
      "lng": 124.789167
    },
    {
      "cityName": "Tubud",
      "lat": 10.883333,
      "lng": 124.466667
    },
    {
      "cityName": "Tuburan",
      "lat": 11.133333,
      "lng": 124.4
    },
    {
      "cityName": "Tucdao",
      "lat": 11.701389,
      "lng": 124.472222
    },
    {
      "cityName": "Tugas",
      "lat": 10.3075,
      "lng": 124.826944
    },
    {
      "cityName": "Tugoc",
      "lat": 11.066667,
      "lng": 125
    },
    {
      "cityName": "Tuguipa",
      "lat": 10.377778,
      "lng": 124.82
    },
    {
      "cityName": "Tulaan",
      "lat": 11.391667,
      "lng": 124.809722
    },
    {
      "cityName": "Tunga",
      "lat": 11.245556,
      "lng": 124.751667
    },
    {
      "cityName": "Tuya",
      "lat": 10.623056,
      "lng": 125.031111
    },
    {
      "cityName": "Uban",
      "lat": 10.846389,
      "lng": 125.000833
    },
    {
      "cityName": "Ubayan",
      "lat": 11.416667,
      "lng": 124.883333
    },
    {
      "cityName": "Ubay",
      "lat": 11.548333,
      "lng": 124.317222
    },
    {
      "cityName": "Uguiao",
      "lat": 11.164722,
      "lng": 124.764167
    },
    {
      "cityName": "Ungala",
      "lat": 11.701944,
      "lng": 124.451667
    },
    {
      "cityName": "Union",
      "lat": 10.566667,
      "lng": 124.966667
    },
    {
      "cityName": "Uson",
      "lat": 11.471944,
      "lng": 124.407222
    },
    {
      "cityName": "Utud",
      "lat": 10.7775,
      "lng": 124.9425
    },
    {
      "cityName": "Vega",
      "lat": 11.803611,
      "lng": 124.307222
    },
    {
      "cityName": "Vilalon",
      "lat": 11.514167,
      "lng": 124.365278
    },
    {
      "cityName": "Villaba",
      "lat": 11.212222,
      "lng": 124.393056
    },
    {
      "cityName": "Villahermosa",
      "lat": 11.492222,
      "lng": 124.3875
    },
    {
      "cityName": "Villanueva",
      "lat": 11.481111,
      "lng": 124.399167
    },
    {
      "cityName": "Villapaz",
      "lat": 11.148889,
      "lng": 124.790278
    },
    {
      "cityName": "Villa",
      "lat": 11.140278,
      "lng": 124.874722
    },
    {
      "cityName": "Visares",
      "lat": 11.241389,
      "lng": 124.571389
    },
    {
      "cityName": "Wague",
      "lat": 11.291667,
      "lng": 124.49
    },
    {
      "cityName": "Yapad",
      "lat": 11.107222,
      "lng": 124.886944
    },
    {
      "cityName": "Ylandoguia",
      "lat": 11.183333,
      "lng": 124.8
    },
    {
      "cityName": "Ynalad",
      "lat": 11.551389,
      "lng": 124.326667
    },
    {
      "cityName": "Ypad",
      "lat": 11.131667,
      "lng": 124.863333
    },
    {
      "cityName": "Yuro",
      "lat": 11.318611,
      "lng": 124.832222
    },
    {
      "cityName": "Zabala",
      "lat": 11.148611,
      "lng": 124.775
    }
  ]
}