{
  "name": "Nueva Vizcaya",
  "cities": [
    {
      "cityName": "Abaca",
      "lat": 16.009444,
      "lng": 121.208333
    },
    {
      "cityName": "Abian",
      "lat": 16.428333,
      "lng": 121.134167
    },
    {
      "cityName": "Abian-Abian Junction",
      "lat": 16.421111,
      "lng": 121.126111
    },
    {
      "cityName": "Abuyo",
      "lat": 15.883333,
      "lng": 121.233333
    },
    {
      "cityName": "Addalem",
      "lat": 16.5,
      "lng": 121
    },
    {
      "cityName": "Aggub",
      "lat": 16.561667,
      "lng": 121.2025
    },
    {
      "cityName": "Alang",
      "lat": 16.2,
      "lng": 120.9
    },
    {
      "cityName": "Alayan",
      "lat": 16.316667,
      "lng": 121.433333
    },
    {
      "cityName": "Alfonso Castañeda",
      "lat": 15.803611,
      "lng": 121.306111
    },
    {
      "cityName": "Aliaugon",
      "lat": 16.616667,
      "lng": 121.05
    },
    {
      "cityName": "Allauan",
      "lat": 16.275278,
      "lng": 121.041944
    },
    {
      "cityName": "Alloy",
      "lat": 16.316667,
      "lng": 121.3
    },
    {
      "cityName": "Almaguer",
      "lat": 16.35,
      "lng": 121.083333
    },
    {
      "cityName": "Alupat",
      "lat": 16.283333,
      "lng": 120.866667
    },
    {
      "cityName": "Ambaguio",
      "lat": 16.509722,
      "lng": 121.016944
    },
    {
      "cityName": "Amballo",
      "lat": 16.573333,
      "lng": 121.316111
    },
    {
      "cityName": "Ambangan",
      "lat": 16.366667,
      "lng": 120.866667
    },
    {
      "cityName": "Amilong",
      "lat": 16.333333,
      "lng": 120.883333
    },
    {
      "cityName": "Anablan",
      "lat": 16.283333,
      "lng": 120.966667
    },
    {
      "cityName": "Ansipsip",
      "lat": 16.324722,
      "lng": 120.845833
    },
    {
      "cityName": "Antapoc",
      "lat": 16.25,
      "lng": 120.866667
    },
    {
      "cityName": "Aritao",
      "lat": 16.298333,
      "lng": 121.040833
    },
    {
      "cityName": "Asilap",
      "lat": 16.545833,
      "lng": 121.21
    },
    {
      "cityName": "Atbo",
      "lat": 16.15,
      "lng": 120.95
    },
    {
      "cityName": "Ayom",
      "lat": 16.366667,
      "lng": 120.933333
    },
    {
      "cityName": "Ba-an",
      "lat": 16.333333,
      "lng": 120.983333
    },
    {
      "cityName": "Babaddi",
      "lat": 16.416667,
      "lng": 120.933333
    },
    {
      "cityName": "Babuang",
      "lat": 16.316667,
      "lng": 120.95
    },
    {
      "cityName": "Baclungay",
      "lat": 16.3,
      "lng": 120.95
    },
    {
      "cityName": "Bagabag",
      "lat": 16.5,
      "lng": 121.183333
    },
    {
      "cityName": "Bagaen",
      "lat": 16.6,
      "lng": 120.95
    },
    {
      "cityName": "Bagimbing",
      "lat": 16.6,
      "lng": 120.983333
    },
    {
      "cityName": "Bakir A. Dackel",
      "lat": 16.642222,
      "lng": 121.224444
    },
    {
      "cityName": "Balangabang Small",
      "lat": 16.283333,
      "lng": 120.85
    },
    {
      "cityName": "Balaoang",
      "lat": 16.383333,
      "lng": 120.883333
    },
    {
      "cityName": "Baleling",
      "lat": 16.216667,
      "lng": 120.933333
    },
    {
      "cityName": "Balete",
      "lat": 16.566667,
      "lng": 120.916667
    },
    {
      "cityName": "Baleti",
      "lat": 16.6325,
      "lng": 121.358889
    },
    {
      "cityName": "Baliling",
      "lat": 16.190278,
      "lng": 120.945278
    },
    {
      "cityName": "Baliti",
      "lat": 16.183333,
      "lng": 121.016667
    },
    {
      "cityName": "Balungad",
      "lat": 16.389722,
      "lng": 121.0775
    },
    {
      "cityName": "Bambang",
      "lat": 16.3825,
      "lng": 121.11
    },
    {
      "cityName": "Banalian",
      "lat": 16.3975,
      "lng": 120.966944
    },
    {
      "cityName": "Banangbang",
      "lat": 16.416667,
      "lng": 120.916667
    },
    {
      "cityName": "Banao",
      "lat": 16.383333,
      "lng": 120.9
    },
    {
      "cityName": "Banet",
      "lat": 16.266667,
      "lng": 120.866667
    },
    {
      "cityName": "Banganan",
      "lat": 16.315278,
      "lng": 121.047222
    },
    {
      "cityName": "Banganan South",
      "lat": 16.303889,
      "lng": 121.045833
    },
    {
      "cityName": "Bangan",
      "lat": 16.543611,
      "lng": 121.2425
    },
    {
      "cityName": "Bangco",
      "lat": 16.566667,
      "lng": 120.933333
    },
    {
      "cityName": "Banot",
      "lat": 16.614722,
      "lng": 121.046944
    },
    {
      "cityName": "Barat",
      "lat": 16.376389,
      "lng": 121.059722
    },
    {
      "cityName": "Bascaran",
      "lat": 16.536667,
      "lng": 121.225556
    },
    {
      "cityName": "Bayacabac",
      "lat": 16.516667,
      "lng": 120.933333
    },
    {
      "cityName": "Bayaong",
      "lat": 16.283333,
      "lng": 120.95
    },
    {
      "cityName": "Bayas",
      "lat": 16.35,
      "lng": 120.866667
    },
    {
      "cityName": "Bayombong",
      "lat": 16.482778,
      "lng": 121.1525
    },
    {
      "cityName": "Belance",
      "lat": 16.183333,
      "lng": 121.25
    },
    {
      "cityName": "Beti",
      "lat": 16.283333,
      "lng": 121.033333
    },
    {
      "cityName": "Bibila",
      "lat": 16.433333,
      "lng": 120.95
    },
    {
      "cityName": "Bilongat",
      "lat": 16.45,
      "lng": 120.95
    },
    {
      "cityName": "Bimanco",
      "lat": 16.383333,
      "lng": 121.216667
    },
    {
      "cityName": "Binalsi",
      "lat": 16.566667,
      "lng": 120.966667
    },
    {
      "cityName": "Bintauan",
      "lat": 16.578333,
      "lng": 121.193889
    },
    {
      "cityName": "Bisong",
      "lat": 16.35,
      "lng": 120.883333
    },
    {
      "cityName": "Bito",
      "lat": 16.583333,
      "lng": 120.983333
    },
    {
      "cityName": "Boa",
      "lat": 16.3,
      "lng": 121.25
    },
    {
      "cityName": "Bolibol",
      "lat": 16.583333,
      "lng": 120.966667
    },
    {
      "cityName": "Bolo",
      "lat": 16.290833,
      "lng": 120.841111
    },
    {
      "cityName": "Bolong",
      "lat": 16.133333,
      "lng": 120.933333
    },
    {
      "cityName": "Bone",
      "lat": 16.255278,
      "lng": 121.005278
    },
    {
      "cityName": "Bone North",
      "lat": 16.265278,
      "lng": 121.016667
    },
    {
      "cityName": "Bone South",
      "lat": 16.235833,
      "lng": 120.990556
    },
    {
      "cityName": "Bonfal",
      "lat": 16.500833,
      "lng": 121.177222
    },
    {
      "cityName": "Buag",
      "lat": 16.583333,
      "lng": 121.016667
    },
    {
      "cityName": "Buaya",
      "lat": 16.654167,
      "lng": 121.383889
    },
    {
      "cityName": "Budad",
      "lat": 16.533333,
      "lng": 121.2
    },
    {
      "cityName": "Bugaoy",
      "lat": 16.800556,
      "lng": 121.049167
    },
    {
      "cityName": "Buguias",
      "lat": 16.533333,
      "lng": 120.9
    },
    {
      "cityName": "Buliuag",
      "lat": 16.3,
      "lng": 120.833333
    },
    {
      "cityName": "Buliwao",
      "lat": 16.483333,
      "lng": 121.233333
    },
    {
      "cityName": "Busilac",
      "lat": 16.483333,
      "lng": 121.122222
    },
    {
      "cityName": "Cabanaetan",
      "lat": 16.116667,
      "lng": 119.883333
    },
    {
      "cityName": "Cabanglasan",
      "lat": 16.35,
      "lng": 120.933333
    },
    {
      "cityName": "Cabayo",
      "lat": 16.55,
      "lng": 120.9
    },
    {
      "cityName": "Cabolug",
      "lat": 16.230556,
      "lng": 120.766389
    },
    {
      "cityName": "Caliat",
      "lat": 16.5,
      "lng": 121.275
    },
    {
      "cityName": "Calitlitan",
      "lat": 16.2225,
      "lng": 120.969722
    },
    {
      "cityName": "Calittacan",
      "lat": 16.166667,
      "lng": 120.933333
    },
    {
      "cityName": "Calomingan",
      "lat": 16.25,
      "lng": 120.95
    },
    {
      "cityName": "Campote",
      "lat": 16.283333,
      "lng": 121.25
    },
    {
      "cityName": "Camp Rosario",
      "lat": 16.383333,
      "lng": 121.15
    },
    {
      "cityName": "Canatuan",
      "lat": 16.25,
      "lng": 121.216667
    },
    {
      "cityName": "Caniat",
      "lat": 16.316667,
      "lng": 120.933333
    },
    {
      "cityName": "Capintalan",
      "lat": 16.166667,
      "lng": 121
    },
    {
      "cityName": "Casat",
      "lat": 16.512222,
      "lng": 121.141389
    },
    {
      "cityName": "Casibaoengan",
      "lat": 16.238056,
      "lng": 121.011389
    },
    {
      "cityName": "Casibu",
      "lat": 16.316667,
      "lng": 121.283333
    },
    {
      "cityName": "Cauayan",
      "lat": 15.981667,
      "lng": 121.349444
    },
    {
      "cityName": "Cayton",
      "lat": 16.297222,
      "lng": 121.1275
    },
    {
      "cityName": "Chumalpos",
      "lat": 16.316667,
      "lng": 120.833333
    },
    {
      "cityName": "Comandag",
      "lat": 16.6,
      "lng": 121.05
    },
    {
      "cityName": "Comon",
      "lat": 16.291111,
      "lng": 121.037778
    },
    {
      "cityName": "Consuelo",
      "lat": 16.183333,
      "lng": 120.95
    },
    {
      "cityName": "Curasay",
      "lat": 16.571944,
      "lng": 121.307222
    },
    {
      "cityName": "Curipang",
      "lat": 16.515278,
      "lng": 121.224722
    },
    {
      "cityName": "Cutug",
      "lat": 16.483333,
      "lng": 121.15
    },
    {
      "cityName": "Daclan",
      "lat": 16.6,
      "lng": 121.033333
    },
    {
      "cityName": "Daclanto",
      "lat": 16.55,
      "lng": 120.966667
    },
    {
      "cityName": "Daclig Camp",
      "lat": 16.483333,
      "lng": 121.366667
    },
    {
      "cityName": "Dango",
      "lat": 16.6,
      "lng": 120.933333
    },
    {
      "cityName": "Daowegon",
      "lat": 16.216667,
      "lng": 120.766667
    },
    {
      "cityName": "Diadi",
      "lat": 16.663611,
      "lng": 121.368056
    },
    {
      "cityName": "Dicabacan",
      "lat": 16.583333,
      "lng": 121.366667
    },
    {
      "cityName": "Dilaping",
      "lat": 16.324167,
      "lng": 121.298611
    },
    {
      "cityName": "Dolle",
      "lat": 16.583333,
      "lng": 121.05
    },
    {
      "cityName": "Domang",
      "lat": 16.401111,
      "lng": 121.114167
    },
    {
      "cityName": "Dongayap",
      "lat": 16.583333,
      "lng": 121.266667
    },
    {
      "cityName": "Ducait",
      "lat": 16.366667,
      "lng": 121.083333
    },
    {
      "cityName": "Dumayup",
      "lat": 16.566389,
      "lng": 121.271111
    },
    {
      "cityName": "Dupax del Norte",
      "lat": 16.286389,
      "lng": 121.094167
    },
    {
      "cityName": "Dupax del Sur",
      "lat": 16.283333,
      "lng": 121.1
    },
    {
      "cityName": "Duria",
      "lat": 16.55,
      "lng": 121.116667
    },
    {
      "cityName": "Gabot",
      "lat": 16.325278,
      "lng": 121.061111
    },
    {
      "cityName": "Gadgadan",
      "lat": 16.344722,
      "lng": 121.109722
    },
    {
      "cityName": "Ganaba",
      "lat": 16.566667,
      "lng": 120.9
    },
    {
      "cityName": "Gannib",
      "lat": 16.588611,
      "lng": 121.189444
    },
    {
      "cityName": "Gatilley",
      "lat": 16.5,
      "lng": 120.916667
    },
    {
      "cityName": "Gato",
      "lat": 15.933333,
      "lng": 121.366667
    },
    {
      "cityName": "Golon",
      "lat": 16.533333,
      "lng": 121
    },
    {
      "cityName": "Guinao",
      "lat": 16.583333,
      "lng": 120.95
    },
    {
      "cityName": "Guitao",
      "lat": 16.405278,
      "lng": 121.124167
    },
    {
      "cityName": "Gussadan",
      "lat": 16.2,
      "lng": 120.883333
    },
    {
      "cityName": "Hablang",
      "lat": 16.5875,
      "lng": 121.155556
    },
    {
      "cityName": "Hacdal",
      "lat": 16.466667,
      "lng": 120.95
    },
    {
      "cityName": "Ibung",
      "lat": 16.610833,
      "lng": 121.185
    },
    {
      "cityName": "I-iyo",
      "lat": 16.268056,
      "lng": 121.105556
    },
    {
      "cityName": "Imugan",
      "lat": 16.158889,
      "lng": 120.903611
    },
    {
      "cityName": "Inaban",
      "lat": 16.310278,
      "lng": 121.1175
    },
    {
      "cityName": "Inaldo",
      "lat": 16.497778,
      "lng": 121.176667
    },
    {
      "cityName": "Indiana",
      "lat": 16.342222,
      "lng": 121.074167
    },
    {
      "cityName": "Ineangan",
      "lat": 16.318333,
      "lng": 121.093333
    },
    {
      "cityName": "Inuman",
      "lat": 16.4,
      "lng": 121
    },
    {
      "cityName": "Ipang",
      "lat": 16.530833,
      "lng": 121.186389
    },
    {
      "cityName": "Junction",
      "lat": 16.366667,
      "lng": 121.1
    },
    {
      "cityName": "Kabalatan",
      "lat": 16.293889,
      "lng": 120.867222
    },
    {
      "cityName": "Kayapa",
      "lat": 16.3,
      "lng": 120.866667
    },
    {
      "cityName": "Kirang",
      "lat": 16.288056,
      "lng": 121.02
    },
    {
      "cityName": "Klacat",
      "lat": 16.549722,
      "lng": 121.144167
    },
    {
      "cityName": "Kongkong",
      "lat": 16.316667,
      "lng": 121.25
    },
    {
      "cityName": "Kongokong",
      "lat": 16.628611,
      "lng": 121.150833
    },
    {
      "cityName": "Labang",
      "lat": 16.466667,
      "lng": 121.016667
    },
    {
      "cityName": "Labbeng",
      "lat": 16.316667,
      "lng": 120.9
    },
    {
      "cityName": "Labbi Camp",
      "lat": 16.5,
      "lng": 121.066667
    },
    {
      "cityName": "Labong",
      "lat": 16.576944,
      "lng": 121.036111
    },
    {
      "cityName": "Lamo",
      "lat": 16.326111,
      "lng": 121.106667
    },
    {
      "cityName": "Lamut",
      "lat": 16.368056,
      "lng": 121.101944
    },
    {
      "cityName": "Laneb",
      "lat": 16.233333,
      "lng": 120.9
    },
    {
      "cityName": "Lantap",
      "lat": 16.63,
      "lng": 121.237222
    },
    {
      "cityName": "Latbang",
      "lat": 16.483333,
      "lng": 120.933333
    },
    {
      "cityName": "La Torre",
      "lat": 16.501389,
      "lng": 121.142222
    },
    {
      "cityName": "Lattauan",
      "lat": 16.550556,
      "lng": 121.176389
    },
    {
      "cityName": "Lawican",
      "lat": 16.243889,
      "lng": 120.7625
    },
    {
      "cityName": "Limbo",
      "lat": 16.7,
      "lng": 121.316667
    },
    {
      "cityName": "Lingay",
      "lat": 16.490833,
      "lng": 121.1725
    },
    {
      "cityName": "Lingey",
      "lat": 16.5,
      "lng": 120.983333
    },
    {
      "cityName": "Lobo",
      "lat": 16.294722,
      "lng": 121.004722
    },
    {
      "cityName": "Luglug",
      "lat": 16.183333,
      "lng": 120.883333
    },
    {
      "cityName": "Lukidnon",
      "lat": 15.95,
      "lng": 121.2
    },
    {
      "cityName": "Lusod",
      "lat": 16.299444,
      "lng": 120.856111
    },
    {
      "cityName": "Mabaina",
      "lat": 16.538056,
      "lng": 121.156667
    },
    {
      "cityName": "Mabasa",
      "lat": 16.3225,
      "lng": 121.128611
    },
    {
      "cityName": "Macasin",
      "lat": 16.316944,
      "lng": 121.134444
    },
    {
      "cityName": "Macdo",
      "lat": 16.416667,
      "lng": 120.966667
    },
    {
      "cityName": "Maddiangat",
      "lat": 16.496944,
      "lng": 121.210556
    },
    {
      "cityName": "Magaad",
      "lat": 16.623889,
      "lng": 121.239167
    },
    {
      "cityName": "Maghanay",
      "lat": 16.008889,
      "lng": 121.297222
    },
    {
      "cityName": "Maginang",
      "lat": 16.316667,
      "lng": 121.05
    },
    {
      "cityName": "Maingit",
      "lat": 16.6,
      "lng": 121
    },
    {
      "cityName": "Makati",
      "lat": 16.414167,
      "lng": 121.123056
    },
    {
      "cityName": "Malabing",
      "lat": 16.316667,
      "lng": 121.333333
    },
    {
      "cityName": "Malasin",
      "lat": 16.305278,
      "lng": 121.102778
    },
    {
      "cityName": "Maleco",
      "lat": 16.133333,
      "lng": 120.916667
    },
    {
      "cityName": "Malico",
      "lat": 16.183333,
      "lng": 120.866667
    },
    {
      "cityName": "Manaat",
      "lat": 16.233333,
      "lng": 121.233333
    },
    {
      "cityName": "Mangalo",
      "lat": 16.331389,
      "lng": 121.255278
    },
    {
      "cityName": "Manga",
      "lat": 16.290833,
      "lng": 121.183889
    },
    {
      "cityName": "Mangauit",
      "lat": 16.154444,
      "lng": 121.228056
    },
    {
      "cityName": "Mangayang",
      "lat": 16.313611,
      "lng": 121.0725
    },
    {
      "cityName": "Manged",
      "lat": 16.2,
      "lng": 120.866667
    },
    {
      "cityName": "Mapatan",
      "lat": 16,
      "lng": 121.283333
    },
    {
      "cityName": "Mapayao",
      "lat": 16.383333,
      "lng": 120.983333
    },
    {
      "cityName": "Maquebenga",
      "lat": 16.183333,
      "lng": 121.233333
    },
    {
      "cityName": "Masac",
      "lat": 16.501111,
      "lng": 121.123611
    },
    {
      "cityName": "Mauan",
      "lat": 16.358333,
      "lng": 121.075278
    },
    {
      "cityName": "Montanibong",
      "lat": 16.55,
      "lng": 121.366667
    },
    {
      "cityName": "Morong",
      "lat": 16.596389,
      "lng": 121.226111
    },
    {
      "cityName": "Munsuyuguy",
      "lat": 16.5,
      "lng": 121.016667
    },
    {
      "cityName": "Nabuag",
      "lat": 16.4,
      "lng": 120.95
    },
    {
      "cityName": "Nakkak",
      "lat": 16.566667,
      "lng": 120.983333
    },
    {
      "cityName": "Nallubunan",
      "lat": 16.504444,
      "lng": 121.231111
    },
    {
      "cityName": "Namamparan",
      "lat": 16.649167,
      "lng": 121.357222
    },
    {
      "cityName": "Nambebac",
      "lat": 16.303333,
      "lng": 121.124722
    },
    {
      "cityName": "Nambodosan",
      "lat": 16.4,
      "lng": 120.933333
    },
    {
      "cityName": "Nanciacan",
      "lat": 16.416667,
      "lng": 121
    },
    {
      "cityName": "Nangalisan",
      "lat": 16.626389,
      "lng": 121.209722
    },
    {
      "cityName": "Napo",
      "lat": 16.583333,
      "lng": 120.933333
    },
    {
      "cityName": "Natbang",
      "lat": 16.45,
      "lng": 120.983333
    },
    {
      "cityName": "Naya",
      "lat": 16.003889,
      "lng": 121.341667
    },
    {
      "cityName": "Oplas",
      "lat": 16.4,
      "lng": 121.016667
    },
    {
      "cityName": "Orioung",
      "lat": 16.633333,
      "lng": 121.35
    },
    {
      "cityName": "Padalis",
      "lat": 15.933333,
      "lng": 121.2
    },
    {
      "cityName": "Paitan",
      "lat": 16.470278,
      "lng": 121.160833
    },
    {
      "cityName": "Palauglaug",
      "lat": 16.266667,
      "lng": 120.916667
    },
    {
      "cityName": "Palnet",
      "lat": 16.283333,
      "lng": 120.916667
    },
    {
      "cityName": "Pampang",
      "lat": 16.3575,
      "lng": 120.885556
    },
    {
      "cityName": "Panaitan",
      "lat": 16.383333,
      "lng": 120.95
    },
    {
      "cityName": "Panao",
      "lat": 16.6,
      "lng": 120.966667
    },
    {
      "cityName": "Paniki",
      "lat": 16.630556,
      "lng": 121.213333
    },
    {
      "cityName": "Patoctoc",
      "lat": 16.233333,
      "lng": 120.933333
    },
    {
      "cityName": "Payupay",
      "lat": 16.316667,
      "lng": 121.416667
    },
    {
      "cityName": "Pedol",
      "lat": 16.609167,
      "lng": 121.162778
    },
    {
      "cityName": "Pieza",
      "lat": 16.637222,
      "lng": 121.172778
    },
    {
      "cityName": "Pinayag",
      "lat": 16.433333,
      "lng": 120.966667
    },
    {
      "cityName": "Pingkian",
      "lat": 16.313056,
      "lng": 120.945
    },
    {
      "cityName": "Pisac",
      "lat": 16.233333,
      "lng": 120.85
    },
    {
      "cityName": "Pocgong",
      "lat": 16.366667,
      "lng": 120.883333
    },
    {
      "cityName": "Ponpon",
      "lat": 16.35,
      "lng": 120.9
    },
    {
      "cityName": "Pual",
      "lat": 16.583333,
      "lng": 120.9
    },
    {
      "cityName": "Quezon",
      "lat": 16.5,
      "lng": 121.266667
    },
    {
      "cityName": "Rosario",
      "lat": 16.621111,
      "lng": 121.320556
    },
    {
      "cityName": "Rusu",
      "lat": 16.533056,
      "lng": 121.236667
    },
    {
      "cityName": "Sabual",
      "lat": 16.616667,
      "lng": 121.033333
    },
    {
      "cityName": "Salacsac",
      "lat": 16.166667,
      "lng": 120.85
    },
    {
      "cityName": "Salinas",
      "lat": 16.37,
      "lng": 121.021111
    },
    {
      "cityName": "San Antonio",
      "lat": 16.331944,
      "lng": 121.107222
    },
    {
      "cityName": "San Felipe",
      "lat": 16.416667,
      "lng": 120.95
    },
    {
      "cityName": "San Fernando",
      "lat": 16.389444,
      "lng": 121.130556
    },
    {
      "cityName": "San Francisco",
      "lat": 16.230556,
      "lng": 121.066944
    },
    {
      "cityName": "San Miguel",
      "lat": 16.358333,
      "lng": 121.0925
    },
    {
      "cityName": "Santa Cruz",
      "lat": 16.316667,
      "lng": 120.966667
    },
    {
      "cityName": "Santa Fe",
      "lat": 16.162222,
      "lng": 120.938611
    },
    {
      "cityName": "Santa Lucia",
      "lat": 16.641111,
      "lng": 121.250556
    },
    {
      "cityName": "Santa Maria",
      "lat": 16.283333,
      "lng": 121.083333
    },
    {
      "cityName": "Santa Rosa",
      "lat": 16.209167,
      "lng": 120.776389
    },
    {
      "cityName": "Santo Domingo",
      "lat": 16.425833,
      "lng": 121.106111
    },
    {
      "cityName": "Señora",
      "lat": 16.483333,
      "lng": 121.183333
    },
    {
      "cityName": "Siguem",
      "lat": 16.283333,
      "lng": 121.3
    },
    {
      "cityName": "Silao",
      "lat": 16.216667,
      "lng": 120.916667
    },
    {
      "cityName": "Sinal",
      "lat": 16,
      "lng": 121.25
    },
    {
      "cityName": "Solano",
      "lat": 16.524444,
      "lng": 121.192222
    },
    {
      "cityName": "Tabban",
      "lat": 16.566667,
      "lng": 121.283333
    },
    {
      "cityName": "Taboung",
      "lat": 16.3,
      "lng": 121.033333
    },
    {
      "cityName": "Tabueng",
      "lat": 16.274722,
      "lng": 121.053333
    },
    {
      "cityName": "Tactac",
      "lat": 16.15,
      "lng": 120.983333
    },
    {
      "cityName": "Tagalog",
      "lat": 16.35,
      "lng": 120.983333
    },
    {
      "cityName": "Talictic",
      "lat": 16.733333,
      "lng": 121.333333
    },
    {
      "cityName": "Talikebkeb",
      "lat": 16.333333,
      "lng": 120.85
    },
    {
      "cityName": "Talimpago",
      "lat": 16.321389,
      "lng": 121.2925
    },
    {
      "cityName": "Tamangan",
      "lat": 16.55,
      "lng": 120.916667
    },
    {
      "cityName": "Tanap",
      "lat": 16.281667,
      "lng": 121.312222
    },
    {
      "cityName": "Taplao",
      "lat": 16.3,
      "lng": 120.933333
    },
    {
      "cityName": "Tayug",
      "lat": 16.133333,
      "lng": 120.983333
    },
    {
      "cityName": "Tinec",
      "lat": 16.6,
      "lng": 120.979167
    },
    {
      "cityName": "Tocanon",
      "lat": 16.286111,
      "lng": 121.055278
    },
    {
      "cityName": "Tuao Norte",
      "lat": 16.588333,
      "lng": 121.257778
    },
    {
      "cityName": "Tucal",
      "lat": 16.561944,
      "lng": 121.188056
    },
    {
      "cityName": "Uddiawan",
      "lat": 16.559722,
      "lng": 121.15
    },
    {
      "cityName": "Villanueva",
      "lat": 16.614444,
      "lng": 121.308056
    },
    {
      "cityName": "Villa Verde",
      "lat": 16.583333,
      "lng": 121.2
    },
    {
      "cityName": "Wacal",
      "lat": 16.55,
      "lng": 121.133333
    },
    {
      "cityName": "Watwat",
      "lat": 16.326111,
      "lng": 121.295
    },
    {
      "cityName": "Yangiran",
      "lat": 16.2,
      "lng": 120.95
    },
    {
      "cityName": "Yopuan",
      "lat": 16.466667,
      "lng": 120.933333
    }
  ]
}