{
  "name": "Zamboanga del Norte",
  "cities": [
    {
      "cityName": "Anungan",
      "lat": 7.46,
      "lng": 122.077778
    },
    {
      "cityName": "Bacangan",
      "lat": 8.1551,
      "lng": 122.9311
    },
    {
      "cityName": "Bagabangan",
      "lat": 8.134722,
      "lng": 122.883056
    },
    {
      "cityName": "Balas",
      "lat": 8.0125,
      "lng": 122.493611
    },
    {
      "cityName": "Balatacan",
      "lat": 7.6075,
      "lng": 122.118333
    },
    {
      "cityName": "Bali",
      "lat": 7.6725,
      "lng": 122.148333
    },
    {
      "cityName": "Baligian",
      "lat": 7.809444,
      "lng": 122.144444
    },
    {
      "cityName": "Balili",
      "lat": 7.663333,
      "lng": 122.141389
    },
    {
      "cityName": "Balubuhan",
      "lat": 7.612222,
      "lng": 122.132222
    },
    {
      "cityName": "Baluno",
      "lat": 8.516667,
      "lng": 123.383333
    },
    {
      "cityName": "Banaba",
      "lat": 8.483333,
      "lng": 123.483333
    },
    {
      "cityName": "Banigan",
      "lat": 8.1275,
      "lng": 122.638333
    },
    {
      "cityName": "Basu",
      "lat": 7.828611,
      "lng": 122.157778
    },
    {
      "cityName": "Batan",
      "lat": 8.222222,
      "lng": 123.184167
    },
    {
      "cityName": "Batocan",
      "lat": 7.548333,
      "lng": 122.126667
    },
    {
      "cityName": "Bayo",
      "lat": 8.5219,
      "lng": 123.1502
    },
    {
      "cityName": "Benoni",
      "lat": 8.046111,
      "lng": 122.804167
    },
    {
      "cityName": "Binuangan",
      "lat": 8.2663,
      "lng": 122.9685
    },
    {
      "cityName": "Bitogan",
      "lat": 7.564722,
      "lng": 122.145278
    },
    {
      "cityName": "Bitoon",
      "lat": 8.3036,
      "lng": 122.977
    },
    {
      "cityName": "Boboringan",
      "lat": 8.3375,
      "lng": 123.5215
    },
    {
      "cityName": "Bongon",
      "lat": 7.541111,
      "lng": 122.115278
    },
    {
      "cityName": "Bucas",
      "lat": 8.111111,
      "lng": 122.748889
    },
    {
      "cityName": "Bukiran",
      "lat": 8.4506,
      "lng": 123.5391
    },
    {
      "cityName": "Calican",
      "lat": 8.4716,
      "lng": 123.4091
    },
    {
      "cityName": "Canibugan",
      "lat": 8.4593,
      "lng": 123.2628
    },
    {
      "cityName": "Caracal",
      "lat": 8.127222,
      "lng": 122.845
    },
    {
      "cityName": "Caracol",
      "lat": 8.1117,
      "lng": 122.7869
    },
    {
      "cityName": "Catunan",
      "lat": 7.605,
      "lng": 122.239444
    },
    {
      "cityName": "Dabuy",
      "lat": 7.266667,
      "lng": 122.1
    },
    {
      "cityName": "Dalangin",
      "lat": 7.850556,
      "lng": 122.578333
    },
    {
      "cityName": "Dampalan",
      "lat": 8.5192,
      "lng": 123.542
    },
    {
      "cityName": "Danganon",
      "lat": 7.519167,
      "lng": 122.106667
    },
    {
      "cityName": "Dansalan",
      "lat": 8.076667,
      "lng": 122.564444
    },
    {
      "cityName": "Dansollan",
      "lat": 8.5,
      "lng": 123.516667
    },
    {
      "cityName": "Dansullan",
      "lat": 8.516667,
      "lng": 123.4
    },
    {
      "cityName": "Dapatan",
      "lat": 8.5207,
      "lng": 123.1309
    },
    {
      "cityName": "Dasa",
      "lat": 8.4663,
      "lng": 123.5231
    },
    {
      "cityName": "Delosam",
      "lat": 8.1451,
      "lng": 122.8957
    },
    {
      "cityName": "Despujols",
      "lat": 8.583333,
      "lng": 124.5
    },
    {
      "cityName": "Dicayong",
      "lat": 8.2206,
      "lng": 123.0338
    },
    {
      "cityName": "Diculum",
      "lat": 7.919167,
      "lng": 122.233056
    },
    {
      "cityName": "Dinoman",
      "lat": 8.4976,
      "lng": 123.2815
    },
    {
      "cityName": "Diolen",
      "lat": 8.3635,
      "lng": 123.529
    },
    {
      "cityName": "Dipani",
      "lat": 8.507,
      "lng": 123.1573
    },
    {
      "cityName": "Disacan",
      "lat": 8.4837,
      "lng": 123.0504
    },
    {
      "cityName": "Disod",
      "lat": 8.2549,
      "lng": 122.9897
    },
    {
      "cityName": "Dohinob",
      "lat": 8.5327,
      "lng": 123.19
    },
    {
      "cityName": "Doña Cecilia",
      "lat": 7.590278,
      "lng": 122.172778
    },
    {
      "cityName": "Dukanunday",
      "lat": 8.094722,
      "lng": 122.593889
    },
    {
      "cityName": "Dulungin",
      "lat": 7.731111,
      "lng": 122.108333
    },
    {
      "cityName": "Galay",
      "lat": 8.466,
      "lng": 123.456
    },
    {
      "cityName": "Guayan",
      "lat": 8.287222,
      "lng": 123.129444
    },
    {
      "cityName": "Guinles",
      "lat": 8.5119,
      "lng": 123.3863
    },
    {
      "cityName": "Gusa",
      "lat": 8.2583,
      "lng": 122.9779
    },
    {
      "cityName": "Gusao",
      "lat": 8.165556,
      "lng": 122.939444
    },
    {
      "cityName": "Gutalac",
      "lat": 7.9825,
      "lng": 122.404722
    },
    {
      "cityName": "Ingin",
      "lat": 8.1973,
      "lng": 122.9786
    },
    {
      "cityName": "Irasan",
      "lat": 8.526,
      "lng": 123.206
    },
    {
      "cityName": "Jose Dalman",
      "lat": 8.452,
      "lng": 123.0222
    },
    {
      "cityName": "Kalaturian",
      "lat": 8.2624,
      "lng": 122.9748
    },
    {
      "cityName": "Kalawit",
      "lat": 8.066667,
      "lng": 122.516667
    },
    {
      "cityName": "Kampis",
      "lat": 8.273056,
      "lng": 122.963056
    },
    {
      "cityName": "Kanapun",
      "lat": 7.983056,
      "lng": 122.316111
    },
    {
      "cityName": "Kata-asan",
      "lat": 8.2179,
      "lng": 123.4786
    },
    {
      "cityName": "Katipunan",
      "lat": 8.514,
      "lng": 123.2829
    },
    {
      "cityName": "Kauit Kauit",
      "lat": 7.495833,
      "lng": 122.096111
    },
    {
      "cityName": "Kauswagan",
      "lat": 8.073056,
      "lng": 122.6825
    },
    {
      "cityName": "Kayok",
      "lat": 8.089444,
      "lng": 122.706667
    },
    {
      "cityName": "Kipit",
      "lat": 8.046111,
      "lng": 122.532222
    },
    {
      "cityName": "Labasan",
      "lat": 8.069167,
      "lng": 122.521667
    },
    {
      "cityName": "La Esperanza",
      "lat": 8.550833,
      "lng": 123.519167
    },
    {
      "cityName": "Lagag",
      "lat": 8.2528,
      "lng": 123.1208
    },
    {
      "cityName": "Lagudi",
      "lat": 7.601111,
      "lng": 122.122222
    },
    {
      "cityName": "Lakakih",
      "lat": 7.278611,
      "lng": 122.079444
    },
    {
      "cityName": "La Libertad",
      "lat": 8.062778,
      "lng": 122.468889
    },
    {
      "cityName": "Lambaguan",
      "lat": 7.385,
      "lng": 122.056111
    },
    {
      "cityName": "Lanao",
      "lat": 8.147778,
      "lng": 122.6725
    },
    {
      "cityName": "Langaitan",
      "lat": 8.5118,
      "lng": 123.2685
    },
    {
      "cityName": "Langatian",
      "lat": 8.5208,
      "lng": 123.2324
    },
    {
      "cityName": "Lapiambaka",
      "lat": 8.4683,
      "lng": 123.3619
    },
    {
      "cityName": "Lataban",
      "lat": 7.617778,
      "lng": 122.123056
    },
    {
      "cityName": "Latungan",
      "lat": 8.6775,
      "lng": 123.4984
    },
    {
      "cityName": "Libay",
      "lat": 8.631389,
      "lng": 123.485556
    },
    {
      "cityName": "Libertad",
      "lat": 8.4952,
      "lng": 123.5264
    },
    {
      "cityName": "Libuan",
      "lat": 8.075833,
      "lng": 122.534167
    },
    {
      "cityName": "Libukoh",
      "lat": 7.584167,
      "lng": 122.219167
    },
    {
      "cityName": "Libuton",
      "lat": 8.5022,
      "lng": 123.0859
    },
    {
      "cityName": "Liloy",
      "lat": 8.114444,
      "lng": 122.659444
    },
    {
      "cityName": "Limasun",
      "lat": 7.199722,
      "lng": 121.932778
    },
    {
      "cityName": "Limpono",
      "lat": 7.17,
      "lng": 121.916389
    },
    {
      "cityName": "Lingasad",
      "lat": 8.4966,
      "lng": 123.3997
    },
    {
      "cityName": "Lingawan",
      "lat": 8.2169,
      "lng": 123.0032
    },
    {
      "cityName": "Lingayon",
      "lat": 7.191111,
      "lng": 121.927778
    },
    {
      "cityName": "Lintangan",
      "lat": 7.216389,
      "lng": 121.951111
    },
    {
      "cityName": "Lipakan",
      "lat": 8.118333,
      "lng": 122.825
    },
    {
      "cityName": "Lipras",
      "lat": 8.5275,
      "lng": 123.1701
    },
    {
      "cityName": "Litawan",
      "lat": 7.400278,
      "lng": 122.081389
    },
    {
      "cityName": "Lituban",
      "lat": 7.710278,
      "lng": 122.173333
    },
    {
      "cityName": "Loquilos",
      "lat": 8.5168,
      "lng": 123.1138
    },
    {
      "cityName": "Lubungan",
      "lat": 8.533333,
      "lng": 123.3
    },
    {
      "cityName": "Lunday",
      "lat": 7.274722,
      "lng": 122.150833
    },
    {
      "cityName": "Lunggunan",
      "lat": 8.4523,
      "lng": 123.5216
    },
    {
      "cityName": "Lut",
      "lat": 7.9925,
      "lng": 122.411111
    },
    {
      "cityName": "Macuyon",
      "lat": 7.588889,
      "lng": 122.121944
    },
    {
      "cityName": "Madalag",
      "lat": 8.4205,
      "lng": 122.9968
    },
    {
      "cityName": "Madalum",
      "lat": 8.3097,
      "lng": 122.9444
    },
    {
      "cityName": "Makugan",
      "lat": 7.592222,
      "lng": 122.156944
    },
    {
      "cityName": "Malalag",
      "lat": 8.4868,
      "lng": 123.4004
    },
    {
      "cityName": "Malayal",
      "lat": 7.2075,
      "lng": 121.940833
    },
    {
      "cityName": "Malipot",
      "lat": 7.732222,
      "lng": 122.159722
    },
    {
      "cityName": "Malog",
      "lat": 7.256944,
      "lng": 121.999722
    },
    {
      "cityName": "Malopoy",
      "lat": 8.327222,
      "lng": 123.066389
    },
    {
      "cityName": "Mamad",
      "lat": 7.850833,
      "lng": 122.161111
    },
    {
      "cityName": "Mamara",
      "lat": 8.422222,
      "lng": 123.091389
    },
    {
      "cityName": "Mamawan",
      "lat": 7.940278,
      "lng": 122.275278
    },
    {
      "cityName": "Manawan",
      "lat": 8.4274,
      "lng": 123.008
    },
    {
      "cityName": "Mandih",
      "lat": 8.2087,
      "lng": 123.0141
    },
    {
      "cityName": "Manguuan",
      "lat": 8.0475,
      "lng": 122.398056
    },
    {
      "cityName": "Mantibo",
      "lat": 7.441111,
      "lng": 122.06
    },
    {
      "cityName": "Manucan",
      "lat": 8.5184,
      "lng": 123.0933
    },
    {
      "cityName": "Mapang",
      "lat": 8.518056,
      "lng": 123.500556
    },
    {
      "cityName": "Maralac",
      "lat": 8.400556,
      "lng": 122.9825
    },
    {
      "cityName": "Marapong",
      "lat": 8.5621,
      "lng": 123.4895
    },
    {
      "cityName": "Maras",
      "lat": 8.1926,
      "lng": 122.9713
    },
    {
      "cityName": "Marupay",
      "lat": 8.394444,
      "lng": 123.225833
    },
    {
      "cityName": "Matam",
      "lat": 8.426944,
      "lng": 123.320833
    },
    {
      "cityName": "Matibot",
      "lat": 8.3619,
      "lng": 122.9904
    },
    {
      "cityName": "Milado",
      "lat": 8.363333,
      "lng": 123.432778
    },
    {
      "cityName": "Milidan",
      "lat": 7.896389,
      "lng": 122.231111
    },
    {
      "cityName": "Mocubol",
      "lat": 7.931111,
      "lng": 122.236667
    },
    {
      "cityName": "Molos",
      "lat": 8.033889,
      "lng": 122.679444
    },
    {
      "cityName": "Mongamol",
      "lat": 8.051667,
      "lng": 122.415556
    },
    {
      "cityName": "Mulus Camp",
      "lat": 8.0125,
      "lng": 122.646111
    },
    {
      "cityName": "Mutia",
      "lat": 8.430833,
      "lng": 123.470556
    },
    {
      "cityName": "Nangka",
      "lat": 8.623333,
      "lng": 123.545833
    },
    {
      "cityName": "Napuyan",
      "lat": 8.4068,
      "lng": 123.5337
    },
    {
      "cityName": "Nato",
      "lat": 8.2032,
      "lng": 123.085
    },
    {
      "cityName": "New Karkar",
      "lat": 8.4785,
      "lng": 123.536
    },
    {
      "cityName": "New Lituban",
      "lat": 7.668611,
      "lng": 122.194722
    },
    {
      "cityName": "Nipaan",
      "lat": 8.368611,
      "lng": 123.0025
    },
    {
      "cityName": "Nunuyan",
      "lat": 7.772778,
      "lng": 122.124444
    },
    {
      "cityName": "Palandak",
      "lat": 8.139444,
      "lng": 122.855278
    },
    {
      "cityName": "Palid",
      "lat": 8.314,
      "lng": 122.9576
    },
    {
      "cityName": "Palite",
      "lat": 8.468056,
      "lng": 123.094722
    },
    {
      "cityName": "Palomac",
      "lat": 7.916667,
      "lng": 122.583333
    },
    {
      "cityName": "Palubahan",
      "lat": 8.463,
      "lng": 123.5472
    },
    {
      "cityName": "Pamdan",
      "lat": 7.251667,
      "lng": 121.986111
    },
    {
      "cityName": "Panabotan",
      "lat": 7.585556,
      "lng": 122.121389
    },
    {
      "cityName": "Panaguran",
      "lat": 7.4,
      "lng": 122.057778
    },
    {
      "cityName": "Pandan",
      "lat": 8.633333,
      "lng": 123.516667
    },
    {
      "cityName": "Pangeanuran",
      "lat": 8.045,
      "lng": 122.378333
    },
    {
      "cityName": "Pangian",
      "lat": 7.260833,
      "lng": 122.015833
    },
    {
      "cityName": "Pangologon",
      "lat": 8.5058,
      "lng": 123.2348
    },
    {
      "cityName": "Pasinahal",
      "lat": 7.2825,
      "lng": 122.046111
    },
    {
      "cityName": "Patauag",
      "lat": 8.106389,
      "lng": 122.620833
    },
    {
      "cityName": "Peñaplata",
      "lat": 8.004444,
      "lng": 122.306667
    },
    {
      "cityName": "Petawe",
      "lat": 7.97,
      "lng": 122.243889
    },
    {
      "cityName": "Piacan",
      "lat": 7.518333,
      "lng": 122.116944
    },
    {
      "cityName": "Piao",
      "lat": 8.2335,
      "lng": 123.0026
    },
    {
      "cityName": "Piñan",
      "lat": 8.4815,
      "lng": 123.4462
    },
    {
      "cityName": "Piña",
      "lat": 7.609444,
      "lng": 122.138611
    },
    {
      "cityName": "Pisa Itom",
      "lat": 7.560833,
      "lng": 122.186389
    },
    {
      "cityName": "Pisa",
      "lat": 7.583056,
      "lng": 122.197778
    },
    {
      "cityName": "Polanco",
      "lat": 8.5329,
      "lng": 123.3617
    },
    {
      "cityName": "Ponong",
      "lat": 8.493333,
      "lng": 123.169444
    },
    {
      "cityName": "Porto Santa Maria",
      "lat": 7.756111,
      "lng": 122.1275
    },
    {
      "cityName": "President Manuel Acuña Roxas",
      "lat": 8.512222,
      "lng": 123.248333
    },
    {
      "cityName": "Pugo",
      "lat": 7.548056,
      "lng": 122.115
    },
    {
      "cityName": "Pulang Lupa",
      "lat": 7.596111,
      "lng": 122.209167
    },
    {
      "cityName": "Pultran",
      "lat": 7.303611,
      "lng": 122.086944
    },
    {
      "cityName": "Punta",
      "lat": 8.156944,
      "lng": 122.672222
    },
    {
      "cityName": "Putot",
      "lat": 7.6025,
      "lng": 122.1275
    },
    {
      "cityName": "Quipit",
      "lat": 8.061944,
      "lng": 122.482778
    },
    {
      "cityName": "Rizal",
      "lat": 8.5379,
      "lng": 123.5458
    },
    {
      "cityName": "Saguiton",
      "lat": 8.333333,
      "lng": 123.25
    },
    {
      "cityName": "Saint Mary",
      "lat": 7.588889,
      "lng": 122.156111
    },
    {
      "cityName": "Salog",
      "lat": 8.114722,
      "lng": 122.783333
    },
    {
      "cityName": "Salucap",
      "lat": 8.0625,
      "lng": 122.666944
    },
    {
      "cityName": "Sankol",
      "lat": 8.516,
      "lng": 123.3408
    },
    {
      "cityName": "San Nicolas",
      "lat": 7.606389,
      "lng": 122.154167
    },
    {
      "cityName": "San Roque",
      "lat": 7.5925,
      "lng": 122.140556
    },
    {
      "cityName": "Sauang",
      "lat": 8.6882,
      "lng": 123.5032
    },
    {
      "cityName": "Seres",
      "lat": 8.4803,
      "lng": 123.2629
    },
    {
      "cityName": "Sergio Osmeña Sr",
      "lat": 8.166667,
      "lng": 123.5
    },
    {
      "cityName": "Siacon",
      "lat": 7.706111,
      "lng": 122.135278
    },
    {
      "cityName": "Sianib",
      "lat": 8.366667,
      "lng": 123.5
    },
    {
      "cityName": "Siare",
      "lat": 8.3245,
      "lng": 122.9881
    },
    {
      "cityName": "Siayan Proper",
      "lat": 8.2812,
      "lng": 123.032
    },
    {
      "cityName": "Siayan",
      "lat": 8.266667,
      "lng": 123.1
    },
    {
      "cityName": "Siay",
      "lat": 7.741667,
      "lng": 122.178889
    },
    {
      "cityName": "Sibuco",
      "lat": 7.291111,
      "lng": 122.065556
    },
    {
      "cityName": "Sibutad",
      "lat": 8.5916,
      "lng": 123.4859
    },
    {
      "cityName": "Sicanan",
      "lat": 7.644722,
      "lng": 122.140278
    },
    {
      "cityName": "Sigayan",
      "lat": 8.4329,
      "lng": 123.5355
    },
    {
      "cityName": "Sikitan",
      "lat": 8.3484,
      "lng": 123.4725
    },
    {
      "cityName": "Sinaman",
      "lat": 8.5167,
      "lng": 123.3569
    },
    {
      "cityName": "Sindangan",
      "lat": 8.2376,
      "lng": 122.9974
    },
    {
      "cityName": "Singaran",
      "lat": 8.4732,
      "lng": 123.5049
    },
    {
      "cityName": "Sipakit",
      "lat": 7.625278,
      "lng": 122.216667
    },
    {
      "cityName": "Sipawan",
      "lat": 8.4862,
      "lng": 123.5474
    },
    {
      "cityName": "Sipulan",
      "lat": 8.522778,
      "lng": 123.184444
    },
    {
      "cityName": "Siraguay",
      "lat": 7.585278,
      "lng": 122.139722
    },
    {
      "cityName": "Siriac",
      "lat": 8.3104,
      "lng": 123.0193
    },
    {
      "cityName": "Sonob",
      "lat": 8.328056,
      "lng": 123.155833
    },
    {
      "cityName": "Sornob",
      "lat": 8.278056,
      "lng": 123.173889
    },
    {
      "cityName": "Tabanayan",
      "lat": 7.556111,
      "lng": 122.131389
    },
    {
      "cityName": "Tabon",
      "lat": 8.466667,
      "lng": 123.033333
    },
    {
      "cityName": "Tago",
      "lat": 8.3897,
      "lng": 123.5016
    },
    {
      "cityName": "Talabiga",
      "lat": 7.549444,
      "lng": 122.125
    },
    {
      "cityName": "Talan",
      "lat": 8.5283,
      "lng": 123.5506
    },
    {
      "cityName": "Talapan",
      "lat": 8.243333,
      "lng": 123.099167
    },
    {
      "cityName": "Talinga",
      "lat": 8.1878,
      "lng": 122.9624
    },
    {
      "cityName": "Talisay",
      "lat": 8.6684,
      "lng": 123.4652
    },
    {
      "cityName": "Tamauan",
      "lat": 8.365556,
      "lng": 123.128611
    },
    {
      "cityName": "Tamilisan",
      "lat": 7.983333,
      "lng": 122.705
    },
    {
      "cityName": "Tamilucan",
      "lat": 8.5148,
      "lng": 123.3048
    },
    {
      "cityName": "Tanayan",
      "lat": 8.5023,
      "lng": 123.2165
    },
    {
      "cityName": "Tangal",
      "lat": 8.09,
      "lng": 122.778056
    },
    {
      "cityName": "Tapican",
      "lat": 8.083611,
      "lng": 122.655833
    },
    {
      "cityName": "Taplan",
      "lat": 8.053611,
      "lng": 122.864444
    },
    {
      "cityName": "Taric",
      "lat": 8.333333,
      "lng": 123.366667
    },
    {
      "cityName": "Tigbao",
      "lat": 8.2943,
      "lng": 122.9508
    },
    {
      "cityName": "Tiguigan",
      "lat": 8.2875,
      "lng": 122.9506
    },
    {
      "cityName": "Timonan",
      "lat": 8.2117,
      "lng": 123.0682
    },
    {
      "cityName": "Tingiban",
      "lat": 7.430556,
      "lng": 122.0725
    },
    {
      "cityName": "Tingoga",
      "lat": 8.35,
      "lng": 123.316667
    },
    {
      "cityName": "Tipon",
      "lat": 8.019167,
      "lng": 122.316389
    },
    {
      "cityName": "Tuboy",
      "lat": 8.2837,
      "lng": 123.2877
    },
    {
      "cityName": "Tumao",
      "lat": 7.873056,
      "lng": 122.186667
    },
    {
      "cityName": "Villarancos",
      "lat": 8.5277,
      "lng": 123.1597
    }
  ]
}