{
  "name": "Antique",
  "cities": [
    {
      "cityName": "Abaca",
      "lat": 10.496111,
      "lng": 121.961944
    },
    {
      "cityName": "Abiera",
      "lat": 11.572222,
      "lng": 122.090278
    },
    {
      "cityName": "Ad-adan",
      "lat": 11.249444,
      "lng": 122.083889
    },
    {
      "cityName": "Adlusan",
      "lat": 11.766667,
      "lng": 122.016667
    },
    {
      "cityName": "Agpahan",
      "lat": 10.898889,
      "lng": 121.979444
    },
    {
      "cityName": "Aguila",
      "lat": 11.509167,
      "lng": 122.086667
    },
    {
      "cityName": "Alañgan",
      "lat": 10.783333,
      "lng": 122.033333
    },
    {
      "cityName": "Aleges",
      "lat": 10.891389,
      "lng": 122.180833
    },
    {
      "cityName": "Alegre",
      "lat": 11.264444,
      "lng": 122.065556
    },
    {
      "cityName": "Alegria",
      "lat": 10.85,
      "lng": 122.133333
    },
    {
      "cityName": "Alejipan",
      "lat": 11.399722,
      "lng": 122.116944
    },
    {
      "cityName": "Amaga",
      "lat": 12.516667,
      "lng": 121.4
    },
    {
      "cityName": "Amparo",
      "lat": 10.9,
      "lng": 122
    },
    {
      "cityName": "Angeles",
      "lat": 10.833333,
      "lng": 122.1
    },
    {
      "cityName": "Anilauan",
      "lat": 11.063611,
      "lng": 122.103056
    },
    {
      "cityName": "Aniniry",
      "lat": 10.438611,
      "lng": 121.919722
    },
    {
      "cityName": "Anolingan",
      "lat": 11.033333,
      "lng": 122.05
    },
    {
      "cityName": "Antique",
      "lat": 10.702222,
      "lng": 121.971667
    },
    {
      "cityName": "Apdo",
      "lat": 10.633333,
      "lng": 122
    },
    {
      "cityName": "Apganan",
      "lat": 10.883333,
      "lng": 121.966667
    },
    {
      "cityName": "Arasasan",
      "lat": 10.588611,
      "lng": 121.969722
    },
    {
      "cityName": "Aras-asan",
      "lat": 11.5275,
      "lng": 122.085
    },
    {
      "cityName": "Arigi",
      "lat": 11.864722,
      "lng": 121.439444
    },
    {
      "cityName": "Asluman",
      "lat": 10.633333,
      "lng": 121.976389
    },
    {
      "cityName": "Asuyan",
      "lat": 10.75,
      "lng": 122.016667
    },
    {
      "cityName": "Atabay",
      "lat": 10.535,
      "lng": 121.953056
    },
    {
      "cityName": "Atiotis",
      "lat": 10.583333,
      "lng": 122.016667
    },
    {
      "cityName": "Aureliana",
      "lat": 10.891111,
      "lng": 121.976111
    },
    {
      "cityName": "Ayutay",
      "lat": 10.7,
      "lng": 122.033333
    },
    {
      "cityName": "Bacalan",
      "lat": 11.5475,
      "lng": 122.087778
    },
    {
      "cityName": "Baclayan",
      "lat": 11.183333,
      "lng": 122.083333
    },
    {
      "cityName": "Bacolod",
      "lat": 10.75,
      "lng": 121.933333
    },
    {
      "cityName": "Bacong",
      "lat": 11.843611,
      "lng": 121.521389
    },
    {
      "cityName": "Badang",
      "lat": 10.733333,
      "lng": 121.966667
    },
    {
      "cityName": "Badiangan",
      "lat": 10.683333,
      "lng": 122.033333
    },
    {
      "cityName": "Bagacay",
      "lat": 11.45,
      "lng": 122.066667
    },
    {
      "cityName": "Baghari",
      "lat": 11.202778,
      "lng": 122.066667
    },
    {
      "cityName": "Bagombayan",
      "lat": 11.733333,
      "lng": 122.083333
    },
    {
      "cityName": "Bagtasan",
      "lat": 11.003056,
      "lng": 122.083056
    },
    {
      "cityName": "Bagumbayan",
      "lat": 10.5,
      "lng": 121.95
    },
    {
      "cityName": "Bahuyan",
      "lat": 11.185556,
      "lng": 122.035278
    },
    {
      "cityName": "Balacbalac",
      "lat": 11.385556,
      "lng": 122.060833
    },
    {
      "cityName": "Balobago",
      "lat": 10.828611,
      "lng": 122.020833
    },
    {
      "cityName": "Balud",
      "lat": 10.533333,
      "lng": 121.95
    },
    {
      "cityName": "Banauon",
      "lat": 10.604722,
      "lng": 121.973889
    },
    {
      "cityName": "Bangcuan",
      "lat": 10.883333,
      "lng": 122.1
    },
    {
      "cityName": "Banos",
      "lat": 10.583333,
      "lng": 122
    },
    {
      "cityName": "Barangbang",
      "lat": 10.833333,
      "lng": 122.066667
    },
    {
      "cityName": "Barasanan",
      "lat": 10.506389,
      "lng": 121.96
    },
    {
      "cityName": "Barbasa",
      "lat": 11.198611,
      "lng": 122.037222
    },
    {
      "cityName": "Bari",
      "lat": 10.792222,
      "lng": 122.023611
    },
    {
      "cityName": "Bariri",
      "lat": 10.45,
      "lng": 121.983333
    },
    {
      "cityName": "Batarog",
      "lat": 11.316667,
      "lng": 122.05
    },
    {
      "cityName": "Batbatan",
      "lat": 11.473333,
      "lng": 121.926111
    },
    {
      "cityName": "Batonan",
      "lat": 11.367222,
      "lng": 122.064444
    },
    {
      "cityName": "Bauang",
      "lat": 10.948889,
      "lng": 122.143056
    },
    {
      "cityName": "Baybay",
      "lat": 11.716667,
      "lng": 122.1
    },
    {
      "cityName": "Bayo",
      "lat": 10.466667,
      "lng": 121.916667
    },
    {
      "cityName": "Bayo Pequeño",
      "lat": 10.461389,
      "lng": 121.924722
    },
    {
      "cityName": "Bele",
      "lat": 11.45,
      "lng": 122.083333
    },
    {
      "cityName": "Belison",
      "lat": 10.840278,
      "lng": 121.956111
    },
    {
      "cityName": "Bigaa",
      "lat": 10.716667,
      "lng": 121.983333
    },
    {
      "cityName": "Biga-a",
      "lat": 11.233333,
      "lng": 122.083333
    },
    {
      "cityName": "Binahgbang",
      "lat": 11.199167,
      "lng": 122.089444
    },
    {
      "cityName": "Binangbang",
      "lat": 11.183333,
      "lng": 122.05
    },
    {
      "cityName": "Binanogan",
      "lat": 10.990833,
      "lng": 122.1375
    },
    {
      "cityName": "Binanuaan",
      "lat": 11.2,
      "lng": 122.05
    },
    {
      "cityName": "Bitadton",
      "lat": 11.492778,
      "lng": 122.086389
    },
    {
      "cityName": "Bitas",
      "lat": 10.891389,
      "lng": 122.075833
    },
    {
      "cityName": "Boduiang",
      "lat": 11.082778,
      "lng": 122.170556
    },
    {
      "cityName": "Bolho",
      "lat": 11.766667,
      "lng": 121.883333
    },
    {
      "cityName": "Bonbon",
      "lat": 11.835556,
      "lng": 121.522222
    },
    {
      "cityName": "Bongabongan",
      "lat": 10.6925,
      "lng": 122.029167
    },
    {
      "cityName": "Bongbongon",
      "lat": 10.833333,
      "lng": 122.016667
    },
    {
      "cityName": "Bongsud",
      "lat": 11.031111,
      "lng": 122.156389
    },
    {
      "cityName": "Bontol",
      "lat": 10.757222,
      "lng": 122.091111
    },
    {
      "cityName": "Borocboroc",
      "lat": 10.866389,
      "lng": 121.966389
    },
    {
      "cityName": "Botbot",
      "lat": 11.6975,
      "lng": 122.103056
    },
    {
      "cityName": "Buang",
      "lat": 11.755278,
      "lng": 122.100278
    },
    {
      "cityName": "Bucaobucao",
      "lat": 10.5,
      "lng": 121.966667
    },
    {
      "cityName": "Budiong",
      "lat": 10.65,
      "lng": 122
    },
    {
      "cityName": "Buenavista",
      "lat": 10.856944,
      "lng": 121.985278
    },
    {
      "cityName": "Bugasong",
      "lat": 11.043333,
      "lng": 122.066111
    },
    {
      "cityName": "Bugnay",
      "lat": 10.966667,
      "lng": 122.1
    },
    {
      "cityName": "Bugo",
      "lat": 10.8825,
      "lng": 122.113333
    },
    {
      "cityName": "Bulalacao",
      "lat": 10.75,
      "lng": 122.1
    },
    {
      "cityName": "Bulanao",
      "lat": 11.753333,
      "lng": 121.975833
    },
    {
      "cityName": "Buluañgan",
      "lat": 11.011944,
      "lng": 122.116944
    },
    {
      "cityName": "Buluangan Second",
      "lat": 11.024167,
      "lng": 122.120556
    },
    {
      "cityName": "Bunes",
      "lat": 11,
      "lng": 122.15
    },
    {
      "cityName": "Bunga",
      "lat": 10.766667,
      "lng": 122.083333
    },
    {
      "cityName": "Buñgalog",
      "lat": 11.35,
      "lng": 122.083333
    },
    {
      "cityName": "Bunig",
      "lat": 10.85,
      "lng": 121.966667
    },
    {
      "cityName": "Buri",
      "lat": 10.97,
      "lng": 122.089167
    },
    {
      "cityName": "Busog",
      "lat": 11.066667,
      "lng": 122.233333
    },
    {
      "cityName": "Butbut",
      "lat": 10.633333,
      "lng": 122.016667
    },
    {
      "cityName": "Buyo",
      "lat": 11.763333,
      "lng": 121.886111
    },
    {
      "cityName": "Caacob",
      "lat": 11.830278,
      "lng": 121.479444
    },
    {
      "cityName": "Cabagangan",
      "lat": 10.683333,
      "lng": 122.05
    },
    {
      "cityName": "Cabangtohan",
      "lat": 10.543333,
      "lng": 121.958056
    },
    {
      "cityName": "Cabanuan",
      "lat": 11.135833,
      "lng": 122.041111
    },
    {
      "cityName": "Cabatangan",
      "lat": 11.062222,
      "lng": 122.323333
    },
    {
      "cityName": "Cabiauan",
      "lat": 10.855556,
      "lng": 122.104167
    },
    {
      "cityName": "Cacao",
      "lat": 10.65,
      "lng": 122.033333
    },
    {
      "cityName": "Cadajug",
      "lat": 11.15,
      "lng": 122.05
    },
    {
      "cityName": "Cadolonan",
      "lat": 10.824167,
      "lng": 122.059167
    },
    {
      "cityName": "Cairauan",
      "lat": 11.116667,
      "lng": 122.05
    },
    {
      "cityName": "Calacja",
      "lat": 10.633333,
      "lng": 121.983333
    },
    {
      "cityName": "Calagitan",
      "lat": 10.816667,
      "lng": 122.083333
    },
    {
      "cityName": "Calala",
      "lat": 10.690833,
      "lng": 121.974722
    },
    {
      "cityName": "Callan",
      "lat": 11.666667,
      "lng": 122.1
    },
    {
      "cityName": "Calog",
      "lat": 11.05,
      "lng": 122.066667
    },
    {
      "cityName": "Caluya",
      "lat": 11.935833,
      "lng": 121.557778
    },
    {
      "cityName": "Caluyahan",
      "lat": 11.033333,
      "lng": 122.1
    },
    {
      "cityName": "Camancijan",
      "lat": 11.4275,
      "lng": 122.074167
    },
    {
      "cityName": "Camangahan",
      "lat": 11.028611,
      "lng": 122.056111
    },
    {
      "cityName": "Camburanan",
      "lat": 11.256944,
      "lng": 122.121667
    },
    {
      "cityName": "Canoganit Pari",
      "lat": 11.766667,
      "lng": 122.066667
    },
    {
      "cityName": "Cansilayan",
      "lat": 11.034444,
      "lng": 122.221667
    },
    {
      "cityName": "Capuyuan",
      "lat": 11.238056,
      "lng": 122.072222
    },
    {
      "cityName": "Carauisan One",
      "lat": 10.833333,
      "lng": 122.05
    },
    {
      "cityName": "Carayauan",
      "lat": 11.4,
      "lng": 122.116667
    },
    {
      "cityName": "Caridad",
      "lat": 10.683333,
      "lng": 121.983333
    },
    {
      "cityName": "Carit-an",
      "lat": 10.958611,
      "lng": 122.0125
    },
    {
      "cityName": "Caritan",
      "lat": 11.4,
      "lng": 122.066667
    },
    {
      "cityName": "Carmelo",
      "lat": 10.861667,
      "lng": 122.038611
    },
    {
      "cityName": "Caromañgay",
      "lat": 10.616667,
      "lng": 122
    },
    {
      "cityName": "Casalñgan",
      "lat": 10.616667,
      "lng": 122.016667
    },
    {
      "cityName": "Casay",
      "lat": 10.441667,
      "lng": 121.981667
    },
    {
      "cityName": "Castillo",
      "lat": 11.266667,
      "lng": 122.083333
    },
    {
      "cityName": "Cata-an",
      "lat": 10.568333,
      "lng": 122.018611
    },
    {
      "cityName": "Catigauan",
      "lat": 10.864722,
      "lng": 122.154167
    },
    {
      "cityName": "Cato-ogan",
      "lat": 10.502222,
      "lng": 121.938333
    },
    {
      "cityName": "Catungan",
      "lat": 10.766667,
      "lng": 122.016667
    },
    {
      "cityName": "Cobiado",
      "lat": 11.85,
      "lng": 121.433333
    },
    {
      "cityName": "Cogon",
      "lat": 10.733333,
      "lng": 122.1
    },
    {
      "cityName": "Colliatan",
      "lat": 10.883333,
      "lng": 121.983333
    },
    {
      "cityName": "Concepcion",
      "lat": 10.916667,
      "lng": 122
    },
    {
      "cityName": "Condes",
      "lat": 11.391389,
      "lng": 122.069722
    },
    {
      "cityName": "Cotcot",
      "lat": 10.818611,
      "lng": 121.974444
    },
    {
      "cityName": "Cubay",
      "lat": 10.7,
      "lng": 122
    },
    {
      "cityName": "Culabao",
      "lat": 10.924722,
      "lng": 122.265833
    },
    {
      "cityName": "Culanos",
      "lat": 11.783333,
      "lng": 122.083333
    },
    {
      "cityName": "Culasi",
      "lat": 11.424444,
      "lng": 122.056389
    },
    {
      "cityName": "Cuyapiao",
      "lat": 10.913611,
      "lng": 122.081389
    },
    {
      "cityName": "Danao Igas",
      "lat": 10.866667,
      "lng": 122.083333
    },
    {
      "cityName": "Danauan",
      "lat": 10.483333,
      "lng": 121.966667
    },
    {
      "cityName": "Dangula",
      "lat": 11.083333,
      "lng": 122.133333
    },
    {
      "cityName": "Dao",
      "lat": 10.509167,
      "lng": 121.947222
    },
    {
      "cityName": "Dawis",
      "lat": 11.895833,
      "lng": 121.575278
    },
    {
      "cityName": "Diclum",
      "lat": 10.482222,
      "lng": 121.924167
    },
    {
      "cityName": "Dilema",
      "lat": 10.858611,
      "lng": 121.960278
    },
    {
      "cityName": "Dionela",
      "lat": 11.859167,
      "lng": 121.486111
    },
    {
      "cityName": "Dumagat",
      "lat": 11.766667,
      "lng": 122.083333
    },
    {
      "cityName": "Duyang",
      "lat": 11.745,
      "lng": 122.030278
    },
    {
      "cityName": "Egaña",
      "lat": 10.75,
      "lng": 122
    },
    {
      "cityName": "Egbobung Nuevo",
      "lat": 11.166667,
      "lng": 122.05
    },
    {
      "cityName": "Entao",
      "lat": 11.160833,
      "lng": 122.039167
    },
    {
      "cityName": "Esparagosa",
      "lat": 11.25,
      "lng": 122.066667
    },
    {
      "cityName": "Esparagoza",
      "lat": 11.0025,
      "lng": 122.041389
    },
    {
      "cityName": "Esparar",
      "lat": 11.216667,
      "lng": 122.066667
    },
    {
      "cityName": "Fabrica",
      "lat": 10.6,
      "lng": 122.016667
    },
    {
      "cityName": "Fé",
      "lat": 11.416667,
      "lng": 122.066667
    },
    {
      "cityName": "Flores",
      "lat": 11.361667,
      "lng": 122.125278
    },
    {
      "cityName": "Fragante",
      "lat": 11.746111,
      "lng": 122.100278
    },
    {
      "cityName": "Gallido",
      "lat": 10.9,
      "lng": 122.033333
    },
    {
      "cityName": "Garet",
      "lat": 11.716667,
      "lng": 122.133333
    },
    {
      "cityName": "Gella",
      "lat": 10.954722,
      "lng": 122.074167
    },
    {
      "cityName": "General Fullon",
      "lat": 10.983333,
      "lng": 122.2
    },
    {
      "cityName": "General Luna",
      "lat": 10.85,
      "lng": 122.1
    },
    {
      "cityName": "Ginarogan",
      "lat": 10.466667,
      "lng": 121.966667
    },
    {
      "cityName": "Ginlapaan",
      "lat": 10.583333,
      "lng": 121.966667
    },
    {
      "cityName": "Guia",
      "lat": 11.75,
      "lng": 122.066667
    },
    {
      "cityName": "Guimbangaan",
      "lat": 10.75,
      "lng": 121.966667
    },
    {
      "cityName": "Guimbanga-an",
      "lat": 11.0825,
      "lng": 122.074167
    },
    {
      "cityName": "Guintas",
      "lat": 10.661944,
      "lng": 121.980833
    },
    {
      "cityName": "Guisihan",
      "lat": 11.094167,
      "lng": 122.0475
    },
    {
      "cityName": "Hinalinan",
      "lat": 11.046389,
      "lng": 122.051944
    },
    {
      "cityName": "Hiningaan",
      "lat": 11.911667,
      "lng": 121.582222
    },
    {
      "cityName": "Iba",
      "lat": 10.45,
      "lng": 122
    },
    {
      "cityName": "Idao",
      "lat": 11.3,
      "lng": 122.133333
    },
    {
      "cityName": "Idiacacan",
      "lat": 11.685556,
      "lng": 122.103611
    },
    {
      "cityName": "Idiayan",
      "lat": 11.765,
      "lng": 121.893333
    },
    {
      "cityName": "Idio",
      "lat": 11.625833,
      "lng": 122.097778
    },
    {
      "cityName": "Igadalaguit",
      "lat": 10.483333,
      "lng": 121.916667
    },
    {
      "cityName": "Igbalañgao",
      "lat": 11.011667,
      "lng": 122.069167
    },
    {
      "cityName": "Igbalogo",
      "lat": 10.5,
      "lng": 122
    },
    {
      "cityName": "Igbancal",
      "lat": 10.483333,
      "lng": 121.95
    },
    {
      "cityName": "Igbangto",
      "lat": 10.8,
      "lng": 122.033333
    },
    {
      "cityName": "Igbarauan",
      "lat": 10.979444,
      "lng": 122.030556
    },
    {
      "cityName": "Igbobolo",
      "lat": 10.716667,
      "lng": 122.033333
    },
    {
      "cityName": "Igbobon",
      "lat": 10.933333,
      "lng": 122
    },
    {
      "cityName": "Igbocagay",
      "lat": 10.588611,
      "lng": 122.02
    },
    {
      "cityName": "Igbonglo",
      "lat": 10.783333,
      "lng": 121.966667
    },
    {
      "cityName": "Igburi",
      "lat": 10.883333,
      "lng": 122
    },
    {
      "cityName": "Igcabuad",
      "lat": 10.533333,
      "lng": 121.983333
    },
    {
      "cityName": "Igcado",
      "lat": 10.483333,
      "lng": 122
    },
    {
      "cityName": "Igcalauagan",
      "lat": 10.516667,
      "lng": 122
    },
    {
      "cityName": "Igcarahig",
      "lat": 10.716667,
      "lng": 122.05
    },
    {
      "cityName": "Igcaratong",
      "lat": 11.066667,
      "lng": 122.166667
    },
    {
      "cityName": "Igcasiad",
      "lat": 10.5,
      "lng": 121.983333
    },
    {
      "cityName": "Igdagmay",
      "lat": 10.816667,
      "lng": 122.016667
    },
    {
      "cityName": "Igkolibao",
      "lat": 10.8,
      "lng": 122.15
    },
    {
      "cityName": "Iglanot",
      "lat": 10.8,
      "lng": 122.066667
    },
    {
      "cityName": "Iglinab",
      "lat": 11.001944,
      "lng": 122.151389
    },
    {
      "cityName": "Igmatinao",
      "lat": 10.8,
      "lng": 122.166667
    },
    {
      "cityName": "Igpajo",
      "lat": 11.280278,
      "lng": 122.069167
    },
    {
      "cityName": "Igpalanog",
      "lat": 10.85,
      "lng": 122.033333
    },
    {
      "cityName": "Igpalgi",
      "lat": 10.453889,
      "lng": 121.980833
    },
    {
      "cityName": "Igpanalan",
      "lat": 10.833333,
      "lng": 122.166667
    },
    {
      "cityName": "Igparas",
      "lat": 10.716667,
      "lng": 122.066667
    },
    {
      "cityName": "Igsoro",
      "lat": 11.111667,
      "lng": 122.155556
    },
    {
      "cityName": "Igtaluto",
      "lat": 11.366667,
      "lng": 122.116667
    },
    {
      "cityName": "Igtomarum",
      "lat": 10.45,
      "lng": 121.966667
    },
    {
      "cityName": "Igtotono",
      "lat": 11.3,
      "lng": 122.05
    },
    {
      "cityName": "Igtugas",
      "lat": 10.55,
      "lng": 122
    },
    {
      "cityName": "Igtunarum",
      "lat": 11.25,
      "lng": 122.083333
    },
    {
      "cityName": "Ilabas",
      "lat": 10.8,
      "lng": 121.983333
    },
    {
      "cityName": "Ilaures",
      "lat": 11.017778,
      "lng": 122.053611
    },
    {
      "cityName": "Imba",
      "lat": 11.960278,
      "lng": 121.557222
    },
    {
      "cityName": "Importante",
      "lat": 11.299444,
      "lng": 122.061944
    },
    {
      "cityName": "Inabasan",
      "lat": 10.75,
      "lng": 122.033333
    },
    {
      "cityName": "Inbangaan",
      "lat": 10.9,
      "lng": 122.083333
    },
    {
      "cityName": "Intangisan",
      "lat": 10.616667,
      "lng": 121.966667
    },
    {
      "cityName": "Intugasan",
      "lat": 11.165556,
      "lng": 122.061389
    },
    {
      "cityName": "Inyauan",
      "lat": 11.765,
      "lng": 121.905556
    },
    {
      "cityName": "Ipil",
      "lat": 11.224167,
      "lng": 122.055
    },
    {
      "cityName": "Jaguiejan",
      "lat": 11.066667,
      "lng": 122.066667
    },
    {
      "cityName": "Jalandoni",
      "lat": 11.415833,
      "lng": 122.055
    },
    {
      "cityName": "Jgsaro",
      "lat": 11.1,
      "lng": 122.15
    },
    {
      "cityName": "Jungao",
      "lat": 10.666667,
      "lng": 122.033333
    },
    {
      "cityName": "Labnogan",
      "lat": 11.311944,
      "lng": 122.032778
    },
    {
      "cityName": "Lacaron",
      "lat": 10.835,
      "lng": 121.991111
    },
    {
      "cityName": "Lacayon",
      "lat": 11.050833,
      "lng": 122.078611
    },
    {
      "cityName": "Lactodan",
      "lat": 11.153333,
      "lng": 122.074444
    },
    {
      "cityName": "Lagdo",
      "lat": 10.85,
      "lng": 122.016667
    },
    {
      "cityName": "Lambayagan",
      "lat": 10.733333,
      "lng": 122.083333
    },
    {
      "cityName": "Lamodias",
      "lat": 10.95,
      "lng": 122.066667
    },
    {
      "cityName": "Lanag",
      "lat": 10.685,
      "lng": 121.991111
    },
    {
      "cityName": "Langaon",
      "lat": 11.356667,
      "lng": 122.060278
    },
    {
      "cityName": "Lapacianan",
      "lat": 10.983333,
      "lng": 122.15
    },
    {
      "cityName": "Lapaz",
      "lat": 11.351111,
      "lng": 122.063333
    },
    {
      "cityName": "La Rioja",
      "lat": 10.95,
      "lng": 122
    },
    {
      "cityName": "Laua-an",
      "lat": 11.143056,
      "lng": 122.041667
    },
    {
      "cityName": "Lauigan",
      "lat": 10.55,
      "lng": 121.983333
    },
    {
      "cityName": "Lava-an",
      "lat": 11.15,
      "lng": 122.033333
    },
    {
      "cityName": "Liberato",
      "lat": 11.119167,
      "lng": 122.063056
    },
    {
      "cityName": "Libertad",
      "lat": 11.769444,
      "lng": 121.919444
    },
    {
      "cityName": "Linaban",
      "lat": 10.65,
      "lng": 121.983333
    },
    {
      "cityName": "Lindero",
      "lat": 11.104167,
      "lng": 122.046389
    },
    {
      "cityName": "Lingagin",
      "lat": 10.816667,
      "lng": 122.116667
    },
    {
      "cityName": "Lipata",
      "lat": 11.463611,
      "lng": 122.058333
    },
    {
      "cityName": "Lisub",
      "lat": 10.441667,
      "lng": 121.933889
    },
    {
      "cityName": "Liyalia",
      "lat": 11.116667,
      "lng": 122.033333
    },
    {
      "cityName": "Lublub",
      "lat": 11.046389,
      "lng": 122.153889
    },
    {
      "cityName": "Lumbayan",
      "lat": 11.243056,
      "lng": 122.099444
    },
    {
      "cityName": "Luna",
      "lat": 10.766667,
      "lng": 122.1
    },
    {
      "cityName": "Lupa-an",
      "lat": 11.134167,
      "lng": 122.072778
    },
    {
      "cityName": "Luyang",
      "lat": 10.739167,
      "lng": 122.076111
    },
    {
      "cityName": "Ma-asin",
      "lat": 10.8,
      "lng": 122.05
    },
    {
      "cityName": "Mabasa",
      "lat": 10.986944,
      "lng": 122.035
    },
    {
      "cityName": "Mabaza",
      "lat": 10.833333,
      "lng": 121.966667
    },
    {
      "cityName": "Mabini",
      "lat": 10.766667,
      "lng": 122.05
    },
    {
      "cityName": "Mablad",
      "lat": 11.218056,
      "lng": 122.091944
    },
    {
      "cityName": "Mabuyong",
      "lat": 10.433333,
      "lng": 121.983333
    },
    {
      "cityName": "Mabuyon",
      "lat": 10.787222,
      "lng": 121.943056
    },
    {
      "cityName": "Macarena",
      "lat": 10.930833,
      "lng": 122.025833
    },
    {
      "cityName": "Mag-aba",
      "lat": 11.7375,
      "lng": 122.056667
    },
    {
      "cityName": "Magalolong",
      "lat": 11.3,
      "lng": 121.55
    },
    {
      "cityName": "Magarang",
      "lat": 10.980278,
      "lng": 122.0625
    },
    {
      "cityName": "Magcalon",
      "lat": 10.776667,
      "lng": 121.939444
    },
    {
      "cityName": "Magdalena",
      "lat": 10.423889,
      "lng": 121.976944
    },
    {
      "cityName": "Magintaas",
      "lat": 11.331667,
      "lng": 122.053056
    },
    {
      "cityName": "Magtang",
      "lat": 11.840833,
      "lng": 121.431944
    },
    {
      "cityName": "Magtaring",
      "lat": 11.163333,
      "lng": 122.076944
    },
    {
      "cityName": "Malabor",
      "lat": 11.269167,
      "lng": 122.053056
    },
    {
      "cityName": "Malacad",
      "lat": 11.283333,
      "lng": 122.05
    },
    {
      "cityName": "Malacañang",
      "lat": 11.403333,
      "lng": 122.055
    },
    {
      "cityName": "Malag",
      "lat": 10.883333,
      "lng": 122.016667
    },
    {
      "cityName": "Malandoc",
      "lat": 10.725,
      "lng": 121.958611
    },
    {
      "cityName": "Malbug",
      "lat": 11,
      "lng": 122.05
    },
    {
      "cityName": "Malubog",
      "lat": 11.333333,
      "lng": 122.083333
    },
    {
      "cityName": "Mambiranan Ilauod",
      "lat": 11.166667,
      "lng": 122.166667
    },
    {
      "cityName": "Mambudan",
      "lat": 11,
      "lng": 122.133333
    },
    {
      "cityName": "Manaling",
      "lat": 10.566667,
      "lng": 122.016667
    },
    {
      "cityName": "Manlacbo",
      "lat": 11.036667,
      "lng": 122.150556
    },
    {
      "cityName": "Manzanilla",
      "lat": 10.918333,
      "lng": 122.021944
    },
    {
      "cityName": "Mapatag",
      "lat": 10.621667,
      "lng": 121.972222
    },
    {
      "cityName": "Maradiana",
      "lat": 10.876389,
      "lng": 121.969167
    },
    {
      "cityName": "Mararison",
      "lat": 11.416667,
      "lng": 122.016667
    },
    {
      "cityName": "Maria",
      "lat": 11.0975,
      "lng": 122.085833
    },
    {
      "cityName": "Martinez",
      "lat": 11.302778,
      "lng": 122.042778
    },
    {
      "cityName": "Masayo",
      "lat": 10.555278,
      "lng": 121.9625
    },
    {
      "cityName": "Matat",
      "lat": 11.766667,
      "lng": 122
    },
    {
      "cityName": "Mauno",
      "lat": 11.170278,
      "lng": 122.038056
    },
    {
      "cityName": "Mayabay",
      "lat": 11.267222,
      "lng": 122.13
    },
    {
      "cityName": "Maybato",
      "lat": 10.733333,
      "lng": 121.95
    },
    {
      "cityName": "Mayboñga",
      "lat": 11.150833,
      "lng": 122.125278
    },
    {
      "cityName": "Maykatmon",
      "lat": 10.883333,
      "lng": 122.033333
    },
    {
      "cityName": "Mayos",
      "lat": 11.216667,
      "lng": 122.083333
    },
    {
      "cityName": "May Salong",
      "lat": 11.074444,
      "lng": 122.133333
    },
    {
      "cityName": "Mojon",
      "lat": 10.816667,
      "lng": 121.983333
    },
    {
      "cityName": "Naba",
      "lat": 11.476667,
      "lng": 122.075
    },
    {
      "cityName": "Nabaya",
      "lat": 11.066667,
      "lng": 122.116667
    },
    {
      "cityName": "Nabunsil",
      "lat": 11.076111,
      "lng": 122.118056
    },
    {
      "cityName": "Nagbañgi",
      "lat": 10.849444,
      "lng": 122.134167
    },
    {
      "cityName": "Nagdayao",
      "lat": 10.776944,
      "lng": 122.045278
    },
    {
      "cityName": "Nagsubuan",
      "lat": 10.533333,
      "lng": 122
    },
    {
      "cityName": "Nalijauan",
      "lat": 10.716667,
      "lng": 122.016667
    },
    {
      "cityName": "Nalusdan",
      "lat": 11.301389,
      "lng": 122.149722
    },
    {
      "cityName": "Naninong",
      "lat": 11.266667,
      "lng": 122.1
    },
    {
      "cityName": "Naohon",
      "lat": 11.6475,
      "lng": 122.102222
    },
    {
      "cityName": "Napai",
      "lat": 11.916667,
      "lng": 121.55
    },
    {
      "cityName": "Naroroc",
      "lat": 11.283333,
      "lng": 122.116667
    },
    {
      "cityName": "Nasuli-a",
      "lat": 10.474167,
      "lng": 121.993056
    },
    {
      "cityName": "Natividad",
      "lat": 11.258611,
      "lng": 122.058333
    },
    {
      "cityName": "Nato",
      "lat": 10.423056,
      "lng": 121.946667
    },
    {
      "cityName": "Nipa",
      "lat": 10.6,
      "lng": 121.966667
    },
    {
      "cityName": "Nologon",
      "lat": 11.716667,
      "lng": 122.15
    },
    {
      "cityName": "Odiong",
      "lat": 10.783333,
      "lng": 121.983333
    },
    {
      "cityName": "Oloc",
      "lat": 11.1275,
      "lng": 122.041111
    },
    {
      "cityName": "Opsan",
      "lat": 10.516667,
      "lng": 121.966667
    },
    {
      "cityName": "Osorio",
      "lat": 10.85,
      "lng": 122.166667
    },
    {
      "cityName": "Pacencia",
      "lat": 10.503333,
      "lng": 121.930278
    },
    {
      "cityName": "Pacol",
      "lat": 11.251389,
      "lng": 122.100278
    },
    {
      "cityName": "Pagbacan",
      "lat": 10.798333,
      "lng": 122.044167
    },
    {
      "cityName": "Paliuan",
      "lat": 11.084722,
      "lng": 122.050278
    },
    {
      "cityName": "Palma",
      "lat": 11.230278,
      "lng": 122.059167
    },
    {
      "cityName": "Panaktakan",
      "lat": 11.483333,
      "lng": 122.083333
    },
    {
      "cityName": "Pandanan",
      "lat": 10.948333,
      "lng": 122.0325
    },
    {
      "cityName": "Pandan",
      "lat": 11.722222,
      "lng": 122.096389
    },
    {
      "cityName": "Pañgalcagan",
      "lat": 11.063889,
      "lng": 122.139167
    },
    {
      "cityName": "Panganapan",
      "lat": 11.133333,
      "lng": 122.083333
    },
    {
      "cityName": "Panganta",
      "lat": 11.458611,
      "lng": 122.068889
    },
    {
      "cityName": "Panglagangan",
      "lat": 10.741111,
      "lng": 122.108056
    },
    {
      "cityName": "Pangpang",
      "lat": 10.815278,
      "lng": 121.954722
    },
    {
      "cityName": "Paniciuan",
      "lat": 10.816667,
      "lng": 122.133333
    },
    {
      "cityName": "Paniñgayan",
      "lat": 11.109167,
      "lng": 122.099444
    },
    {
      "cityName": "Panoon",
      "lat": 10.675,
      "lng": 122.011389
    },
    {
      "cityName": "Pantao",
      "lat": 10.8,
      "lng": 121.966667
    },
    {
      "cityName": "Paris",
      "lat": 11.3,
      "lng": 122.066667
    },
    {
      "cityName": "Paso",
      "lat": 10.679444,
      "lng": 122.0675
    },
    {
      "cityName": "Patag",
      "lat": 11.366667,
      "lng": 122.1
    },
    {
      "cityName": "Patnongon",
      "lat": 10.917778,
      "lng": 121.9825
    },
    {
      "cityName": "Patria",
      "lat": 11.739722,
      "lng": 122.016111
    },
    {
      "cityName": "Paz",
      "lat": 11.76,
      "lng": 121.966667
    },
    {
      "cityName": "Piape",
      "lat": 10.728056,
      "lng": 121.980278
    },
    {
      "cityName": "Pinatuad",
      "lat": 11.5,
      "lng": 122.083333
    },
    {
      "cityName": "Pisanan",
      "lat": 10.767222,
      "lng": 122.070278
    },
    {
      "cityName": "Pitac",
      "lat": 11.356667,
      "lng": 122.095556
    },
    {
      "cityName": "Poao",
      "lat": 10.6725,
      "lng": 121.9825
    },
    {
      "cityName": "Polo",
      "lat": 11.816667,
      "lng": 122.15
    },
    {
      "cityName": "Poroon",
      "lat": 11.266667,
      "lng": 122.116667
    },
    {
      "cityName": "Quiligdon",
      "lat": 11.75,
      "lng": 122.05
    },
    {
      "cityName": "Rizal",
      "lat": 10.732222,
      "lng": 122.098611
    },
    {
      "cityName": "Rombang Grande",
      "lat": 10.816667,
      "lng": 121.966667
    },
    {
      "cityName": "Sabang",
      "lat": 11.0325,
      "lng": 122.101111
    },
    {
      "cityName": "Sagua",
      "lat": 10.433333,
      "lng": 121.916667
    },
    {
      "cityName": "Salde",
      "lat": 11.5,
      "lng": 122.1
    },
    {
      "cityName": "Salvacion",
      "lat": 10.683333,
      "lng": 122
    },
    {
      "cityName": "Samalague",
      "lat": 10.466667,
      "lng": 122
    },
    {
      "cityName": "San Agustin",
      "lat": 11.066667,
      "lng": 122.2
    },
    {
      "cityName": "San Andres",
      "lat": 11.706111,
      "lng": 122.102222
    },
    {
      "cityName": "San Antonio",
      "lat": 11.2425,
      "lng": 122.055833
    },
    {
      "cityName": "San Carlos",
      "lat": 11.093611,
      "lng": 122.203333
    },
    {
      "cityName": "San Fernando",
      "lat": 10.766667,
      "lng": 121.933333
    },
    {
      "cityName": "San Francisco",
      "lat": 11.318889,
      "lng": 122.051111
    },
    {
      "cityName": "San Gabriel",
      "lat": 11.451111,
      "lng": 122.078056
    },
    {
      "cityName": "San Gregorio",
      "lat": 11.350556,
      "lng": 122.1
    },
    {
      "cityName": "San Isidro",
      "lat": 11.315278,
      "lng": 122.033889
    },
    {
      "cityName": "San Joaquin",
      "lat": 11.756667,
      "lng": 122.135
    },
    {
      "cityName": "San Jose de Buenavista",
      "lat": 10.752222,
      "lng": 121.941389
    },
    {
      "cityName": "San Luis",
      "lat": 11.376944,
      "lng": 122.087222
    },
    {
      "cityName": "San Martin",
      "lat": 10.916667,
      "lng": 122.133333
    },
    {
      "cityName": "San Miguel",
      "lat": 10.733333,
      "lng": 122
    },
    {
      "cityName": "San Pascual",
      "lat": 11.366389,
      "lng": 122.095
    },
    {
      "cityName": "San Pedro",
      "lat": 10.808056,
      "lng": 121.946667
    },
    {
      "cityName": "San Rafael",
      "lat": 10.9,
      "lng": 122.133333
    },
    {
      "cityName": "San Remigio",
      "lat": 10.832778,
      "lng": 122.0875
    },
    {
      "cityName": "San Rogue",
      "lat": 11.75,
      "lng": 121.983333
    },
    {
      "cityName": "San Roque",
      "lat": 10.417778,
      "lng": 121.964444
    },
    {
      "cityName": "Santa Cruz",
      "lat": 11.778889,
      "lng": 122.097778
    },
    {
      "cityName": "Santa Fe",
      "lat": 11.714167,
      "lng": 122.098611
    },
    {
      "cityName": "Santa Justa",
      "lat": 11.313056,
      "lng": 122.049722
    },
    {
      "cityName": "Santiago",
      "lat": 11.117222,
      "lng": 122.098333
    },
    {
      "cityName": "Santo Rosario Hacienda",
      "lat": 10.55,
      "lng": 121.85
    },
    {
      "cityName": "Santo Rosario",
      "lat": 11.254444,
      "lng": 122.0575
    },
    {
      "cityName": "San Vicente",
      "lat": 11.381111,
      "lng": 122.094444
    },
    {
      "cityName": "Sebaste",
      "lat": 11.587222,
      "lng": 122.093611
    },
    {
      "cityName": "Sebulo",
      "lat": 12.096944,
      "lng": 121.576667
    },
    {
      "cityName": "Semirara",
      "lat": 12.069444,
      "lng": 121.4
    },
    {
      "cityName": "Sibalom",
      "lat": 10.788333,
      "lng": 122.019722
    },
    {
      "cityName": "Sibaton",
      "lat": 11.979722,
      "lng": 121.559444
    },
    {
      "cityName": "Sibay",
      "lat": 11.839722,
      "lng": 121.494722
    },
    {
      "cityName": "Sido",
      "lat": 10.812778,
      "lng": 122.048889
    },
    {
      "cityName": "Simbola",
      "lat": 11.483333,
      "lng": 122.1175
    },
    {
      "cityName": "Sinaja",
      "lat": 10.828611,
      "lng": 121.951667
    },
    {
      "cityName": "Sinondolan",
      "lat": 10.923056,
      "lng": 122.098333
    },
    {
      "cityName": "Soloc",
      "lat": 10.686667,
      "lng": 122.0775
    },
    {
      "cityName": "Solong",
      "lat": 10.8,
      "lng": 122.016667
    },
    {
      "cityName": "Sumaray",
      "lat": 10.920278,
      "lng": 122.183333
    },
    {
      "cityName": "Sumuc",
      "lat": 11.083333,
      "lng": 122.083333
    },
    {
      "cityName": "Tabaguen",
      "lat": 11.516667,
      "lng": 122.1
    },
    {
      "cityName": "Tabay",
      "lat": 10.934167,
      "lng": 122.130833
    },
    {
      "cityName": "Tabongtabong",
      "lat": 11.2,
      "lng": 122.033333
    },
    {
      "cityName": "Tacbuyan",
      "lat": 10.540833,
      "lng": 122.015833
    },
    {
      "cityName": "Tagaytay",
      "lat": 10.47,
      "lng": 121.95
    },
    {
      "cityName": "Tagimtim",
      "lat": 10.510278,
      "lng": 121.930278
    },
    {
      "cityName": "Tagudtud",
      "lat": 11.0675,
      "lng": 122.084444
    },
    {
      "cityName": "Talisay",
      "lat": 11.0725,
      "lng": 122.068056
    },
    {
      "cityName": "Tamayec",
      "lat": 10.9,
      "lng": 122.016667
    },
    {
      "cityName": "Tibiao",
      "lat": 11.288333,
      "lng": 122.035278
    },
    {
      "cityName": "Tidioc",
      "lat": 10.616667,
      "lng": 121.983333
    },
    {
      "cityName": "Tigaaran",
      "lat": 11.184167,
      "lng": 122.070833
    },
    {
      "cityName": "Tigbaboy",
      "lat": 11.315833,
      "lng": 122.0675
    },
    {
      "cityName": "Tigbalogo",
      "lat": 10.966667,
      "lng": 122.066667
    },
    {
      "cityName": "Tigmamale",
      "lat": 10.987778,
      "lng": 122.093056
    },
    {
      "cityName": "Tigohot",
      "lat": 10.726111,
      "lng": 122.045
    },
    {
      "cityName": "Tigonjao",
      "lat": 11.15,
      "lng": 122.083333
    },
    {
      "cityName": "Tinabooc",
      "lat": 12.008611,
      "lng": 121.411944
    },
    {
      "cityName": "Tinabusan",
      "lat": 11.4,
      "lng": 122.083333
    },
    {
      "cityName": "Tiñgib",
      "lat": 11.733056,
      "lng": 122.047778
    },
    {
      "cityName": "Tinigbas",
      "lat": 11.760278,
      "lng": 121.878889
    },
    {
      "cityName": "Tono-an",
      "lat": 11.0475,
      "lng": 122.131944
    },
    {
      "cityName": "Tono",
      "lat": 11.314167,
      "lng": 122.084167
    },
    {
      "cityName": "Tubcan",
      "lat": 11.783333,
      "lng": 122.066667
    },
    {
      "cityName": "Tubungon",
      "lat": 10.716667,
      "lng": 122
    },
    {
      "cityName": "Ualog",
      "lat": 10.666667,
      "lng": 122
    },
    {
      "cityName": "Utud",
      "lat": 11.083333,
      "lng": 122.166667
    },
    {
      "cityName": "Valderama",
      "lat": 11.001389,
      "lng": 122.129167
    },
    {
      "cityName": "Valderrama",
      "lat": 11.405,
      "lng": 122.082222
    },
    {
      "cityName": "Villaflor",
      "lat": 10.55,
      "lng": 121.966667
    },
    {
      "cityName": "Villafont",
      "lat": 10.796944,
      "lng": 122.098333
    },
    {
      "cityName": "Villafun",
      "lat": 10.833333,
      "lng": 122.083333
    },
    {
      "cityName": "Villar",
      "lat": 10.808056,
      "lng": 122.011944
    },
    {
      "cityName": "Villa Salmon",
      "lat": 10.916667,
      "lng": 122.033333
    },
    {
      "cityName": "Villa Siga",
      "lat": 11.138333,
      "lng": 122.153056
    },
    {
      "cityName": "Villauert-Jimenez",
      "lat": 10.639722,
      "lng": 121.978611
    },
    {
      "cityName": "Virginia",
      "lat": 11.133333,
      "lng": 122.125556
    },
    {
      "cityName": "Walker",
      "lat": 10.937222,
      "lng": 122.201667
    },
    {
      "cityName": "Yapo",
      "lat": 11.184444,
      "lng": 122.039167
    },
    {
      "cityName": "Ysulat",
      "lat": 10.516667,
      "lng": 121.95
    },
    {
      "cityName": "Zaragosa",
      "lat": 11.008889,
      "lng": 122.045833
    }
  ]
}