{
  "name": "Negros Occidental",
  "cities": [
    {
      "cityName": "Abaca",
      "lat": 10.55,
      "lng": 123.4
    },
    {
      "cityName": "A Bonifacio",
      "lat": 10.916667,
      "lng": 123.25
    },
    {
      "cityName": "Agbahoan",
      "lat": 10.566667,
      "lng": 123.416667
    },
    {
      "cityName": "Aguisan",
      "lat": 10.165556,
      "lng": 122.860556
    },
    {
      "cityName": "Alac",
      "lat": 10.466667,
      "lng": 122.983333
    },
    {
      "cityName": "Alacaygan",
      "lat": 10.866667,
      "lng": 123.083333
    },
    {
      "cityName": "Alauihao",
      "lat": 10.633333,
      "lng": 123.433333
    },
    {
      "cityName": "Alegria",
      "lat": 10.5225,
      "lng": 122.855833
    },
    {
      "cityName": "Alegria Hacienda",
      "lat": 10.65,
      "lng": 123.1
    },
    {
      "cityName": "Alejandria",
      "lat": 10.416667,
      "lng": 122.966667
    },
    {
      "cityName": "Alijis",
      "lat": 10.443611,
      "lng": 122.865556
    },
    {
      "cityName": "Alijis Hacienda",
      "lat": 10.45,
      "lng": 122.866667
    },
    {
      "cityName": "Alipion",
      "lat": 10.316667,
      "lng": 123.033333
    },
    {
      "cityName": "Alipion Hacienda",
      "lat": 10.283333,
      "lng": 123.016667
    },
    {
      "cityName": "Alipuluan",
      "lat": 10.511111,
      "lng": 122.954167
    },
    {
      "cityName": "Alusiman",
      "lat": 10.220833,
      "lng": 122.965556
    },
    {
      "cityName": "Amorebieta Hacienda",
      "lat": 10.35,
      "lng": 122.966667
    },
    {
      "cityName": "Anajao",
      "lat": 10.3,
      "lng": 122.880833
    },
    {
      "cityName": "Ana Maria Hacienda",
      "lat": 10.35,
      "lng": 123
    },
    {
      "cityName": "Andres Boniface",
      "lat": 10.933333,
      "lng": 123.416667
    },
    {
      "cityName": "Andulawan",
      "lat": 10.033333,
      "lng": 122.783333
    },
    {
      "cityName": "Anita Hacienda",
      "lat": 10.45,
      "lng": 122.916667
    },
    {
      "cityName": "Anlipolo",
      "lat": 10.358611,
      "lng": 122.968056
    },
    {
      "cityName": "Apolonia Hacienda",
      "lat": 10.333333,
      "lng": 123.083333
    },
    {
      "cityName": "Aranda",
      "lat": 10.241111,
      "lng": 122.948889
    },
    {
      "cityName": "Aropag",
      "lat": 10.866667,
      "lng": 123.35
    },
    {
      "cityName": "Arraal",
      "lat": 10.416667,
      "lng": 123.033333
    },
    {
      "cityName": "Ayuñgon",
      "lat": 10.45,
      "lng": 122.833333
    },
    {
      "cityName": "Babiera",
      "lat": 10.95,
      "lng": 123.416667
    },
    {
      "cityName": "Bacan Hacienda",
      "lat": 10.216667,
      "lng": 122.933333
    },
    {
      "cityName": "Bacolod Hacienda",
      "lat": 10.5,
      "lng": 123
    },
    {
      "cityName": "Bagaas",
      "lat": 10.3,
      "lng": 122.916667
    },
    {
      "cityName": "Bagna",
      "lat": 10.507222,
      "lng": 122.839444
    },
    {
      "cityName": "Bagol",
      "lat": 10.2825,
      "lng": 122.888333
    },
    {
      "cityName": "Bagroy",
      "lat": 10.2025,
      "lng": 122.935556
    },
    {
      "cityName": "Bagumbayan",
      "lat": 10.45,
      "lng": 122.85
    },
    {
      "cityName": "Bagumbay",
      "lat": 10.456111,
      "lng": 122.854444
    },
    {
      "cityName": "Bagunana",
      "lat": 10.416667,
      "lng": 122.866667
    },
    {
      "cityName": "Bahay",
      "lat": 10.1,
      "lng": 122.883333
    },
    {
      "cityName": "Bairan",
      "lat": 10.716667,
      "lng": 123.466667
    },
    {
      "cityName": "Bakias",
      "lat": 10.416667,
      "lng": 122.883333
    },
    {
      "cityName": "Balabag",
      "lat": 10.433333,
      "lng": 122.95
    },
    {
      "cityName": "Balabag Hacienda",
      "lat": 10.433333,
      "lng": 122.966667
    },
    {
      "cityName": "Balango-an",
      "lat": 10.160278,
      "lng": 122.904167
    },
    {
      "cityName": "Baliñgasag",
      "lat": 10.533333,
      "lng": 122.833333
    },
    {
      "cityName": "Baliuagan",
      "lat": 10.398056,
      "lng": 122.879722
    },
    {
      "cityName": "Balog",
      "lat": 10.037778,
      "lng": 122.924167
    },
    {
      "cityName": "Balogo",
      "lat": 10.766667,
      "lng": 122.95
    },
    {
      "cityName": "Balulan Hacienda",
      "lat": 10.583333,
      "lng": 122.933333
    },
    {
      "cityName": "Banao",
      "lat": 10.416667,
      "lng": 123.016667
    },
    {
      "cityName": "Banogbanog",
      "lat": 10.216667,
      "lng": 123.1
    },
    {
      "cityName": "Bantayanon",
      "lat": 10.583333,
      "lng": 123.483333
    },
    {
      "cityName": "Bantoco",
      "lat": 10.7,
      "lng": 123.466667
    },
    {
      "cityName": "Baquias",
      "lat": 10.2,
      "lng": 122.883333
    },
    {
      "cityName": "Barauac",
      "lat": 10.366667,
      "lng": 123.116667
    },
    {
      "cityName": "Baság",
      "lat": 10.883333,
      "lng": 122.983333
    },
    {
      "cityName": "Basag Hacienda",
      "lat": 10.866667,
      "lng": 123
    },
    {
      "cityName": "Batang",
      "lat": 10.1,
      "lng": 122.866667
    },
    {
      "cityName": "Bato",
      "lat": 10.240556,
      "lng": 122.933056
    },
    {
      "cityName": "Batong",
      "lat": 10.525278,
      "lng": 122.891667
    },
    {
      "cityName": "Batuan",
      "lat": 10.437222,
      "lng": 122.891667
    },
    {
      "cityName": "Bayabas Hacienda",
      "lat": 10.966667,
      "lng": 123.266667
    },
    {
      "cityName": "Beniguil",
      "lat": 10.029444,
      "lng": 122.835
    },
    {
      "cityName": "Benitinan",
      "lat": 10.566667,
      "lng": 123.15
    },
    {
      "cityName": "Bertha",
      "lat": 10.436944,
      "lng": 122.971389
    },
    {
      "cityName": "Biao",
      "lat": 10.121389,
      "lng": 122.988333
    },
    {
      "cityName": "Bigo",
      "lat": 10.340556,
      "lng": 122.874444
    },
    {
      "cityName": "Binalbagan Estate",
      "lat": 10.2,
      "lng": 122.866667
    },
    {
      "cityName": "Binanigan",
      "lat": 10.633333,
      "lng": 123.466667
    },
    {
      "cityName": "Binobuhan Hacienda",
      "lat": 10.45,
      "lng": 123
    },
    {
      "cityName": "Binonga",
      "lat": 10.75,
      "lng": 122.983333
    },
    {
      "cityName": "Biscom",
      "lat": 10.198333,
      "lng": 122.872222
    },
    {
      "cityName": "Blumentritt",
      "lat": 10.6,
      "lng": 123.033333
    },
    {
      "cityName": "Bocana",
      "lat": 10.012778,
      "lng": 122.7225
    },
    {
      "cityName": "Bonbon",
      "lat": 10.266667,
      "lng": 123.083333
    },
    {
      "cityName": "Bonton",
      "lat": 10.071667,
      "lng": 122.930278
    },
    {
      "cityName": "Bubog",
      "lat": 10.763056,
      "lng": 122.971111
    },
    {
      "cityName": "Bucatud",
      "lat": 10.190833,
      "lng": 122.9375
    },
    {
      "cityName": "Bucos",
      "lat": 10.383333,
      "lng": 123
    },
    {
      "cityName": "Buenavista",
      "lat": 10.583333,
      "lng": 123.4
    },
    {
      "cityName": "Buenavista Hacienda",
      "lat": 10.483333,
      "lng": 123.05
    },
    {
      "cityName": "Buenos-Aires",
      "lat": 10.833333,
      "lng": 123.083333
    },
    {
      "cityName": "Bulad",
      "lat": 10.255,
      "lng": 122.998611
    },
    {
      "cityName": "Bulad Hacienda",
      "lat": 10.55,
      "lng": 122.983333
    },
    {
      "cityName": "Buraguac",
      "lat": 10.35,
      "lng": 123.116667
    },
    {
      "cityName": "Burgos",
      "lat": 10.383333,
      "lng": 122.983333
    },
    {
      "cityName": "Busay",
      "lat": 10.5375,
      "lng": 122.884444
    },
    {
      "cityName": "Cabadiangan",
      "lat": 10.151111,
      "lng": 122.933889
    },
    {
      "cityName": "Cabadiangan Hacienda",
      "lat": 10.166667,
      "lng": 122.933333
    },
    {
      "cityName": "Cabagal",
      "lat": 10.0325,
      "lng": 122.895
    },
    {
      "cityName": "Cabagsiuan Hacienda",
      "lat": 10.55,
      "lng": 123.05
    },
    {
      "cityName": "Cabanbaan",
      "lat": 10.085556,
      "lng": 122.958333
    },
    {
      "cityName": "Cabanbanan Hacienda",
      "lat": 10.55,
      "lng": 122.883333
    },
    {
      "cityName": "Cabiayan",
      "lat": 10.716667,
      "lng": 123.1
    },
    {
      "cityName": "Caburijan",
      "lat": 10.366667,
      "lng": 122.883333
    },
    {
      "cityName": "Cadiz Viejo",
      "lat": 11,
      "lng": 123.2
    },
    {
      "cityName": "Cadulonan",
      "lat": 10.430556,
      "lng": 122.838056
    },
    {
      "cityName": "Cadulunan",
      "lat": 10.333333,
      "lng": 122.866667
    },
    {
      "cityName": "Cagay",
      "lat": 10.816667,
      "lng": 123.533333
    },
    {
      "cityName": "Caiñaman",
      "lat": 10.441944,
      "lng": 122.948889
    },
    {
      "cityName": "Calape",
      "lat": 10.285833,
      "lng": 122.969444
    },
    {
      "cityName": "Calatrava Hacienda",
      "lat": 10.616667,
      "lng": 123.466667
    },
    {
      "cityName": "Caliban Hacienda",
      "lat": 10.6,
      "lng": 123.066667
    },
    {
      "cityName": "Calimonoc",
      "lat": 10.8,
      "lng": 123.416667
    },
    {
      "cityName": "Calong Calong Hacienda",
      "lat": 10.916667,
      "lng": 123.366667
    },
    {
      "cityName": "Calubang",
      "lat": 10.001667,
      "lng": 122.708889
    },
    {
      "cityName": "Calumangan",
      "lat": 10.563611,
      "lng": 122.880833
    },
    {
      "cityName": "Camalobalo",
      "lat": 10.274167,
      "lng": 122.95
    },
    {
      "cityName": "Camandag",
      "lat": 10.333333,
      "lng": 123.066667
    },
    {
      "cityName": "Camangcamang",
      "lat": 10.183333,
      "lng": 122.983333
    },
    {
      "cityName": "Camanse",
      "lat": 10.251389,
      "lng": 122.971944
    },
    {
      "cityName": "Camansi",
      "lat": 10.3,
      "lng": 123
    },
    {
      "cityName": "Cambairan",
      "lat": 10.4,
      "lng": 123.3
    },
    {
      "cityName": "Cam Baog",
      "lat": 10.322222,
      "lng": 122.863889
    },
    {
      "cityName": "Cambaros",
      "lat": 10.35,
      "lng": 122.933333
    },
    {
      "cityName": "Cambugsa",
      "lat": 10.221667,
      "lng": 122.891111
    },
    {
      "cityName": "Camingawan",
      "lat": 10.544444,
      "lng": 122.895
    },
    {
      "cityName": "Campanoy",
      "lat": 10.7,
      "lng": 123.5
    },
    {
      "cityName": "Canagua",
      "lat": 10.183333,
      "lng": 122.933333
    },
    {
      "cityName": "Canbulay",
      "lat": 10.043333,
      "lng": 122.903333
    },
    {
      "cityName": "Cancilayan",
      "lat": 10.833333,
      "lng": 123.15
    },
    {
      "cityName": "Candaguit",
      "lat": 10.4,
      "lng": 122.9
    },
    {
      "cityName": "Canisi",
      "lat": 10.4,
      "lng": 122.866667
    },
    {
      "cityName": "Canitum",
      "lat": 10.547222,
      "lng": 122.856667
    },
    {
      "cityName": "Canjusa",
      "lat": 10.516667,
      "lng": 122.8
    },
    {
      "cityName": "Canlaon Hacienda",
      "lat": 10.4,
      "lng": 123.033333
    },
    {
      "cityName": "Canlupa",
      "lat": 10.2,
      "lng": 123.033333
    },
    {
      "cityName": "Canmates",
      "lat": 10.259722,
      "lng": 122.948611
    },
    {
      "cityName": "Canonoy",
      "lat": 10.322222,
      "lng": 122.858889
    },
    {
      "cityName": "Canroma",
      "lat": 10.359167,
      "lng": 122.8775
    },
    {
      "cityName": "Cansimbug",
      "lat": 10.833333,
      "lng": 123.55
    },
    {
      "cityName": "Carabalan",
      "lat": 10.106111,
      "lng": 122.948056
    },
    {
      "cityName": "Caradioan",
      "lat": 10.081667,
      "lng": 122.881111
    },
    {
      "cityName": "Caridad",
      "lat": 10.488333,
      "lng": 122.894444
    },
    {
      "cityName": "Carmen",
      "lat": 10.378333,
      "lng": 122.916389
    },
    {
      "cityName": "Carmen Chiguita",
      "lat": 10.383889,
      "lng": 122.935
    },
    {
      "cityName": "Carmencita Hacienda",
      "lat": 10.383333,
      "lng": 122.933333
    },
    {
      "cityName": "Carolina",
      "lat": 10.966667,
      "lng": 123.166667
    },
    {
      "cityName": "Catabla",
      "lat": 10.75,
      "lng": 122.966667
    },
    {
      "cityName": "Catalina",
      "lat": 10.161667,
      "lng": 122.943889
    },
    {
      "cityName": "Catapud",
      "lat": 10.966667,
      "lng": 123.25
    },
    {
      "cityName": "Catugasan",
      "lat": 10.5,
      "lng": 123.1
    },
    {
      "cityName": "Cauayuay",
      "lat": 10.583333,
      "lng": 123.05
    },
    {
      "cityName": "Colansan",
      "lat": 10.166667,
      "lng": 123
    },
    {
      "cityName": "Colonia",
      "lat": 10.366667,
      "lng": 122.95
    },
    {
      "cityName": "Congiton",
      "lat": 10.55,
      "lng": 122.85
    },
    {
      "cityName": "Conmonos",
      "lat": 10.212222,
      "lng": 122.845278
    },
    {
      "cityName": "Consuelo",
      "lat": 10.002222,
      "lng": 122.753056
    },
    {
      "cityName": "Crossing Central",
      "lat": 10.383333,
      "lng": 122.916667
    },
    {
      "cityName": "Cubay",
      "lat": 10.416667,
      "lng": 122.95
    },
    {
      "cityName": "Cubay Hacienda",
      "lat": 10.533333,
      "lng": 123.45
    },
    {
      "cityName": "Culo",
      "lat": 10.533333,
      "lng": 122.816667
    },
    {
      "cityName": "Da-an Banua",
      "lat": 10.05,
      "lng": 122.8
    },
    {
      "cityName": "Dacalan",
      "lat": 10.066667,
      "lng": 122.833333
    },
    {
      "cityName": "Daguan Hacienda",
      "lat": 10.516667,
      "lng": 123.033333
    },
    {
      "cityName": "Dalupia",
      "lat": 10.45,
      "lng": 123.016667
    },
    {
      "cityName": "Delicia Hacienda",
      "lat": 10.866667,
      "lng": 122.966667
    },
    {
      "cityName": "Del Pilar",
      "lat": 10.333611,
      "lng": 122.8825
    },
    {
      "cityName": "Dinapit",
      "lat": 10.089722,
      "lng": 122.981667
    },
    {
      "cityName": "Diot",
      "lat": 10.033333,
      "lng": 122.733333
    },
    {
      "cityName": "Doldol",
      "lat": 10.466667,
      "lng": 122.816667
    },
    {
      "cityName": "Dulao",
      "lat": 10.544167,
      "lng": 122.939167
    },
    {
      "cityName": "Dulom",
      "lat": 10.416667,
      "lng": 123
    },
    {
      "cityName": "Dungon",
      "lat": 10.151667,
      "lng": 122.880833
    },
    {
      "cityName": "Duran",
      "lat": 10.316667,
      "lng": 122.916667
    },
    {
      "cityName": "Durango Hacienda",
      "lat": 10.333333,
      "lng": 123.016667
    },
    {
      "cityName": "Elena Hacienda",
      "lat": 10.433333,
      "lng": 122.933333
    },
    {
      "cityName": "Ema Hacienda",
      "lat": 10.179722,
      "lng": 122.978333
    },
    {
      "cityName": "Enangue",
      "lat": 10.65,
      "lng": 123.116667
    },
    {
      "cityName": "Encarnacion Hacienda",
      "lat": 10.516667,
      "lng": 122.983333
    },
    {
      "cityName": "Enclard",
      "lat": 10.180278,
      "lng": 122.858333
    },
    {
      "cityName": "Enriqueta",
      "lat": 10.233333,
      "lng": 123.05
    },
    {
      "cityName": "Esmeralda Hacienda",
      "lat": 10.716667,
      "lng": 123.066667
    },
    {
      "cityName": "Esperanza",
      "lat": 10.383333,
      "lng": 122.95
    },
    {
      "cityName": "Eva Hacienda",
      "lat": 10.533333,
      "lng": 122.95
    },
    {
      "cityName": "Faraon Hacienda",
      "lat": 10.9,
      "lng": 123.35
    },
    {
      "cityName": "Fé",
      "lat": 10.416667,
      "lng": 122.9
    },
    {
      "cityName": "Filomena Hacienda",
      "lat": 10.483333,
      "lng": 122.883333
    },
    {
      "cityName": "Gaboc",
      "lat": 10.383333,
      "lng": 123.083333
    },
    {
      "cityName": "Gahit",
      "lat": 10.893056,
      "lng": 122.969722
    },
    {
      "cityName": "Gargate",
      "lat": 10.279444,
      "lng": 122.851389
    },
    {
      "cityName": "General Luna",
      "lat": 10.833333,
      "lng": 123.566667
    },
    {
      "cityName": "General Malvar",
      "lat": 10.383333,
      "lng": 122.866667
    },
    {
      "cityName": "Gibucao",
      "lat": 10.413611,
      "lng": 122.885833
    },
    {
      "cityName": "Gomez",
      "lat": 10.366667,
      "lng": 122.983333
    },
    {
      "cityName": "Guibongan",
      "lat": 10.4,
      "lng": 122.85
    },
    {
      "cityName": "Guinpasilan",
      "lat": 10.633333,
      "lng": 123.45
    },
    {
      "cityName": "Guintongan",
      "lat": 10.766667,
      "lng": 123.533333
    },
    {
      "cityName": "Guintorilan",
      "lat": 10.433333,
      "lng": 122.883333
    },
    {
      "cityName": "Guintubhan",
      "lat": 10.213889,
      "lng": 122.951111
    },
    {
      "cityName": "Hacienda Carlota",
      "lat": 10.916667,
      "lng": 124.55
    },
    {
      "cityName": "Hacienda Ines",
      "lat": 10.460556,
      "lng": 122.9325
    },
    {
      "cityName": "Hacienda Patic",
      "lat": 10.5,
      "lng": 122.816667
    },
    {
      "cityName": "Hacienda Rosario",
      "lat": 10.316111,
      "lng": 122.984167
    },
    {
      "cityName": "Haguim",
      "lat": 10.410833,
      "lng": 122.975
    },
    {
      "cityName": "Halupan",
      "lat": 10.416667,
      "lng": 123.083333
    },
    {
      "cityName": "Hita-as",
      "lat": 10.35,
      "lng": 123.083333
    },
    {
      "cityName": "Hubay",
      "lat": 10.5275,
      "lng": 122.839167
    },
    {
      "cityName": "Hupon",
      "lat": 10.166667,
      "lng": 122.916667
    },
    {
      "cityName": "Iglauaan Hacienda",
      "lat": 10.6,
      "lng": 123.05
    },
    {
      "cityName": "Ilaya",
      "lat": 10.133333,
      "lng": 122.9
    },
    {
      "cityName": "Ilimnan",
      "lat": 10.063889,
      "lng": 122.929444
    },
    {
      "cityName": "Isabela Central",
      "lat": 10.216667,
      "lng": 123.033333
    },
    {
      "cityName": "Isabel Hacienda",
      "lat": 10.383333,
      "lng": 123.033333
    },
    {
      "cityName": "Jalsis",
      "lat": 10.511389,
      "lng": 122.923056
    },
    {
      "cityName": "Kepler Hacienda",
      "lat": 10.516667,
      "lng": 123.45
    },
    {
      "cityName": "Labilabi",
      "lat": 10.733333,
      "lng": 123.483333
    },
    {
      "cityName": "La Carlota Central",
      "lat": 10.4,
      "lng": 122.933333
    },
    {
      "cityName": "Lacaron",
      "lat": 10.463611,
      "lng": 122.868056
    },
    {
      "cityName": "La Granja Experimental Farm",
      "lat": 10.4,
      "lng": 122.983333
    },
    {
      "cityName": "Lanca Hacienda",
      "lat": 10.266667,
      "lng": 122.866667
    },
    {
      "cityName": "Lantawan",
      "lat": 10.15,
      "lng": 122.666667
    },
    {
      "cityName": "Latasan",
      "lat": 10.868611,
      "lng": 122.965
    },
    {
      "cityName": "Laura",
      "lat": 10.511667,
      "lng": 122.861111
    },
    {
      "cityName": "Libacao",
      "lat": 10.1825,
      "lng": 122.915833
    },
    {
      "cityName": "Linao",
      "lat": 10.228889,
      "lng": 122.929444
    },
    {
      "cityName": "Looc",
      "lat": 10.95,
      "lng": 123.55
    },
    {
      "cityName": "Los Baños",
      "lat": 10.516667,
      "lng": 123.1
    },
    {
      "cityName": "Luisiana",
      "lat": 10.483333,
      "lng": 123.016667
    },
    {
      "cityName": "Lulukaon",
      "lat": 10.85,
      "lng": 123
    },
    {
      "cityName": "Lumagtang",
      "lat": 10.566667,
      "lng": 123.2
    },
    {
      "cityName": "Luna",
      "lat": 10.966667,
      "lng": 123.233333
    },
    {
      "cityName": "Ma-ao Barrio",
      "lat": 10.483333,
      "lng": 122.983333
    },
    {
      "cityName": "Maao Central",
      "lat": 10.483333,
      "lng": 122.95
    },
    {
      "cityName": "Macabug",
      "lat": 10.866667,
      "lng": 123.5
    },
    {
      "cityName": "Macao",
      "lat": 9.95,
      "lng": 122.783333
    },
    {
      "cityName": "Madalag",
      "lat": 10.899167,
      "lng": 122.983611
    },
    {
      "cityName": "Magsaha",
      "lat": 10.051667,
      "lng": 122.917778
    },
    {
      "cityName": "Malabong",
      "lat": 10.05,
      "lng": 122.766667
    },
    {
      "cityName": "Mambagatan",
      "lat": 10.110556,
      "lng": 122.887778
    },
    {
      "cityName": "Mambangid",
      "lat": 10.846111,
      "lng": 122.983333
    },
    {
      "cityName": "Mambulgan",
      "lat": 10.882222,
      "lng": 123.166389
    },
    {
      "cityName": "Mampahubog",
      "lat": 10.25,
      "lng": 123.066667
    },
    {
      "cityName": "Manalad",
      "lat": 10.013611,
      "lng": 122.761944
    },
    {
      "cityName": "Manasablay",
      "lat": 10.1925,
      "lng": 122.971111
    },
    {
      "cityName": "Mandanlog",
      "lat": 10.916667,
      "lng": 123.066667
    },
    {
      "cityName": "Manghanoy",
      "lat": 10.316667,
      "lng": 123.016667
    },
    {
      "cityName": "Mangyuac",
      "lat": 10.383333,
      "lng": 123.05
    },
    {
      "cityName": "Mansalanao Hacienda",
      "lat": 10.366667,
      "lng": 123.1
    },
    {
      "cityName": "Mantorong",
      "lat": 10.616667,
      "lng": 123.45
    },
    {
      "cityName": "Manzanares",
      "lat": 10.75,
      "lng": 123.133333
    },
    {
      "cityName": "Maragtas",
      "lat": 10.201944,
      "lng": 122.903056
    },
    {
      "cityName": "Maria",
      "lat": 10.399444,
      "lng": 122.976111
    },
    {
      "cityName": "Maugbi",
      "lat": 10.483333,
      "lng": 123.033333
    },
    {
      "cityName": "Mercedes Hacienda",
      "lat": 10.366667,
      "lng": 122.933333
    },
    {
      "cityName": "Milagrosa Hacienda",
      "lat": 10.6,
      "lng": 123.466667
    },
    {
      "cityName": "Minnesota Hacienda",
      "lat": 10.35,
      "lng": 123.033333
    },
    {
      "cityName": "Miranda",
      "lat": 10.306944,
      "lng": 122.9075
    },
    {
      "cityName": "Montilla",
      "lat": 10.2,
      "lng": 122.916667
    },
    {
      "cityName": "Montserrat",
      "lat": 10.366667,
      "lng": 122.9
    },
    {
      "cityName": "Nabalian",
      "lat": 10.170833,
      "lng": 122.884722
    },
    {
      "cityName": "Nalibutan",
      "lat": 10.331111,
      "lng": 122.951944
    },
    {
      "cityName": "Nalipay",
      "lat": 10.225278,
      "lng": 122.981111
    },
    {
      "cityName": "Namulo",
      "lat": 10.18,
      "lng": 122.986389
    },
    {
      "cityName": "Nangka",
      "lat": 10.9,
      "lng": 122.966667
    },
    {
      "cityName": "Nanunga",
      "lat": 10.259167,
      "lng": 122.865556
    },
    {
      "cityName": "Napoles",
      "lat": 10.504167,
      "lng": 122.899722
    },
    {
      "cityName": "Narauis",
      "lat": 10.25,
      "lng": 122.883333
    },
    {
      "cityName": "Nato Hacienda",
      "lat": 10.316667,
      "lng": 122.983333
    },
    {
      "cityName": "Nato",
      "lat": 10.159167,
      "lng": 122.860278
    },
    {
      "cityName": "Natubungan",
      "lat": 10.316667,
      "lng": 122.9
    },
    {
      "cityName": "Navalas",
      "lat": 10.766667,
      "lng": 123.15
    },
    {
      "cityName": "Naval Hacienda",
      "lat": 10.15,
      "lng": 122.866667
    },
    {
      "cityName": "Nueva Estrella",
      "lat": 10.733333,
      "lng": 123.5
    },
    {
      "cityName": "Old Pandanon",
      "lat": 10.566667,
      "lng": 123.166667
    },
    {
      "cityName": "Old Sagay",
      "lat": 10.933333,
      "lng": 123.433333
    },
    {
      "cityName": "Olimbo Hacienda",
      "lat": 10.266667,
      "lng": 122.966667
    },
    {
      "cityName": "Otod",
      "lat": 10.566667,
      "lng": 122.883333
    },
    {
      "cityName": "Pacita",
      "lat": 10.45,
      "lng": 122.9
    },
    {
      "cityName": "Pacol",
      "lat": 10.45,
      "lng": 122.816667
    },
    {
      "cityName": "Paculi",
      "lat": 10.470278,
      "lng": 122.831667
    },
    {
      "cityName": "Pag-ayon",
      "lat": 10.530278,
      "lng": 122.804444
    },
    {
      "cityName": "Pagba",
      "lat": 10.366667,
      "lng": 123.133333
    },
    {
      "cityName": "Pagiplan",
      "lat": 10.133333,
      "lng": 122.953889
    },
    {
      "cityName": "Paitan",
      "lat": 10.816667,
      "lng": 123.45
    },
    {
      "cityName": "Palaka Grande",
      "lat": 10.483333,
      "lng": 122.816667
    },
    {
      "cityName": "Palaka",
      "lat": 10.483333,
      "lng": 122.822778
    },
    {
      "cityName": "Palayog",
      "lat": 10.225556,
      "lng": 122.897778
    },
    {
      "cityName": "Paliacon Hacienda",
      "lat": 10.166667,
      "lng": 122.966667
    },
    {
      "cityName": "Palma",
      "lat": 10.015556,
      "lng": 122.798333
    },
    {
      "cityName": "Paloydoy",
      "lat": 10.024167,
      "lng": 122.896111
    },
    {
      "cityName": "Panalsagon",
      "lat": 10.933333,
      "lng": 123.516667
    },
    {
      "cityName": "Pandan",
      "lat": 10.332778,
      "lng": 122.981944
    },
    {
      "cityName": "Panlauigan",
      "lat": 10.583333,
      "lng": 123.083333
    },
    {
      "cityName": "Paraiso",
      "lat": 10.883333,
      "lng": 123.366667
    },
    {
      "cityName": "Patic",
      "lat": 10.519722,
      "lng": 122.817778
    },
    {
      "cityName": "Paticui",
      "lat": 10.240278,
      "lng": 122.899167
    },
    {
      "cityName": "Payao",
      "lat": 10.176667,
      "lng": 122.945278
    },
    {
      "cityName": "Paz Hacienda",
      "lat": 10.016667,
      "lng": 122.75
    },
    {
      "cityName": "Paz",
      "lat": 10.866667,
      "lng": 123.133333
    },
    {
      "cityName": "Pilar",
      "lat": 10.250278,
      "lng": 122.858056
    },
    {
      "cityName": "Pili",
      "lat": 10.5,
      "lng": 122.85
    },
    {
      "cityName": "Pinamunian",
      "lat": 10.4,
      "lng": 122.966667
    },
    {
      "cityName": "Pitogo Hacienda",
      "lat": 10.633333,
      "lng": 123.05
    },
    {
      "cityName": "Ponao",
      "lat": 10.533333,
      "lng": 123.433333
    },
    {
      "cityName": "Progreso",
      "lat": 10.216667,
      "lng": 122.866667
    },
    {
      "cityName": "Prudencia",
      "lat": 10.48,
      "lng": 122.978611
    },
    {
      "cityName": "Pula",
      "lat": 10.816667,
      "lng": 123.416667
    },
    {
      "cityName": "Quiña Hacienda",
      "lat": 10.916667,
      "lng": 123.416667
    },
    {
      "cityName": "Recreo",
      "lat": 10.350278,
      "lng": 122.865278
    },
    {
      "cityName": "Remedio",
      "lat": 10.183333,
      "lng": 122.9
    },
    {
      "cityName": "Rumirang",
      "lat": 10.216944,
      "lng": 122.970833
    },
    {
      "cityName": "Sagasa",
      "lat": 10.469167,
      "lng": 122.895278
    },
    {
      "cityName": "Saint Luis Hacienda",
      "lat": 10.466667,
      "lng": 122.833333
    },
    {
      "cityName": "Salong",
      "lat": 10.966667,
      "lng": 123.133333
    },
    {
      "cityName": "Sambag",
      "lat": 10.333333,
      "lng": 122.966667
    },
    {
      "cityName": "Sambulon",
      "lat": 10.8,
      "lng": 123.483333
    },
    {
      "cityName": "Sampinit",
      "lat": 10.541389,
      "lng": 122.834167
    },
    {
      "cityName": "San Agustin Hacienda",
      "lat": 10.033333,
      "lng": 122.766667
    },
    {
      "cityName": "San Benito",
      "lat": 10.266667,
      "lng": 123.033333
    },
    {
      "cityName": "San Isidro Hacienda",
      "lat": 10.55,
      "lng": 123.466667
    },
    {
      "cityName": "San Isidro",
      "lat": 10.138333,
      "lng": 122.87
    },
    {
      "cityName": "San Jose Hacienda",
      "lat": 10.716667,
      "lng": 123.083333
    },
    {
      "cityName": "San Jose",
      "lat": 10.2,
      "lng": 122.9
    },
    {
      "cityName": "San Juan",
      "lat": 10.3875,
      "lng": 122.866667
    },
    {
      "cityName": "San Julian Hacienda",
      "lat": 10.283333,
      "lng": 123.033333
    },
    {
      "cityName": "San Luis Hacienda",
      "lat": 10.433333,
      "lng": 123.033333
    },
    {
      "cityName": "San Luis",
      "lat": 10.533333,
      "lng": 122.05
    },
    {
      "cityName": "San Pablo",
      "lat": 10.866667,
      "lng": 123.15
    },
    {
      "cityName": "San Roque Hacienda",
      "lat": 10.416667,
      "lng": 122.933333
    },
    {
      "cityName": "Santa Cruz",
      "lat": 10.95,
      "lng": 123.35
    },
    {
      "cityName": "Santa Maria",
      "lat": 10.933333,
      "lng": 123.383333
    },
    {
      "cityName": "Santo Himaya",
      "lat": 10.264444,
      "lng": 122.908333
    },
    {
      "cityName": "Santol",
      "lat": 10.17,
      "lng": 122.973611
    },
    {
      "cityName": "Santo Rosario Hacienda",
      "lat": 10.266667,
      "lng": 122.85
    },
    {
      "cityName": "Siag",
      "lat": 10.216667,
      "lng": 123
    },
    {
      "cityName": "Sinaypanan",
      "lat": 10.8,
      "lng": 123.15
    },
    {
      "cityName": "Soledad Hacienda",
      "lat": 10.466667,
      "lng": 122.966667
    },
    {
      "cityName": "Suay",
      "lat": 10.063056,
      "lng": 122.855278
    },
    {
      "cityName": "Suli",
      "lat": 10.316667,
      "lng": 122.966667
    },
    {
      "cityName": "Tabao",
      "lat": 10.433333,
      "lng": 122.816667
    },
    {
      "cityName": "Tabigue",
      "lat": 10.876111,
      "lng": 122.978056
    },
    {
      "cityName": "Tagamacam",
      "lat": 10.596111,
      "lng": 123.36
    },
    {
      "cityName": "Talaban",
      "lat": 10.1275,
      "lng": 122.869722
    },
    {
      "cityName": "Talaptap",
      "lat": 10.300833,
      "lng": 122.935
    },
    {
      "cityName": "Taloc",
      "lat": 10.572222,
      "lng": 122.896667
    },
    {
      "cityName": "Talotog",
      "lat": 10.541944,
      "lng": 122.962778
    },
    {
      "cityName": "Talubangi",
      "lat": 10.004722,
      "lng": 122.803333
    },
    {
      "cityName": "Tamlang",
      "lat": 10.816667,
      "lng": 123.433333
    },
    {
      "cityName": "Tanolo",
      "lat": 10.216667,
      "lng": 122.85
    },
    {
      "cityName": "Tarog",
      "lat": 10.216667,
      "lng": 123.016667
    },
    {
      "cityName": "Tigbao",
      "lat": 10.666667,
      "lng": 123.5
    },
    {
      "cityName": "Timijaban",
      "lat": 10.868056,
      "lng": 122.973056
    },
    {
      "cityName": "Tinungen Central",
      "lat": 10.233333,
      "lng": 123.033333
    },
    {
      "cityName": "Tolong",
      "lat": 9.983333,
      "lng": 122.766667
    },
    {
      "cityName": "To-oy",
      "lat": 10.071667,
      "lng": 122.863333
    },
    {
      "cityName": "Toril",
      "lat": 10.933333,
      "lng": 123.266667
    },
    {
      "cityName": "Trinidad",
      "lat": 10.35,
      "lng": 122.916667
    },
    {
      "cityName": "Tubod",
      "lat": 10.2,
      "lng": 123
    },
    {
      "cityName": "Tuburan",
      "lat": 10.877778,
      "lng": 122.961111
    },
    {
      "cityName": "Tugis",
      "lat": 10.317222,
      "lng": 122.898889
    },
    {
      "cityName": "Tumaquip Hacienda",
      "lat": 10.333333,
      "lng": 123.05
    },
    {
      "cityName": "Tungo",
      "lat": 10.143056,
      "lng": 122.949444
    },
    {
      "cityName": "Tuyuman",
      "lat": 10.016667,
      "lng": 122.833333
    },
    {
      "cityName": "Valdes",
      "lat": 10.8,
      "lng": 123.55
    },
    {
      "cityName": "Veronica",
      "lat": 10.149167,
      "lng": 122.981111
    },
    {
      "cityName": "Vista Alegre",
      "lat": 10.205833,
      "lng": 122.845556
    },
    {
      "cityName": "Vizcaya Hacienda",
      "lat": 10.383333,
      "lng": 122.966667
    },
    {
      "cityName": "William A. Jones",
      "lat": 10.683333,
      "lng": 123.5
    },
    {
      "cityName": "Yubo",
      "lat": 10.4,
      "lng": 123.05
    }
  ]
}