{
  "name": "Zamboanga del Sur",
  "cities": [
    {
      "cityName": "Abongabong",
      "lat": 7.4345,
      "lng": 123.3965
    },
    {
      "cityName": "Alang-dang",
      "lat": 7.9369,
      "lng": 123.5857
    },
    {
      "cityName": "Alegria",
      "lat": 7.529444,
      "lng": 122.989444
    },
    {
      "cityName": "Alicia",
      "lat": 7.513889,
      "lng": 122.93
    },
    {
      "cityName": "Anding",
      "lat": 7.9556,
      "lng": 123.5132
    },
    {
      "cityName": "Anti",
      "lat": 7.716667,
      "lng": 123.333333
    },
    {
      "cityName": "Aurora",
      "lat": 7.9506,
      "lng": 123.5826
    },
    {
      "cityName": "Babanga",
      "lat": 7.5357,
      "lng": 123.2843
    },
    {
      "cityName": "Bacacao",
      "lat": 7.579444,
      "lng": 122.918056
    },
    {
      "cityName": "Bacalan",
      "lat": 7.807778,
      "lng": 122.655556
    },
    {
      "cityName": "Bacao",
      "lat": 7.5528,
      "lng": 123.0162
    },
    {
      "cityName": "Bacaran",
      "lat": 7.983333,
      "lng": 123.35
    },
    {
      "cityName": "Bacawan",
      "lat": 7.5953,
      "lng": 123.3237
    },
    {
      "cityName": "Bacayawan",
      "lat": 7.530278,
      "lng": 123.374722
    },
    {
      "cityName": "Baclay",
      "lat": 7.8783,
      "lng": 123.6085
    },
    {
      "cityName": "Bagaan",
      "lat": 7.524444,
      "lng": 122.414722
    },
    {
      "cityName": "Baga",
      "lat": 7.7697,
      "lng": 123.3911
    },
    {
      "cityName": "Bagalamatan",
      "lat": 7.573611,
      "lng": 122.819444
    },
    {
      "cityName": "Bagong",
      "lat": 7.8215,
      "lng": 123.3205
    },
    {
      "cityName": "Bagong Mandawe",
      "lat": 7.9467,
      "lng": 123.5553
    },
    {
      "cityName": "Bagong Misamis",
      "lat": 7.723611,
      "lng": 123.4525
    },
    {
      "cityName": "Bagong Oroquite",
      "lat": 7.721389,
      "lng": 123.291389
    },
    {
      "cityName": "Bagong Silao",
      "lat": 7.724722,
      "lng": 123.463333
    },
    {
      "cityName": "Bagong Tudela",
      "lat": 8.19,
      "lng": 123.4664
    },
    {
      "cityName": "Baguitan",
      "lat": 7.7728,
      "lng": 123.3257
    },
    {
      "cityName": "Baha",
      "lat": 7.584167,
      "lng": 123.294167
    },
    {
      "cityName": "Balabawan",
      "lat": 7.4385,
      "lng": 123.3233
    },
    {
      "cityName": "Balagon",
      "lat": 8.0063,
      "lng": 123.2396
    },
    {
      "cityName": "Balangasan",
      "lat": 7.8265,
      "lng": 123.4198
    },
    {
      "cityName": "Balaniog",
      "lat": 7.8516,
      "lng": 123.4899
    },
    {
      "cityName": "Balian",
      "lat": 7.556389,
      "lng": 122.8425
    },
    {
      "cityName": "Balicacas",
      "lat": 7.073333,
      "lng": 121.911667
    },
    {
      "cityName": "Balintawak",
      "lat": 7.8331,
      "lng": 123.4075
    },
    {
      "cityName": "Balobo",
      "lat": 7.5,
      "lng": 122.833333
    },
    {
      "cityName": "Balongating",
      "lat": 7.7396,
      "lng": 123.3422
    },
    {
      "cityName": "Balong Balong",
      "lat": 7.51,
      "lng": 123.298611
    },
    {
      "cityName": "Balono",
      "lat": 7.5618,
      "lng": 123.2977
    },
    {
      "cityName": "Baloyboan",
      "lat": 7.8287,
      "lng": 123.3943
    },
    {
      "cityName": "Balubo",
      "lat": 7.698333,
      "lng": 123.207222
    },
    {
      "cityName": "Balucanan",
      "lat": 7.696389,
      "lng": 122.865
    },
    {
      "cityName": "Balucot",
      "lat": 8.0647,
      "lng": 123.5549
    },
    {
      "cityName": "Balugo",
      "lat": 7.516389,
      "lng": 122.846667
    },
    {
      "cityName": "Balungisan",
      "lat": 7.591389,
      "lng": 122.888056
    },
    {
      "cityName": "Balus",
      "lat": 7.216667,
      "lng": 122.25
    },
    {
      "cityName": "Balutan",
      "lat": 7.598611,
      "lng": 122.953056
    },
    {
      "cityName": "Bambanan",
      "lat": 7.3908,
      "lng": 123.3831
    },
    {
      "cityName": "Banco",
      "lat": 7.792222,
      "lng": 122.726667
    },
    {
      "cityName": "Banga",
      "lat": 7.548056,
      "lng": 122.463333
    },
    {
      "cityName": "Banta-ao",
      "lat": 7.794167,
      "lng": 123.33
    },
    {
      "cityName": "Baoaran",
      "lat": 7.533333,
      "lng": 122.883333
    },
    {
      "cityName": "Barabuan",
      "lat": 7.4906,
      "lng": 123.2987
    },
    {
      "cityName": "Barlak",
      "lat": 7,
      "lng": 122.183333
    },
    {
      "cityName": "Basagan",
      "lat": 7.214722,
      "lng": 122.235278
    },
    {
      "cityName": "Basak Bawang",
      "lat": 7.635,
      "lng": 122.993056
    },
    {
      "cityName": "Basalem",
      "lat": 7.739444,
      "lng": 123.078333
    },
    {
      "cityName": "Batu",
      "lat": 7.753333,
      "lng": 122.829444
    },
    {
      "cityName": "Batumungin",
      "lat": 7.4775,
      "lng": 122.3675
    },
    {
      "cityName": "Batungan",
      "lat": 7.609722,
      "lng": 122.393889
    },
    {
      "cityName": "Bauang",
      "lat": 7.6858,
      "lng": 123.0691
    },
    {
      "cityName": "Bayabao",
      "lat": 7.9538,
      "lng": 123.5984
    },
    {
      "cityName": "Bayabaya",
      "lat": 7.3844,
      "lng": 123.4001
    },
    {
      "cityName": "Bayao",
      "lat": 7.8739,
      "lng": 123.5429
    },
    {
      "cityName": "Bayogan East",
      "lat": 7.741111,
      "lng": 123.176111
    },
    {
      "cityName": "Bayog",
      "lat": 7.866667,
      "lng": 123.066667
    },
    {
      "cityName": "Bayon",
      "lat": 7.8528,
      "lng": 123.5601
    },
    {
      "cityName": "Becial",
      "lat": 7.409167,
      "lng": 122.287222
    },
    {
      "cityName": "Betong",
      "lat": 7.225,
      "lng": 122.224444
    },
    {
      "cityName": "Bibilik",
      "lat": 7.7439,
      "lng": 123.463
    },
    {
      "cityName": "Biga",
      "lat": 7.590278,
      "lng": 122.430833
    },
    {
      "cityName": "Binaloy",
      "lat": 7.224444,
      "lng": 122.254167
    },
    {
      "cityName": "Binayan",
      "lat": 7.9127,
      "lng": 123.4394
    },
    {
      "cityName": "Binoman",
      "lat": 7.6628,
      "lng": 123.4708
    },
    {
      "cityName": "Binuangan",
      "lat": 7.515833,
      "lng": 122.961389
    },
    {
      "cityName": "Binuatan",
      "lat": 7.612222,
      "lng": 123.344167
    },
    {
      "cityName": "Binuay",
      "lat": 7.580278,
      "lng": 123.260556
    },
    {
      "cityName": "Biray",
      "lat": 7.634722,
      "lng": 123.274722
    },
    {
      "cityName": "Bitinan",
      "lat": 7.66,
      "lng": 123.289167
    },
    {
      "cityName": "Blu-os",
      "lat": 7.5187,
      "lng": 123.1326
    },
    {
      "cityName": "Bobangan",
      "lat": 7.9921,
      "lng": 123.4592
    },
    {
      "cityName": "Bob",
      "lat": 8.280556,
      "lng": 123.182778
    },
    {
      "cityName": "Bolingsong",
      "lat": 8.016667,
      "lng": 123.633333
    },
    {
      "cityName": "Bolong",
      "lat": 7.098333,
      "lng": 122.239167
    },
    {
      "cityName": "Bomba",
      "lat": 7.516667,
      "lng": 122.933333
    },
    {
      "cityName": "Bongbongan",
      "lat": 7.9893,
      "lng": 123.5238
    },
    {
      "cityName": "Bontong",
      "lat": 7.576944,
      "lng": 122.985556
    },
    {
      "cityName": "Boton",
      "lat": 7.579,
      "lng": 123.0274
    },
    {
      "cityName": "Bualan",
      "lat": 7.7128,
      "lng": 123.1409
    },
    {
      "cityName": "Buayan",
      "lat": 7.533611,
      "lng": 122.8575
    },
    {
      "cityName": "Bubual",
      "lat": 7.620556,
      "lng": 123.393889
    },
    {
      "cityName": "Buburay",
      "lat": 7.4976,
      "lng": 123.3695
    },
    {
      "cityName": "Bucana",
      "lat": 7.9766,
      "lng": 123.6484
    },
    {
      "cityName": "Buenavista",
      "lat": 7.236111,
      "lng": 122.255278
    },
    {
      "cityName": "Buhangin",
      "lat": 7.286389,
      "lng": 122.819167
    },
    {
      "cityName": "Buhanging-Mahaba",
      "lat": 7.571667,
      "lng": 122.480278
    },
    {
      "cityName": "Bukon",
      "lat": 7.9078,
      "lng": 123.5086
    },
    {
      "cityName": "Bulacan",
      "lat": 7.575278,
      "lng": 122.885556
    },
    {
      "cityName": "Bulinsong",
      "lat": 8.039,
      "lng": 123.5889
    },
    {
      "cityName": "Bulongisan",
      "lat": 7.617778,
      "lng": 122.963056
    },
    {
      "cityName": "Buluan",
      "lat": 7.716667,
      "lng": 122.525278
    },
    {
      "cityName": "Bungiao",
      "lat": 7.104444,
      "lng": 122.196389
    },
    {
      "cityName": "Bunkug",
      "lat": 7.6,
      "lng": 122.816667
    },
    {
      "cityName": "Busay",
      "lat": 7.5326,
      "lng": 123.3037
    },
    {
      "cityName": "Busug",
      "lat": 7.040556,
      "lng": 122.188889
    },
    {
      "cityName": "Buton",
      "lat": 7.6421,
      "lng": 123.4626
    },
    {
      "cityName": "Butong",
      "lat": 7.666667,
      "lng": 123
    },
    {
      "cityName": "Buug",
      "lat": 7.7294,
      "lng": 123.0598
    },
    {
      "cityName": "Cabaluay",
      "lat": 7.001389,
      "lng": 122.180278
    },
    {
      "cityName": "Cabatan",
      "lat": 7.5581,
      "lng": 123.2014
    },
    {
      "cityName": "Cabatoan",
      "lat": 7.410278,
      "lng": 122.8475
    },
    {
      "cityName": "Cabilinan",
      "lat": 7.9338,
      "lng": 123.5916
    },
    {
      "cityName": "Cabingaan",
      "lat": 7.5142,
      "lng": 123.294
    },
    {
      "cityName": "Cacao",
      "lat": 7.008889,
      "lng": 122.163333
    },
    {
      "cityName": "Cagayan",
      "lat": 7.583333,
      "lng": 123.2
    },
    {
      "cityName": "Calabasa",
      "lat": 7.246389,
      "lng": 122.234167
    },
    {
      "cityName": "Calais",
      "lat": 7.381111,
      "lng": 122.806944
    },
    {
      "cityName": "Calapi",
      "lat": 7.625278,
      "lng": 122.850278
    },
    {
      "cityName": "Calibato",
      "lat": 7.046111,
      "lng": 122.181944
    },
    {
      "cityName": "Calida",
      "lat": 7.310556,
      "lng": 122.846389
    },
    {
      "cityName": "Calinggayan",
      "lat": 7.7572,
      "lng": 123.3747
    },
    {
      "cityName": "Calipan",
      "lat": 7.640556,
      "lng": 122.460833
    },
    {
      "cityName": "Calipapa",
      "lat": 7.6279,
      "lng": 123.3825
    },
    {
      "cityName": "Caliran",
      "lat": 7.429722,
      "lng": 122.899722
    },
    {
      "cityName": "Calube",
      "lat": 7.709722,
      "lng": 123.276944
    },
    {
      "cityName": "Camalig",
      "lat": 7.827,
      "lng": 123.3458
    },
    {
      "cityName": "Camanga",
      "lat": 7.746111,
      "lng": 122.920833
    },
    {
      "cityName": "Camara",
      "lat": 7.548611,
      "lng": 122.844167
    },
    {
      "cityName": "Campo",
      "lat": 8.001,
      "lng": 123.539
    },
    {
      "cityName": "Campo Cuarto",
      "lat": 8.0176,
      "lng": 123.5098
    },
    {
      "cityName": "Campo I",
      "lat": 7.9851,
      "lng": 123.549
    },
    {
      "cityName": "Canaan",
      "lat": 7.611389,
      "lng": 122.953333
    },
    {
      "cityName": "Canan",
      "lat": 7.5113,
      "lng": 123.1331
    },
    {
      "cityName": "Canipay",
      "lat": 8.0451,
      "lng": 123.2036
    },
    {
      "cityName": "Capamanok",
      "lat": 7.6943,
      "lng": 123.4332
    },
    {
      "cityName": "Capan",
      "lat": 7.518611,
      "lng": 122.455278
    },
    {
      "cityName": "Caparan",
      "lat": 7.746111,
      "lng": 122.551667
    },
    {
      "cityName": "Carilao",
      "lat": 7.564722,
      "lng": 122.855556
    },
    {
      "cityName": "Carote",
      "lat": 7.014167,
      "lng": 122.178056
    },
    {
      "cityName": "Casac",
      "lat": 7.555,
      "lng": 122.489167
    },
    {
      "cityName": "Casipitan",
      "lat": 7.3,
      "lng": 122.333333
    },
    {
      "cityName": "Catituan",
      "lat": 7.5753,
      "lng": 123.0148
    },
    {
      "cityName": "Catulan",
      "lat": 7.578611,
      "lng": 122.420556
    },
    {
      "cityName": "Cayamcam",
      "lat": 7.522778,
      "lng": 122.371389
    },
    {
      "cityName": "Cebuano Barracks",
      "lat": 7.95,
      "lng": 123.6
    },
    {
      "cityName": "Celais",
      "lat": 7.411389,
      "lng": 122.809722
    },
    {
      "cityName": "Cogan",
      "lat": 7.5361,
      "lng": 123.1903
    },
    {
      "cityName": "Cogonan",
      "lat": 7.929,
      "lng": 123.3872
    },
    {
      "cityName": "Colasian",
      "lat": 7.649722,
      "lng": 122.832222
    },
    {
      "cityName": "Colojo",
      "lat": 7.4721,
      "lng": 123.346
    },
    {
      "cityName": "Coloran",
      "lat": 7.699722,
      "lng": 122.887778
    },
    {
      "cityName": "Comaron",
      "lat": 7.9935,
      "lng": 123.3272
    },
    {
      "cityName": "Commonwealth",
      "lat": 7.9684,
      "lng": 123.5441
    },
    {
      "cityName": "Compostela",
      "lat": 7.701667,
      "lng": 123.051944
    },
    {
      "cityName": "Concepcion",
      "lat": 7.438,
      "lng": 123.4386
    },
    {
      "cityName": "Condon",
      "lat": 7.7045,
      "lng": 123.4168
    },
    {
      "cityName": "Coroan",
      "lat": 7.205278,
      "lng": 122.233056
    },
    {
      "cityName": "Coromatan",
      "lat": 7.8462,
      "lng": 123.6095
    },
    {
      "cityName": "Corporacion",
      "lat": 8.0234,
      "lng": 123.5842
    },
    {
      "cityName": "Cuatro Cuatro",
      "lat": 7.743611,
      "lng": 123.385556
    },
    {
      "cityName": "Cueva",
      "lat": 7.461111,
      "lng": 122.855556
    },
    {
      "cityName": "Culabay",
      "lat": 7.4004,
      "lng": 123.4231
    },
    {
      "cityName": "Culacion",
      "lat": 7.7061,
      "lng": 123.4722
    },
    {
      "cityName": "Curbada",
      "lat": 7.8639,
      "lng": 123.582
    },
    {
      "cityName": "Daap",
      "lat": 7.058056,
      "lng": 122.188333
    },
    {
      "cityName": "Dagohoy",
      "lat": 7.746667,
      "lng": 123.328611
    },
    {
      "cityName": "Dalagan",
      "lat": 8.0382,
      "lng": 123.3219
    },
    {
      "cityName": "Dalama",
      "lat": 7.515,
      "lng": 122.818056
    },
    {
      "cityName": "Dalaon",
      "lat": 8.1038,
      "lng": 123.5084
    },
    {
      "cityName": "Dalapang",
      "lat": 7.727222,
      "lng": 123.286667
    },
    {
      "cityName": "Danao",
      "lat": 7.568056,
      "lng": 122.4975
    },
    {
      "cityName": "Danganan",
      "lat": 7.6453,
      "lng": 123.1577
    },
    {
      "cityName": "Danlugan",
      "lat": 7.693889,
      "lng": 123.028056
    },
    {
      "cityName": "Dansalan",
      "lat": 7.6291,
      "lng": 123.4443
    },
    {
      "cityName": "Dansol",
      "lat": 7.657,
      "lng": 123.222
    },
    {
      "cityName": "Dansulao",
      "lat": 7.6381,
      "lng": 123.0326
    },
    {
      "cityName": "Dantolan",
      "lat": 8.1595,
      "lng": 123.5187
    },
    {
      "cityName": "Dao-an",
      "lat": 7.6823,
      "lng": 123.2617
    },
    {
      "cityName": "Dao",
      "lat": 7.845,
      "lng": 123.431111
    },
    {
      "cityName": "Dapayan",
      "lat": 7.6741,
      "lng": 123.4019
    },
    {
      "cityName": "Dapitan",
      "lat": 7.6,
      "lng": 122.866667
    },
    {
      "cityName": "Daplahan",
      "lat": 7.666667,
      "lng": 122.95
    },
    {
      "cityName": "Daplahan Junction",
      "lat": 7.733333,
      "lng": 122.916667
    },
    {
      "cityName": "Daplayan",
      "lat": 7.6516,
      "lng": 123.3798
    },
    {
      "cityName": "Datagan",
      "lat": 7.9866,
      "lng": 123.2973
    },
    {
      "cityName": "Datto Bitong",
      "lat": 7.651389,
      "lng": 122.420278
    },
    {
      "cityName": "Datto Tumangon",
      "lat": 7.625,
      "lng": 122.336111
    },
    {
      "cityName": "Daua-Daua",
      "lat": 7.468333,
      "lng": 122.836944
    },
    {
      "cityName": "Del Monte",
      "lat": 7.725833,
      "lng": 123.008056
    },
    {
      "cityName": "Del Pilar",
      "lat": 7.682778,
      "lng": 123.023889
    },
    {
      "cityName": "Dicul",
      "lat": 7.568889,
      "lng": 122.401389
    },
    {
      "cityName": "Digon",
      "lat": 7.5615,
      "lng": 123.1231
    },
    {
      "cityName": "Dimaculalay",
      "lat": 7.6634,
      "lng": 123.3819
    },
    {
      "cityName": "Dimatalin",
      "lat": 7.5344,
      "lng": 123.3738
    },
    {
      "cityName": "Dimaya",
      "lat": 7.618889,
      "lng": 123.316111
    },
    {
      "cityName": "Dinapan",
      "lat": 7.6832,
      "lng": 123.4722
    },
    {
      "cityName": "Dinas",
      "lat": 7.614722,
      "lng": 123.338333
    },
    {
      "cityName": "Dipald",
      "lat": 7.7828,
      "lng": 123.1158
    },
    {
      "cityName": "Diplahan",
      "lat": 7.716667,
      "lng": 123.016667
    },
    {
      "cityName": "Dipola",
      "lat": 8.2775,
      "lng": 123.163889
    },
    {
      "cityName": "Disojod",
      "lat": 8.264722,
      "lng": 123.184722
    },
    {
      "cityName": "Disum",
      "lat": 8.066667,
      "lng": 123.533333
    },
    {
      "cityName": "Dita",
      "lat": 7.156944,
      "lng": 122.249167
    },
    {
      "cityName": "Diwan",
      "lat": 8.1262,
      "lng": 123.4724
    },
    {
      "cityName": "Donggos",
      "lat": 7.675833,
      "lng": 123.355556
    },
    {
      "cityName": "Dulian",
      "lat": 7.121389,
      "lng": 122.178889
    },
    {
      "cityName": "Dumagok",
      "lat": 7.8104,
      "lng": 123.4196
    },
    {
      "cityName": "Dumaguk",
      "lat": 7.766667,
      "lng": 123.133333
    },
    {
      "cityName": "Dumalian",
      "lat": 7.720556,
      "lng": 123.245278
    },
    {
      "cityName": "Dumalinao",
      "lat": 7.8191,
      "lng": 123.3694
    },
    {
      "cityName": "Dumanquilas",
      "lat": 7.583333,
      "lng": 123.25
    },
    {
      "cityName": "Dumansulao",
      "lat": 7.666667,
      "lng": 123.3
    },
    {
      "cityName": "Dumara",
      "lat": 7.7375,
      "lng": 123.192778
    },
    {
      "cityName": "Dumingag",
      "lat": 8.169167,
      "lng": 123.350556
    },
    {
      "cityName": "Dumpoc",
      "lat": 7.602778,
      "lng": 122.929722
    },
    {
      "cityName": "Dunguang",
      "lat": 7.568889,
      "lng": 122.483889
    },
    {
      "cityName": "East Migpulao",
      "lat": 7.6325,
      "lng": 123.359167
    },
    {
      "cityName": "Elangilog",
      "lat": 7.822222,
      "lng": 122.534444
    },
    {
      "cityName": "Elisan",
      "lat": 7.513889,
      "lng": 122.986667
    },
    {
      "cityName": "Espaeto",
      "lat": 7.259167,
      "lng": 122.219167
    },
    {
      "cityName": "Fama",
      "lat": 7.3425,
      "lng": 122.848333
    },
    {
      "cityName": "Fatima",
      "lat": 7.615833,
      "lng": 122.831389
    },
    {
      "cityName": "Fort Margosatubig",
      "lat": 7.5777,
      "lng": 123.1658
    },
    {
      "cityName": "Gabunan",
      "lat": 8.0901,
      "lng": 123.5218
    },
    {
      "cityName": "Gadugan",
      "lat": 7.3685,
      "lng": 123.397
    },
    {
      "cityName": "Galas",
      "lat": 7.3725,
      "lng": 122.796944
    },
    {
      "cityName": "Galopalop",
      "lat": 7.6606,
      "lng": 123.2124
    },
    {
      "cityName": "Gandaan",
      "lat": 7.304722,
      "lng": 122.811389
    },
    {
      "cityName": "Gandiangan",
      "lat": 7.678889,
      "lng": 122.909444
    },
    {
      "cityName": "Gango",
      "lat": 7.698056,
      "lng": 122.517778
    },
    {
      "cityName": "Gapol",
      "lat": 7.549722,
      "lng": 122.891111
    },
    {
      "cityName": "Gapusan",
      "lat": 8.266667,
      "lng": 123.35
    },
    {
      "cityName": "Gatos",
      "lat": 7.683333,
      "lng": 122.966667
    },
    {
      "cityName": "Gaulan",
      "lat": 7.809,
      "lng": 123.0928
    },
    {
      "cityName": "Gelleman",
      "lat": 7.392222,
      "lng": 122.374444
    },
    {
      "cityName": "Gibavang",
      "lat": 7.792222,
      "lng": 122.695278
    },
    {
      "cityName": "Giel",
      "lat": 7.8394,
      "lng": 123.5129
    },
    {
      "cityName": "Goling",
      "lat": 7.730278,
      "lng": 122.985278
    },
    {
      "cityName": "Gubaan",
      "lat": 7.9748,
      "lng": 123.564
    },
    {
      "cityName": "Gubawang",
      "lat": 7.765,
      "lng": 122.776111
    },
    {
      "cityName": "Guilinan",
      "lat": 7.509444,
      "lng": 122.352222
    },
    {
      "cityName": "Guilingan",
      "lat": 7.866667,
      "lng": 123.15
    },
    {
      "cityName": "Guilisan",
      "lat": 7.537222,
      "lng": 123.291944
    },
    {
      "cityName": "Guinghuran Bae",
      "lat": 7.6434,
      "lng": 123.2073
    },
    {
      "cityName": "Guiniculalay",
      "lat": 7.656111,
      "lng": 123.391389
    },
    {
      "cityName": "Guinimanan",
      "lat": 7.5591,
      "lng": 123.1218
    },
    {
      "cityName": "Guinlin",
      "lat": 7.804722,
      "lng": 123.2975
    },
    {
      "cityName": "Guintocan",
      "lat": 7.611944,
      "lng": 122.9225
    },
    {
      "cityName": "Guipas",
      "lat": 7.7161,
      "lng": 123.3219
    },
    {
      "cityName": "Guisao",
      "lat": 7.003611,
      "lng": 122.153611
    },
    {
      "cityName": "Gulanpan",
      "lat": 7.122222,
      "lng": 122.251944
    },
    {
      "cityName": "Gulayan",
      "lat": 7.529167,
      "lng": 122.885
    },
    {
      "cityName": "Guling",
      "lat": 7.509,
      "lng": 123.3579
    },
    {
      "cityName": "Gumikita",
      "lat": 7.726111,
      "lng": 123.093333
    },
    {
      "cityName": "Gunasan",
      "lat": 8.1658,
      "lng": 123.5023
    },
    {
      "cityName": "Gusem",
      "lat": 7.7005,
      "lng": 123.0865
    },
    {
      "cityName": "Igubay",
      "lat": 7.566667,
      "lng": 123.333333
    },
    {
      "cityName": "Imelda",
      "lat": 7.65,
      "lng": 123.95
    },
    {
      "cityName": "Inasagan",
      "lat": 7.9759,
      "lng": 123.5773
    },
    {
      "cityName": "Ipil",
      "lat": 7.784444,
      "lng": 122.586111
    },
    {
      "cityName": "Josefina",
      "lat": 8.2,
      "lng": 123.533333
    },
    {
      "cityName": "Kabalao",
      "lat": 7.496944,
      "lng": 123.175556
    },
    {
      "cityName": "Kabasalan",
      "lat": 7.797222,
      "lng": 122.765
    },
    {
      "cityName": "Kagawasan",
      "lat": 7.507222,
      "lng": 123.347222
    },
    {
      "cityName": "Kalian",
      "lat": 7.5916,
      "lng": 123.2319
    },
    {
      "cityName": "Kaliantana",
      "lat": 7.7725,
      "lng": 122.682222
    },
    {
      "cityName": "Kalilangan",
      "lat": 7.6485,
      "lng": 123.4157
    },
    {
      "cityName": "Karpok",
      "lat": 7.679167,
      "lng": 123.201389
    },
    {
      "cityName": "Katipunan",
      "lat": 7.5825,
      "lng": 122.830556
    },
    {
      "cityName": "Katituan",
      "lat": 7.8976,
      "lng": 123.5102
    },
    {
      "cityName": "Kauswagan",
      "lat": 7.548056,
      "lng": 122.965556
    },
    {
      "cityName": "Kawayan",
      "lat": 7.538333,
      "lng": 122.8725
    },
    {
      "cityName": "Kigay",
      "lat": 7.6276,
      "lng": 123.046
    },
    {
      "cityName": "Kima",
      "lat": 7.616667,
      "lng": 122.818056
    },
    {
      "cityName": "Kinakap",
      "lat": 7.620833,
      "lng": 123.293056
    },
    {
      "cityName": "Kolambogan",
      "lat": 7.653333,
      "lng": 122.471944
    },
    {
      "cityName": "Kulot",
      "lat": 7.5603,
      "lng": 123.1126
    },
    {
      "cityName": "Kumalarang",
      "lat": 7.7478,
      "lng": 123.1445
    },
    {
      "cityName": "Kumarao",
      "lat": 7.516667,
      "lng": 122.833333
    },
    {
      "cityName": "Labangan",
      "lat": 7.8654,
      "lng": 123.5123
    },
    {
      "cityName": "Labasan",
      "lat": 7.706389,
      "lng": 122.878611
    },
    {
      "cityName": "Labatan",
      "lat": 7.501111,
      "lng": 122.794167
    },
    {
      "cityName": "Labuan",
      "lat": 7.099722,
      "lng": 121.904167
    },
    {
      "cityName": "Labuan Sug",
      "lat": 7.762222,
      "lng": 122.580556
    },
    {
      "cityName": "La Dicha",
      "lat": 7.6633,
      "lng": 123.0106
    },
    {
      "cityName": "Lagon",
      "lat": 7.267778,
      "lng": 122.278333
    },
    {
      "cityName": "Lagting",
      "lat": 7.658333,
      "lng": 122.8675
    },
    {
      "cityName": "Lahaannan",
      "lat": 7.329722,
      "lng": 122.290556
    },
    {
      "cityName": "Lahing",
      "lat": 7.566389,
      "lng": 122.483611
    },
    {
      "cityName": "Laih",
      "lat": 7.739722,
      "lng": 122.826944
    },
    {
      "cityName": "Lakewood",
      "lat": 7.8541,
      "lng": 123.1598
    },
    {
      "cityName": "Lalab",
      "lat": 7.547222,
      "lng": 123.272222
    },
    {
      "cityName": "Lalas",
      "lat": 7.5722,
      "lng": 123.282
    },
    {
      "cityName": "Lalat",
      "lat": 7.685556,
      "lng": 122.911111
    },
    {
      "cityName": "Lamawan",
      "lat": 7.666389,
      "lng": 123.255556
    },
    {
      "cityName": "Lambayogan",
      "lat": 7.560556,
      "lng": 122.911389
    },
    {
      "cityName": "Lamisahan",
      "lat": 7.070833,
      "lng": 122.158333
    },
    {
      "cityName": "Lamponac",
      "lat": 7.654722,
      "lng": 122.896389
    },
    {
      "cityName": "Langilan",
      "lat": 7.699167,
      "lng": 123.312778
    },
    {
      "cityName": "Lantawan",
      "lat": 7.700278,
      "lng": 123.072778
    },
    {
      "cityName": "Lantian",
      "lat": 7.8726,
      "lng": 123.5143
    },
    {
      "cityName": "Lantongan",
      "lat": 7.9001,
      "lng": 123.6258
    },
    {
      "cityName": "Lapacan",
      "lat": 7.03,
      "lng": 122.165833
    },
    {
      "cityName": "Laparan",
      "lat": 7.9761,
      "lng": 123.5209
    },
    {
      "cityName": "Laparay",
      "lat": 7.403611,
      "lng": 122.817222
    },
    {
      "cityName": "Laperian",
      "lat": 7.698056,
      "lng": 123.275556
    },
    {
      "cityName": "Lapidauan",
      "lat": 7.5289,
      "lng": 123.007
    },
    {
      "cityName": "Lapirian",
      "lat": 7.65,
      "lng": 122.883333
    },
    {
      "cityName": "Lapuyan",
      "lat": 7.6379,
      "lng": 123.1944
    },
    {
      "cityName": "Latap",
      "lat": 7.138056,
      "lng": 121.921667
    },
    {
      "cityName": "Latas",
      "lat": 7.6625,
      "lng": 123.1331
    },
    {
      "cityName": "Lauingan",
      "lat": 7.089722,
      "lng": 121.902778
    },
    {
      "cityName": "Lawaan",
      "lat": 7.173611,
      "lng": 122.180556
    },
    {
      "cityName": "Lawigan",
      "lat": 7.193889,
      "lng": 122.258333
    },
    {
      "cityName": "Legarda 1",
      "lat": 7.6333,
      "lng": 123.3045
    },
    {
      "cityName": "Legarda 2",
      "lat": 7.636111,
      "lng": 123.296111
    },
    {
      "cityName": "Legarda 3",
      "lat": 7.658056,
      "lng": 123.305278
    },
    {
      "cityName": "Lessem",
      "lat": 7.223333,
      "lng": 122.238889
    },
    {
      "cityName": "Letayan",
      "lat": 7.460833,
      "lng": 122.966111
    },
    {
      "cityName": "Libertad",
      "lat": 7.5336,
      "lng": 123.3249
    },
    {
      "cityName": "Libunganan",
      "lat": 7.665,
      "lng": 123.2725
    },
    {
      "cityName": "Lictuasan",
      "lat": 7.064722,
      "lng": 122.184444
    },
    {
      "cityName": "Licumo",
      "lat": 7.468056,
      "lng": 122.342222
    },
    {
      "cityName": "Ligian",
      "lat": 7.601389,
      "lng": 122.426944
    },
    {
      "cityName": "Limaong",
      "lat": 7.360556,
      "lng": 122.366389
    },
    {
      "cityName": "Limbaguan",
      "lat": 7.489444,
      "lng": 122.379722
    },
    {
      "cityName": "Limbatong",
      "lat": 7.568889,
      "lng": 123.226944
    },
    {
      "cityName": "Limboyan",
      "lat": 7.3942,
      "lng": 123.4383
    },
    {
      "cityName": "Limbunan",
      "lat": 7.445278,
      "lng": 122.816944
    },
    {
      "cityName": "Limbungahan",
      "lat": 7.488333,
      "lng": 122.824444
    },
    {
      "cityName": "Limonan",
      "lat": 7.6604,
      "lng": 123.3379
    },
    {
      "cityName": "Limon",
      "lat": 7.171667,
      "lng": 122.244722
    },
    {
      "cityName": "Limpapa",
      "lat": 7.119722,
      "lng": 121.910556
    },
    {
      "cityName": "Limula",
      "lat": 7.156667,
      "lng": 122.238889
    },
    {
      "cityName": "Limuno",
      "lat": 7.393611,
      "lng": 122.370833
    },
    {
      "cityName": "Linay",
      "lat": 8.266111,
      "lng": 123.232778
    },
    {
      "cityName": "Lincod Batang",
      "lat": 7.135278,
      "lng": 121.910556
    },
    {
      "cityName": "Linconan",
      "lat": 8.0302,
      "lng": 123.5663
    },
    {
      "cityName": "Lindang",
      "lat": 7.730833,
      "lng": 122.966944
    },
    {
      "cityName": "Lingatungan",
      "lat": 7.647222,
      "lng": 122.4675
    },
    {
      "cityName": "Linguisan",
      "lat": 7.506111,
      "lng": 122.451944
    },
    {
      "cityName": "Linisuan",
      "lat": 7.583333,
      "lng": 123.333333
    },
    {
      "cityName": "Linoguayan",
      "lat": 7.5575,
      "lng": 123.1587
    },
    {
      "cityName": "Linok Madalum",
      "lat": 7.6585,
      "lng": 123.1488
    },
    {
      "cityName": "Linon",
      "lat": 7.367222,
      "lng": 122.335833
    },
    {
      "cityName": "Lintogap",
      "lat": 7.9676,
      "lng": 123.6047
    },
    {
      "cityName": "Lintogup",
      "lat": 7.954,
      "lng": 123.6185
    },
    {
      "cityName": "Lintum",
      "lat": 7.719167,
      "lng": 123.345
    },
    {
      "cityName": "Lipacan",
      "lat": 7.6138,
      "lng": 123.0206
    },
    {
      "cityName": "Litan",
      "lat": 7.7075,
      "lng": 123.357778
    },
    {
      "cityName": "Little Baguio",
      "lat": 7.670556,
      "lng": 122.984722
    },
    {
      "cityName": "Lobok",
      "lat": 7.622222,
      "lng": 122.336944
    },
    {
      "cityName": "Logpond",
      "lat": 7.5639,
      "lng": 123.0153
    },
    {
      "cityName": "Longmot",
      "lat": 7.8075,
      "lng": 123.317778
    },
    {
      "cityName": "Looc Bayabas",
      "lat": 7.6925,
      "lng": 122.504444
    },
    {
      "cityName": "Looc Bunsud",
      "lat": 7.509722,
      "lng": 122.451667
    },
    {
      "cityName": "Looc Labuan",
      "lat": 7.559722,
      "lng": 122.479444
    },
    {
      "cityName": "Looc Saral",
      "lat": 7.5725,
      "lng": 122.499722
    },
    {
      "cityName": "Loog Pahinangan",
      "lat": 7.494722,
      "lng": 122.389167
    },
    {
      "cityName": "Loteman",
      "lat": 7.564444,
      "lng": 122.908611
    },
    {
      "cityName": "Lourdes",
      "lat": 7.8867,
      "lng": 123.2674
    },
    {
      "cityName": "Lower Dimaya",
      "lat": 7.604722,
      "lng": 123.33
    },
    {
      "cityName": "Lower Tungawan",
      "lat": 7.508056,
      "lng": 122.371111
    },
    {
      "cityName": "Lower Tupilac",
      "lat": 7.636944,
      "lng": 122.454444
    },
    {
      "cityName": "Luanan",
      "lat": 7.728333,
      "lng": 123.178056
    },
    {
      "cityName": "Lubigan",
      "lat": 7.148333,
      "lng": 122.233611
    },
    {
      "cityName": "Lubing",
      "lat": 7.7543,
      "lng": 123.0357
    },
    {
      "cityName": "Lubuan Sop",
      "lat": 7.763889,
      "lng": 122.622778
    },
    {
      "cityName": "Lubugan",
      "lat": 7.018611,
      "lng": 121.920278
    },
    {
      "cityName": "Lucmadalum",
      "lat": 7.304722,
      "lng": 122.282222
    },
    {
      "cityName": "Lucoban",
      "lat": 7.565833,
      "lng": 123.328333
    },
    {
      "cityName": "Ludiong",
      "lat": 7.578611,
      "lng": 123.299444
    },
    {
      "cityName": "Lukmalalum",
      "lat": 7.3475,
      "lng": 122.285556
    },
    {
      "cityName": "Lumarao",
      "lat": 7.534722,
      "lng": 122.807222
    },
    {
      "cityName": "Lumayang",
      "lat": 7.009167,
      "lng": 122.108333
    },
    {
      "cityName": "Lumbal",
      "lat": 7.5072,
      "lng": 123.1511
    },
    {
      "cityName": "Lumbugan",
      "lat": 7.530556,
      "lng": 122.427778
    },
    {
      "cityName": "Lunapa",
      "lat": 7.55,
      "lng": 122.916667
    },
    {
      "cityName": "Lunday",
      "lat": 7.208889,
      "lng": 122.217222
    },
    {
      "cityName": "Lunib",
      "lat": 7.523,
      "lng": 123.1972
    },
    {
      "cityName": "Lutiman",
      "lat": 7.531111,
      "lng": 122.925833
    },
    {
      "cityName": "Luya",
      "lat": 7.8912,
      "lng": 123.5317
    },
    {
      "cityName": "Maasin",
      "lat": 7.655833,
      "lng": 123.435
    },
    {
      "cityName": "Mabao",
      "lat": 8.033333,
      "lng": 123.516667
    },
    {
      "cityName": "Mabini",
      "lat": 7.6505,
      "lng": 123.016
    },
    {
      "cityName": "Mabuhay",
      "lat": 7.417778,
      "lng": 122.836667
    },
    {
      "cityName": "Mabuhoy",
      "lat": 7.4573,
      "lng": 123.411
    },
    {
      "cityName": "Mabulay",
      "lat": 7.696111,
      "lng": 123.412222
    },
    {
      "cityName": "Macalibut",
      "lat": 7.577778,
      "lng": 122.471944
    },
    {
      "cityName": "Macilas",
      "lat": 7.734444,
      "lng": 122.543333
    },
    {
      "cityName": "Maculay",
      "lat": 7.5381,
      "lng": 123.2128
    },
    {
      "cityName": "Magahis",
      "lat": 7.594167,
      "lng": 123.263056
    },
    {
      "cityName": "Maganay",
      "lat": 7.723611,
      "lng": 123.027222
    },
    {
      "cityName": "Magicam",
      "lat": 7.442778,
      "lng": 122.846111
    },
    {
      "cityName": "Magobos",
      "lat": 8.223889,
      "lng": 123.4525
    },
    {
      "cityName": "Magting",
      "lat": 7.755556,
      "lng": 123.340556
    },
    {
      "cityName": "Mahayag",
      "lat": 8.1183,
      "lng": 123.4455
    },
    {
      "cityName": "Mahayahay",
      "lat": 7.9648,
      "lng": 123.5848
    },
    {
      "cityName": "Mala",
      "lat": 7.122778,
      "lng": 122.232222
    },
    {
      "cityName": "Malangas",
      "lat": 7.6192,
      "lng": 123.0255
    },
    {
      "cityName": "Malangus",
      "lat": 7.6333,
      "lng": 123.0294
    },
    {
      "cityName": "Malanta",
      "lat": 7.317222,
      "lng": 122.339722
    },
    {
      "cityName": "Malasugat",
      "lat": 7.076389,
      "lng": 122.212222
    },
    {
      "cityName": "Malating",
      "lat": 8.0608,
      "lng": 123.4295
    },
    {
      "cityName": "Maliang",
      "lat": 7.833333,
      "lng": 123.483333
    },
    {
      "cityName": "Malim",
      "lat": 7.452,
      "lng": 123.4312
    },
    {
      "cityName": "Manangan",
      "lat": 7.278611,
      "lng": 122.263889
    },
    {
      "cityName": "Manangon",
      "lat": 7.738889,
      "lng": 122.975556
    },
    {
      "cityName": "Mandeg",
      "lat": 7.724167,
      "lng": 123.17
    },
    {
      "cityName": "Mandug",
      "lat": 7.5915,
      "lng": 123.3551
    },
    {
      "cityName": "Mangahas",
      "lat": 7.793333,
      "lng": 122.785556
    },
    {
      "cityName": "Mangusu",
      "lat": 7.325556,
      "lng": 122.2775
    },
    {
      "cityName": "Manicaan",
      "lat": 7.019444,
      "lng": 122.201111
    },
    {
      "cityName": "Manika-an",
      "lat": 7.4348,
      "lng": 123.4327
    },
    {
      "cityName": "Manina",
      "lat": 7.747778,
      "lng": 122.925556
    },
    {
      "cityName": "Manlin",
      "lat": 7.726389,
      "lng": 123.08
    },
    {
      "cityName": "Maragang",
      "lat": 7.8301,
      "lng": 123.3118
    },
    {
      "cityName": "Maralag",
      "lat": 7.728333,
      "lng": 123.225278
    },
    {
      "cityName": "Marasingan",
      "lat": 7.7,
      "lng": 122.9
    },
    {
      "cityName": "Maraya",
      "lat": 7.5412,
      "lng": 123.1403
    },
    {
      "cityName": "Margos",
      "lat": 7.932,
      "lng": 123.659
    },
    {
      "cityName": "Maricol",
      "lat": 7.566389,
      "lng": 122.385833
    },
    {
      "cityName": "Maruing",
      "lat": 7.6426,
      "lng": 123.1593
    },
    {
      "cityName": "Marum",
      "lat": 7.8286,
      "lng": 123.4642
    },
    {
      "cityName": "Masaba",
      "lat": 7.185,
      "lng": 122.198333
    },
    {
      "cityName": "Masom",
      "lat": 7.778333,
      "lng": 123.417778
    },
    {
      "cityName": "Massau",
      "lat": 7.611111,
      "lng": 122.438056
    },
    {
      "cityName": "Matabang",
      "lat": 7.781111,
      "lng": 123.419722
    },
    {
      "cityName": "Matam",
      "lat": 8.461389,
      "lng": 123.255278
    },
    {
      "cityName": "Mate",
      "lat": 7.7098,
      "lng": 123.2953
    },
    {
      "cityName": "Matin-ao",
      "lat": 7.4238,
      "lng": 123.385
    },
    {
      "cityName": "Matin-aw",
      "lat": 7.7514,
      "lng": 123.0498
    },
    {
      "cityName": "Mattit",
      "lat": 7.3675,
      "lng": 122.351667
    },
    {
      "cityName": "Mercedes",
      "lat": 7.572222,
      "lng": 123.308056
    },
    {
      "cityName": "Mialim",
      "lat": 7.377222,
      "lng": 122.294444
    },
    {
      "cityName": "Midsalip",
      "lat": 8.0552,
      "lng": 123.214
    },
    {
      "cityName": "Migpolao",
      "lat": 7.6392,
      "lng": 123.3365
    },
    {
      "cityName": "Milagrosa",
      "lat": 7.523889,
      "lng": 122.969444
    },
    {
      "cityName": "Miligan",
      "lat": 8.0849,
      "lng": 123.4834
    },
    {
      "cityName": "Militar",
      "lat": 7.8435,
      "lng": 123.5838
    },
    {
      "cityName": "Minudas",
      "lat": 7.476944,
      "lng": 122.835
    },
    {
      "cityName": "Minus",
      "lat": 7.3619,
      "lng": 123.4009
    },
    {
      "cityName": "Mirapao",
      "lat": 7.6552,
      "lng": 123.3175
    },
    {
      "cityName": "Mitokong",
      "lat": 7.745,
      "lng": 123.444444
    },
    {
      "cityName": "Molave",
      "lat": 8.0844,
      "lng": 123.491
    },
    {
      "cityName": "Molom",
      "lat": 7.598889,
      "lng": 122.986389
    },
    {
      "cityName": "Monching",
      "lat": 7.715833,
      "lng": 122.866389
    },
    {
      "cityName": "Monte Alegre",
      "lat": 7.9612,
      "lng": 123.531
    },
    {
      "cityName": "Montela",
      "lat": 7.982,
      "lng": 123.4736
    },
    {
      "cityName": "Mountain View",
      "lat": 7.633611,
      "lng": 122.9
    },
    {
      "cityName": "Mudug",
      "lat": 7.466667,
      "lng": 122.866667
    },
    {
      "cityName": "Mulansong",
      "lat": 7.690556,
      "lng": 123.414167
    },
    {
      "cityName": "Muricay",
      "lat": 7.8275,
      "lng": 123.4782
    },
    {
      "cityName": "Muroc",
      "lat": 7.016111,
      "lng": 122.095
    },
    {
      "cityName": "Muti",
      "lat": 7.275833,
      "lng": 122.28
    },
    {
      "cityName": "Muyo",
      "lat": 7.742778,
      "lng": 123.021111
    },
    {
      "cityName": "Naga",
      "lat": 7.770278,
      "lng": 122.750833
    },
    {
      "cityName": "Nanan",
      "lat": 7.648056,
      "lng": 122.881111
    },
    {
      "cityName": "Nangka",
      "lat": 7.623333,
      "lng": 123.321111
    },
    {
      "cityName": "New Oroquieta",
      "lat": 7.4364,
      "lng": 123.4135
    },
    {
      "cityName": "Noboron",
      "lat": 7.9235,
      "lng": 123.393
    },
    {
      "cityName": "Norte",
      "lat": 7.85,
      "lng": 123.45
    },
    {
      "cityName": "Nugue",
      "lat": 7.355833,
      "lng": 122.823333
    },
    {
      "cityName": "Nupulan",
      "lat": 7.746111,
      "lng": 123.452778
    },
    {
      "cityName": "Ocapan",
      "lat": 7.725278,
      "lng": 123.271667
    },
    {
      "cityName": "Old Maritao",
      "lat": 7.655556,
      "lng": 123.341667
    },
    {
      "cityName": "Pagadian City",
      "lat": 7.8257,
      "lng": 123.437
    },
    {
      "cityName": "Palug",
      "lat": 7.683333,
      "lng": 123.066667
    },
    {
      "cityName": "Palupalo",
      "lat": 7.284167,
      "lng": 122.285556
    },
    {
      "cityName": "Paminguitan",
      "lat": 7.085556,
      "lng": 122.223056
    },
    {
      "cityName": "Pananalim",
      "lat": 7.376111,
      "lng": 122.823889
    },
    {
      "cityName": "Panangan",
      "lat": 7.471667,
      "lng": 122.848889
    },
    {
      "cityName": "Panapon",
      "lat": 7.3,
      "lng": 122.283333
    },
    {
      "cityName": "Pandan",
      "lat": 7.483333,
      "lng": 122.95
    },
    {
      "cityName": "Pangapong",
      "lat": 7.7013,
      "lng": 123.4325
    },
    {
      "cityName": "Pangpang",
      "lat": 7.6468,
      "lng": 123.1668
    },
    {
      "cityName": "Panik-i-an",
      "lat": 7.3762,
      "lng": 123.4183
    },
    {
      "cityName": "Pantad",
      "lat": 7.6611,
      "lng": 123.1686
    },
    {
      "cityName": "Panubigan",
      "lat": 7.4281,
      "lng": 123.3466
    },
    {
      "cityName": "Pao",
      "lat": 7.657778,
      "lng": 123.423056
    },
    {
      "cityName": "Paraitan",
      "lat": 7.312778,
      "lng": 122.3175
    },
    {
      "cityName": "Paranan",
      "lat": 7.308056,
      "lng": 122.326944
    },
    {
      "cityName": "Parang",
      "lat": 7.559444,
      "lng": 122.453333
    },
    {
      "cityName": "Parangparang",
      "lat": 7.15,
      "lng": 122.25
    },
    {
      "cityName": "Parang-parang",
      "lat": 7.204444,
      "lng": 122.259722
    },
    {
      "cityName": "Parasan",
      "lat": 8.1226,
      "lng": 123.4814
    },
    {
      "cityName": "Pasingkalan",
      "lat": 7.9961,
      "lng": 123.5263
    },
    {
      "cityName": "Patalon",
      "lat": 7.083889,
      "lng": 121.9025
    },
    {
      "cityName": "Payag",
      "lat": 7.5493,
      "lng": 123.3453
    },
    {
      "cityName": "Payao",
      "lat": 7.586667,
      "lng": 122.802778
    },
    {
      "cityName": "Payongan",
      "lat": 7.530278,
      "lng": 122.959444
    },
    {
      "cityName": "Penal Colony",
      "lat": 7.000833,
      "lng": 121.926389
    },
    {
      "cityName": "Pilar",
      "lat": 7.137222,
      "lng": 122.241944
    },
    {
      "cityName": "Pinalim",
      "lat": 7.391111,
      "lng": 122.921111
    },
    {
      "cityName": "Pingalay",
      "lat": 7.696389,
      "lng": 123.152222
    },
    {
      "cityName": "Pisan",
      "lat": 7.5595,
      "lng": 123.3848
    },
    {
      "cityName": "Pisingkalan",
      "lat": 8.0133,
      "lng": 123.5227
    },
    {
      "cityName": "Pitas",
      "lat": 7.535278,
      "lng": 122.470833
    },
    {
      "cityName": "Pitogo",
      "lat": 7.4546,
      "lng": 123.3111
    },
    {
      "cityName": "Poliagan",
      "lat": 7.7959,
      "lng": 123.4236
    },
    {
      "cityName": "Pololaum",
      "lat": 7.275,
      "lng": 122.8475
    },
    {
      "cityName": "Poso",
      "lat": 7.031111,
      "lng": 122.179444
    },
    {
      "cityName": "Presa",
      "lat": 7.203889,
      "lng": 122.227778
    },
    {
      "cityName": "Proper Dimaya",
      "lat": 7.592222,
      "lng": 123.318056
    },
    {
      "cityName": "Puhu",
      "lat": 7.585833,
      "lng": 122.427778
    },
    {
      "cityName": "Pulanglupa",
      "lat": 7.061944,
      "lng": 121.907222
    },
    {
      "cityName": "Pula-Punlad",
      "lat": 7.616389,
      "lng": 122.444444
    },
    {
      "cityName": "Pulog",
      "lat": 7.693889,
      "lng": 123.081111
    },
    {
      "cityName": "Punta Flecha",
      "lat": 7.3774,
      "lng": 123.4492
    },
    {
      "cityName": "Punu",
      "lat": 7.339444,
      "lng": 122.355
    },
    {
      "cityName": "Putal",
      "lat": 7.571944,
      "lng": 122.491667
    },
    {
      "cityName": "Quinipot",
      "lat": 7.180278,
      "lng": 122.220278
    },
    {
      "cityName": "Ramon Magsaysay",
      "lat": 8.001944,
      "lng": 123.509444
    },
    {
      "cityName": "Ranch Kulasian",
      "lat": 7.6,
      "lng": 122.85
    },
    {
      "cityName": "Rebokon",
      "lat": 7.7535,
      "lng": 123.4187
    },
    {
      "cityName": "Romarato",
      "lat": 7.9491,
      "lng": 123.5943
    },
    {
      "cityName": "Sagacad",
      "lat": 7.686111,
      "lng": 123.340556
    },
    {
      "cityName": "Sagasan",
      "lat": 7.672778,
      "lng": 123.471111
    },
    {
      "cityName": "Sagay",
      "lat": 7.387222,
      "lng": 122.841944
    },
    {
      "cityName": "Sagua",
      "lat": 7.6567,
      "lng": 123.2824
    },
    {
      "cityName": "Sagucan",
      "lat": 7.5418,
      "lng": 123.2217
    },
    {
      "cityName": "Sagun",
      "lat": 7.5172,
      "lng": 123.1717
    },
    {
      "cityName": "Sagwa",
      "lat": 7.5928,
      "lng": 123.2431
    },
    {
      "cityName": "Salambuyan",
      "lat": 7.6285,
      "lng": 123.2224
    },
    {
      "cityName": "Salaogan",
      "lat": 7.5389,
      "lng": 123.2639
    },
    {
      "cityName": "Salinding",
      "lat": 7.676389,
      "lng": 122.854167
    },
    {
      "cityName": "Salip",
      "lat": 7.4435,
      "lng": 123.4425
    },
    {
      "cityName": "Samal",
      "lat": 7.5795,
      "lng": 123.1398
    },
    {
      "cityName": "Sambulawan",
      "lat": 7.5655,
      "lng": 123.3331
    },
    {
      "cityName": "Sampatan",
      "lat": 7.6,
      "lng": 123.2955
    },
    {
      "cityName": "San Augustin",
      "lat": 7.765,
      "lng": 123.413611
    },
    {
      "cityName": "Sangali",
      "lat": 7.069444,
      "lng": 122.201389
    },
    {
      "cityName": "Sanglupa",
      "lat": 7.6403,
      "lng": 123.1851
    },
    {
      "cityName": "San Isidro",
      "lat": 8.1098,
      "lng": 123.4781
    },
    {
      "cityName": "San Jose",
      "lat": 7.692222,
      "lng": 123.053333
    },
    {
      "cityName": "San Miguel",
      "lat": 7.648333,
      "lng": 123.2675
    },
    {
      "cityName": "San Pablo",
      "lat": 7.656389,
      "lng": 123.460833
    },
    {
      "cityName": "San Pedro",
      "lat": 7.483056,
      "lng": 122.34
    },
    {
      "cityName": "San Roque",
      "lat": 7.516389,
      "lng": 122.799167
    },
    {
      "cityName": "Santa Cruz",
      "lat": 7.6392,
      "lng": 123.0202
    },
    {
      "cityName": "Sante Fe",
      "lat": 7.651111,
      "lng": 122.929722
    },
    {
      "cityName": "Santo Niño",
      "lat": 8.0771,
      "lng": 123.4515
    },
    {
      "cityName": "San Vicente",
      "lat": 7.538056,
      "lng": 122.424722
    },
    {
      "cityName": "Saobulan",
      "lat": 7.707222,
      "lng": 123.433333
    },
    {
      "cityName": "Sapacalao",
      "lat": 7.509167,
      "lng": 122.399722
    },
    {
      "cityName": "Sapa Manok",
      "lat": 7.209722,
      "lng": 122.1875
    },
    {
      "cityName": "Sawa",
      "lat": 7.339722,
      "lng": 122.943333
    },
    {
      "cityName": "Senior",
      "lat": 7.685278,
      "lng": 123.457778
    },
    {
      "cityName": "Seres",
      "lat": 7.483333,
      "lng": 123.25
    },
    {
      "cityName": "Siay",
      "lat": 7.696111,
      "lng": 122.863056
    },
    {
      "cityName": "Sibucao",
      "lat": 7.7915,
      "lng": 123.357
    },
    {
      "cityName": "Sibuguey",
      "lat": 7.642222,
      "lng": 122.933333
    },
    {
      "cityName": "Sibulao",
      "lat": 7.324167,
      "lng": 122.239444
    },
    {
      "cityName": "Silican",
      "lat": 7.559167,
      "lng": 122.431389
    },
    {
      "cityName": "Silingan",
      "lat": 7.684167,
      "lng": 122.480278
    },
    {
      "cityName": "Siloh",
      "lat": 7.728056,
      "lng": 122.860278
    },
    {
      "cityName": "Silupa Ranch",
      "lat": 7.662,
      "lng": 123.0572
    },
    {
      "cityName": "Silupa",
      "lat": 7.683333,
      "lng": 123.05
    },
    {
      "cityName": "Simandal",
      "lat": 7.162778,
      "lng": 122.231111
    },
    {
      "cityName": "Simbulalao",
      "lat": 7.899444,
      "lng": 122.580278
    },
    {
      "cityName": "Sinolot",
      "lat": 7.7,
      "lng": 123.329444
    },
    {
      "cityName": "Sinoropan",
      "lat": 7.435278,
      "lng": 122.313056
    },
    {
      "cityName": "Sinubong",
      "lat": 7.028056,
      "lng": 121.925278
    },
    {
      "cityName": "Sinusayan",
      "lat": 7.5396,
      "lng": 123.0116
    },
    {
      "cityName": "Siotan",
      "lat": 7.366944,
      "lng": 122.884167
    },
    {
      "cityName": "Sisikan",
      "lat": 7.809167,
      "lng": 122.712222
    },
    {
      "cityName": "Sisip",
      "lat": 7.533333,
      "lng": 122.916667
    },
    {
      "cityName": "Sitio Gudilog",
      "lat": 7.528056,
      "lng": 123.352778
    },
    {
      "cityName": "Sitio Luribong",
      "lat": 7.6813,
      "lng": 123.4109
    },
    {
      "cityName": "Sitio Malangas Diot",
      "lat": 7.6113,
      "lng": 123.0185
    },
    {
      "cityName": "Sitio Patao",
      "lat": 7.589167,
      "lng": 122.794722
    },
    {
      "cityName": "Sitio Pling",
      "lat": 7.728333,
      "lng": 123.041389
    },
    {
      "cityName": "Sitio Polison",
      "lat": 7.5331,
      "lng": 123.1772
    },
    {
      "cityName": "Sitio Sibayat",
      "lat": 7.638056,
      "lng": 122.841944
    },
    {
      "cityName": "Sitio Tigbalago",
      "lat": 7.5743,
      "lng": 123.1328
    },
    {
      "cityName": "Subay",
      "lat": 7.480556,
      "lng": 123.189167
    },
    {
      "cityName": "Sugan",
      "lat": 8.0047,
      "lng": 123.4844
    },
    {
      "cityName": "Sugbay I",
      "lat": 7.512,
      "lng": 123.3147
    },
    {
      "cityName": "Sumalig",
      "lat": 7.9986,
      "lng": 123.6627
    },
    {
      "cityName": "Sumanga",
      "lat": 7.445833,
      "lng": 122.314167
    },
    {
      "cityName": "Sumangul",
      "lat": 7.433333,
      "lng": 122.9
    },
    {
      "cityName": "Sumbang",
      "lat": 7.493889,
      "lng": 122.363056
    },
    {
      "cityName": "Sumbato",
      "lat": 7.533056,
      "lng": 123.308889
    },
    {
      "cityName": "Sumpot",
      "lat": 7.4751,
      "lng": 123.3884
    },
    {
      "cityName": "Sumulong",
      "lat": 7.555278,
      "lng": 122.870278
    },
    {
      "cityName": "Sunacuya",
      "lat": 7.72,
      "lng": 122.967222
    },
    {
      "cityName": "Sungayon",
      "lat": 7.582778,
      "lng": 123.350278
    },
    {
      "cityName": "Sunggoy",
      "lat": 7.679722,
      "lng": 123.370556
    },
    {
      "cityName": "Surabay",
      "lat": 7.66,
      "lng": 122.467222
    },
    {
      "cityName": "Tababalay",
      "lat": 7.676389,
      "lng": 123.238056
    },
    {
      "cityName": "Tabina",
      "lat": 7.4669,
      "lng": 123.4081
    },
    {
      "cityName": "Tabocnabo",
      "lat": 8.0418,
      "lng": 123.293
    },
    {
      "cityName": "Tabon",
      "lat": 7.690556,
      "lng": 123.164167
    },
    {
      "cityName": "Tagaitic",
      "lat": 7.9387,
      "lng": 123.6312
    },
    {
      "cityName": "Tagalo",
      "lat": 7.7195,
      "lng": 123.4753
    },
    {
      "cityName": "Tagasilay",
      "lat": 7.3025,
      "lng": 122.258611
    },
    {
      "cityName": "Tagpangi",
      "lat": 7.358056,
      "lng": 122.258056
    },
    {
      "cityName": "Taguisan",
      "lat": 7.364167,
      "lng": 122.970278
    },
    {
      "cityName": "Taguite",
      "lat": 7.303611,
      "lng": 122.289444
    },
    {
      "cityName": "Tagulo",
      "lat": 7.841,
      "lng": 123.5937
    },
    {
      "cityName": "Takling",
      "lat": 7.5851,
      "lng": 123.02
    },
    {
      "cityName": "Takupong",
      "lat": 7.534722,
      "lng": 122.8875
    },
    {
      "cityName": "Talabo",
      "lat": 7.719167,
      "lng": 123.214722
    },
    {
      "cityName": "Talaga",
      "lat": 7.434722,
      "lng": 122.344444
    },
    {
      "cityName": "Talanusa",
      "lat": 7.5571,
      "lng": 123.1069
    },
    {
      "cityName": "Talaptap",
      "lat": 7.511667,
      "lng": 122.866667
    },
    {
      "cityName": "Talas",
      "lat": 7.474167,
      "lng": 122.333889
    },
    {
      "cityName": "Tali",
      "lat": 7.371111,
      "lng": 122.288611
    },
    {
      "cityName": "Taloptap",
      "lat": 7.3,
      "lng": 122.3
    },
    {
      "cityName": "Talusan",
      "lat": 7.426667,
      "lng": 122.810278
    },
    {
      "cityName": "Talusen",
      "lat": 7.583333,
      "lng": 123.133333
    },
    {
      "cityName": "Tamaraan",
      "lat": 7.311389,
      "lng": 122.290278
    },
    {
      "cityName": "Tambanan",
      "lat": 7.304722,
      "lng": 122.825556
    },
    {
      "cityName": "Tamban",
      "lat": 7.476944,
      "lng": 122.7825
    },
    {
      "cityName": "Tamboro",
      "lat": 7.6246,
      "lng": 123.4421
    },
    {
      "cityName": "Tambuig",
      "lat": 8.0702,
      "lng": 123.5348
    },
    {
      "cityName": "Tamion",
      "lat": 7.365556,
      "lng": 122.272778
    },
    {
      "cityName": "Tanagun",
      "lat": 7.8584,
      "lng": 123.499
    },
    {
      "cityName": "Tandabaus",
      "lat": 7.779444,
      "lng": 122.732222
    },
    {
      "cityName": "Tandubuay",
      "lat": 7.643333,
      "lng": 123.466389
    },
    {
      "cityName": "Tandu",
      "lat": 7.576111,
      "lng": 122.502778
    },
    {
      "cityName": "Tangalan",
      "lat": 7.536667,
      "lng": 122.886111
    },
    {
      "cityName": "Tangce",
      "lat": 7.513333,
      "lng": 122.418611
    },
    {
      "cityName": "Tangcong",
      "lat": 7.556667,
      "lng": 122.924167
    },
    {
      "cityName": "Tangoan",
      "lat": 8.0684,
      "lng": 123.3132
    },
    {
      "cityName": "Tantaoan",
      "lat": 7.5,
      "lng": 122.883333
    },
    {
      "cityName": "Tapian",
      "lat": 7.612222,
      "lng": 123.264167
    },
    {
      "cityName": "Tapicanan",
      "lat": 7.583333,
      "lng": 122.416667
    },
    {
      "cityName": "Tarakan",
      "lat": 7.6204,
      "lng": 123.4139
    },
    {
      "cityName": "Tarlago",
      "lat": 7.409167,
      "lng": 122.315
    },
    {
      "cityName": "Tarlibung",
      "lat": 7.522778,
      "lng": 122.430556
    },
    {
      "cityName": "Tarling",
      "lat": 7.033889,
      "lng": 121.916111
    },
    {
      "cityName": "Ticauan",
      "lat": 7.765556,
      "lng": 122.753056
    },
    {
      "cityName": "Tickwas",
      "lat": 7.7583,
      "lng": 123.3564
    },
    {
      "cityName": "Tictapol",
      "lat": 7.415556,
      "lng": 122.327222
    },
    {
      "cityName": "Tieglog",
      "lat": 7.501667,
      "lng": 122.346389
    },
    {
      "cityName": "Tifay",
      "lat": 7.8125,
      "lng": 122.534444
    },
    {
      "cityName": "Tigabon",
      "lat": 7.57,
      "lng": 123.0269
    },
    {
      "cityName": "Tigbalabag",
      "lat": 7.318889,
      "lng": 122.263056
    },
    {
      "cityName": "Tigbalangao",
      "lat": 7.57,
      "lng": 122.383333
    },
    {
      "cityName": "Tigbangagan",
      "lat": 7.798889,
      "lng": 122.819444
    },
    {
      "cityName": "Tigbanuang",
      "lat": 7.568056,
      "lng": 122.421667
    },
    {
      "cityName": "Tigbao",
      "lat": 7.428333,
      "lng": 122.3275
    },
    {
      "cityName": "Tigbuaya",
      "lat": 7.543611,
      "lng": 122.376667
    },
    {
      "cityName": "Tigbungabong",
      "lat": 7.466667,
      "lng": 122.332222
    },
    {
      "cityName": "Tigiplay",
      "lat": 7.503056,
      "lng": 122.359167
    },
    {
      "cityName": "Tigi",
      "lat": 7.345556,
      "lng": 122.361111
    },
    {
      "cityName": "Tigpalay",
      "lat": 7.493889,
      "lng": 122.343056
    },
    {
      "cityName": "Tiguha",
      "lat": 7.704444,
      "lng": 123.211389
    },
    {
      "cityName": "Tigumal",
      "lat": 7.8176,
      "lng": 123.4193
    },
    {
      "cityName": "Timbang",
      "lat": 7.7013,
      "lng": 123.1554
    },
    {
      "cityName": "Timbang-Timbang",
      "lat": 7.543611,
      "lng": 122.923333
    },
    {
      "cityName": "Timbayan",
      "lat": 7.150278,
      "lng": 122.250556
    },
    {
      "cityName": "Timoaboy",
      "lat": 8.0166,
      "lng": 123.2197
    },
    {
      "cityName": "Timolan",
      "lat": 7.824444,
      "lng": 123.283333
    },
    {
      "cityName": "Timuay Pinto",
      "lat": 7.666667,
      "lng": 122.933333
    },
    {
      "cityName": "Tinapa",
      "lat": 7.6734,
      "lng": 123.4584
    },
    {
      "cityName": "Tina",
      "lat": 7.7362,
      "lng": 123.4184
    },
    {
      "cityName": "Tinaytayan",
      "lat": 7.746944,
      "lng": 123.303611
    },
    {
      "cityName": "Tindalo",
      "lat": 7.374167,
      "lng": 122.3075
    },
    {
      "cityName": "Tingul Tingulan",
      "lat": 7.256111,
      "lng": 122.27
    },
    {
      "cityName": "Tinibtiban",
      "lat": 7.9581,
      "lng": 123.5949
    },
    {
      "cityName": "Tiniguangan",
      "lat": 7.5291,
      "lng": 123.3631
    },
    {
      "cityName": "Tininghalang",
      "lat": 7.6576,
      "lng": 123.186
    },
    {
      "cityName": "Tinuba",
      "lat": 7.030278,
      "lng": 121.917778
    },
    {
      "cityName": "Tinuntungas",
      "lat": 7.719444,
      "lng": 122.981389
    },
    {
      "cityName": "Tiparak",
      "lat": 8.0341,
      "lng": 123.5288
    },
    {
      "cityName": "Tiras",
      "lat": 7.489722,
      "lng": 122.302222
    },
    {
      "cityName": "Titanmanobog",
      "lat": 7.788056,
      "lng": 122.691944
    },
    {
      "cityName": "Tobac",
      "lat": 7.486667,
      "lng": 122.953333
    },
    {
      "cityName": "Tolosa",
      "lat": 7.032222,
      "lng": 122.161389
    },
    {
      "cityName": "Tubig-Suba",
      "lat": 7.566944,
      "lng": 122.47
    },
    {
      "cityName": "Tubo Pait",
      "lat": 7.711667,
      "lng": 123.416944
    },
    {
      "cityName": "Tubo",
      "lat": 7.6327,
      "lng": 123.2025
    },
    {
      "cityName": "Tubotubo",
      "lat": 7.4054,
      "lng": 123.442
    },
    {
      "cityName": "Tuburan",
      "lat": 7.110833,
      "lng": 121.907222
    },
    {
      "cityName": "Tubu Tubu",
      "lat": 7.521111,
      "lng": 122.4625
    },
    {
      "cityName": "Tuctucalao",
      "lat": 7.180833,
      "lng": 122.207222
    },
    {
      "cityName": "Tucuran",
      "lat": 7.8524,
      "lng": 123.5743
    },
    {
      "cityName": "Tugap",
      "lat": 7.632222,
      "lng": 122.833056
    },
    {
      "cityName": "Tugaya",
      "lat": 7.702222,
      "lng": 123.167222
    },
    {
      "cityName": "Tuluan",
      "lat": 8.1095,
      "lng": 123.544
    },
    {
      "cityName": "Tumapic",
      "lat": 8.1312,
      "lng": 123.431
    },
    {
      "cityName": "Tum Itum",
      "lat": 7.708889,
      "lng": 122.505
    },
    {
      "cityName": "Tumitus",
      "lat": 7.394167,
      "lng": 122.385833
    },
    {
      "cityName": "Tunglugun",
      "lat": 7.321111,
      "lng": 122.339167
    },
    {
      "cityName": "Upper Ludiong",
      "lat": 7.561667,
      "lng": 123.31
    },
    {
      "cityName": "Upper Panikian",
      "lat": 7.4361,
      "lng": 123.3683
    },
    {
      "cityName": "Upper Sibul",
      "lat": 7.605556,
      "lng": 123.265833
    },
    {
      "cityName": "Upper Tungawan",
      "lat": 7.54,
      "lng": 122.381667
    },
    {
      "cityName": "Upper Tupilac",
      "lat": 7.631389,
      "lng": 122.426111
    },
    {
      "cityName": "Usugan",
      "lat": 8.035,
      "lng": 123.558611
    },
    {
      "cityName": "Villa Kappa",
      "lat": 7.684167,
      "lng": 123.441111
    },
    {
      "cityName": "Wakat",
      "lat": 7.9851,
      "lng": 123.5056
    },
    {
      "cityName": "Yason",
      "lat": 8.1266,
      "lng": 123.5295
    }
  ]
}