{
  "name": "Cebu",
  "cities": [
    {
      "cityName": "Aasowao",
      "lat": 10.733333,
      "lng": 123.95
    },
    {
      "cityName": "Abaca",
      "lat": 10.216667,
      "lng": 123.75
    },
    {
      "cityName": "Ablayan",
      "lat": 9.825278,
      "lng": 123.4475
    },
    {
      "cityName": "Abucayan",
      "lat": 10.5,
      "lng": 123.716667
    },
    {
      "cityName": "Abugon",
      "lat": 10.051944,
      "lng": 123.599722
    },
    {
      "cityName": "Abungon",
      "lat": 9.683333,
      "lng": 123.383333
    },
    {
      "cityName": "Adela",
      "lat": 10.679722,
      "lng": 124.435
    },
    {
      "cityName": "Agbalanga",
      "lat": 9.911944,
      "lng": 123.421667
    },
    {
      "cityName": "Agoho",
      "lat": 11.267778,
      "lng": 124.007778
    },
    {
      "cityName": "Agtugop",
      "lat": 10.599167,
      "lng": 123.785833
    },
    {
      "cityName": "Alambihud",
      "lat": 9.917222,
      "lng": 123.539722
    },
    {
      "cityName": "Alang Alang",
      "lat": 10.333333,
      "lng": 123.933333
    },
    {
      "cityName": "Alangasel",
      "lat": 9.766667,
      "lng": 123.35
    },
    {
      "cityName": "Alauihao",
      "lat": 9.8275,
      "lng": 123.380556
    },
    {
      "cityName": "Alcantara",
      "lat": 9.975556,
      "lng": 123.406111
    },
    {
      "cityName": "Alcoy",
      "lat": 9.711944,
      "lng": 123.506667
    },
    {
      "cityName": "Alegna",
      "lat": 10.6875,
      "lng": 123.831111
    },
    {
      "cityName": "Alegria",
      "lat": 9.730278,
      "lng": 123.343333
    },
    {
      "cityName": "Alfaco",
      "lat": 10.254167,
      "lng": 123.671389
    },
    {
      "cityName": "Aliangaw",
      "lat": 9.716667,
      "lng": 123.4
    },
    {
      "cityName": "Aliguay",
      "lat": 10.733333,
      "lng": 123.833333
    },
    {
      "cityName": "Alinsolong",
      "lat": 11.483333,
      "lng": 124.1
    },
    {
      "cityName": "Aliwanay",
      "lat": 10.516667,
      "lng": 123.716667
    },
    {
      "cityName": "Alo",
      "lat": 9.495556,
      "lng": 123.391944
    },
    {
      "cityName": "Aloguinsan",
      "lat": 10.219444,
      "lng": 123.55
    },
    {
      "cityName": "Altavista",
      "lat": 10.648611,
      "lng": 124.440556
    },
    {
      "cityName": "Amatugan",
      "lat": 10.679444,
      "lng": 123.870833
    },
    {
      "cityName": "Ampongol",
      "lat": 10.801111,
      "lng": 123.946111
    },
    {
      "cityName": "Amya",
      "lat": 10.7575,
      "lng": 123.92
    },
    {
      "cityName": "Anahao",
      "lat": 9.866667,
      "lng": 123.566667
    },
    {
      "cityName": "Anao",
      "lat": 10.764722,
      "lng": 124.505556
    },
    {
      "cityName": "Anapog",
      "lat": 10.6775,
      "lng": 123.936111
    },
    {
      "cityName": "Angilan",
      "lat": 10.221944,
      "lng": 123.575833
    },
    {
      "cityName": "Aningalan",
      "lat": 10.954444,
      "lng": 123.921667
    },
    {
      "cityName": "Anislag",
      "lat": 10.283333,
      "lng": 123.6
    },
    {
      "cityName": "Anonang",
      "lat": 11,
      "lng": 124.033333
    },
    {
      "cityName": "Antipolo",
      "lat": 11.166667,
      "lng": 123.95
    },
    {
      "cityName": "Antoniotigtig",
      "lat": 9.533333,
      "lng": 123.316667
    },
    {
      "cityName": "Apalan",
      "lat": 10.752222,
      "lng": 123.835833
    },
    {
      "cityName": "Apo",
      "lat": 9.95,
      "lng": 123.55
    },
    {
      "cityName": "Argao",
      "lat": 9.879444,
      "lng": 123.595556
    },
    {
      "cityName": "Argauanon",
      "lat": 11.05,
      "lng": 123.983333
    },
    {
      "cityName": "Armeña",
      "lat": 9.666667,
      "lng": 123.333333
    },
    {
      "cityName": "Aron",
      "lat": 10.633333,
      "lng": 124
    },
    {
      "cityName": "Arpili",
      "lat": 10.458889,
      "lng": 123.689722
    },
    {
      "cityName": "Asturias",
      "lat": 10.567222,
      "lng": 123.716111
    },
    {
      "cityName": "Atabay",
      "lat": 9.7025,
      "lng": 123.507222
    },
    {
      "cityName": "Atop-atop",
      "lat": 11.231667,
      "lng": 123.760833
    },
    {
      "cityName": "Baas",
      "lat": 10.333333,
      "lng": 123.95
    },
    {
      "cityName": "Babayongan",
      "lat": 9.821944,
      "lng": 123.48
    },
    {
      "cityName": "Baciad",
      "lat": 11.188889,
      "lng": 123.916667
    },
    {
      "cityName": "Bactas",
      "lat": 10.694444,
      "lng": 123.988611
    },
    {
      "cityName": "Bacyawan",
      "lat": 10.7,
      "lng": 123.866667
    },
    {
      "cityName": "Badao",
      "lat": 10.183333,
      "lng": 123.716667
    },
    {
      "cityName": "Badian",
      "lat": 9.864722,
      "lng": 123.396389
    },
    {
      "cityName": "Badiang",
      "lat": 11.178333,
      "lng": 123.994444
    },
    {
      "cityName": "Bae",
      "lat": 9.983333,
      "lng": 123.55
    },
    {
      "cityName": "Bagaccay",
      "lat": 10.8,
      "lng": 123.933333
    },
    {
      "cityName": "Bagakay",
      "lat": 10.166667,
      "lng": 123.65
    },
    {
      "cityName": "Bagalinga",
      "lat": 10.7,
      "lng": 124
    },
    {
      "cityName": "Bagasauc",
      "lat": 10.765278,
      "lng": 123.837778
    },
    {
      "cityName": "Bagay",
      "lat": 11.195,
      "lng": 124.036111
    },
    {
      "cityName": "Bago",
      "lat": 10.649444,
      "lng": 123.779444
    },
    {
      "cityName": "Bagtic",
      "lat": 10.904444,
      "lng": 123.937778
    },
    {
      "cityName": "Bagtik",
      "lat": 10.6,
      "lng": 123.783333
    },
    {
      "cityName": "Bahay",
      "lat": 10.004444,
      "lng": 123.616389
    },
    {
      "cityName": "Bairan",
      "lat": 10.199444,
      "lng": 123.726667
    },
    {
      "cityName": "Bakhauan",
      "lat": 11.206111,
      "lng": 123.964167
    },
    {
      "cityName": "Balabagon",
      "lat": 9.916111,
      "lng": 123.405556
    },
    {
      "cityName": "Bala",
      "lat": 9.95,
      "lng": 123.433333
    },
    {
      "cityName": "Balahaan",
      "lat": 9.866667,
      "lng": 123.4
    },
    {
      "cityName": "Balalatak",
      "lat": 9.7,
      "lng": 123.35
    },
    {
      "cityName": "Balamban",
      "lat": 10.506111,
      "lng": 123.715278
    },
    {
      "cityName": "Balanigan",
      "lat": 9.804444,
      "lng": 123.534722
    },
    {
      "cityName": "Balao",
      "lat": 10.066667,
      "lng": 123.533333
    },
    {
      "cityName": "Balatic",
      "lat": 9.813333,
      "lng": 123.542222
    },
    {
      "cityName": "Balaygtiki",
      "lat": 10.05,
      "lng": 123.45
    },
    {
      "cityName": "Balhaan",
      "lat": 9.791111,
      "lng": 123.349167
    },
    {
      "cityName": "Balila",
      "lat": 10.716667,
      "lng": 123.966667
    },
    {
      "cityName": "Baljoon",
      "lat": 9.626944,
      "lng": 123.476111
    },
    {
      "cityName": "Balud",
      "lat": 10.15,
      "lng": 123.683333
    },
    {
      "cityName": "Balwang",
      "lat": 9.666667,
      "lng": 123.4
    },
    {
      "cityName": "Banatayan",
      "lat": 11.168333,
      "lng": 123.719167
    },
    {
      "cityName": "Banban",
      "lat": 10.231111,
      "lng": 123.566944
    },
    {
      "cityName": "Bancasan",
      "lat": 11.055,
      "lng": 123.924167
    },
    {
      "cityName": "Bangbang",
      "lat": 10.258611,
      "lng": 123.944444
    },
    {
      "cityName": "Bangcal",
      "lat": 10.266667,
      "lng": 123.916667
    },
    {
      "cityName": "Banghilig",
      "lat": 10.8,
      "lng": 124.033333
    },
    {
      "cityName": "Bangun",
      "lat": 11.15,
      "lng": 123.966667
    },
    {
      "cityName": "Banhigan",
      "lat": 9.854722,
      "lng": 123.385833
    },
    {
      "cityName": "Banilad",
      "lat": 10.342222,
      "lng": 123.929722
    },
    {
      "cityName": "Banlot",
      "lat": 10.026667,
      "lng": 123.423611
    },
    {
      "cityName": "Bantigue",
      "lat": 11.180278,
      "lng": 123.715833
    },
    {
      "cityName": "Bantol",
      "lat": 9.6675,
      "lng": 123.329167
    },
    {
      "cityName": "Bantolinaw",
      "lat": 10.75,
      "lng": 123.983333
    },
    {
      "cityName": "Bantulin",
      "lat": 10.913889,
      "lng": 124.022778
    },
    {
      "cityName": "Bao",
      "lat": 10.733333,
      "lng": 124
    },
    {
      "cityName": "Baod",
      "lat": 11.205833,
      "lng": 123.7025
    },
    {
      "cityName": "Barili",
      "lat": 10.112222,
      "lng": 123.510278
    },
    {
      "cityName": "Baring",
      "lat": 10.6,
      "lng": 124.016667
    },
    {
      "cityName": "Barraca",
      "lat": 10.1,
      "lng": 123.65
    },
    {
      "cityName": "Bartolina",
      "lat": 9.544167,
      "lng": 123.331944
    },
    {
      "cityName": "Basac",
      "lat": 10.633333,
      "lng": 123.966667
    },
    {
      "cityName": "Basak",
      "lat": 10.05,
      "lng": 123.533333
    },
    {
      "cityName": "Basaon",
      "lat": 11.144444,
      "lng": 123.731944
    },
    {
      "cityName": "Basdiot",
      "lat": 9.941389,
      "lng": 123.376111
    },
    {
      "cityName": "Batad",
      "lat": 10.985556,
      "lng": 123.933611
    },
    {
      "cityName": "Batadbatad",
      "lat": 9.931667,
      "lng": 123.427778
    },
    {
      "cityName": "Batagaui",
      "lat": 10.799167,
      "lng": 123.8525
    },
    {
      "cityName": "Bateria",
      "lat": 11.139444,
      "lng": 124.026667
    },
    {
      "cityName": "Bato",
      "lat": 9.845,
      "lng": 123.384167
    },
    {
      "cityName": "Baye",
      "lat": 10.566667,
      "lng": 123.716667
    },
    {
      "cityName": "Bayong",
      "lat": 10.505278,
      "lng": 123.790833
    },
    {
      "cityName": "Becerril",
      "lat": 9.649722,
      "lng": 123.435556
    },
    {
      "cityName": "Biaong",
      "lat": 10.116667,
      "lng": 123.55
    },
    {
      "cityName": "Biasong",
      "lat": 10.528056,
      "lng": 123.741111
    },
    {
      "cityName": "Binabag",
      "lat": 10.266667,
      "lng": 123.583333
    },
    {
      "cityName": "Binakan",
      "lat": 11.255556,
      "lng": 123.716667
    },
    {
      "cityName": "Binaliw",
      "lat": 10.766667,
      "lng": 123.983333
    },
    {
      "cityName": "Binatac",
      "lat": 10.016667,
      "lng": 123.45
    },
    {
      "cityName": "Binlayan",
      "lat": 9.517222,
      "lng": 123.3025
    },
    {
      "cityName": "Binlod",
      "lat": 9.911944,
      "lng": 123.609722
    },
    {
      "cityName": "Binongcalan",
      "lat": 10.633889,
      "lng": 124.023333
    },
    {
      "cityName": "Binotongan",
      "lat": 10.018333,
      "lng": 123.550556
    },
    {
      "cityName": "Bito",
      "lat": 10.264444,
      "lng": 123.795556
    },
    {
      "cityName": "Bitoon",
      "lat": 10.083611,
      "lng": 123.46
    },
    {
      "cityName": "Bogho",
      "lat": 9.95,
      "lng": 123.416667
    },
    {
      "cityName": "Bogo",
      "lat": 11.049444,
      "lng": 124.006944
    },
    {
      "cityName": "Boho",
      "lat": 10.199444,
      "lng": 123.535
    },
    {
      "cityName": "Bolangsoran",
      "lat": 9.55,
      "lng": 123.333333
    },
    {
      "cityName": "Bolilaqui",
      "lat": 11.281111,
      "lng": 124.06
    },
    {
      "cityName": "Bolinauan",
      "lat": 10.087778,
      "lng": 123.629444
    },
    {
      "cityName": "Bolobolo",
      "lat": 10.7,
      "lng": 123.8
    },
    {
      "cityName": "Bolocboloc",
      "lat": 10.1,
      "lng": 123.533333
    },
    {
      "cityName": "Bongayan",
      "lat": 10.857778,
      "lng": 124.003889
    },
    {
      "cityName": "Bongdo",
      "lat": 10.833333,
      "lng": 124.016667
    },
    {
      "cityName": "Bongyas",
      "lat": 10.661389,
      "lng": 123.953056
    },
    {
      "cityName": "Booc",
      "lat": 10.243611,
      "lng": 123.826389
    },
    {
      "cityName": "Borbon",
      "lat": 10.837222,
      "lng": 124.026667
    },
    {
      "cityName": "Botigues",
      "lat": 11.104167,
      "lng": 123.673056
    },
    {
      "cityName": "Boyo",
      "lat": 10.641389,
      "lng": 124.025
    },
    {
      "cityName": "Boyongan",
      "lat": 9.75,
      "lng": 123.383333
    },
    {
      "cityName": "Buanoy",
      "lat": 10.466389,
      "lng": 123.698333
    },
    {
      "cityName": "Bubigagmanok",
      "lat": 10.623056,
      "lng": 123.751111
    },
    {
      "cityName": "Budbod",
      "lat": 10.085833,
      "lng": 123.521944
    },
    {
      "cityName": "Buenavista",
      "lat": 10.171111,
      "lng": 123.600833
    },
    {
      "cityName": "Bugas",
      "lat": 9.894167,
      "lng": 123.444167
    },
    {
      "cityName": "Bughayan",
      "lat": 9.903611,
      "lng": 124.43
    },
    {
      "cityName": "Bugho",
      "lat": 10.226111,
      "lng": 123.674444
    },
    {
      "cityName": "Bug-ot",
      "lat": 9.883333,
      "lng": 123.583333
    },
    {
      "cityName": "Buguil",
      "lat": 9.946389,
      "lng": 123.434444
    },
    {
      "cityName": "Bulacao",
      "lat": 10.271944,
      "lng": 123.846111
    },
    {
      "cityName": "Bulac",
      "lat": 10.065278,
      "lng": 123.503611
    },
    {
      "cityName": "Bulalacao",
      "lat": 9.750278,
      "lng": 123.346389
    },
    {
      "cityName": "Bulalacaw",
      "lat": 9.716667,
      "lng": 123.5
    },
    {
      "cityName": "Bulangan",
      "lat": 10.283333,
      "lng": 123.65
    },
    {
      "cityName": "Bulasa",
      "lat": 9.932778,
      "lng": 123.614722
    },
    {
      "cityName": "Buluang",
      "lat": 10.466667,
      "lng": 123.983333
    },
    {
      "cityName": "Bunga",
      "lat": 10.266944,
      "lng": 123.653333
    },
    {
      "cityName": "Bungtol",
      "lat": 9.683333,
      "lng": 123.333333
    },
    {
      "cityName": "Bunlan",
      "lat": 9.45,
      "lng": 123.333333
    },
    {
      "cityName": "Burgos",
      "lat": 10.253056,
      "lng": 123.582778
    },
    {
      "cityName": "Busogan",
      "lat": 10.984167,
      "lng": 123.928611
    },
    {
      "cityName": "Butong",
      "lat": 10,
      "lng": 123.433333
    },
    {
      "cityName": "Caanajawan",
      "lat": 9.783333,
      "lng": 123.383333
    },
    {
      "cityName": "Cabac",
      "lat": 11.238333,
      "lng": 123.699167
    },
    {
      "cityName": "Cabadiangan",
      "lat": 10.45,
      "lng": 123.966667
    },
    {
      "cityName": "Cabalawan",
      "lat": 10.741389,
      "lng": 123.9525
    },
    {
      "cityName": "Caballod",
      "lat": 11.2,
      "lng": 123.816667
    },
    {
      "cityName": "Cabangahan",
      "lat": 10.366667,
      "lng": 123.966667
    },
    {
      "cityName": "Cabangcalan",
      "lat": 9.495833,
      "lng": 123.346389
    },
    {
      "cityName": "Cabasiangan",
      "lat": 10.483056,
      "lng": 123.856111
    },
    {
      "cityName": "Cabatyanan",
      "lat": 10.45,
      "lng": 123.983333
    },
    {
      "cityName": "Cabcaban",
      "lat": 10.160278,
      "lng": 123.560833
    },
    {
      "cityName": "Cabil-isan",
      "lat": 9.85,
      "lng": 123.383333
    },
    {
      "cityName": "Cabiyangan",
      "lat": 10.300833,
      "lng": 123.596944
    },
    {
      "cityName": "Cabugan",
      "lat": 9.711944,
      "lng": 123.440833
    },
    {
      "cityName": "Cabungaan",
      "lat": 10.6625,
      "lng": 123.998056
    },
    {
      "cityName": "Cabungahan",
      "lat": 10.216389,
      "lng": 123.683333
    },
    {
      "cityName": "Cabung-cabung",
      "lat": 10.683333,
      "lng": 123.783333
    },
    {
      "cityName": "Caceres",
      "lat": 9.558056,
      "lng": 123.455278
    },
    {
      "cityName": "Cadaatan",
      "lat": 11.033333,
      "lng": 123.966667
    },
    {
      "cityName": "Cadalaputan",
      "lat": 9.9725,
      "lng": 123.585556
    },
    {
      "cityName": "Cagayan",
      "lat": 9.7,
      "lng": 123.4
    },
    {
      "cityName": "Cagay",
      "lat": 10.05,
      "lng": 123.55
    },
    {
      "cityName": "Cagsing",
      "lat": 9.576389,
      "lng": 123.335
    },
    {
      "cityName": "Calabawan",
      "lat": 9.566667,
      "lng": 123.316667
    },
    {
      "cityName": "Calagasan",
      "lat": 9.9,
      "lng": 123.55
    },
    {
      "cityName": "Calambua",
      "lat": 10.916667,
      "lng": 123.95
    },
    {
      "cityName": "Calangahan",
      "lat": 10.690556,
      "lng": 123.905278
    },
    {
      "cityName": "Calapayan",
      "lat": 10.2,
      "lng": 123.65
    },
    {
      "cityName": "Calape",
      "lat": 11.173333,
      "lng": 124.035556
    },
    {
      "cityName": "Calasa",
      "lat": 9.473333,
      "lng": 123.311667
    },
    {
      "cityName": "Calatagan",
      "lat": 9.480833,
      "lng": 123.3325
    },
    {
      "cityName": "Calawisan",
      "lat": 10.276389,
      "lng": 123.934444
    },
    {
      "cityName": "Calcalan",
      "lat": 11.066667,
      "lng": 123.966667
    },
    {
      "cityName": "Calidñgan",
      "lat": 10.1,
      "lng": 123.633333
    },
    {
      "cityName": "Caliongan",
      "lat": 9.766667,
      "lng": 123.533333
    },
    {
      "cityName": "Calmante",
      "lat": 10.646667,
      "lng": 124.491944
    },
    {
      "cityName": "Calumboyan",
      "lat": 10.791667,
      "lng": 124.026667
    },
    {
      "cityName": "Calut",
      "lat": 9.716667,
      "lng": 123.383333
    },
    {
      "cityName": "Camansi",
      "lat": 10.648056,
      "lng": 123.906389
    },
    {
      "cityName": "Camay",
      "lat": 11.016667,
      "lng": 123.966667
    },
    {
      "cityName": "Cambairan",
      "lat": 10.067222,
      "lng": 123.54
    },
    {
      "cityName": "Cambanay",
      "lat": 10.543611,
      "lng": 123.986111
    },
    {
      "cityName": "Cambani",
      "lat": 9.8,
      "lng": 123.45
    },
    {
      "cityName": "Cambayog",
      "lat": 10.45,
      "lng": 124.016667
    },
    {
      "cityName": "Cambinocot",
      "lat": 9.733333,
      "lng": 123.383333
    },
    {
      "cityName": "Cambogaong",
      "lat": 9.7,
      "lng": 123.366667
    },
    {
      "cityName": "Camboo",
      "lat": 9.55,
      "lng": 123.316667
    },
    {
      "cityName": "Camongayan",
      "lat": 10.616667,
      "lng": 123.766667
    },
    {
      "cityName": "Campalad",
      "lat": 9.733333,
      "lng": 123.416667
    },
    {
      "cityName": "Campatoc",
      "lat": 11.252778,
      "lng": 124.066389
    },
    {
      "cityName": "Camp Four",
      "lat": 10.25,
      "lng": 123.85
    },
    {
      "cityName": "Canabuhon",
      "lat": 9.983333,
      "lng": 123.433333
    },
    {
      "cityName": "Can-aga",
      "lat": 10,
      "lng": 123.566667
    },
    {
      "cityName": "Canagahan",
      "lat": 10.943333,
      "lng": 123.967778
    },
    {
      "cityName": "Can-an",
      "lat": 10.780278,
      "lng": 123.901944
    },
    {
      "cityName": "Canangay",
      "lat": 10.983333,
      "lng": 123.983333
    },
    {
      "cityName": "Cañang",
      "lat": 9.489722,
      "lng": 123.372222
    },
    {
      "cityName": "Canaocanao",
      "lat": 10.931389,
      "lng": 123.998056
    },
    {
      "cityName": "Can-asujan",
      "lat": 10.128889,
      "lng": 123.661389
    },
    {
      "cityName": "Canbantug",
      "lat": 9.883333,
      "lng": 123.6
    },
    {
      "cityName": "Cancalanug",
      "lat": 9.783333,
      "lng": 123.4
    },
    {
      "cityName": "Candabong",
      "lat": 9.966667,
      "lng": 123.416667
    },
    {
      "cityName": "Candaguit",
      "lat": 10.043889,
      "lng": 123.619444
    },
    {
      "cityName": "Candaya",
      "lat": 11.251667,
      "lng": 123.999722
    },
    {
      "cityName": "Candoling",
      "lat": 10.016667,
      "lng": 123.416667
    },
    {
      "cityName": "Candoman",
      "lat": 10.375278,
      "lng": 123.95
    },
    {
      "cityName": "Canduawan",
      "lat": 10.283333,
      "lng": 123.833333
    },
    {
      "cityName": "Candugay",
      "lat": 10.127222,
      "lng": 123.521389
    },
    {
      "cityName": "Candujinog",
      "lat": 9.516667,
      "lng": 123.316667
    },
    {
      "cityName": "Cang-abuhon",
      "lat": 10,
      "lng": 123.416667
    },
    {
      "cityName": "Canghabagat",
      "lat": 11.104444,
      "lng": 123.999167
    },
    {
      "cityName": "Cangmangque",
      "lat": 10.266667,
      "lng": 123.65
    },
    {
      "cityName": "Cangtoloy",
      "lat": 9.533333,
      "lng": 123.333333
    },
    {
      "cityName": "Canhangdon",
      "lat": 10.8,
      "lng": 123.8
    },
    {
      "cityName": "Canibuang",
      "lat": 10.733333,
      "lng": 123.966667
    },
    {
      "cityName": "Canlayagon",
      "lat": 9.683333,
      "lng": 123.366667
    },
    {
      "cityName": "Canlung",
      "lat": 10.792778,
      "lng": 123.944167
    },
    {
      "cityName": "Cansagoran",
      "lat": 11,
      "lng": 124.016667
    },
    {
      "cityName": "Cansanit",
      "lat": 11.094722,
      "lng": 123.990278
    },
    {
      "cityName": "Cansi",
      "lat": 10.620278,
      "lng": 123.875556
    },
    {
      "cityName": "Cansiguin",
      "lat": 9.85,
      "lng": 123.5
    },
    {
      "cityName": "Cansitoy",
      "lat": 10.083333,
      "lng": 123.533333
    },
    {
      "cityName": "Cansojong",
      "lat": 10.255,
      "lng": 123.845
    },
    {
      "cityName": "Cansomoroy",
      "lat": 10.476667,
      "lng": 123.761944
    },
    {
      "cityName": "Cansuje",
      "lat": 9.916667,
      "lng": 123.55
    },
    {
      "cityName": "Cantabac",
      "lat": 10.283333,
      "lng": 123.75
    },
    {
      "cityName": "Cantabaco",
      "lat": 10.266667,
      "lng": 123.75
    },
    {
      "cityName": "Cantamatis",
      "lat": 10.016944,
      "lng": 123.566667
    },
    {
      "cityName": "Cantao-an",
      "lat": 10.255833,
      "lng": 123.713056
    },
    {
      "cityName": "Cantocong",
      "lat": 10.583333,
      "lng": 124.016667
    },
    {
      "cityName": "Cantumog",
      "lat": 10.6,
      "lng": 123.983333
    },
    {
      "cityName": "Caohagan",
      "lat": 10.2,
      "lng": 124.016667
    },
    {
      "cityName": "Capaculan",
      "lat": 9.9825,
      "lng": 123.491111
    },
    {
      "cityName": "Capio-an",
      "lat": 9.933333,
      "lng": 123.583333
    },
    {
      "cityName": "Capitan Claudio",
      "lat": 10.389444,
      "lng": 123.704167
    },
    {
      "cityName": "Caputatan",
      "lat": 11.135556,
      "lng": 123.966111
    },
    {
      "cityName": "Caputatan Norte",
      "lat": 11.133333,
      "lng": 123.966667
    },
    {
      "cityName": "Carcar",
      "lat": 10.098889,
      "lng": 123.640833
    },
    {
      "cityName": "Caridad",
      "lat": 10.686389,
      "lng": 123.810556
    },
    {
      "cityName": "Carmelo",
      "lat": 10.708056,
      "lng": 123.7925
    },
    {
      "cityName": "Carmen",
      "lat": 10.593056,
      "lng": 124.017778
    },
    {
      "cityName": "Carnaza",
      "lat": 11.25,
      "lng": 124
    },
    {
      "cityName": "Casay",
      "lat": 9.820556,
      "lng": 123.5475
    },
    {
      "cityName": "Catadman",
      "lat": 11.098611,
      "lng": 123.935278
    },
    {
      "cityName": "Catang",
      "lat": 9.902778,
      "lng": 123.554722
    },
    {
      "cityName": "Catarman",
      "lat": 10.25,
      "lng": 123.95
    },
    {
      "cityName": "Catmon",
      "lat": 10.716667,
      "lng": 124
    },
    {
      "cityName": "Catmondaan",
      "lat": 10.686111,
      "lng": 124.013889
    },
    {
      "cityName": "Catulohan",
      "lat": 9.716667,
      "lng": 123.433333
    },
    {
      "cityName": "Cauayan",
      "lat": 9.801667,
      "lng": 123.530833
    },
    {
      "cityName": "Caubian",
      "lat": 10.266667,
      "lng": 124.066667
    },
    {
      "cityName": "Cauit",
      "lat": 11.186389,
      "lng": 123.948611
    },
    {
      "cityName": "Cawit",
      "lat": 10.733333,
      "lng": 124.501944
    },
    {
      "cityName": "Cayam",
      "lat": 10.225556,
      "lng": 123.763333
    },
    {
      "cityName": "Cayang",
      "lat": 11.066667,
      "lng": 123.983333
    },
    {
      "cityName": "Centro",
      "lat": 10.833333,
      "lng": 123.95
    },
    {
      "cityName": "Cerdeña",
      "lat": 9.652778,
      "lng": 123.3525
    },
    {
      "cityName": "Clara",
      "lat": 10.789444,
      "lng": 124.542222
    },
    {
      "cityName": "Cogon",
      "lat": 10.716111,
      "lng": 123.841944
    },
    {
      "cityName": "Colancojan",
      "lat": 9.7,
      "lng": 123.416667
    },
    {
      "cityName": "Colauin",
      "lat": 9.933333,
      "lng": 123.566667
    },
    {
      "cityName": "Colon",
      "lat": 10.216667,
      "lng": 123.766667
    },
    {
      "cityName": "Colonia",
      "lat": 10.656389,
      "lng": 123.794722
    },
    {
      "cityName": "Compostela",
      "lat": 10.45,
      "lng": 124
    },
    {
      "cityName": "Conalum",
      "lat": 9.916667,
      "lng": 123.566667
    },
    {
      "cityName": "Concepcion",
      "lat": 10.444444,
      "lng": 123.678889
    },
    {
      "cityName": "Consolacion",
      "lat": 10.379444,
      "lng": 123.956389
    },
    {
      "cityName": "Consuelo",
      "lat": 10.633611,
      "lng": 124.301389
    },
    {
      "cityName": "Cordoba",
      "lat": 10.251944,
      "lng": 123.949444
    },
    {
      "cityName": "Coro",
      "lat": 9.789722,
      "lng": 123.533889
    },
    {
      "cityName": "Corte",
      "lat": 10.598611,
      "lng": 123.960833
    },
    {
      "cityName": "Cotcot",
      "lat": 10.433333,
      "lng": 124
    },
    {
      "cityName": "Cotcoton",
      "lat": 9.75,
      "lng": 123.35
    },
    {
      "cityName": "Cruz",
      "lat": 9.534722,
      "lng": 123.311944
    },
    {
      "cityName": "Cuanos",
      "lat": 10.281944,
      "lng": 123.781111
    },
    {
      "cityName": "Cueva",
      "lat": 10.25,
      "lng": 123.666667
    },
    {
      "cityName": "Culase",
      "lat": 9.473056,
      "lng": 123.302222
    },
    {
      "cityName": "Cumbado",
      "lat": 11.083333,
      "lng": 123.966667
    },
    {
      "cityName": "Curva",
      "lat": 11.134722,
      "lng": 124.002778
    },
    {
      "cityName": "Daanglungsod",
      "lat": 9.513333,
      "lng": 123.4175
    },
    {
      "cityName": "Daangtabogon",
      "lat": 10.916944,
      "lng": 124.0325
    },
    {
      "cityName": "Daanlungsod",
      "lat": 10.65,
      "lng": 123.766667
    },
    {
      "cityName": "Daan Lungsod",
      "lat": 10.732222,
      "lng": 123.833611
    },
    {
      "cityName": "Dagatan",
      "lat": 9.853611,
      "lng": 123.421667
    },
    {
      "cityName": "Daku",
      "lat": 10.334722,
      "lng": 123.929722
    },
    {
      "cityName": "Dalaguete",
      "lat": 9.761667,
      "lng": 123.535556
    },
    {
      "cityName": "Dalahikak",
      "lat": 9.494167,
      "lng": 123.304722
    },
    {
      "cityName": "Dalingding",
      "lat": 11.169444,
      "lng": 123.955
    },
    {
      "cityName": "Damolog",
      "lat": 10.766667,
      "lng": 124
    },
    {
      "cityName": "Danasan",
      "lat": 10.576667,
      "lng": 123.853333
    },
    {
      "cityName": "Daniligan",
      "lat": 11.188889,
      "lng": 123.713056
    },
    {
      "cityName": "Dapdad",
      "lat": 10.785278,
      "lng": 124.523333
    },
    {
      "cityName": "Dauis",
      "lat": 10.576667,
      "lng": 124.016667
    },
    {
      "cityName": "Day-as",
      "lat": 10.254444,
      "lng": 123.941111
    },
    {
      "cityName": "Dingayop",
      "lat": 9.8,
      "lng": 123.466667
    },
    {
      "cityName": "Dobdob",
      "lat": 9.833333,
      "lng": 123.4
    },
    {
      "cityName": "Doldol",
      "lat": 10.066667,
      "lng": 123.483333
    },
    {
      "cityName": "Domlog",
      "lat": 10.240833,
      "lng": 123.841111
    },
    {
      "cityName": "Doong",
      "lat": 11.074444,
      "lng": 123.635278
    },
    {
      "cityName": "Duangan",
      "lat": 10.4675,
      "lng": 123.755
    },
    {
      "cityName": "Dubdub",
      "lat": 10.183333,
      "lng": 123.666667
    },
    {
      "cityName": "Duguan",
      "lat": 10.014444,
      "lng": 123.535556
    },
    {
      "cityName": "Dugyan",
      "lat": 9.765,
      "lng": 123.432222
    },
    {
      "cityName": "Dumalan",
      "lat": 9.803889,
      "lng": 123.443611
    },
    {
      "cityName": "Dumanjug",
      "lat": 10.058333,
      "lng": 123.433056
    },
    {
      "cityName": "El Pardo",
      "lat": 9.664444,
      "lng": 123.493056
    },
    {
      "cityName": "Emia",
      "lat": 9.479444,
      "lng": 123.315833
    },
    {
      "cityName": "Esperanza",
      "lat": 10.7025,
      "lng": 124.415556
    },
    {
      "cityName": "Esperanzo",
      "lat": 10.700556,
      "lng": 124.316389
    },
    {
      "cityName": "Fortaleza",
      "lat": 10.733333,
      "lng": 123.816667
    },
    {
      "cityName": "Fuente",
      "lat": 10.616667,
      "lng": 124.016667
    },
    {
      "cityName": "Gairan",
      "lat": 11.054167,
      "lng": 124.0175
    },
    {
      "cityName": "Gawaygaway",
      "lat": 11.083333,
      "lng": 123.933333
    },
    {
      "cityName": "Gawi",
      "lat": 9.583333,
      "lng": 123.466667
    },
    {
      "cityName": "General",
      "lat": 10.630556,
      "lng": 124.453056
    },
    {
      "cityName": "Gibuangan",
      "lat": 10.110556,
      "lng": 123.481667
    },
    {
      "cityName": "Giloctog",
      "lat": 10.150278,
      "lng": 123.518611
    },
    {
      "cityName": "Gilutongan",
      "lat": 11.146944,
      "lng": 123.6425
    },
    {
      "cityName": "Gimamaa",
      "lat": 10.7,
      "lng": 123.886944
    },
    {
      "cityName": "Ginatilan",
      "lat": 9.564167,
      "lng": 123.318056
    },
    {
      "cityName": "Gindaruhan",
      "lat": 10.25,
      "lng": 123.8
    },
    {
      "cityName": "Givanon",
      "lat": 9.601944,
      "lng": 123.323889
    },
    {
      "cityName": "Giwang",
      "lat": 9.693333,
      "lng": 123.506944
    },
    {
      "cityName": "Golon",
      "lat": 10.983333,
      "lng": 124.033333
    },
    {
      "cityName": "Granada",
      "lat": 10.533333,
      "lng": 123.75
    },
    {
      "cityName": "Gransina",
      "lat": 9.792222,
      "lng": 123.451111
    },
    {
      "cityName": "Guadalajara",
      "lat": 9.633333,
      "lng": 123.316667
    },
    {
      "cityName": "Guadalupe",
      "lat": 10.120278,
      "lng": 123.602778
    },
    {
      "cityName": "Guimamaa",
      "lat": 10.673889,
      "lng": 123.840278
    },
    {
      "cityName": "Guimbangkuan",
      "lat": 10.05,
      "lng": 123.6
    },
    {
      "cityName": "Guimbunan",
      "lat": 10.033333,
      "lng": 123.416667
    },
    {
      "cityName": "Guinabasan",
      "lat": 10.633333,
      "lng": 123.75
    },
    {
      "cityName": "Guinauayan",
      "lat": 10.116667,
      "lng": 123.65
    },
    {
      "cityName": "Guinbancuan",
      "lat": 10.016667,
      "lng": 123.616667
    },
    {
      "cityName": "Guindarohan",
      "lat": 10.261111,
      "lng": 123.765556
    },
    {
      "cityName": "Guinlumsan",
      "lat": 10.04,
      "lng": 123.422778
    },
    {
      "cityName": "Guinpilakan",
      "lat": 10.897778,
      "lng": 123.925
    },
    {
      "cityName": "Guipon",
      "lat": 10,
      "lng": 123.55
    },
    {
      "cityName": "Guiuanon",
      "lat": 9.784167,
      "lng": 123.374444
    },
    {
      "cityName": "Guiwanon",
      "lat": 10.616667,
      "lng": 124.033333
    },
    {
      "cityName": "Gusa",
      "lat": 9.761111,
      "lng": 123.345556
    },
    {
      "cityName": "Hagakhakan",
      "lat": 10.3,
      "lng": 123.6
    },
    {
      "cityName": "Hagdan",
      "lat": 11.333333,
      "lng": 123.9
    },
    {
      "cityName": "Hagnaya",
      "lat": 11.096944,
      "lng": 123.967222
    },
    {
      "cityName": "Hampang",
      "lat": 9.9,
      "lng": 123.583333
    },
    {
      "cityName": "Hapitan",
      "lat": 10.133333,
      "lng": 123.5
    },
    {
      "cityName": "Hermandez",
      "lat": 9.85,
      "lng": 123.566667
    },
    {
      "cityName": "Himensulan",
      "lat": 10.602222,
      "lng": 124.285
    },
    {
      "cityName": "Hingatmonan",
      "lat": 10.511111,
      "lng": 123.775
    },
    {
      "cityName": "Holomaynon",
      "lat": 9.75,
      "lng": 123.5
    },
    {
      "cityName": "Homgao",
      "lat": 9.892778,
      "lng": 123.598333
    },
    {
      "cityName": "Hubay",
      "lat": 10.424722,
      "lng": 123.973056
    },
    {
      "cityName": "Humayhumay",
      "lat": 11.195,
      "lng": 123.773889
    },
    {
      "cityName": "Ibabao",
      "lat": 10.273056,
      "lng": 123.951111
    },
    {
      "cityName": "Ikan",
      "lat": 10.033333,
      "lng": 123.566667
    },
    {
      "cityName": "Ilihan",
      "lat": 10.905,
      "lng": 123.969444
    },
    {
      "cityName": "Ilom",
      "lat": 10.7,
      "lng": 123.95
    },
    {
      "cityName": "Inayagan",
      "lat": 10.233333,
      "lng": 123.783333
    },
    {
      "cityName": "Inuburan",
      "lat": 10.2,
      "lng": 123.733333
    },
    {
      "cityName": "Iogo",
      "lat": 10.8,
      "lng": 123.983333
    },
    {
      "cityName": "Ipil",
      "lat": 10.589167,
      "lng": 123.993056
    },
    {
      "cityName": "Isabela",
      "lat": 10.25,
      "lng": 123.733333
    },
    {
      "cityName": "Jaclupan",
      "lat": 10.3,
      "lng": 123.816667
    },
    {
      "cityName": "Jaguimit",
      "lat": 10.233333,
      "lng": 123.7
    },
    {
      "cityName": "Jandiliog",
      "lat": 10.012778,
      "lng": 123.416389
    },
    {
      "cityName": "Joville",
      "lat": 9.5,
      "lng": 123.316667
    },
    {
      "cityName": "Jugan",
      "lat": 10.216667,
      "lng": 123.733333
    },
    {
      "cityName": "Jumangpas",
      "lat": 9.5,
      "lng": 123.333333
    },
    {
      "cityName": "Kabak",
      "lat": 11.05,
      "lng": 123.633333
    },
    {
      "cityName": "Kabatbatan",
      "lat": 10.0075,
      "lng": 123.488056
    },
    {
      "cityName": "Kabolijan",
      "lat": 9.966667,
      "lng": 123.55
    },
    {
      "cityName": "Kabongaan",
      "lat": 10.706667,
      "lng": 123.950556
    },
    {
      "cityName": "Kabutongan",
      "lat": 9.448889,
      "lng": 123.329722
    },
    {
      "cityName": "Kadaatan",
      "lat": 9.966667,
      "lng": 123.6
    },
    {
      "cityName": "Kaduauan",
      "lat": 10.266667,
      "lng": 123.783333
    },
    {
      "cityName": "Kalaboon",
      "lat": 10.05,
      "lng": 123.416667
    },
    {
      "cityName": "Kalahoan",
      "lat": 10.249722,
      "lng": 123.793611
    },
    {
      "cityName": "Kalipay",
      "lat": 9.633889,
      "lng": 123.366111
    },
    {
      "cityName": "Kaliriohan",
      "lat": 9.716667,
      "lng": 123.45
    },
    {
      "cityName": "Kalusiya",
      "lat": 10.8,
      "lng": 123.966667
    },
    {
      "cityName": "Kamay",
      "lat": 11.033333,
      "lng": 123.9
    },
    {
      "cityName": "Kambagte",
      "lat": 9.583333,
      "lng": 123.35
    },
    {
      "cityName": "Kambantug",
      "lat": 9.883333,
      "lng": 123.55
    },
    {
      "cityName": "Kambanug",
      "lat": 10.011389,
      "lng": 123.474722
    },
    {
      "cityName": "Kambayug",
      "lat": 10.8,
      "lng": 123.9
    },
    {
      "cityName": "Kampayang",
      "lat": 9.633611,
      "lng": 123.433611
    },
    {
      "cityName": "Kampisong",
      "lat": 9.6,
      "lng": 123.333333
    },
    {
      "cityName": "Kandamiang",
      "lat": 9.416667,
      "lng": 123.333333
    },
    {
      "cityName": "Kandiis",
      "lat": 10.083333,
      "lng": 123.55
    },
    {
      "cityName": "Kandingan",
      "lat": 10.197222,
      "lng": 123.613889
    },
    {
      "cityName": "Kaneki",
      "lat": 9.618889,
      "lng": 123.438056
    },
    {
      "cityName": "Kangaktol",
      "lat": 10.033333,
      "lng": 123.466667
    },
    {
      "cityName": "Kanghalo",
      "lat": 10.021944,
      "lng": 123.495278
    },
    {
      "cityName": "Kanghumaod",
      "lat": 10.083333,
      "lng": 123.483333
    },
    {
      "cityName": "Kangoha",
      "lat": 10.016667,
      "lng": 123.466667
    },
    {
      "cityName": "Kanguhinog",
      "lat": 9.5125,
      "lng": 123.340556
    },
    {
      "cityName": "Kangwayan",
      "lat": 11.3,
      "lng": 123.733333
    },
    {
      "cityName": "Kanipaan",
      "lat": 10.766667,
      "lng": 123.933333
    },
    {
      "cityName": "Kansaloay",
      "lat": 9.583333,
      "lng": 123.366667
    },
    {
      "cityName": "Kansumapang",
      "lat": 9.633333,
      "lng": 123.4
    },
    {
      "cityName": "Kantabugon",
      "lat": 10.171667,
      "lng": 123.522222
    },
    {
      "cityName": "Kantokong",
      "lat": 10.633333,
      "lng": 124.016667
    },
    {
      "cityName": "Kantuma",
      "lat": 10.795,
      "lng": 123.921111
    },
    {
      "cityName": "Kanugcay",
      "lat": 10.8,
      "lng": 124.55
    },
    {
      "cityName": "Kanyuko",
      "lat": 10.1,
      "lng": 123.466667
    },
    {
      "cityName": "Kaongkod",
      "lat": 11.250278,
      "lng": 123.755556
    },
    {
      "cityName": "Ka-orasan",
      "lat": 10.655556,
      "lng": 123.872222
    },
    {
      "cityName": "Kapangian",
      "lat": 10.166667,
      "lng": 123.7
    },
    {
      "cityName": "Kapayas",
      "lat": 10.721111,
      "lng": 123.931389
    },
    {
      "cityName": "Kawasan",
      "lat": 10.17,
      "lng": 123.55
    },
    {
      "cityName": "Kawayan",
      "lat": 10.583333,
      "lng": 123.75
    },
    {
      "cityName": "Kinartacan",
      "lat": 11.293333,
      "lng": 123.878889
    },
    {
      "cityName": "Kogon",
      "lat": 10.039444,
      "lng": 123.450556
    },
    {
      "cityName": "Kotcoton",
      "lat": 10.033333,
      "lng": 123.45
    },
    {
      "cityName": "La-aw",
      "lat": 10.833333,
      "lng": 124.033333
    },
    {
      "cityName": "Labangon",
      "lat": 10.924444,
      "lng": 123.9925
    },
    {
      "cityName": "Labrador",
      "lat": 9.633333,
      "lng": 123.333333
    },
    {
      "cityName": "Lacaron",
      "lat": 11.022222,
      "lng": 123.968611
    },
    {
      "cityName": "Lagtang",
      "lat": 10.275833,
      "lng": 123.816667
    },
    {
      "cityName": "Laguna",
      "lat": 9.766667,
      "lng": 123.383333
    },
    {
      "cityName": "Lamakan",
      "lat": 10.033333,
      "lng": 123.583333
    },
    {
      "cityName": "Lambug",
      "lat": 9.860556,
      "lng": 123.373056
    },
    {
      "cityName": "Lambusan",
      "lat": 10.996111,
      "lng": 123.9325
    },
    {
      "cityName": "Lamesa",
      "lat": 10.516667,
      "lng": 123.8
    },
    {
      "cityName": "Lamintak",
      "lat": 11.116667,
      "lng": 123.966667
    },
    {
      "cityName": "Lanao",
      "lat": 11.260278,
      "lng": 124.038889
    },
    {
      "cityName": "Lanas",
      "lat": 10.266667,
      "lng": 123.733333
    },
    {
      "cityName": "Langin",
      "lat": 10,
      "lng": 123.466667
    },
    {
      "cityName": "Langkas",
      "lat": 9.745556,
      "lng": 123.47
    },
    {
      "cityName": "Langob",
      "lat": 10.579444,
      "lng": 123.735
    },
    {
      "cityName": "Langtad",
      "lat": 9.891667,
      "lng": 123.607778
    },
    {
      "cityName": "Lanibla",
      "lat": 9.633333,
      "lng": 123.433333
    },
    {
      "cityName": "Lantawan",
      "lat": 10.566667,
      "lng": 123.766667
    },
    {
      "cityName": "Lapa",
      "lat": 10.476389,
      "lng": 123.940278
    },
    {
      "cityName": "Lapay",
      "lat": 9.883333,
      "lng": 123.566667
    },
    {
      "cityName": "La Paz",
      "lat": 11.033333,
      "lng": 123.983333
    },
    {
      "cityName": "Lataban",
      "lat": 10.424722,
      "lng": 123.949167
    },
    {
      "cityName": "Lataban No. 2",
      "lat": 10.45,
      "lng": 123.95
    },
    {
      "cityName": "Lawaan",
      "lat": 10.021667,
      "lng": 123.436667
    },
    {
      "cityName": "Lawa-an",
      "lat": 10.276111,
      "lng": 123.804167
    },
    {
      "cityName": "Lawa",
      "lat": 10.831667,
      "lng": 123.987778
    },
    {
      "cityName": "Legaspi",
      "lat": 9.703889,
      "lng": 123.341667
    },
    {
      "cityName": "Lepanto",
      "lat": 9.695278,
      "lng": 123.403333
    },
    {
      "cityName": "Libertad",
      "lat": 11.029167,
      "lng": 124.023889
    },
    {
      "cityName": "Lib-og",
      "lat": 10.982778,
      "lng": 124.041389
    },
    {
      "cityName": "Libog",
      "lat": 11.238333,
      "lng": 124.0275
    },
    {
      "cityName": "Libo",
      "lat": 10.034167,
      "lng": 123.558056
    },
    {
      "cityName": "Libo-o",
      "lat": 9.983333,
      "lng": 123.416667
    },
    {
      "cityName": "Liboron",
      "lat": 10.166667,
      "lng": 123.666667
    },
    {
      "cityName": "Liki",
      "lat": 10.536389,
      "lng": 123.804444
    },
    {
      "cityName": "Liloan",
      "lat": 10.4,
      "lng": 123.983333
    },
    {
      "cityName": "Linao",
      "lat": 10.248611,
      "lng": 123.806667
    },
    {
      "cityName": "Lindogon",
      "lat": 9.983333,
      "lng": 123.6
    },
    {
      "cityName": "Lingigon",
      "lat": 9.930833,
      "lng": 123.540278
    },
    {
      "cityName": "Liptong",
      "lat": 9.433333,
      "lng": 123.35
    },
    {
      "cityName": "Locbol",
      "lat": 10.672778,
      "lng": 124.316667
    },
    {
      "cityName": "Locon",
      "lat": 9.735278,
      "lng": 123.341111
    },
    {
      "cityName": "Logan",
      "lat": 11.329167,
      "lng": 124.118333
    },
    {
      "cityName": "Lombo",
      "lat": 9.676111,
      "lng": 123.347222
    },
    {
      "cityName": "Longan",
      "lat": 10.516667,
      "lng": 123.75
    },
    {
      "cityName": "Looc Caceres",
      "lat": 9.535278,
      "lng": 123.440556
    },
    {
      "cityName": "Looc",
      "lat": 10.323611,
      "lng": 123.953056
    },
    {
      "cityName": "Look",
      "lat": 9.420556,
      "lng": 123.323056
    },
    {
      "cityName": "Loong",
      "lat": 10.95,
      "lng": 124
    },
    {
      "cityName": "Lopok",
      "lat": 9.595556,
      "lng": 123.321944
    },
    {
      "cityName": "Loya",
      "lat": 11.115833,
      "lng": 123.959444
    },
    {
      "cityName": "Lubo",
      "lat": 10.811389,
      "lng": 123.987222
    },
    {
      "cityName": "Lugo",
      "lat": 10.816389,
      "lng": 123.988889
    },
    {
      "cityName": "Luhod",
      "lat": 10.108889,
      "lng": 123.526389
    },
    {
      "cityName": "Luisan",
      "lat": 9.564722,
      "lng": 123.453056
    },
    {
      "cityName": "Lumbong",
      "lat": 9.733333,
      "lng": 123.6
    },
    {
      "cityName": "Lunas",
      "lat": 10.65,
      "lng": 123.75
    },
    {
      "cityName": "Lungaob",
      "lat": 10.816667,
      "lng": 123.966667
    },
    {
      "cityName": "Lungon",
      "lat": 10.055278,
      "lng": 123.57
    },
    {
      "cityName": "Lusaran",
      "lat": 10.966667,
      "lng": 123.983333
    },
    {
      "cityName": "Lutao",
      "lat": 10.25,
      "lng": 123.716667
    },
    {
      "cityName": "Lut-od",
      "lat": 10.257222,
      "lng": 123.629444
    },
    {
      "cityName": "Luton",
      "lat": 10.216667,
      "lng": 123.916667
    },
    {
      "cityName": "Lutungan",
      "lat": 11.15,
      "lng": 123.633333
    },
    {
      "cityName": "Luyang",
      "lat": 10.6075,
      "lng": 124.025278
    },
    {
      "cityName": "Luyat",
      "lat": 9.746111,
      "lng": 123.516667
    },
    {
      "cityName": "Maalat",
      "lat": 11.273889,
      "lng": 123.719167
    },
    {
      "cityName": "Maangtud",
      "lat": 9.833333,
      "lng": 123.466667
    },
    {
      "cityName": "Maat",
      "lat": 11.2675,
      "lng": 123.715556
    },
    {
      "cityName": "Mabanog",
      "lat": 10.883333,
      "lng": 124.033333
    },
    {
      "cityName": "Mabasa",
      "lat": 9.916667,
      "lng": 123.583333
    },
    {
      "cityName": "Mabini",
      "lat": 10.286389,
      "lng": 124.07
    },
    {
      "cityName": "Mabuang",
      "lat": 10.983333,
      "lng": 124.016667
    },
    {
      "cityName": "Mabula",
      "lat": 10.983333,
      "lng": 124
    },
    {
      "cityName": "Mabuli",
      "lat": 10.95,
      "lng": 124.033333
    },
    {
      "cityName": "Macaas",
      "lat": 10.698889,
      "lng": 124.008611
    },
    {
      "cityName": "MacArthur",
      "lat": 10.658611,
      "lng": 124.509167
    },
    {
      "cityName": "Mactan",
      "lat": 10.691944,
      "lng": 124.408056
    },
    {
      "cityName": "Madridejos",
      "lat": 11.299722,
      "lng": 123.733611
    },
    {
      "cityName": "Mag-alambac",
      "lat": 9.8,
      "lng": 123.483333
    },
    {
      "cityName": "Magallanes",
      "lat": 10.616667,
      "lng": 123.75
    },
    {
      "cityName": "Magay",
      "lat": 10.473611,
      "lng": 124.014444
    },
    {
      "cityName": "Magcagong",
      "lat": 10.0125,
      "lng": 123.5925
    },
    {
      "cityName": "Magcalape",
      "lat": 10.6,
      "lng": 123.766667
    },
    {
      "cityName": "Maghan-ay",
      "lat": 10.6425,
      "lng": 123.863611
    },
    {
      "cityName": "Maghanoy",
      "lat": 10.116667,
      "lng": 123.516667
    },
    {
      "cityName": "Maghaway",
      "lat": 10.298333,
      "lng": 123.813056
    },
    {
      "cityName": "Mago",
      "lat": 10.633333,
      "lng": 123.983333
    },
    {
      "cityName": "Mahayahay",
      "lat": 10.183333,
      "lng": 123.683333
    },
    {
      "cityName": "Maigang",
      "lat": 10.071667,
      "lng": 123.495556
    },
    {
      "cityName": "Mainit",
      "lat": 9.435,
      "lng": 123.358056
    },
    {
      "cityName": "Malabago",
      "lat": 9.833333,
      "lng": 123.366667
    },
    {
      "cityName": "Malabuyoc",
      "lat": 9.657778,
      "lng": 123.329444
    },
    {
      "cityName": "Malalag",
      "lat": 9.766667,
      "lng": 123.4
    },
    {
      "cityName": "Malalay",
      "lat": 9.983333,
      "lng": 123.466667
    },
    {
      "cityName": "Malalos",
      "lat": 10.182778,
      "lng": 123.563056
    },
    {
      "cityName": "Malatapay",
      "lat": 11.05,
      "lng": 123.916667
    },
    {
      "cityName": "Malau",
      "lat": 10.466667,
      "lng": 123.966667
    },
    {
      "cityName": "Malbago",
      "lat": 9.75,
      "lng": 123.333333
    },
    {
      "cityName": "Male",
      "lat": 11.033333,
      "lng": 123.916667
    },
    {
      "cityName": "Malhiao",
      "lat": 9.878611,
      "lng": 123.421944
    },
    {
      "cityName": "Maloko",
      "lat": 9.600556,
      "lng": 123.476389
    },
    {
      "cityName": "Malones",
      "lat": 9.833333,
      "lng": 123.5
    },
    {
      "cityName": "Malutinao",
      "lat": 9.816667,
      "lng": 123.366667
    },
    {
      "cityName": "Mambagi",
      "lat": 9.679444,
      "lng": 123.498333
    },
    {
      "cityName": "Mambocayan",
      "lat": 10.476944,
      "lng": 123.705556
    },
    {
      "cityName": "Manabolo",
      "lat": 10.7,
      "lng": 124.016667
    },
    {
      "cityName": "Managase",
      "lat": 10.914722,
      "lng": 123.961389
    },
    {
      "cityName": "Manatad",
      "lat": 10.006111,
      "lng": 123.559167
    },
    {
      "cityName": "Mancilang",
      "lat": 11.285556,
      "lng": 123.747222
    },
    {
      "cityName": "Mandalano",
      "lat": 10,
      "lng": 123.45
    },
    {
      "cityName": "Mandalosa",
      "lat": 9.8,
      "lng": 123.5
    },
    {
      "cityName": "Mandilikit",
      "lat": 9.948889,
      "lng": 123.573056
    },
    {
      "cityName": "Manduyong",
      "lat": 9.9,
      "lng": 123.433333
    },
    {
      "cityName": "Mangaco",
      "lat": 9.566111,
      "lng": 123.345556
    },
    {
      "cityName": "Manga",
      "lat": 10.711667,
      "lng": 123.806944
    },
    {
      "cityName": "Mangiao",
      "lat": 10.583611,
      "lng": 123.787222
    },
    {
      "cityName": "Mangoto",
      "lat": 10.258611,
      "lng": 123.583889
    },
    {
      "cityName": "Mangyan",
      "lat": 10.064167,
      "lng": 123.593889
    },
    {
      "cityName": "Manlagtang",
      "lat": 10.953611,
      "lng": 124.006944
    },
    {
      "cityName": "Manlapay",
      "lat": 10.05,
      "lng": 123.466667
    },
    {
      "cityName": "Manlum",
      "lat": 9.557778,
      "lng": 123.378333
    },
    {
      "cityName": "Maño",
      "lat": 11.041667,
      "lng": 123.944722
    },
    {
      "cityName": "Manta Longan",
      "lat": 9.781667,
      "lng": 123.445278
    },
    {
      "cityName": "Mantalongon",
      "lat": 10.124444,
      "lng": 123.575278
    },
    {
      "cityName": "Mantauijan",
      "lat": 10.716667,
      "lng": 123.833333
    },
    {
      "cityName": "Mantayosa",
      "lat": 9.68,
      "lng": 123.331667
    },
    {
      "cityName": "Mantayupan",
      "lat": 10.096667,
      "lng": 123.506111
    },
    {
      "cityName": "Maraat",
      "lat": 10.936389,
      "lng": 123.9125
    },
    {
      "cityName": "Maravilla",
      "lat": 10.901667,
      "lng": 123.891944
    },
    {
      "cityName": "Maricaban",
      "lat": 11.154722,
      "lng": 123.766389
    },
    {
      "cityName": "Marmol",
      "lat": 10.725833,
      "lng": 123.893333
    },
    {
      "cityName": "Masa",
      "lat": 10.012778,
      "lng": 123.493611
    },
    {
      "cityName": "Matalao",
      "lat": 10.05,
      "lng": 123.483333
    },
    {
      "cityName": "Matnog",
      "lat": 10.783333,
      "lng": 123.85
    },
    {
      "cityName": "Maya",
      "lat": 11.273333,
      "lng": 124.061389
    },
    {
      "cityName": "Mayana",
      "lat": 9.743889,
      "lng": 123.417222
    },
    {
      "cityName": "Mayo",
      "lat": 11.041389,
      "lng": 123.951667
    },
    {
      "cityName": "Medelin",
      "lat": 11.128889,
      "lng": 123.960833
    },
    {
      "cityName": "Mercedes",
      "lat": 10.669444,
      "lng": 124.402222
    },
    {
      "cityName": "Mindanao",
      "lat": 9.626667,
      "lng": 123.381389
    },
    {
      "cityName": "Minglanilla",
      "lat": 10.245833,
      "lng": 123.782222
    },
    {
      "cityName": "Minilos",
      "lat": 10.097778,
      "lng": 123.472778
    },
    {
      "cityName": "Moabug",
      "lat": 10.8,
      "lng": 124.566667
    },
    {
      "cityName": "Moalboal",
      "lat": 9.943333,
      "lng": 123.399167
    },
    {
      "cityName": "Mohou",
      "lat": 10.54,
      "lng": 123.728056
    },
    {
      "cityName": "Mojon",
      "lat": 10.25,
      "lng": 123.833333
    },
    {
      "cityName": "Mompeller",
      "lat": 9.683333,
      "lng": 122.383333
    },
    {
      "cityName": "Monserrat",
      "lat": 10.756944,
      "lng": 124.538056
    },
    {
      "cityName": "Monte Alegre",
      "lat": 10.624722,
      "lng": 124.3425
    },
    {
      "cityName": "Montealegre",
      "lat": 10.733611,
      "lng": 123.898611
    },
    {
      "cityName": "Mulao",
      "lat": 10.4,
      "lng": 124
    },
    {
      "cityName": "Nadridejos",
      "lat": 9.780833,
      "lng": 123.353056
    },
    {
      "cityName": "Naga",
      "lat": 10.211389,
      "lng": 123.758333
    },
    {
      "cityName": "Nailong",
      "lat": 11.052222,
      "lng": 124.040833
    },
    {
      "cityName": "Nalhub",
      "lat": 9.731944,
      "lng": 123.46
    },
    {
      "cityName": "Nangka",
      "lat": 10.533889,
      "lng": 123.718333
    },
    {
      "cityName": "Napo",
      "lat": 10.069722,
      "lng": 123.6125
    },
    {
      "cityName": "Natimaoan",
      "lat": 10.631944,
      "lng": 123.971389
    },
    {
      "cityName": "Nawanao",
      "lat": 10.330833,
      "lng": 123.928056
    },
    {
      "cityName": "Nug-as",
      "lat": 9.705,
      "lng": 123.438611
    },
    {
      "cityName": "Oac",
      "lat": 10.55,
      "lng": 123.7
    },
    {
      "cityName": "Obong",
      "lat": 9.741389,
      "lng": 123.511944
    },
    {
      "cityName": "Obó",
      "lat": 9.800833,
      "lng": 123.480556
    },
    {
      "cityName": "Oboob",
      "lat": 11.156389,
      "lng": 123.748333
    },
    {
      "cityName": "Ocaña",
      "lat": 10.063889,
      "lng": 123.624722
    },
    {
      "cityName": "Ocoy",
      "lat": 11.174444,
      "lng": 123.797778
    },
    {
      "cityName": "Odlot",
      "lat": 11.000278,
      "lng": 124.041944
    },
    {
      "cityName": "Olango",
      "lat": 10.189444,
      "lng": 123.545278
    },
    {
      "cityName": "Olivo",
      "lat": 10.864167,
      "lng": 123.880556
    },
    {
      "cityName": "Ongca",
      "lat": 10.071111,
      "lng": 123.5475
    },
    {
      "cityName": "Opao",
      "lat": 10.216667,
      "lng": 123.6
    },
    {
      "cityName": "Oslob",
      "lat": 9.524722,
      "lng": 123.429722
    },
    {
      "cityName": "Osmad",
      "lat": 9.906667,
      "lng": 123.558611
    },
    {
      "cityName": "Paho",
      "lat": 11.230278,
      "lng": 124.015278
    },
    {
      "cityName": "Palanas",
      "lat": 9.555,
      "lng": 123.328889
    },
    {
      "cityName": "Palaypay",
      "lat": 9.683333,
      "lng": 123.4
    },
    {
      "cityName": "Palingpaling",
      "lat": 10.166667,
      "lng": 123.683333
    },
    {
      "cityName": "Panadtaran",
      "lat": 10.15,
      "lng": 123.7
    },
    {
      "cityName": "Panalipan",
      "lat": 10.648333,
      "lng": 124.021667
    },
    {
      "cityName": "Pancil",
      "lat": 10.0725,
      "lng": 123.516389
    },
    {
      "cityName": "Pandacan",
      "lat": 10.285556,
      "lng": 123.591111
    },
    {
      "cityName": "Pandtaran",
      "lat": 9.901944,
      "lng": 123.560278
    },
    {
      "cityName": "Pangan-an",
      "lat": 10.216667,
      "lng": 124.033333
    },
    {
      "cityName": "Pangdan",
      "lat": 10.233333,
      "lng": 123.733333
    },
    {
      "cityName": "Pangoang",
      "lat": 10.052222,
      "lng": 123.557778
    },
    {
      "cityName": "Panlaan",
      "lat": 10.083333,
      "lng": 123.466667
    },
    {
      "cityName": "Panugnawan",
      "lat": 11.163889,
      "lng": 123.979722
    },
    {
      "cityName": "Papan",
      "lat": 10.021667,
      "lng": 123.557778
    },
    {
      "cityName": "Pasil",
      "lat": 11.316667,
      "lng": 123.9
    },
    {
      "cityName": "Pasol",
      "lat": 9.729167,
      "lng": 123.505
    },
    {
      "cityName": "Pasong",
      "lat": 9.533333,
      "lng": 123.4
    },
    {
      "cityName": "Patao",
      "lat": 11.22,
      "lng": 123.691667
    },
    {
      "cityName": "Patupat",
      "lat": 10.131111,
      "lng": 123.533056
    },
    {
      "cityName": "Pawa",
      "lat": 10.030278,
      "lng": 123.476944
    },
    {
      "cityName": "Paypay",
      "lat": 11.2175,
      "lng": 123.977778
    },
    {
      "cityName": "Pazo",
      "lat": 10.695833,
      "lng": 124.474444
    },
    {
      "cityName": "Pelipog",
      "lat": 10.265833,
      "lng": 123.943889
    },
    {
      "cityName": "Perrelos",
      "lat": 10.119722,
      "lng": 123.681111
    },
    {
      "cityName": "Pihamungajan",
      "lat": 10.266389,
      "lng": 123.585833
    },
    {
      "cityName": "Pilar",
      "lat": 10.806667,
      "lng": 124.565
    },
    {
      "cityName": "Pili",
      "lat": 10.833333,
      "lng": 123.933333
    },
    {
      "cityName": "Pitalo",
      "lat": 10.1775,
      "lng": 123.722222
    },
    {
      "cityName": "Pitugo",
      "lat": 10.5,
      "lng": 123.75
    },
    {
      "cityName": "Plaridel",
      "lat": 10.6,
      "lng": 123.733333
    },
    {
      "cityName": "Poac",
      "lat": 11.1475,
      "lng": 123.738333
    },
    {
      "cityName": "Polambato",
      "lat": 11.067778,
      "lng": 123.991667
    },
    {
      "cityName": "Polo",
      "lat": 9.75,
      "lng": 123.366667
    },
    {
      "cityName": "Pondol",
      "lat": 10.485833,
      "lng": 123.709722
    },
    {
      "cityName": "Ponong",
      "lat": 9.6975,
      "lng": 123.353333
    },
    {
      "cityName": "Poo",
      "lat": 10.266667,
      "lng": 124.033333
    },
    {
      "cityName": "Poro",
      "lat": 10.630556,
      "lng": 124.410556
    },
    {
      "cityName": "Poti",
      "lat": 10.583333,
      "lng": 123.983333
    },
    {
      "cityName": "Potol",
      "lat": 9.816667,
      "lng": 123.466667
    },
    {
      "cityName": "Puerto Bello",
      "lat": 10.628611,
      "lng": 124.379444
    },
    {
      "cityName": "Pulpugan",
      "lat": 10.383333,
      "lng": 123.966667
    },
    {
      "cityName": "Punay",
      "lat": 10.216111,
      "lng": 123.601111
    },
    {
      "cityName": "Putat",
      "lat": 10.784722,
      "lng": 123.845278
    },
    {
      "cityName": "Quinatarcan",
      "lat": 11.15,
      "lng": 123.883333
    },
    {
      "cityName": "Quiniyangan",
      "lat": 9.766667,
      "lng": 123.366667
    },
    {
      "cityName": "Ronda",
      "lat": 10.001389,
      "lng": 123.408333
    },
    {
      "cityName": "Rosario",
      "lat": 10.189444,
      "lng": 123.6025
    },
    {
      "cityName": "Rosarriohan",
      "lat": 9.883333,
      "lng": 123.383333
    },
    {
      "cityName": "Saavedra",
      "lat": 9.973889,
      "lng": 123.380278
    },
    {
      "cityName": "Sabang",
      "lat": 10.031944,
      "lng": 123.614722
    },
    {
      "cityName": "Saba",
      "lat": 10.9,
      "lng": 124.016667
    },
    {
      "cityName": "Sagay",
      "lat": 10.856389,
      "lng": 123.984444
    },
    {
      "cityName": "Saksak",
      "lat": 10.175,
      "lng": 123.633889
    },
    {
      "cityName": "Salagmaya",
      "lat": 9.949167,
      "lng": 123.471667
    },
    {
      "cityName": "Salag",
      "lat": 10.970833,
      "lng": 124.036111
    },
    {
      "cityName": "Salamanca",
      "lat": 9.598333,
      "lng": 123.360556
    },
    {
      "cityName": "Salmeron",
      "lat": 9.65,
      "lng": 123.35
    },
    {
      "cityName": "Salug",
      "lat": 9.716667,
      "lng": 123.35
    },
    {
      "cityName": "Samboan",
      "lat": 9.529167,
      "lng": 123.305
    },
    {
      "cityName": "Sambulawan",
      "lat": 10.216667,
      "lng": 123.666667
    },
    {
      "cityName": "Samuyaw",
      "lat": 9.683333,
      "lng": 123.35
    },
    {
      "cityName": "San Agustin",
      "lat": 11.266389,
      "lng": 123.753333
    },
    {
      "cityName": "San Antonio",
      "lat": 9.656389,
      "lng": 123.418889
    },
    {
      "cityName": "Sandayong Norte",
      "lat": 10.495833,
      "lng": 123.998889
    },
    {
      "cityName": "San Fernando",
      "lat": 10.163889,
      "lng": 123.705833
    },
    {
      "cityName": "San Francisco",
      "lat": 10.646389,
      "lng": 124.381944
    },
    {
      "cityName": "Sangat",
      "lat": 10.133056,
      "lng": 123.685278
    },
    {
      "cityName": "Sangi",
      "lat": 10.166667,
      "lng": 123.716667
    },
    {
      "cityName": "Sanglagan",
      "lat": 9.866667,
      "lng": 123.366667
    },
    {
      "cityName": "San Isidro",
      "lat": 10.546389,
      "lng": 123.752222
    },
    {
      "cityName": "San Jose",
      "lat": 10.633333,
      "lng": 124.066667
    },
    {
      "cityName": "San Miguel",
      "lat": 10.261944,
      "lng": 123.946944
    },
    {
      "cityName": "San Osmeña",
      "lat": 10.466667,
      "lng": 124.016667
    },
    {
      "cityName": "San Remigio",
      "lat": 11.081389,
      "lng": 123.938333
    },
    {
      "cityName": "San Roque",
      "lat": 10.598333,
      "lng": 123.743056
    },
    {
      "cityName": "Sansan",
      "lat": 11.068333,
      "lng": 123.941389
    },
    {
      "cityName": "San Sebastian",
      "lat": 9.466944,
      "lng": 123.305556
    },
    {
      "cityName": "Santa Cruz",
      "lat": 10.011389,
      "lng": 123.41
    },
    {
      "cityName": "Santa Felomena",
      "lat": 9.741944,
      "lng": 123.341667
    },
    {
      "cityName": "Santa Fe",
      "lat": 11.154444,
      "lng": 123.807778
    },
    {
      "cityName": "Santa Lucia",
      "lat": 10.643333,
      "lng": 123.754722
    },
    {
      "cityName": "Santander",
      "lat": 9.416667,
      "lng": 123.342222
    },
    {
      "cityName": "Santa Nino",
      "lat": 10.69,
      "lng": 123.788889
    },
    {
      "cityName": "Santa Rita",
      "lat": 10.621389,
      "lng": 123.843611
    },
    {
      "cityName": "Santa Rosa",
      "lat": 10.264444,
      "lng": 124.049167
    },
    {
      "cityName": "Santiago",
      "lat": 10.590833,
      "lng": 124.306389
    },
    {
      "cityName": "Santican",
      "lat": 10.966667,
      "lng": 124
    },
    {
      "cityName": "Santicon",
      "lat": 9.850556,
      "lng": 123.460278
    },
    {
      "cityName": "Sapang",
      "lat": 10.34,
      "lng": 123.9275
    },
    {
      "cityName": "Sayao",
      "lat": 10.0725,
      "lng": 123.578333
    },
    {
      "cityName": "Secante",
      "lat": 10.666667,
      "lng": 124.483333
    },
    {
      "cityName": "Sibonga",
      "lat": 10.016944,
      "lng": 123.616944
    },
    {
      "cityName": "Silion",
      "lat": 11.204722,
      "lng": 123.7475
    },
    {
      "cityName": "Sili",
      "lat": 10.934444,
      "lng": 123.945556
    },
    {
      "cityName": "Simala",
      "lat": 9.970833,
      "lng": 123.616389
    },
    {
      "cityName": "Sima",
      "lat": 9.733333,
      "lng": 123.366667
    },
    {
      "cityName": "Singsing",
      "lat": 10.519722,
      "lng": 123.749444
    },
    {
      "cityName": "Sogod",
      "lat": 10.750833,
      "lng": 123.994722
    },
    {
      "cityName": "Somimbang",
      "lat": 11.221389,
      "lng": 124.000278
    },
    {
      "cityName": "Somosa",
      "lat": 10.975556,
      "lng": 124.023333
    },
    {
      "cityName": "So-ong",
      "lat": 10.933333,
      "lng": 123.95
    },
    {
      "cityName": "Sorsogon",
      "lat": 9.65,
      "lng": 123.333333
    },
    {
      "cityName": "Sua",
      "lat": 9.941944,
      "lng": 123.582778
    },
    {
      "cityName": "Suba",
      "lat": 9.548611,
      "lng": 123.306944
    },
    {
      "cityName": "Sulangan",
      "lat": 11.138611,
      "lng": 123.725278
    },
    {
      "cityName": "Sumaguan",
      "lat": 9.933333,
      "lng": 123.6
    },
    {
      "cityName": "Suso",
      "lat": 10.9,
      "lng": 123.9
    },
    {
      "cityName": "Tabasan",
      "lat": 9.734722,
      "lng": 123.352222
    },
    {
      "cityName": "Tabili",
      "lat": 10.697222,
      "lng": 123.967778
    },
    {
      "cityName": "Tablon",
      "lat": 11.277222,
      "lng": 124.031389
    },
    {
      "cityName": "Tabogon",
      "lat": 10.940556,
      "lng": 124.025
    },
    {
      "cityName": "Tabonak",
      "lat": 10.854167,
      "lng": 123.875556
    },
    {
      "cityName": "Tabonoc",
      "lat": 10.268056,
      "lng": 123.843889
    },
    {
      "cityName": "Tabonok",
      "lat": 10.778611,
      "lng": 124.012222
    },
    {
      "cityName": "Tabon",
      "lat": 9.766667,
      "lng": 123.45
    },
    {
      "cityName": "Tabuan",
      "lat": 10.174167,
      "lng": 123.696389
    },
    {
      "cityName": "Tabuelan",
      "lat": 10.82,
      "lng": 123.868056
    },
    {
      "cityName": "Tagamacan",
      "lat": 10.533333,
      "lng": 123.783333
    },
    {
      "cityName": "Tagaytay",
      "lat": 10.8,
      "lng": 124
    },
    {
      "cityName": "Tagbubunga",
      "lat": 10.583333,
      "lng": 123.716667
    },
    {
      "cityName": "Tagda",
      "lat": 10.783333,
      "lng": 123.966667
    },
    {
      "cityName": "Tagnucan",
      "lat": 10.873333,
      "lng": 124.043611
    },
    {
      "cityName": "Tag-ubi",
      "lat": 10.466389,
      "lng": 123.947778
    },
    {
      "cityName": "Tahao",
      "lat": 10.316389,
      "lng": 123.585278
    },
    {
      "cityName": "Tailsay",
      "lat": 11.245556,
      "lng": 124.062778
    },
    {
      "cityName": "Talaba",
      "lat": 9.716667,
      "lng": 123.366667
    },
    {
      "cityName": "Talaga",
      "lat": 9.852222,
      "lng": 123.564444
    },
    {
      "cityName": "Talangnan",
      "lat": 9.633611,
      "lng": 123.335833
    },
    {
      "cityName": "Talayong",
      "lat": 9.738056,
      "lng": 123.381111
    },
    {
      "cityName": "Talaytay",
      "lat": 9.9,
      "lng": 123.6
    },
    {
      "cityName": "Talisay",
      "lat": 10.244722,
      "lng": 123.849444
    },
    {
      "cityName": "Taloot",
      "lat": 10.033333,
      "lng": 123.6
    },
    {
      "cityName": "Tambongon",
      "lat": 10.966667,
      "lng": 123.933333
    },
    {
      "cityName": "Tambor",
      "lat": 10.966667,
      "lng": 123.966667
    },
    {
      "cityName": "Tamiao",
      "lat": 10.441944,
      "lng": 123.985556
    },
    {
      "cityName": "Tampaan",
      "lat": 10.212222,
      "lng": 123.572222
    },
    {
      "cityName": "Tañañas",
      "lat": 10.181111,
      "lng": 123.692222
    },
    {
      "cityName": "Tanawan",
      "lat": 9.471667,
      "lng": 123.3775
    },
    {
      "cityName": "Tanay",
      "lat": 10.766667,
      "lng": 124.516667
    },
    {
      "cityName": "Tanga",
      "lat": 9.951111,
      "lng": 123.397778
    },
    {
      "cityName": "Tangbo",
      "lat": 9.507778,
      "lng": 123.303056
    },
    {
      "cityName": "Tangil",
      "lat": 10.066667,
      "lng": 123.45
    },
    {
      "cityName": "Tangub",
      "lat": 10.2075,
      "lng": 123.596944
    },
    {
      "cityName": "Tapal",
      "lat": 10.133333,
      "lng": 123.6
    },
    {
      "cityName": "Tapong",
      "lat": 9.883333,
      "lng": 123.433333
    },
    {
      "cityName": "Tapon",
      "lat": 10.059167,
      "lng": 123.450833
    },
    {
      "cityName": "Taporok",
      "lat": 9.5475,
      "lng": 123.751944
    },
    {
      "cityName": "Tarong",
      "lat": 11.285,
      "lng": 123.722222
    },
    {
      "cityName": "Tawagan",
      "lat": 10.273333,
      "lng": 123.755833
    },
    {
      "cityName": "Taytayan",
      "lat": 10.870833,
      "lng": 123.975278
    },
    {
      "cityName": "Tayum",
      "lat": 10.089722,
      "lng": 123.678333
    },
    {
      "cityName": "Tigbao",
      "lat": 9.860833,
      "lng": 123.474444
    },
    {
      "cityName": "Tiguib",
      "lat": 10.066667,
      "lng": 123.6
    },
    {
      "cityName": "Tijib",
      "lat": 10.957222,
      "lng": 123.959722
    },
    {
      "cityName": "Tilhaong",
      "lat": 10.396111,
      "lng": 123.965556
    },
    {
      "cityName": "Tina-an",
      "lat": 10.198611,
      "lng": 123.749167
    },
    {
      "cityName": "Tinaan",
      "lat": 11.266667,
      "lng": 123.75
    },
    {
      "cityName": "Tindog Norte",
      "lat": 11.123611,
      "lng": 124.011944
    },
    {
      "cityName": "Tingo",
      "lat": 10.283333,
      "lng": 124.066667
    },
    {
      "cityName": "Tinubdan",
      "lat": 11.185556,
      "lng": 124.008333
    },
    {
      "cityName": "Tolosa",
      "lat": 9.673056,
      "lng": 123.338611
    },
    {
      "cityName": "Tolotolo",
      "lat": 10.398611,
      "lng": 123.940556
    },
    {
      "cityName": "Tominhao",
      "lat": 10.733333,
      "lng": 123.866667
    },
    {
      "cityName": "Tominjao",
      "lat": 11.227778,
      "lng": 124.044444
    },
    {
      "cityName": "Tomonoy",
      "lat": 9.925556,
      "lng": 123.401667
    },
    {
      "cityName": "To-ong",
      "lat": 11.019722,
      "lng": 123.9375
    },
    {
      "cityName": "Trigup",
      "lat": 9.699167,
      "lng": 123.415278
    },
    {
      "cityName": "Tubig",
      "lat": 9.711111,
      "lng": 123.345278
    },
    {
      "cityName": "Tuble",
      "lat": 10.011389,
      "lng": 123.581667
    },
    {
      "cityName": "Tubod-Dugoan",
      "lat": 10.043333,
      "lng": 123.498056
    },
    {
      "cityName": "Tubod",
      "lat": 9.983333,
      "lng": 123.583333
    },
    {
      "cityName": "Tubongan",
      "lat": 10.37,
      "lng": 123.964444
    },
    {
      "cityName": "Tuboran",
      "lat": 10.783333,
      "lng": 124.533333
    },
    {
      "cityName": "Tubud",
      "lat": 10.133333,
      "lng": 123.566667
    },
    {
      "cityName": "Tuburan",
      "lat": 10.728056,
      "lng": 123.826111
    },
    {
      "cityName": "Tudela",
      "lat": 10.637778,
      "lng": 124.474444
    },
    {
      "cityName": "Tulang",
      "lat": 9.929722,
      "lng": 123.512222
    },
    {
      "cityName": "Tulay",
      "lat": 10.251389,
      "lng": 123.583611
    },
    {
      "cityName": "Tulic",
      "lat": 9.866667,
      "lng": 123.583333
    },
    {
      "cityName": "Tunga",
      "lat": 9.7,
      "lng": 123.383333
    },
    {
      "cityName": "Tunghaan",
      "lat": 10.25,
      "lng": 123.783333
    },
    {
      "cityName": "Tungkop",
      "lat": 10.241944,
      "lng": 123.788056
    },
    {
      "cityName": "Tunlub",
      "lat": 10.65,
      "lng": 123.833333
    },
    {
      "cityName": "Tutan",
      "lat": 10.231667,
      "lng": 123.761944
    },
    {
      "cityName": "Tuyokon",
      "lat": 10.15,
      "lng": 123.566667
    },
    {
      "cityName": "Ubagon",
      "lat": 10.556944,
      "lng": 123.781667
    },
    {
      "cityName": "Unidos",
      "lat": 10.6,
      "lng": 124.316667
    },
    {
      "cityName": "Union",
      "lat": 10.669722,
      "lng": 124.325
    },
    {
      "cityName": "Valencia",
      "lat": 9.738611,
      "lng": 123.405556
    },
    {
      "cityName": "Valladolid",
      "lat": 10.108333,
      "lng": 123.661389
    },
    {
      "cityName": "Victoria",
      "lat": 10.966667,
      "lng": 123.916667
    },
    {
      "cityName": "Villahemosa",
      "lat": 10.678056,
      "lng": 124.510833
    },
    {
      "cityName": "Vito",
      "lat": 10.15,
      "lng": 123.55
    },
    {
      "cityName": "Vive",
      "lat": 9.983333,
      "lng": 123.45
    },
    {
      "cityName": "Waga",
      "lat": 11.348889,
      "lng": 123.895
    },
    {
      "cityName": "Yate",
      "lat": 10.396111,
      "lng": 123.9725
    },
    {
      "cityName": "Zaragosa",
      "lat": 10.161667,
      "lng": 123.585556
    }
  ]
}