{
  "name": "Rizal",
  "cities": [
    {
      "cityName": "Agumbayan Subdivision",
      "lat": 14.608056,
      "lng": 121.08
    },
    {
      "cityName": "Airport Village",
      "lat": 14.5084,
      "lng": 121.0067
    },
    {
      "cityName": "Alabang",
      "lat": 14.416944,
      "lng": 121.048333
    },
    {
      "cityName": "Alabang Hills Village",
      "lat": 14.435,
      "lng": 121.034722
    },
    {
      "cityName": "Almanza",
      "lat": 14.483333,
      "lng": 120.983333
    },
    {
      "cityName": "Amihanan",
      "lat": 14.421944,
      "lng": 121.224722
    },
    {
      "cityName": "Amitty Ville",
      "lat": 14.745278,
      "lng": 121.131111
    },
    {
      "cityName": "Ampid",
      "lat": 14.6819,
      "lng": 121.1233
    },
    {
      "cityName": "Ampid II",
      "lat": 14.6866,
      "lng": 121.1151
    },
    {
      "cityName": "Angono",
      "lat": 14.5266,
      "lng": 121.1536
    },
    {
      "cityName": "Baclaran",
      "lat": 14.531944,
      "lng": 120.994167
    },
    {
      "cityName": "Bago Bantay",
      "lat": 14.6625,
      "lng": 121.04
    },
    {
      "cityName": "Bagombong",
      "lat": 14.342222,
      "lng": 121.3775
    },
    {
      "cityName": "Bagongbayan",
      "lat": 14.521111,
      "lng": 121.152222
    },
    {
      "cityName": "Bagong Katipunan",
      "lat": 14.55,
      "lng": 121.066667
    },
    {
      "cityName": "Bagumbayan",
      "lat": 14.483056,
      "lng": 121.060833
    },
    {
      "cityName": "Balatic",
      "lat": 14.488333,
      "lng": 121.200278
    },
    {
      "cityName": "Balibago",
      "lat": 14.326944,
      "lng": 121.240556
    },
    {
      "cityName": "Balite",
      "lat": 14.7349,
      "lng": 121.1474
    },
    {
      "cityName": "Banaba",
      "lat": 14.306389,
      "lng": 121.240278
    },
    {
      "cityName": "Bancal",
      "lat": 14.566667,
      "lng": 121.033333
    },
    {
      "cityName": "Bangad",
      "lat": 14.362778,
      "lng": 121.221111
    },
    {
      "cityName": "Baras",
      "lat": 14.521667,
      "lng": 121.266667
    },
    {
      "cityName": "Bayanan",
      "lat": 14.407778,
      "lng": 121.05
    },
    {
      "cityName": "Bayanbayanan",
      "lat": 14.65,
      "lng": 121.1
    },
    {
      "cityName": "Bayansubay",
      "lat": 14.403611,
      "lng": 121.227222
    },
    {
      "cityName": "Bayugo",
      "lat": 14.325833,
      "lng": 121.307222
    },
    {
      "cityName": "Bel-Air Two",
      "lat": 14.566667,
      "lng": 121.016667
    },
    {
      "cityName": "Bilibiran",
      "lat": 14.5,
      "lng": 121.178
    },
    {
      "cityName": "Binangonan",
      "lat": 14.465556,
      "lng": 121.191944
    },
    {
      "cityName": "Binitagan",
      "lat": 14.312222,
      "lng": 121.226389
    },
    {
      "cityName": "Bombongan",
      "lat": 14.507,
      "lng": 121.2192
    },
    {
      "cityName": "Bombong",
      "lat": 14.393056,
      "lng": 121.222778
    },
    {
      "cityName": "Boor",
      "lat": 14.3625,
      "lng": 121.238056
    },
    {
      "cityName": "Buen Mar Subdivision",
      "lat": 14.615,
      "lng": 121.085278
    },
    {
      "cityName": "Buhangin",
      "lat": 14.353333,
      "lng": 121.218333
    },
    {
      "cityName": "Bukal",
      "lat": 14.538611,
      "lng": 121.385
    },
    {
      "cityName": "Bulao",
      "lat": 14.598611,
      "lng": 121.134444
    },
    {
      "cityName": "Bule",
      "lat": 14.4425,
      "lng": 121.045556
    },
    {
      "cityName": "Bunot",
      "lat": 14.45,
      "lng": 121.216667
    },
    {
      "cityName": "Buntong",
      "lat": 14.658056,
      "lng": 121.1325
    },
    {
      "cityName": "Burgos",
      "lat": 14.7193,
      "lng": 121.1413
    },
    {
      "cityName": "Buting",
      "lat": 14.5525,
      "lng": 121.067778
    },
    {
      "cityName": "Cainta",
      "lat": 14.5786,
      "lng": 121.1222
    },
    {
      "cityName": "Calahan",
      "lat": 14.493333,
      "lng": 121.235556
    },
    {
      "cityName": "Calero",
      "lat": 14.5359,
      "lng": 121.2481
    },
    {
      "cityName": "Calubacan",
      "lat": 14.396667,
      "lng": 121.234722
    },
    {
      "cityName": "Calumpang",
      "lat": 14.473333,
      "lng": 121.189167
    },
    {
      "cityName": "Calumpang Santo Cristo",
      "lat": 14.5587,
      "lng": 121.2068
    },
    {
      "cityName": "Cambal",
      "lat": 14.683333,
      "lng": 121.116667
    },
    {
      "cityName": "Cardona",
      "lat": 14.486389,
      "lng": 121.229444
    },
    {
      "cityName": "Central Tayuman",
      "lat": 14.514,
      "lng": 121.1673
    },
    {
      "cityName": "Cueva de Taibac",
      "lat": 14.6,
      "lng": 121.216667
    },
    {
      "cityName": "Culiculi",
      "lat": 14.55,
      "lng": 121.016667
    },
    {
      "cityName": "Cupang",
      "lat": 14.431389,
      "lng": 121.048611
    },
    {
      "cityName": "Dalig",
      "lat": 14.480556,
      "lng": 121.233611
    },
    {
      "cityName": "Damasanan",
      "lat": 14.583333,
      "lng": 121.4
    },
    {
      "cityName": "Daraitan",
      "lat": 14.616667,
      "lng": 121.4
    },
    {
      "cityName": "Darangan",
      "lat": 14.489722,
      "lng": 121.184167
    },
    {
      "cityName": "Dayap",
      "lat": 14.6,
      "lng": 121.1
    },
    {
      "cityName": "De Castro Subdivision",
      "lat": 14.585,
      "lng": 121.096944
    },
    {
      "cityName": "Del Remedio",
      "lat": 14.4925,
      "lng": 121.223889
    },
    {
      "cityName": "Dolores",
      "lat": 14.5703,
      "lng": 121.1472
    },
    {
      "cityName": "Dona Betang Subdivision",
      "lat": 14.6225,
      "lng": 121.086389
    },
    {
      "cityName": "Dongalo",
      "lat": 14.515833,
      "lng": 120.994167
    },
    {
      "cityName": "Dulong Bayan",
      "lat": 14.545833,
      "lng": 121.206111
    },
    {
      "cityName": "Dulong Bayan I",
      "lat": 14.7036,
      "lng": 121.1275
    },
    {
      "cityName": "Dulong Bayan II",
      "lat": 14.701,
      "lng": 121.1275
    },
    {
      "cityName": "Dulumbayan",
      "lat": 14.5525,
      "lng": 121.1995
    },
    {
      "cityName": "East Rembo",
      "lat": 14.5539,
      "lng": 121.0605
    },
    {
      "cityName": "Ebaiu",
      "lat": 14.506944,
      "lng": 120.994722
    },
    {
      "cityName": "Gamutan",
      "lat": 14.376389,
      "lng": 121.235278
    },
    {
      "cityName": "General Geronimo",
      "lat": 14.7347,
      "lng": 121.1514
    },
    {
      "cityName": "Ginoong Sanay",
      "lat": 14.319722,
      "lng": 121.225278
    },
    {
      "cityName": "Gitnang Bayan I",
      "lat": 14.6923,
      "lng": 121.1258
    },
    {
      "cityName": "Gitnang Bayan II",
      "lat": 14.689,
      "lng": 121.1263
    },
    {
      "cityName": "Gloria Vista",
      "lat": 14.721111,
      "lng": 121.155556
    },
    {
      "cityName": "Guinayang",
      "lat": 14.7107,
      "lng": 121.1344
    },
    {
      "cityName": "Gulod",
      "lat": 14.349167,
      "lng": 121.217222
    },
    {
      "cityName": "Gulod Malaya",
      "lat": 14.6757,
      "lng": 121.1304
    },
    {
      "cityName": "Gumising Ka Bayan",
      "lat": 14.466667,
      "lng": 121.183333
    },
    {
      "cityName": "Gupiing",
      "lat": 14.454167,
      "lng": 121.2
    },
    {
      "cityName": "Hacienda",
      "lat": 14.8,
      "lng": 121.15
    },
    {
      "cityName": "Halayhayin",
      "lat": 14.483333,
      "lng": 121.3
    },
    {
      "cityName": "Hantag",
      "lat": 14.783333,
      "lng": 121.216667
    },
    {
      "cityName": "Ibabao",
      "lat": 14.543056,
      "lng": 121.347778
    },
    {
      "cityName": "Ithan",
      "lat": 14.433889,
      "lng": 121.213056
    },
    {
      "cityName": "Jalajala",
      "lat": 14.3525,
      "lng": 121.323056
    },
    {
      "cityName": "Janosa",
      "lat": 14.350556,
      "lng": 121.218056
    },
    {
      "cityName": "Kabilang-Tabi",
      "lat": 14.429167,
      "lng": 121.211111
    },
    {
      "cityName": "Kalawaan",
      "lat": 14.485278,
      "lng": 121.186944
    },
    {
      "cityName": "Kalayaan",
      "lat": 14.5357,
      "lng": 121.1445
    },
    {
      "cityName": "Kalinawaan",
      "lat": 14.426944,
      "lng": 121.209167
    },
    {
      "cityName": "Kasih",
      "lat": 14.4,
      "lng": 121.2225
    },
    {
      "cityName": "Kaypita",
      "lat": 14.376667,
      "lng": 121.221667
    },
    {
      "cityName": "Kayropa",
      "lat": 14.709167,
      "lng": 121.199167
    },
    {
      "cityName": "Kaysakat",
      "lat": 14.673333,
      "lng": 121.242778
    },
    {
      "cityName": "Kay Ticulio",
      "lat": 14.483333,
      "lng": 121.216667
    },
    {
      "cityName": "Kaytome",
      "lat": 14.346667,
      "lng": 121.226389
    },
    {
      "cityName": "Kinabogan",
      "lat": 14.370278,
      "lng": 121.221667
    },
    {
      "cityName": "Kinagatan",
      "lat": 14.386667,
      "lng": 121.221944
    },
    {
      "cityName": "Kuhala",
      "lat": 14.483333,
      "lng": 121.233333
    },
    {
      "cityName": "Kuyambay",
      "lat": 14.616667,
      "lng": 121.366667
    },
    {
      "cityName": "Labahan",
      "lat": 14.655,
      "lng": 121.141667
    },
    {
      "cityName": "Lagundi",
      "lat": 14.536944,
      "lng": 121.251111
    },
    {
      "cityName": "La Loma",
      "lat": 14.622778,
      "lng": 121.003889
    },
    {
      "cityName": "Lambac",
      "lat": 14.347222,
      "lng": 121.241667
    },
    {
      "cityName": "Langhaya",
      "lat": 14.625833,
      "lng": 121.179167
    },
    {
      "cityName": "Langus",
      "lat": 14.339167,
      "lng": 121.481667
    },
    {
      "cityName": "Las Piñas",
      "lat": 14.450556,
      "lng": 120.982778
    },
    {
      "cityName": "Leyban",
      "lat": 14.600556,
      "lng": 121.407778
    },
    {
      "cityName": "Lianos",
      "lat": 14.313333,
      "lng": 121.306111
    },
    {
      "cityName": "Libid",
      "lat": 14.463611,
      "lng": 121.195278
    },
    {
      "cityName": "Limbon-Limbon",
      "lat": 14.441389,
      "lng": 121.206667
    },
    {
      "cityName": "Loabao",
      "lat": 14.76,
      "lng": 121.184722
    },
    {
      "cityName": "Looc",
      "lat": 14.478889,
      "lng": 121.225
    },
    {
      "cityName": "Lumbangan",
      "lat": 14.670278,
      "lng": 121.190278
    },
    {
      "cityName": "Lunsad",
      "lat": 14.46,
      "lng": 121.196111
    },
    {
      "cityName": "Maagay",
      "lat": 14.619444,
      "lng": 121.185278
    },
    {
      "cityName": "Maarat",
      "lat": 14.680278,
      "lng": 121.163056
    },
    {
      "cityName": "Mabato",
      "lat": 14.5003,
      "lng": 121.1881
    },
    {
      "cityName": "Macabud",
      "lat": 14.736944,
      "lng": 121.129167
    },
    {
      "cityName": "Magtangol",
      "lat": 14.5466,
      "lng": 121.0694
    },
    {
      "cityName": "Mahabang Parang",
      "lat": 14.5503,
      "lng": 121.1884
    },
    {
      "cityName": "Malabon",
      "lat": 14.673333,
      "lng": 120.939722
    },
    {
      "cityName": "Malacaban",
      "lat": 14.33,
      "lng": 121.222222
    },
    {
      "cityName": "Malamgam",
      "lat": 14.3875,
      "lng": 121.234167
    },
    {
      "cityName": "Malanday",
      "lat": 14.7069,
      "lng": 121.1306
    },
    {
      "cityName": "Malangam",
      "lat": 14.383333,
      "lng": 121.233333
    },
    {
      "cityName": "Malapadnabato",
      "lat": 14.557778,
      "lng": 121.056389
    },
    {
      "cityName": "Malapandan",
      "lat": 14.591,
      "lng": 121.1297
    },
    {
      "cityName": "Malatiqui",
      "lat": 14.49,
      "lng": 121.427222
    },
    {
      "cityName": "Malaya",
      "lat": 14.398333,
      "lng": 121.339722
    },
    {
      "cityName": "Maly",
      "lat": 14.7147,
      "lng": 121.1388
    },
    {
      "cityName": "Mambog",
      "lat": 14.488889,
      "lng": 121.213611
    },
    {
      "cityName": "Mamuyao",
      "lat": 14.666667,
      "lng": 121.366667
    },
    {
      "cityName": "Mangahan",
      "lat": 14.7288,
      "lng": 121.1426
    },
    {
      "cityName": "Manotok Subdivision",
      "lat": 14.643056,
      "lng": 121.095833
    },
    {
      "cityName": "Maria Soledad Subdivision Number 3",
      "lat": 14.617778,
      "lng": 121.082778
    },
    {
      "cityName": "Marikina Valley Subdivision",
      "lat": 14.646667,
      "lng": 121.096389
    },
    {
      "cityName": "Masilang",
      "lat": 14.561111,
      "lng": 121.051667
    },
    {
      "cityName": "Maybancal",
      "lat": 14.5249,
      "lng": 121.2299
    },
    {
      "cityName": "May-iba",
      "lat": 14.5614,
      "lng": 121.2103
    },
    {
      "cityName": "Montalban",
      "lat": 14.7314,
      "lng": 121.1417
    },
    {
      "cityName": "Morong",
      "lat": 14.5115,
      "lng": 121.2393
    },
    {
      "cityName": "Muntinglupa",
      "lat": 14.390278,
      "lng": 121.0475
    },
    {
      "cityName": "Muzon",
      "lat": 14.5418,
      "lng": 121.148
    },
    {
      "cityName": "Nabotas",
      "lat": 14.417222,
      "lng": 121.225833
    },
    {
      "cityName": "Naglabas",
      "lat": 14.302222,
      "lng": 121.326667
    },
    {
      "cityName": "Nagsulo",
      "lat": 14.435,
      "lng": 121.220556
    },
    {
      "cityName": "Neojon",
      "lat": 14.516667,
      "lng": 121.25
    },
    {
      "cityName": "Niyogan",
      "lat": 14.4,
      "lng": 121.333333
    },
    {
      "cityName": "Ogongo",
      "lat": 14.583333,
      "lng": 121.083333
    },
    {
      "cityName": "Palanas",
      "lat": 14.583333,
      "lng": 121.033333
    },
    {
      "cityName": "Palangoy",
      "lat": 14.492778,
      "lng": 121.183611
    },
    {
      "cityName": "Palatiw",
      "lat": 14.5622,
      "lng": 121.0957
    },
    {
      "cityName": "Palay",
      "lat": 14.655556,
      "lng": 121.138333
    },
    {
      "cityName": "Pamtok",
      "lat": 14.490278,
      "lng": 121.186111
    },
    {
      "cityName": "Pantay",
      "lat": 14.561111,
      "lng": 121.23
    },
    {
      "cityName": "Parañaque",
      "lat": 14.509444,
      "lng": 120.993056
    },
    {
      "cityName": "Patiis",
      "lat": 14.702778,
      "lng": 121.144444
    },
    {
      "cityName": "Patunhay",
      "lat": 14.49,
      "lng": 121.235556
    },
    {
      "cityName": "Pila",
      "lat": 14.449167,
      "lng": 121.205278
    },
    {
      "cityName": "Pildira",
      "lat": 14.516667,
      "lng": 121
    },
    {
      "cityName": "Pililla",
      "lat": 14.482222,
      "lng": 121.305556
    },
    {
      "cityName": "Pinagdilawan",
      "lat": 14.327778,
      "lng": 121.224722
    },
    {
      "cityName": "Pinugay",
      "lat": 14.595,
      "lng": 121.258056
    },
    {
      "cityName": "Pipindan",
      "lat": 14.420278,
      "lng": 121.212222
    },
    {
      "cityName": "Poblacion Ibaba",
      "lat": 14.521944,
      "lng": 121.144444
    },
    {
      "cityName": "Poblacion Itaas",
      "lat": 14.5251,
      "lng": 121.1559
    },
    {
      "cityName": "Poblacion",
      "lat": 14.5592,
      "lng": 121.2014
    },
    {
      "cityName": "Posadas Village",
      "lat": 14.466389,
      "lng": 121.045833
    },
    {
      "cityName": "Prenza",
      "lat": 14.5434,
      "lng": 121.205
    },
    {
      "cityName": "Provident Villages",
      "lat": 14.634167,
      "lng": 121.089722
    },
    {
      "cityName": "Pugad",
      "lat": 14.416667,
      "lng": 121.216667
    },
    {
      "cityName": "Pukpukan",
      "lat": 14.481667,
      "lng": 121.189444
    },
    {
      "cityName": "Pulanglupa",
      "lat": 14.475,
      "lng": 120.980278
    },
    {
      "cityName": "Pulong Ithan",
      "lat": 14.434444,
      "lng": 121.210556
    },
    {
      "cityName": "Pulo",
      "lat": 14.565556,
      "lng": 121.086389
    },
    {
      "cityName": "Punta",
      "lat": 14.294167,
      "lng": 121.308611
    },
    {
      "cityName": "Putakte",
      "lat": 14.730556,
      "lng": 121.169444
    },
    {
      "cityName": "Putatan",
      "lat": 14.398611,
      "lng": 121.050278
    },
    {
      "cityName": "Quisao",
      "lat": 14.433611,
      "lng": 121.336667
    },
    {
      "cityName": "Real",
      "lat": 14.484444,
      "lng": 121.228333
    },
    {
      "cityName": "Rosario",
      "lat": 14.7323,
      "lng": 121.1358
    },
    {
      "cityName": "Sagbat",
      "lat": 14.5272,
      "lng": 121.245
    },
    {
      "cityName": "Sampad",
      "lat": 14.449444,
      "lng": 121.221389
    },
    {
      "cityName": "Sampaloc",
      "lat": 14.557778,
      "lng": 121.346111
    },
    {
      "cityName": "San Agustin",
      "lat": 14.5618,
      "lng": 121.101
    },
    {
      "cityName": "San Andres",
      "lat": 14.574167,
      "lng": 121.109722
    },
    {
      "cityName": "San An",
      "lat": 14.569722,
      "lng": 121.113333
    },
    {
      "cityName": "Sandalan",
      "lat": 14.633056,
      "lng": 121.332778
    },
    {
      "cityName": "San Diego",
      "lat": 14.416667,
      "lng": 121.333333
    },
    {
      "cityName": "San Dionisio",
      "lat": 14.491944,
      "lng": 120.988333
    },
    {
      "cityName": "San Gabriel",
      "lat": 14.5538,
      "lng": 121.2155
    },
    {
      "cityName": "San Guillermo",
      "lat": 14.466667,
      "lng": 121.2
    },
    {
      "cityName": "San Jose",
      "lat": 14.5172,
      "lng": 121.2362
    },
    {
      "cityName": "San Juan Resettlement Housing Project",
      "lat": 14.5425,
      "lng": 121.1086
    },
    {
      "cityName": "San Juan",
      "lat": 14.5126,
      "lng": 121.241
    },
    {
      "cityName": "San Mateo",
      "lat": 14.6982,
      "lng": 121.1236
    },
    {
      "cityName": "San Miguel",
      "lat": 14.5646,
      "lng": 121.0954
    },
    {
      "cityName": "San Pedro",
      "lat": 14.5221,
      "lng": 121.1525
    },
    {
      "cityName": "San Rafael",
      "lat": 14.7214,
      "lng": 121.1569
    },
    {
      "cityName": "San Roque",
      "lat": 14.486667,
      "lng": 121.233333
    },
    {
      "cityName": "Santa Ana",
      "lat": 14.5697,
      "lng": 121.1292
    },
    {
      "cityName": "Santa Ines",
      "lat": 14.725278,
      "lng": 121.327778
    },
    {
      "cityName": "Santa Rosa",
      "lat": 14.5768,
      "lng": 121.1222
    },
    {
      "cityName": "Santo Niño",
      "lat": 14.5283,
      "lng": 121.1501
    },
    {
      "cityName": "Santo Rosario Kanluran",
      "lat": 14.5492,
      "lng": 121.0696
    },
    {
      "cityName": "San Vicente",
      "lat": 14.5246,
      "lng": 121.1458
    },
    {
      "cityName": "Sapang",
      "lat": 14.337778,
      "lng": 121.218611
    },
    {
      "cityName": "Silangan",
      "lat": 14.6554,
      "lng": 121.1387
    },
    {
      "cityName": "Sitio Mata",
      "lat": 14.546667,
      "lng": 121.191667
    },
    {
      "cityName": "Sucat",
      "lat": 14.463056,
      "lng": 121.054722
    },
    {
      "cityName": "Tabacalera",
      "lat": 14.5478,
      "lng": 121.0697
    },
    {
      "cityName": "Tabon",
      "lat": 14.308056,
      "lng": 121.231944
    },
    {
      "cityName": "Tagbac",
      "lat": 14.577778,
      "lng": 121.190833
    },
    {
      "cityName": "Tagpos",
      "lat": 14.5122,
      "lng": 121.1682
    },
    {
      "cityName": "Talampas",
      "lat": 14.436389,
      "lng": 121.209444
    },
    {
      "cityName": "Talim",
      "lat": 14.294444,
      "lng": 121.238889
    },
    {
      "cityName": "Tambo",
      "lat": 14.52,
      "lng": 120.992222
    },
    {
      "cityName": "Tanay",
      "lat": 14.497222,
      "lng": 121.286389
    },
    {
      "cityName": "Tatala",
      "lat": 14.4825,
      "lng": 121.205833
    },
    {
      "cityName": "Taytay",
      "lat": 14.5678,
      "lng": 121.1394
    },
    {
      "cityName": "Tayug",
      "lat": 14.624167,
      "lng": 121.0875
    },
    {
      "cityName": "Teresa",
      "lat": 14.5612,
      "lng": 121.2195
    },
    {
      "cityName": "Ticulio",
      "lat": 14.417222,
      "lng": 121.215833
    },
    {
      "cityName": "Tilagaan",
      "lat": 14.668333,
      "lng": 121.139722
    },
    {
      "cityName": "Timukan",
      "lat": 14.666667,
      "lng": 121.35
    },
    {
      "cityName": "Tnagaan",
      "lat": 14.675,
      "lng": 121.135278
    },
    {
      "cityName": "Tunasancillo",
      "lat": 14.379167,
      "lng": 121.0525
    },
    {
      "cityName": "Tuna",
      "lat": 14.332222,
      "lng": 121.244167
    },
    {
      "cityName": "Valenzuela",
      "lat": 14.7,
      "lng": 120.966667
    },
    {
      "cityName": "Wawa",
      "lat": 14.463611,
      "lng": 121.191944
    },
    {
      "cityName": "Zapote",
      "lat": 14.472778,
      "lng": 120.975278
    },
    {
      "cityName": "Zaragoza",
      "lat": 14.733333,
      "lng": 121.166667
    }
  ]
}