{
  "name": "Surigao del Norte",
  "cities": [
    {
      "cityName": "Agata",
      "lat": 9.666667,
      "lng": 125.4
    },
    {
      "cityName": "Alang-Alang",
      "lat": 9.787778,
      "lng": 125.434722
    },
    {
      "cityName": "Alegria",
      "lat": 9.466944,
      "lng": 125.577222
    },
    {
      "cityName": "Algeria",
      "lat": 10.055278,
      "lng": 126.068889
    },
    {
      "cityName": "Alipao",
      "lat": 9.499722,
      "lng": 125.5825
    },
    {
      "cityName": "Amontay",
      "lat": 9.708889,
      "lng": 125.398889
    },
    {
      "cityName": "Amoslog",
      "lat": 9.6375,
      "lng": 125.6
    },
    {
      "cityName": "Anaaon",
      "lat": 9.776944,
      "lng": 125.424722
    },
    {
      "cityName": "Anislagan",
      "lat": 9.616944,
      "lng": 125.545833
    },
    {
      "cityName": "Antipolo",
      "lat": 9.814444,
      "lng": 126.013611
    },
    {
      "cityName": "Araya",
      "lat": 9.8,
      "lng": 125.45
    },
    {
      "cityName": "Arellano",
      "lat": 10.15,
      "lng": 125.5
    },
    {
      "cityName": "Bacnag",
      "lat": 9.608056,
      "lng": 125.638889
    },
    {
      "cityName": "Bacud",
      "lat": 9.774167,
      "lng": 125.4725
    },
    {
      "cityName": "Bad-ang",
      "lat": 9.635278,
      "lng": 125.919722
    },
    {
      "cityName": "Badas",
      "lat": 9.632778,
      "lng": 125.570833
    },
    {
      "cityName": "Bagto",
      "lat": 9.216944,
      "lng": 125.566111
    },
    {
      "cityName": "Bailan",
      "lat": 9.983889,
      "lng": 126.057222
    },
    {
      "cityName": "Balete",
      "lat": 9.736111,
      "lng": 125.401944
    },
    {
      "cityName": "Balibayan",
      "lat": 9.687778,
      "lng": 125.656389
    },
    {
      "cityName": "Balibayon",
      "lat": 9.589444,
      "lng": 125.653333
    },
    {
      "cityName": "Bamban",
      "lat": 9.688611,
      "lng": 125.593056
    },
    {
      "cityName": "Banbanon",
      "lat": 9.760556,
      "lng": 125.4075
    },
    {
      "cityName": "Basilisa",
      "lat": 10,
      "lng": 125.5
    },
    {
      "cityName": "Baybay",
      "lat": 10.046944,
      "lng": 126.069722
    },
    {
      "cityName": "Bayogo",
      "lat": 9.516667,
      "lng": 125.483333
    },
    {
      "cityName": "Bilanbilan",
      "lat": 9.783333,
      "lng": 125.5
    },
    {
      "cityName": "Bilibayon",
      "lat": 9.771389,
      "lng": 125.461389
    },
    {
      "cityName": "Binorhan",
      "lat": 9.790556,
      "lng": 125.449722
    },
    {
      "cityName": "Bioborhan",
      "lat": 9.690833,
      "lng": 125.398611
    },
    {
      "cityName": "Bito-on",
      "lat": 9.790278,
      "lng": 126.010556
    },
    {
      "cityName": "Boa",
      "lat": 10.1,
      "lng": 125.681944
    },
    {
      "cityName": "Bolibayon",
      "lat": 9.651944,
      "lng": 125.393333
    },
    {
      "cityName": "Bonot",
      "lat": 9.551389,
      "lng": 125.6675
    },
    {
      "cityName": "Boy-ay",
      "lat": 9.790278,
      "lng": 126.035833
    },
    {
      "cityName": "Boyo-boyo",
      "lat": 9.775278,
      "lng": 126.024167
    },
    {
      "cityName": "Boyungan",
      "lat": 9.607778,
      "lng": 125.566389
    },
    {
      "cityName": "Buenavista",
      "lat": 9.866667,
      "lng": 125.55
    },
    {
      "cityName": "Bugas-Bugas",
      "lat": 9.647222,
      "lng": 125.545556
    },
    {
      "cityName": "Buhing Calipay",
      "lat": 9.975556,
      "lng": 126.091389
    },
    {
      "cityName": "Bulawan",
      "lat": 10,
      "lng": 125.583333
    },
    {
      "cityName": "Buñason",
      "lat": 9.583611,
      "lng": 125.411944
    },
    {
      "cityName": "Bunoatungan",
      "lat": 9.631667,
      "lng": 125.616944
    },
    {
      "cityName": "Burgos",
      "lat": 10.018056,
      "lng": 126.074444
    },
    {
      "cityName": "Buyo",
      "lat": 10.337778,
      "lng": 125.584722
    },
    {
      "cityName": "Cabalawan",
      "lat": 9.794167,
      "lng": 126.121667
    },
    {
      "cityName": "Cabitoonan",
      "lat": 9.816667,
      "lng": 126.15
    },
    {
      "cityName": "Cabonga-an",
      "lat": 9.922778,
      "lng": 125.6575
    },
    {
      "cityName": "Cabugao",
      "lat": 9.581389,
      "lng": 125.654722
    },
    {
      "cityName": "Cabugo",
      "lat": 9.5475,
      "lng": 125.765833
    },
    {
      "cityName": "Cabuntog",
      "lat": 9.784167,
      "lng": 126.158889
    },
    {
      "cityName": "Cacub",
      "lat": 9.8,
      "lng": 125.983333
    },
    {
      "cityName": "Cadayanao",
      "lat": 9.921111,
      "lng": 125.669167
    },
    {
      "cityName": "Cadiwan",
      "lat": 9.607222,
      "lng": 125.405833
    },
    {
      "cityName": "Cagmug",
      "lat": 9.766667,
      "lng": 125.516667
    },
    {
      "cityName": "Cagtina-e",
      "lat": 9.637778,
      "lng": 125.396667
    },
    {
      "cityName": "Cagtopoy",
      "lat": 9.531944,
      "lng": 125.429167
    },
    {
      "cityName": "Calver",
      "lat": 9.5725,
      "lng": 125.733056
    },
    {
      "cityName": "Camban-og",
      "lat": 9.583056,
      "lng": 125.691389
    },
    {
      "cityName": "Cambas-ac",
      "lat": 9.749722,
      "lng": 126.0325
    },
    {
      "cityName": "Cambinlio",
      "lat": 10.3675,
      "lng": 125.599444
    },
    {
      "cityName": "Camiligan",
      "lat": 9.766111,
      "lng": 126.0425
    },
    {
      "cityName": "Campo",
      "lat": 9.583889,
      "lng": 125.632222
    },
    {
      "cityName": "Candi-is",
      "lat": 9.494722,
      "lng": 125.582222
    },
    {
      "cityName": "Canitlog",
      "lat": 9.526944,
      "lng": 125.4725
    },
    {
      "cityName": "Cansayong",
      "lat": 9.567222,
      "lng": 125.418333
    },
    {
      "cityName": "Cantapoy",
      "lat": 9.490556,
      "lng": 125.436389
    },
    {
      "cityName": "Capalayan",
      "lat": 9.740556,
      "lng": 125.544444
    },
    {
      "cityName": "Capangdan",
      "lat": 9.5,
      "lng": 125.7
    },
    {
      "cityName": "Capayahan",
      "lat": 9.5825,
      "lng": 125.559167
    },
    {
      "cityName": "Caridad",
      "lat": 9.896944,
      "lng": 126.110833
    },
    {
      "cityName": "Catagnan",
      "lat": 9.8,
      "lng": 126.15
    },
    {
      "cityName": "Cawilan",
      "lat": 9.7,
      "lng": 125.583333
    },
    {
      "cityName": "Cayawan",
      "lat": 9.598889,
      "lng": 125.407778
    },
    {
      "cityName": "Cogtong",
      "lat": 9.597778,
      "lng": 125.649722
    },
    {
      "cityName": "Consolacion",
      "lat": 9.690278,
      "lng": 126.007222
    },
    {
      "cityName": "Consuelo",
      "lat": 9.7975,
      "lng": 126.106944
    },
    {
      "cityName": "Dacuman",
      "lat": 9.8075,
      "lng": 125.445833
    },
    {
      "cityName": "Danaon",
      "lat": 9.916667,
      "lng": 125.5
    },
    {
      "cityName": "Dapa",
      "lat": 9.759444,
      "lng": 126.053056
    },
    {
      "cityName": "Dayasan",
      "lat": 9.554722,
      "lng": 125.657222
    },
    {
      "cityName": "Dayhangan",
      "lat": 10.183333,
      "lng": 125.516667
    },
    {
      "cityName": "Daywan",
      "lat": 9.556389,
      "lng": 125.719167
    },
    {
      "cityName": "Del Carmen",
      "lat": 9.869444,
      "lng": 125.969722
    },
    {
      "cityName": "Del Pilar",
      "lat": 9.995278,
      "lng": 125.675
    },
    {
      "cityName": "Dinagat",
      "lat": 9.956111,
      "lng": 125.593333
    },
    {
      "cityName": "Dinalingan",
      "lat": 9.518333,
      "lng": 125.431944
    },
    {
      "cityName": "Doot",
      "lat": 9.783333,
      "lng": 125.483333
    },
    {
      "cityName": "Dugosongan",
      "lat": 9.656389,
      "lng": 125.557222
    },
    {
      "cityName": "Dugsangon",
      "lat": 9.569167,
      "lng": 125.633056
    },
    {
      "cityName": "Ectortopos",
      "lat": 10.4,
      "lng": 125.6
    },
    {
      "cityName": "Esperanza",
      "lat": 9.865,
      "lng": 126.013056
    },
    {
      "cityName": "Falana",
      "lat": 10.166111,
      "lng": 125.659722
    },
    {
      "cityName": "General Luna",
      "lat": 10.2825,
      "lng": 125.586111
    },
    {
      "cityName": "Gibusong",
      "lat": 10.431389,
      "lng": 125.495556
    },
    {
      "cityName": "Gigaquit",
      "lat": 9.594444,
      "lng": 125.6975
    },
    {
      "cityName": "Guadaloupe",
      "lat": 10.121667,
      "lng": 125.6625
    },
    {
      "cityName": "Halian",
      "lat": 9.916667,
      "lng": 125.8
    },
    {
      "cityName": "Hanigad",
      "lat": 9.853889,
      "lng": 125.582778
    },
    {
      "cityName": "Hayangabon",
      "lat": 9.538056,
      "lng": 125.839722
    },
    {
      "cityName": "Helayum",
      "lat": 9.950278,
      "lng": 125.654722
    },
    {
      "cityName": "Higasi",
      "lat": 9.576111,
      "lng": 125.6375
    },
    {
      "cityName": "Hikdop",
      "lat": 9.898889,
      "lng": 125.518333
    },
    {
      "cityName": "Hingetigan",
      "lat": 9.614722,
      "lng": 125.625556
    },
    {
      "cityName": "Ipil",
      "lat": 9.7875,
      "lng": 125.440278
    },
    {
      "cityName": "Jamoyawon",
      "lat": 9.904444,
      "lng": 126.038611
    },
    {
      "cityName": "Janaza",
      "lat": 9.634167,
      "lng": 126.1775
    },
    {
      "cityName": "Januza",
      "lat": 9.733333,
      "lng": 126.166667
    },
    {
      "cityName": "Jualbaboy",
      "lat": 9.699444,
      "lng": 125.399167
    },
    {
      "cityName": "Jubgan",
      "lat": 9.682222,
      "lng": 125.396944
    },
    {
      "cityName": "Kagdayanao",
      "lat": 9.533333,
      "lng": 125.866667
    },
    {
      "cityName": "Kanangka-an",
      "lat": 9.721944,
      "lng": 125.435556
    },
    {
      "cityName": "Kangcohoy",
      "lat": 9.886389,
      "lng": 126.014722
    },
    {
      "cityName": "Kaningag",
      "lat": 9.713056,
      "lng": 125.503889
    },
    {
      "cityName": "Kantiasay",
      "lat": 9.849444,
      "lng": 125.589722
    },
    {
      "cityName": "Kapayahan",
      "lat": 9.581944,
      "lng": 125.535
    },
    {
      "cityName": "Kascali-an",
      "lat": 9.693056,
      "lng": 126.076944
    },
    {
      "cityName": "Katagman",
      "lat": 9.916667,
      "lng": 125.516667
    },
    {
      "cityName": "Katoyod",
      "lat": 9.690556,
      "lng": 125.506111
    },
    {
      "cityName": "Kinabutan",
      "lat": 9.616667,
      "lng": 125.633333
    },
    {
      "cityName": "Kopo",
      "lat": 9.747222,
      "lng": 125.435556
    },
    {
      "cityName": "Lakandala",
      "lat": 9.675833,
      "lng": 125.646111
    },
    {
      "cityName": "Lascogon",
      "lat": 9.673889,
      "lng": 125.571667
    },
    {
      "cityName": "Layagoang",
      "lat": 10.066389,
      "lng": 125.693611
    },
    {
      "cityName": "Libas",
      "lat": 9.6625,
      "lng": 125.542222
    },
    {
      "cityName": "Libertad",
      "lat": 10.04,
      "lng": 126.069444
    },
    {
      "cityName": "Libja",
      "lat": 10.197778,
      "lng": 125.535278
    },
    {
      "cityName": "Libuak",
      "lat": 9.890556,
      "lng": 125.514722
    },
    {
      "cityName": "Linonganan",
      "lat": 9.715278,
      "lng": 125.398889
    },
    {
      "cityName": "Lobogon",
      "lat": 9.836667,
      "lng": 126.0175
    },
    {
      "cityName": "Look",
      "lat": 9.720556,
      "lng": 125.655556
    },
    {
      "cityName": "Loreto",
      "lat": 10.363611,
      "lng": 125.573056
    },
    {
      "cityName": "Lumatan",
      "lat": 9.778056,
      "lng": 126.0575
    },
    {
      "cityName": "Luna",
      "lat": 9.733889,
      "lng": 125.501667
    },
    {
      "cityName": "Lungon",
      "lat": 9.696111,
      "lng": 125.473333
    },
    {
      "cityName": "Maasin",
      "lat": 9.842222,
      "lng": 126.064722
    },
    {
      "cityName": "Ma-atas",
      "lat": 9.943889,
      "lng": 125.642778
    },
    {
      "cityName": "Mabini",
      "lat": 10.328889,
      "lng": 125.5925
    },
    {
      "cityName": "Mabua",
      "lat": 9.808889,
      "lng": 125.442222
    },
    {
      "cityName": "Macalaya",
      "lat": 9.624444,
      "lng": 125.5675
    },
    {
      "cityName": "Macopa",
      "lat": 9.753333,
      "lng": 125.43
    },
    {
      "cityName": "Magallanes",
      "lat": 9.581944,
      "lng": 125.718889
    },
    {
      "cityName": "Magpayang",
      "lat": 9.539722,
      "lng": 125.541667
    },
    {
      "cityName": "Magtangale",
      "lat": 9.730278,
      "lng": 125.434167
    },
    {
      "cityName": "Mahanub",
      "lat": 9.550278,
      "lng": 125.680278
    },
    {
      "cityName": "Mainit",
      "lat": 9.535,
      "lng": 125.523056
    },
    {
      "cityName": "Maliko",
      "lat": 9.755278,
      "lng": 125.473889
    },
    {
      "cityName": "Malimono",
      "lat": 9.618056,
      "lng": 125.402222
    },
    {
      "cityName": "Malinao",
      "lat": 10.258889,
      "lng": 125.621389
    },
    {
      "cityName": "Mansayao",
      "lat": 9.532222,
      "lng": 125.476667
    },
    {
      "cityName": "Mapaso",
      "lat": 9.649722,
      "lng": 125.59
    },
    {
      "cityName": "Marga",
      "lat": 9.551111,
      "lng": 125.576667
    },
    {
      "cityName": "Masgad",
      "lat": 9.541944,
      "lng": 125.427778
    },
    {
      "cityName": "Maslog",
      "lat": 9.566667,
      "lng": 125.483333
    },
    {
      "cityName": "Mat-i",
      "lat": 9.733889,
      "lng": 125.470833
    },
    {
      "cityName": "Matinao",
      "lat": 9.543333,
      "lng": 125.478889
    },
    {
      "cityName": "Mayabog",
      "lat": 9.662778,
      "lng": 125.561667
    },
    {
      "cityName": "Mayacabac",
      "lat": 9.6,
      "lng": 125.866667
    },
    {
      "cityName": "Mayag",
      "lat": 9.553056,
      "lng": 125.479444
    },
    {
      "cityName": "Melgar",
      "lat": 10.069444,
      "lng": 125.525556
    },
    {
      "cityName": "Monserrat",
      "lat": 9.708889,
      "lng": 126.04
    },
    {
      "cityName": "Nonoc",
      "lat": 9.821944,
      "lng": 125.580833
    },
    {
      "cityName": "Nuero Campo",
      "lat": 9.5325,
      "lng": 125.731111
    },
    {
      "cityName": "Nueua Estrella",
      "lat": 9.969167,
      "lng": 125.675
    },
    {
      "cityName": "Nueva Campo Libertad",
      "lat": 9.963611,
      "lng": 126.048333
    },
    {
      "cityName": "Nueva Estrella",
      "lat": 9.628333,
      "lng": 125.938889
    },
    {
      "cityName": "Nuevo Camp",
      "lat": 9.476389,
      "lng": 125.723611
    },
    {
      "cityName": "Odok",
      "lat": 10.016667,
      "lng": 125.566667
    },
    {
      "cityName": "Omosdang",
      "lat": 10.449722,
      "lng": 125.623056
    },
    {
      "cityName": "Opong",
      "lat": 9.709722,
      "lng": 125.600833
    },
    {
      "cityName": "Oslao",
      "lat": 9.745833,
      "lng": 125.4
    },
    {
      "cityName": "Osmeña",
      "lat": 10.186944,
      "lng": 125.511667
    },
    {
      "cityName": "Paco",
      "lat": 9.586111,
      "lng": 125.519444
    },
    {
      "cityName": "Pactoy",
      "lat": 9.728889,
      "lng": 125.48
    },
    {
      "cityName": "Pagao",
      "lat": 9.6,
      "lng": 125.65
    },
    {
      "cityName": "Pamibihan",
      "lat": 9.8,
      "lng": 125.433333
    },
    {
      "cityName": "Pamosaingan",
      "lat": 9.649444,
      "lng": 125.924167
    },
    {
      "cityName": "Panamaon",
      "lat": 10.430278,
      "lng": 125.613611
    },
    {
      "cityName": "Panatao",
      "lat": 9.563333,
      "lng": 125.747222
    },
    {
      "cityName": "Panong",
      "lat": 9.764444,
      "lng": 125.422222
    },
    {
      "cityName": "Paotao",
      "lat": 9.6,
      "lng": 125.633333
    },
    {
      "cityName": "Patog",
      "lat": 9.618056,
      "lng": 125.505556
    },
    {
      "cityName": "Payala",
      "lat": 9.8875,
      "lng": 125.994722
    },
    {
      "cityName": "Payanosa",
      "lat": 9.547778,
      "lng": 125.476944
    },
    {
      "cityName": "Payapag",
      "lat": 9.548333,
      "lng": 125.626389
    },
    {
      "cityName": "Pilar",
      "lat": 9.865,
      "lng": 126.099444
    },
    {
      "cityName": "Pili",
      "lat": 9.444722,
      "lng": 125.455278
    },
    {
      "cityName": "Pingaping",
      "lat": 9.592222,
      "lng": 125.5725
    },
    {
      "cityName": "Placer",
      "lat": 9.654167,
      "lng": 125.6025
    },
    {
      "cityName": "Polangi",
      "lat": 10.166667,
      "lng": 125.65
    },
    {
      "cityName": "Poniente",
      "lat": 9.550556,
      "lng": 125.662222
    },
    {
      "cityName": "Pontod",
      "lat": 9.753611,
      "lng": 125.439722
    },
    {
      "cityName": "Puerta Princesa",
      "lat": 10.107778,
      "lng": 125.483611
    },
    {
      "cityName": "Pungtod",
      "lat": 9.525556,
      "lng": 125.565556
    },
    {
      "cityName": "Rizal",
      "lat": 10.040556,
      "lng": 126.0425
    },
    {
      "cityName": "Roxas",
      "lat": 10.008889,
      "lng": 126.053889
    },
    {
      "cityName": "Salvacion",
      "lat": 9.766667,
      "lng": 126.05
    },
    {
      "cityName": "San Benito",
      "lat": 9.957778,
      "lng": 126.006944
    },
    {
      "cityName": "San Fernando",
      "lat": 9.831389,
      "lng": 125.9775
    },
    {
      "cityName": "San Francisco",
      "lat": 9.528056,
      "lng": 125.485556
    },
    {
      "cityName": "Sani-Sani",
      "lat": 9.823056,
      "lng": 125.443056
    },
    {
      "cityName": "San Isidro",
      "lat": 9.562222,
      "lng": 125.685
    },
    {
      "cityName": "San Jose",
      "lat": 9.757222,
      "lng": 125.666667
    },
    {
      "cityName": "San Miguel",
      "lat": 9.734444,
      "lng": 126.027778
    },
    {
      "cityName": "Santa Cruz",
      "lat": 10.321667,
      "lng": 125.561944
    },
    {
      "cityName": "Santa Monica",
      "lat": 10.02,
      "lng": 126.038333
    },
    {
      "cityName": "Santiago",
      "lat": 10.366667,
      "lng": 125.583333
    },
    {
      "cityName": "San Vincente",
      "lat": 9.985556,
      "lng": 125.669722
    },
    {
      "cityName": "Saragossa",
      "lat": 9.907222,
      "lng": 125.573056
    },
    {
      "cityName": "Sayak",
      "lat": 9.851389,
      "lng": 126.019167
    },
    {
      "cityName": "Siana",
      "lat": 9.538056,
      "lng": 125.579444
    },
    {
      "cityName": "Silop",
      "lat": 9.601944,
      "lng": 125.521667
    },
    {
      "cityName": "Sison",
      "lat": 9.660278,
      "lng": 125.528611
    },
    {
      "cityName": "Siwata",
      "lat": 9.616667,
      "lng": 125.616667
    },
    {
      "cityName": "Socorro",
      "lat": 9.621389,
      "lng": 125.966667
    },
    {
      "cityName": "Sogas",
      "lat": 9.826111,
      "lng": 126.053889
    },
    {
      "cityName": "Solion",
      "lat": 9.996111,
      "lng": 126.047778
    },
    {
      "cityName": "Suhoton",
      "lat": 9.51,
      "lng": 125.431667
    },
    {
      "cityName": "Sumilon",
      "lat": 9.916667,
      "lng": 125.433333
    },
    {
      "cityName": "Sur",
      "lat": 9.583333,
      "lng": 125.683333
    },
    {
      "cityName": "Tabunan",
      "lat": 10.2,
      "lng": 125.5
    },
    {
      "cityName": "Tagabaca",
      "lat": 10.064444,
      "lng": 125.599167
    },
    {
      "cityName": "Tagana-an",
      "lat": 9.697222,
      "lng": 125.585556
    },
    {
      "cityName": "Taganito",
      "lat": 9.542222,
      "lng": 125.821389
    },
    {
      "cityName": "Tagayan",
      "lat": 9.544444,
      "lng": 125.497778
    },
    {
      "cityName": "Tagbayakao",
      "lat": 9.983333,
      "lng": 125.566667
    },
    {
      "cityName": "Tagbayani",
      "lat": 9.651111,
      "lng": 125.482778
    },
    {
      "cityName": "Tagbongabong",
      "lat": 9.618889,
      "lng": 125.612222
    },
    {
      "cityName": "Tagboyan",
      "lat": 9.484167,
      "lng": 125.475833
    },
    {
      "cityName": "Talavera",
      "lat": 9.750556,
      "lng": 125.698056
    },
    {
      "cityName": "Talisay",
      "lat": 9.818889,
      "lng": 125.615556
    },
    {
      "cityName": "Tanud",
      "lat": 9.6125,
      "lng": 125.530556
    },
    {
      "cityName": "Taog",
      "lat": 9.680556,
      "lng": 125.525278
    },
    {
      "cityName": "Tigbao",
      "lat": 10.045833,
      "lng": 126.043889
    },
    {
      "cityName": "Tigbawan",
      "lat": 9.534167,
      "lng": 125.560833
    },
    {
      "cityName": "Timamana",
      "lat": 9.5975,
      "lng": 125.570278
    },
    {
      "cityName": "Tinabingan",
      "lat": 9.666667,
      "lng": 125.6
    },
    {
      "cityName": "Tubajon",
      "lat": 10.331667,
      "lng": 125.561944
    },
    {
      "cityName": "Tubod",
      "lat": 9.5625,
      "lng": 125.570833
    },
    {
      "cityName": "Ugues",
      "lat": 10.342222,
      "lng": 125.575833
    },
    {
      "cityName": "Union",
      "lat": 9.756667,
      "lng": 126.110278
    },
    {
      "cityName": "Urbistondo",
      "lat": 9.548333,
      "lng": 125.779167
    },
    {
      "cityName": "Valencia",
      "lat": 10.155,
      "lng": 125.661389
    },
    {
      "cityName": "Victory",
      "lat": 9.928056,
      "lng": 125.656667
    },
    {
      "cityName": "Villaflor",
      "lat": 9.568889,
      "lng": 125.693333
    },
    {
      "cityName": "Wilson",
      "lat": 10.0275,
      "lng": 125.591111
    }
  ]
}