{
  "name": "Samar",
  "cities": [
    {
      "cityName": "Aaygayon",
      "lat": 11.569444,
      "lng": 125.032778
    },
    {
      "cityName": "Abane",
      "lat": 11.598889,
      "lng": 125.081389
    },
    {
      "cityName": "Aguingayan",
      "lat": 12.05,
      "lng": 125.05
    },
    {
      "cityName": "Albalate",
      "lat": 11.8475,
      "lng": 124.911667
    },
    {
      "cityName": "Alegria",
      "lat": 11.373889,
      "lng": 124.995
    },
    {
      "cityName": "Almagro",
      "lat": 11.914444,
      "lng": 124.286667
    },
    {
      "cityName": "Amandayehan",
      "lat": 11.275833,
      "lng": 124.999444
    },
    {
      "cityName": "Anibongon",
      "lat": 11.466111,
      "lng": 124.996667
    },
    {
      "cityName": "Antol",
      "lat": 11.578056,
      "lng": 125.074444
    },
    {
      "cityName": "Arapison",
      "lat": 12.083333,
      "lng": 124.683333
    },
    {
      "cityName": "Arteche",
      "lat": 11.8875,
      "lng": 124.830833
    },
    {
      "cityName": "Astorga",
      "lat": 11.666389,
      "lng": 124.773889
    },
    {
      "cityName": "Bacas",
      "lat": 11.913333,
      "lng": 124.424167
    },
    {
      "cityName": "Bachao",
      "lat": 11.598056,
      "lng": 124.7625
    },
    {
      "cityName": "Bacjao",
      "lat": 11.949167,
      "lng": 124.3175
    },
    {
      "cityName": "Baclayan",
      "lat": 11.596667,
      "lng": 124.843056
    },
    {
      "cityName": "Bacquiaran",
      "lat": 11.6175,
      "lng": 125.0125
    },
    {
      "cityName": "Bacubac",
      "lat": 11.283333,
      "lng": 125.033333
    },
    {
      "cityName": "Bagacay",
      "lat": 11.599722,
      "lng": 124.816389
    },
    {
      "cityName": "Bagalibas",
      "lat": 11.4,
      "lng": 125
    },
    {
      "cityName": "Bagon",
      "lat": 11.586667,
      "lng": 124.986944
    },
    {
      "cityName": "Bagongon",
      "lat": 11.802222,
      "lng": 124.702778
    },
    {
      "cityName": "Bahay",
      "lat": 11.922778,
      "lng": 124.83
    },
    {
      "cityName": "Bahid",
      "lat": 11.515278,
      "lng": 125.126667
    },
    {
      "cityName": "Bajay",
      "lat": 12.078611,
      "lng": 124.711667
    },
    {
      "cityName": "Balacson",
      "lat": 11.483333,
      "lng": 124.8
    },
    {
      "cityName": "Balagigon",
      "lat": 11.321389,
      "lng": 125.172222
    },
    {
      "cityName": "Balagon",
      "lat": 11.3725,
      "lng": 125.150556
    },
    {
      "cityName": "Balat-Guti",
      "lat": 11.967778,
      "lng": 124.407778
    },
    {
      "cityName": "Baliriaan",
      "lat": 11.5625,
      "lng": 124.883056
    },
    {
      "cityName": "Balocaue",
      "lat": 12.073889,
      "lng": 124.212778
    },
    {
      "cityName": "Balocawenay",
      "lat": 11.75,
      "lng": 125
    },
    {
      "cityName": "Balud",
      "lat": 12.01,
      "lng": 124.736111
    },
    {
      "cityName": "Balugo",
      "lat": 11.906111,
      "lng": 124.821389
    },
    {
      "cityName": "Banaao",
      "lat": 12.073889,
      "lng": 124.739167
    },
    {
      "cityName": "Bangon",
      "lat": 11.288611,
      "lng": 125.0575
    },
    {
      "cityName": "Banguel",
      "lat": 11.573056,
      "lng": 124.89
    },
    {
      "cityName": "Banlas",
      "lat": 11.799722,
      "lng": 124.349167
    },
    {
      "cityName": "Baquio",
      "lat": 12.048611,
      "lng": 124.181944
    },
    {
      "cityName": "Barabaybay",
      "lat": 11.660278,
      "lng": 124.989722
    },
    {
      "cityName": "Barasanun",
      "lat": 11.5125,
      "lng": 125.025833
    },
    {
      "cityName": "Baros",
      "lat": 12.1225,
      "lng": 124.890278
    },
    {
      "cityName": "Basey",
      "lat": 11.281667,
      "lng": 125.068333
    },
    {
      "cityName": "Basiao",
      "lat": 11.262222,
      "lng": 125.162778
    },
    {
      "cityName": "Bato",
      "lat": 11.758056,
      "lng": 125.053333
    },
    {
      "cityName": "Batutay",
      "lat": 11.900556,
      "lng": 124.793056
    },
    {
      "cityName": "Bayog",
      "lat": 11.776111,
      "lng": 124.965278
    },
    {
      "cityName": "Benobucalan",
      "lat": 11.676667,
      "lng": 125.042222
    },
    {
      "cityName": "Benongtou-an",
      "lat": 11.648889,
      "lng": 124.793889
    },
    {
      "cityName": "Beno-ongan",
      "lat": 11.505278,
      "lng": 124.928889
    },
    {
      "cityName": "Beri",
      "lat": 11.626111,
      "lng": 125.135556
    },
    {
      "cityName": "Biasong",
      "lat": 11.925833,
      "lng": 124.29
    },
    {
      "cityName": "Binocyahan",
      "lat": 11.158889,
      "lng": 125.199167
    },
    {
      "cityName": "Binongtoan",
      "lat": 11.3,
      "lng": 125.116667
    },
    {
      "cityName": "Bioso",
      "lat": 11.684444,
      "lng": 124.855
    },
    {
      "cityName": "Birauan",
      "lat": 11.649444,
      "lng": 124.752778
    },
    {
      "cityName": "Blanca Aurora",
      "lat": 11.964444,
      "lng": 124.897222
    },
    {
      "cityName": "Bogho",
      "lat": 11.766667,
      "lng": 124.95
    },
    {
      "cityName": "Boloan",
      "lat": 11.816389,
      "lng": 124.741389
    },
    {
      "cityName": "Bondo",
      "lat": 12.1,
      "lng": 124.766667
    },
    {
      "cityName": "Boñga",
      "lat": 11.845,
      "lng": 125.026111
    },
    {
      "cityName": "Bonga Viejo",
      "lat": 11.876944,
      "lng": 124.793333
    },
    {
      "cityName": "Bongdo",
      "lat": 12.121667,
      "lng": 124.775556
    },
    {
      "cityName": "Bongliw",
      "lat": 11.866389,
      "lng": 124.899167
    },
    {
      "cityName": "Bono-anan",
      "lat": 11.752778,
      "lng": 124.892778
    },
    {
      "cityName": "Botoc",
      "lat": 11.566667,
      "lng": 125.033333
    },
    {
      "cityName": "Bu-ao",
      "lat": 12.1,
      "lng": 124.85
    },
    {
      "cityName": "Buaya",
      "lat": 11.587778,
      "lng": 124.96
    },
    {
      "cityName": "Bublaran",
      "lat": 11.633333,
      "lng": 124.883333
    },
    {
      "cityName": "Bucalan",
      "lat": 11.683333,
      "lng": 125.066667
    },
    {
      "cityName": "Buena Vista",
      "lat": 11.32,
      "lng": 125.063333
    },
    {
      "cityName": "Buenavista",
      "lat": 11.339167,
      "lng": 125.066111
    },
    {
      "cityName": "Buenos Aires",
      "lat": 11.983611,
      "lng": 124.776389
    },
    {
      "cityName": "Bukali",
      "lat": 11.091667,
      "lng": 125.225833
    },
    {
      "cityName": "Bulao",
      "lat": 11.591389,
      "lng": 125.025556
    },
    {
      "cityName": "Bulawi",
      "lat": 11.981667,
      "lng": 124.855278
    },
    {
      "cityName": "Buluan",
      "lat": 11.633333,
      "lng": 125.15
    },
    {
      "cityName": "Bunanun",
      "lat": 11.692222,
      "lng": 124.75
    },
    {
      "cityName": "Burat",
      "lat": 11.543611,
      "lng": 124.928889
    },
    {
      "cityName": "Burgos",
      "lat": 11.312222,
      "lng": 125.150278
    },
    {
      "cityName": "Buri",
      "lat": 11.796667,
      "lng": 124.835
    },
    {
      "cityName": "Caayaan",
      "lat": 11.656944,
      "lng": 125.018056
    },
    {
      "cityName": "Cabangan",
      "lat": 11.923611,
      "lng": 124.748611
    },
    {
      "cityName": "Cabelisan",
      "lat": 11.554444,
      "lng": 124.802222
    },
    {
      "cityName": "Cabisoy",
      "lat": 11.416667,
      "lng": 125.35
    },
    {
      "cityName": "Cabongaan",
      "lat": 11.473333,
      "lng": 124.881667
    },
    {
      "cityName": "Cabonga-an",
      "lat": 11.886111,
      "lng": 124.445833
    },
    {
      "cityName": "Cabugao",
      "lat": 11.255,
      "lng": 125.169167
    },
    {
      "cityName": "Cabugawan",
      "lat": 11.811389,
      "lng": 124.826944
    },
    {
      "cityName": "Cadayao",
      "lat": 11.766667,
      "lng": 124.933333
    },
    {
      "cityName": "Cadulawan",
      "lat": 11.693333,
      "lng": 125.069167
    },
    {
      "cityName": "Cagdaramog",
      "lat": 12.126111,
      "lng": 124.73
    },
    {
      "cityName": "Cag-obaca",
      "lat": 11.675278,
      "lng": 125.073333
    },
    {
      "cityName": "Cagutsan",
      "lat": 11.731667,
      "lng": 124.754444
    },
    {
      "cityName": "Calampang",
      "lat": 11.630556,
      "lng": 124.991944
    },
    {
      "cityName": "Calantawan",
      "lat": 11.816667,
      "lng": 125.016667
    },
    {
      "cityName": "Calape",
      "lat": 11.9425,
      "lng": 125.021389
    },
    {
      "cityName": "Calauan-on",
      "lat": 11.571389,
      "lng": 124.781667
    },
    {
      "cityName": "Calaya-an",
      "lat": 11.65,
      "lng": 125.016667
    },
    {
      "cityName": "Calbiga",
      "lat": 11.624722,
      "lng": 125.016389
    },
    {
      "cityName": "Calbong",
      "lat": 11.525556,
      "lng": 124.935556
    },
    {
      "cityName": "Calero",
      "lat": 11.723333,
      "lng": 124.773333
    },
    {
      "cityName": "Calingonan",
      "lat": 11.675556,
      "lng": 124.994444
    },
    {
      "cityName": "Calowayan",
      "lat": 11.214167,
      "lng": 125.183056
    },
    {
      "cityName": "Camaisi",
      "lat": 11.466944,
      "lng": 125.008611
    },
    {
      "cityName": "Camambanan",
      "lat": 11.683333,
      "lng": 125.083333
    },
    {
      "cityName": "Camanhagay",
      "lat": 11.69,
      "lng": 125.028611
    },
    {
      "cityName": "Cambamtoy",
      "lat": 11.833333,
      "lng": 125.1
    },
    {
      "cityName": "Cambatutay",
      "lat": 11.9,
      "lng": 124.816667
    },
    {
      "cityName": "Camoroboan",
      "lat": 11.811667,
      "lng": 124.973889
    },
    {
      "cityName": "Camote",
      "lat": 11.333333,
      "lng": 125.366667
    },
    {
      "cityName": "Camotig",
      "lat": 12.116667,
      "lng": 124.85
    },
    {
      "cityName": "Canahauan",
      "lat": 11.826944,
      "lng": 124.684722
    },
    {
      "cityName": "Canahawan Gote",
      "lat": 11.825,
      "lng": 124.726111
    },
    {
      "cityName": "Canano",
      "lat": 11.6875,
      "lng": 125.070833
    },
    {
      "cityName": "Cancadong",
      "lat": 11.490278,
      "lng": 124.905278
    },
    {
      "cityName": "Cancaral",
      "lat": 11.306389,
      "lng": 125.051667
    },
    {
      "cityName": "Candogue",
      "lat": 11.570278,
      "lng": 124.796667
    },
    {
      "cityName": "Cangalong",
      "lat": 11.589444,
      "lng": 125.09
    },
    {
      "cityName": "Can-ipolan",
      "lat": 12.044444,
      "lng": 124.686667
    },
    {
      "cityName": "Canloagan",
      "lat": 11.569722,
      "lng": 125.066667
    },
    {
      "cityName": "Canmahila",
      "lat": 11.284444,
      "lng": 125.046111
    },
    {
      "cityName": "Can-moros",
      "lat": 12.055833,
      "lng": 124.703056
    },
    {
      "cityName": "Cansolabao",
      "lat": 11.759722,
      "lng": 125.228333
    },
    {
      "cityName": "Cantaba",
      "lat": 11.311667,
      "lng": 125.06
    },
    {
      "cityName": "Cantag",
      "lat": 11.923611,
      "lng": 124.869444
    },
    {
      "cityName": "Canyuyu",
      "lat": 11.170833,
      "lng": 125.194167
    },
    {
      "cityName": "Caoit",
      "lat": 11.316667,
      "lng": 125.05
    },
    {
      "cityName": "Caparangasal",
      "lat": 11.974444,
      "lng": 124.69
    },
    {
      "cityName": "Capitun-an",
      "lat": 11.724444,
      "lng": 124.7225
    },
    {
      "cityName": "Carabatuan",
      "lat": 11.683333,
      "lng": 125.033333
    },
    {
      "cityName": "Casab-ahan",
      "lat": 11.736667,
      "lng": 124.753333
    },
    {
      "cityName": "Casandig",
      "lat": 11.830278,
      "lng": 125.097778
    },
    {
      "cityName": "Catbalogan",
      "lat": 11.775278,
      "lng": 124.886111
    },
    {
      "cityName": "Catmon",
      "lat": 11.55,
      "lng": 124.866667
    },
    {
      "cityName": "Catundan",
      "lat": 11.963889,
      "lng": 124.9475
    },
    {
      "cityName": "Catungan",
      "lat": 11.898889,
      "lng": 124.651667
    },
    {
      "cityName": "Caugbusan",
      "lat": 12.033333,
      "lng": 124.816667
    },
    {
      "cityName": "Cawiran",
      "lat": 11.103056,
      "lng": 125.239722
    },
    {
      "cityName": "Cinco",
      "lat": 11.822222,
      "lng": 124.698333
    },
    {
      "cityName": "Cobo",
      "lat": 11.909722,
      "lng": 124.289444
    },
    {
      "cityName": "Cobungan-an",
      "lat": 11.653056,
      "lng": 124.788333
    },
    {
      "cityName": "Conant",
      "lat": 11.58,
      "lng": 124.973333
    },
    {
      "cityName": "Concapcion",
      "lat": 11.886111,
      "lng": 125.0625
    },
    {
      "cityName": "Conception",
      "lat": 11.985,
      "lng": 124.763889
    },
    {
      "cityName": "Concord",
      "lat": 11.695278,
      "lng": 125.241389
    },
    {
      "cityName": "Consilao",
      "lat": 11.866667,
      "lng": 124.85
    },
    {
      "cityName": "Contolon",
      "lat": 11.769167,
      "lng": 125.063056
    },
    {
      "cityName": "Corocauayan",
      "lat": 11.9825,
      "lng": 124.432778
    },
    {
      "cityName": "Corregidor",
      "lat": 11.493333,
      "lng": 124.825
    },
    {
      "cityName": "Costa Rica",
      "lat": 11.943611,
      "lng": 124.334722
    },
    {
      "cityName": "Curry",
      "lat": 12.083333,
      "lng": 124.733333
    },
    {
      "cityName": "Dalakit",
      "lat": 11.9,
      "lng": 124.65
    },
    {
      "cityName": "Daloto",
      "lat": 12.05,
      "lng": 124.2
    },
    {
      "cityName": "Dampigan",
      "lat": 12.033056,
      "lng": 125.441389
    },
    {
      "cityName": "Dapdap",
      "lat": 11.946944,
      "lng": 124.746944
    },
    {
      "cityName": "Darajuay",
      "lat": 11.733333,
      "lng": 124.883333
    },
    {
      "cityName": "Daram",
      "lat": 11.636944,
      "lng": 124.796111
    },
    {
      "cityName": "De-it",
      "lat": 12.1,
      "lng": 124.866667
    },
    {
      "cityName": "Del Rosario",
      "lat": 12.116667,
      "lng": 124.883333
    },
    {
      "cityName": "Dolongan",
      "lat": 11.336667,
      "lng": 125.030833
    },
    {
      "cityName": "Dolores",
      "lat": 11.675,
      "lng": 125.019722
    },
    {
      "cityName": "Erenas",
      "lat": 11.803611,
      "lng": 124.863333
    },
    {
      "cityName": "Estaka",
      "lat": 11.802222,
      "lng": 124.839167
    },
    {
      "cityName": "Ga-ang",
      "lat": 11.666389,
      "lng": 124.893056
    },
    {
      "cityName": "Gabong",
      "lat": 11.833333,
      "lng": 124.966667
    },
    {
      "cityName": "Gadgaran",
      "lat": 11.616111,
      "lng": 125.145278
    },
    {
      "cityName": "Gallego",
      "lat": 11.916667,
      "lng": 124.75
    },
    {
      "cityName": "Gandara",
      "lat": 12.013056,
      "lng": 124.808889
    },
    {
      "cityName": "Gera",
      "lat": 12.031667,
      "lng": 124.829444
    },
    {
      "cityName": "Gicboan",
      "lat": 12.2475,
      "lng": 124.828889
    },
    {
      "cityName": "Ginansan",
      "lat": 11.944444,
      "lng": 124.309722
    },
    {
      "cityName": "Godela",
      "lat": 11.266667,
      "lng": 125.066667
    },
    {
      "cityName": "Guinbarocan",
      "lat": 12.066667,
      "lng": 124.216667
    },
    {
      "cityName": "Guinob-an",
      "lat": 11.138611,
      "lng": 125.270833
    },
    {
      "cityName": "Guinsorongan",
      "lat": 11.758056,
      "lng": 124.888611
    },
    {
      "cityName": "Guintampilan",
      "lat": 11.561667,
      "lng": 124.833889
    },
    {
      "cityName": "Guintarcan",
      "lat": 11.600556,
      "lng": 124.889167
    },
    {
      "cityName": "Guirang",
      "lat": 11.35,
      "lng": 125.116667
    },
    {
      "cityName": "Habuaya",
      "lat": 11.476389,
      "lng": 124.837778
    },
    {
      "cityName": "Hacopon",
      "lat": 11.665,
      "lng": 124.738333
    },
    {
      "cityName": "Hampton",
      "lat": 12.1075,
      "lng": 124.860278
    },
    {
      "cityName": "Hanipon",
      "lat": 11.924722,
      "lng": 124.888333
    },
    {
      "cityName": "Haplaan",
      "lat": 11.613611,
      "lng": 124.790833
    },
    {
      "cityName": "Henicaan",
      "lat": 11.9625,
      "lng": 125.023889
    },
    {
      "cityName": "Hernandez",
      "lat": 11.899444,
      "lng": 124.895278
    },
    {
      "cityName": "Higasa-an",
      "lat": 12.233333,
      "lng": 124.8
    },
    {
      "cityName": "Himagango",
      "lat": 12.270278,
      "lng": 125.055
    },
    {
      "cityName": "Hinabagan",
      "lat": 11.699167,
      "lng": 125.0675
    },
    {
      "cityName": "Hinanguidan",
      "lat": 11.466944,
      "lng": 124.924722
    },
    {
      "cityName": "Hinayagan",
      "lat": 12.128889,
      "lng": 124.840833
    },
    {
      "cityName": "Hindang",
      "lat": 11.583333,
      "lng": 125.116667
    },
    {
      "cityName": "Hinicaan",
      "lat": 11.783333,
      "lng": 125
    },
    {
      "cityName": "Hinitban",
      "lat": 12.138889,
      "lng": 124.825556
    },
    {
      "cityName": "Hita-asan",
      "lat": 11.686944,
      "lng": 124.995833
    },
    {
      "cityName": "Hubasan",
      "lat": 11.620833,
      "lng": 125.101389
    },
    {
      "cityName": "Hungan",
      "lat": 11.559722,
      "lng": 124.809444
    },
    {
      "cityName": "Iba",
      "lat": 11.314167,
      "lng": 125.096111
    },
    {
      "cityName": "Ibarra",
      "lat": 11.683333,
      "lng": 124.866667
    },
    {
      "cityName": "Icting",
      "lat": 11.133333,
      "lng": 125.2
    },
    {
      "cityName": "Igangigang",
      "lat": 11.463056,
      "lng": 124.861389
    },
    {
      "cityName": "Igot",
      "lat": 11.562778,
      "lng": 124.959444
    },
    {
      "cityName": "Ilihan",
      "lat": 11.916667,
      "lng": 124.433333
    },
    {
      "cityName": "Ilo",
      "lat": 11.996111,
      "lng": 124.7475
    },
    {
      "cityName": "Inabilas",
      "lat": 11.2775,
      "lng": 125.146667
    },
    {
      "cityName": "Inalad",
      "lat": 11.3,
      "lng": 125.366667
    },
    {
      "cityName": "Inanodlan",
      "lat": 11.496389,
      "lng": 124.960278
    },
    {
      "cityName": "Inaragyan",
      "lat": 12.021111,
      "lng": 124.722222
    },
    {
      "cityName": "Inarumbacan",
      "lat": 11.566667,
      "lng": 124.933333
    },
    {
      "cityName": "Inumtan",
      "lat": 11.350278,
      "lng": 125.148889
    },
    {
      "cityName": "Iquiran",
      "lat": 11.532778,
      "lng": 124.8225
    },
    {
      "cityName": "Irawarne",
      "lat": 11.675,
      "lng": 124.760833
    },
    {
      "cityName": "Isla del Oeste",
      "lat": 11.915556,
      "lng": 124.639722
    },
    {
      "cityName": "Jambayan",
      "lat": 11.560278,
      "lng": 124.927222
    },
    {
      "cityName": "Jasminez",
      "lat": 12.031111,
      "lng": 124.761389
    },
    {
      "cityName": "Jazmines",
      "lat": 12.066667,
      "lng": 124.816667
    },
    {
      "cityName": "Jia-an",
      "lat": 11.754167,
      "lng": 124.933333
    },
    {
      "cityName": "Jiabong",
      "lat": 11.7625,
      "lng": 124.951944
    },
    {
      "cityName": "Jimay",
      "lat": 11.96,
      "lng": 124.92
    },
    {
      "cityName": "Jubasan",
      "lat": 11.616667,
      "lng": 125.1
    },
    {
      "cityName": "Kinamambanan",
      "lat": 12.05,
      "lng": 124.85
    },
    {
      "cityName": "Kirikite",
      "lat": 11.946389,
      "lng": 124.369167
    },
    {
      "cityName": "Konguemoy",
      "lat": 11.477778,
      "lng": 124.927222
    },
    {
      "cityName": "Laaobac",
      "lat": 11.674444,
      "lng": 124.835556
    },
    {
      "cityName": "Labangbaybay",
      "lat": 12.044167,
      "lng": 124.161111
    },
    {
      "cityName": "Lale",
      "lat": 11.533333,
      "lng": 125.05
    },
    {
      "cityName": "Lalogayan",
      "lat": 11.816667,
      "lng": 124.966667
    },
    {
      "cityName": "Lamanoc",
      "lat": 11.9,
      "lng": 124.533333
    },
    {
      "cityName": "Lambao",
      "lat": 12.033333,
      "lng": 124.683333
    },
    {
      "cityName": "Lamingan",
      "lat": 11.594722,
      "lng": 124.91
    },
    {
      "cityName": "Laniog",
      "lat": 11.633889,
      "lng": 125.086944
    },
    {
      "cityName": "La Paz",
      "lat": 11.39,
      "lng": 124.990556
    },
    {
      "cityName": "Laua-an",
      "lat": 11.864444,
      "lng": 125.081389
    },
    {
      "cityName": "Laygayon",
      "lat": 11.633333,
      "lng": 125.016667
    },
    {
      "cityName": "Legaspi",
      "lat": 11.230556,
      "lng": 125.177778
    },
    {
      "cityName": "Liba",
      "lat": 11.601667,
      "lng": 124.986667
    },
    {
      "cityName": "Libas",
      "lat": 11.833333,
      "lng": 124.866667
    },
    {
      "cityName": "Liberator",
      "lat": 11.468611,
      "lng": 124.842222
    },
    {
      "cityName": "Libertad",
      "lat": 12.178611,
      "lng": 124.5925
    },
    {
      "cityName": "Libucan",
      "lat": 11.908611,
      "lng": 124.661111
    },
    {
      "cityName": "Limao",
      "lat": 11.716667,
      "lng": 125.066667
    },
    {
      "cityName": "Lipata",
      "lat": 11.105,
      "lng": 125.213333
    },
    {
      "cityName": "Lipundan",
      "lat": 11.591944,
      "lng": 124.836944
    },
    {
      "cityName": "Literan",
      "lat": 11.5825,
      "lng": 125.087222
    },
    {
      "cityName": "Locobocog",
      "lat": 11.539167,
      "lng": 124.83
    },
    {
      "cityName": "Loctob",
      "lat": 11.575833,
      "lng": 125.008611
    },
    {
      "cityName": "Lokilocon",
      "lat": 11.795556,
      "lng": 125.1025
    },
    {
      "cityName": "Lomalantang",
      "lat": 11.658056,
      "lng": 124.880278
    },
    {
      "cityName": "Lomboy",
      "lat": 11.462222,
      "lng": 125.030833
    },
    {
      "cityName": "Looc",
      "lat": 11.927778,
      "lng": 124.313056
    },
    {
      "cityName": "Losong",
      "lat": 11.55,
      "lng": 124.933333
    },
    {
      "cityName": "Lugcay",
      "lat": 12.048333,
      "lng": 124.721667
    },
    {
      "cityName": "Luna",
      "lat": 12.073611,
      "lng": 124.173611
    },
    {
      "cityName": "Lunbia",
      "lat": 11.916667,
      "lng": 124.816667
    },
    {
      "cityName": "Mabini",
      "lat": 11.416667,
      "lng": 125.166667
    },
    {
      "cityName": "Mabuhay",
      "lat": 11.983333,
      "lng": 125.1
    },
    {
      "cityName": "Maca-alan",
      "lat": 11.616667,
      "lng": 125.016667
    },
    {
      "cityName": "Macalonud",
      "lat": 11.625556,
      "lng": 124.870833
    },
    {
      "cityName": "Magallanes",
      "lat": 11.295278,
      "lng": 125.116944
    },
    {
      "cityName": "Magdauat",
      "lat": 11.523333,
      "lng": 125.115278
    },
    {
      "cityName": "Magdaut",
      "lat": 11.5,
      "lng": 125.05
    },
    {
      "cityName": "Magdo",
      "lat": 11.720556,
      "lng": 125.063889
    },
    {
      "cityName": "Magpaho",
      "lat": 12.016667,
      "lng": 124.883333
    },
    {
      "cityName": "Mahaca",
      "lat": 11.853611,
      "lng": 124.804167
    },
    {
      "cityName": "Mahancao",
      "lat": 11.617222,
      "lng": 125.069167
    },
    {
      "cityName": "Majaba",
      "lat": 11.7,
      "lng": 124.883333
    },
    {
      "cityName": "Malabal",
      "lat": 11.634722,
      "lng": 125.011944
    },
    {
      "cityName": "Malapgap",
      "lat": 12.033333,
      "lng": 124.916667
    },
    {
      "cityName": "Malara",
      "lat": 11.631667,
      "lng": 124.763611
    },
    {
      "cityName": "Maliho",
      "lat": 12.083333,
      "lng": 124.9
    },
    {
      "cityName": "Malino",
      "lat": 11.833333,
      "lng": 124.983333
    },
    {
      "cityName": "Mallorga",
      "lat": 11.536667,
      "lng": 124.867222
    },
    {
      "cityName": "Malonoy",
      "lat": 11.561111,
      "lng": 124.985
    },
    {
      "cityName": "Mambog",
      "lat": 11.55,
      "lng": 125.016667
    },
    {
      "cityName": "Mambug",
      "lat": 11.585,
      "lng": 124.991944
    },
    {
      "cityName": "Mamog",
      "lat": 11.360833,
      "lng": 124.996111
    },
    {
      "cityName": "Manahao",
      "lat": 12.506111,
      "lng": 124.954167
    },
    {
      "cityName": "Mancares",
      "lat": 11.861389,
      "lng": 124.790833
    },
    {
      "cityName": "Mandoyocan",
      "lat": 11.603889,
      "lng": 124.766111
    },
    {
      "cityName": "Manhalang",
      "lat": 11.911389,
      "lng": 124.9925
    },
    {
      "cityName": "Mantarang",
      "lat": 11.630556,
      "lng": 124.79
    },
    {
      "cityName": "Manuca",
      "lat": 11.45,
      "lng": 125.016667
    },
    {
      "cityName": "Margading",
      "lat": 11.926667,
      "lng": 124.802778
    },
    {
      "cityName": "Maropangpang",
      "lat": 11.683333,
      "lng": 125.013611
    },
    {
      "cityName": "Maslog",
      "lat": 12.15,
      "lng": 125.233333
    },
    {
      "cityName": "Mataloto",
      "lat": 12.056389,
      "lng": 124.203333
    },
    {
      "cityName": "Matalud",
      "lat": 11.991944,
      "lng": 124.916111
    },
    {
      "cityName": "Matuguinao",
      "lat": 12.146944,
      "lng": 124.884444
    },
    {
      "cityName": "Mauricio",
      "lat": 11.593889,
      "lng": 125.05
    },
    {
      "cityName": "Mayaboy",
      "lat": 11.624722,
      "lng": 124.773889
    },
    {
      "cityName": "Maybahay",
      "lat": 11.85,
      "lng": 125.016667
    },
    {
      "cityName": "Mayuan",
      "lat": 11.633333,
      "lng": 125.116667
    },
    {
      "cityName": "Mercedes",
      "lat": 11.784167,
      "lng": 124.878056
    },
    {
      "cityName": "Miw Manuca",
      "lat": 11.413333,
      "lng": 125.001667
    },
    {
      "cityName": "Moalbual",
      "lat": 11.643889,
      "lng": 124.870556
    },
    {
      "cityName": "Mojon",
      "lat": 12.183333,
      "lng": 125.233333
    },
    {
      "cityName": "Molung",
      "lat": 11.673333,
      "lng": 124.723056
    },
    {
      "cityName": "Monbon",
      "lat": 11.798333,
      "lng": 124.698333
    },
    {
      "cityName": "Mongabong",
      "lat": 11.316667,
      "lng": 125.033333
    },
    {
      "cityName": "Montalban",
      "lat": 12.168056,
      "lng": 124.863056
    },
    {
      "cityName": "Mora Paio",
      "lat": 12.011944,
      "lng": 124.689722
    },
    {
      "cityName": "Morobaybay",
      "lat": 11.668333,
      "lng": 124.991944
    },
    {
      "cityName": "Moroporo",
      "lat": 12.016667,
      "lng": 124.683333
    },
    {
      "cityName": "Morshut Canslao",
      "lat": 11.896111,
      "lng": 124.878333
    },
    {
      "cityName": "Motiong",
      "lat": 11.78,
      "lng": 124.999722
    },
    {
      "cityName": "Mulbug",
      "lat": 11.483333,
      "lng": 125.1
    },
    {
      "cityName": "Mungolbungol",
      "lat": 11.633333,
      "lng": 124.833333
    },
    {
      "cityName": "Nabatas",
      "lat": 11.466667,
      "lng": 124.833333
    },
    {
      "cityName": "Nabotas",
      "lat": 11.49,
      "lng": 124.828333
    },
    {
      "cityName": "Nabuhang",
      "lat": 11.958056,
      "lng": 124.889444
    },
    {
      "cityName": "Nabula",
      "lat": 12.035556,
      "lng": 124.736389
    },
    {
      "cityName": "Nacubi",
      "lat": 12.040278,
      "lng": 124.749444
    },
    {
      "cityName": "Nagcaduha",
      "lat": 11.541111,
      "lng": 124.9625
    },
    {
      "cityName": "Naghituman",
      "lat": 11.948889,
      "lng": 124.862778
    },
    {
      "cityName": "Napalisan",
      "lat": 11.983333,
      "lng": 124.666667
    },
    {
      "cityName": "Napuro",
      "lat": 12.026667,
      "lng": 124.711667
    },
    {
      "cityName": "Narombacan",
      "lat": 11.510833,
      "lng": 124.897778
    },
    {
      "cityName": "Nasonogan",
      "lat": 11.784722,
      "lng": 124.9
    },
    {
      "cityName": "New Mahayag",
      "lat": 11.861111,
      "lng": 124.829444
    },
    {
      "cityName": "New Manunca",
      "lat": 11.436111,
      "lng": 125.016944
    },
    {
      "cityName": "New San Agustin",
      "lat": 11.323333,
      "lng": 125.106944
    },
    {
      "cityName": "Nipa",
      "lat": 11.6775,
      "lng": 124.736667
    },
    {
      "cityName": "Nohoc",
      "lat": 11.566667,
      "lng": 125.066667
    },
    {
      "cityName": "Nouvilas Occidental",
      "lat": 11.283333,
      "lng": 125.1
    },
    {
      "cityName": "Obayan",
      "lat": 11.603056,
      "lng": 125.008333
    },
    {
      "cityName": "Obo",
      "lat": 11.641944,
      "lng": 124.759167
    },
    {
      "cityName": "Obrero",
      "lat": 11.983889,
      "lng": 124.846667
    },
    {
      "cityName": "Odoc",
      "lat": 11.141389,
      "lng": 125.205833
    },
    {
      "cityName": "Olayan",
      "lat": 11.544722,
      "lng": 124.900278
    },
    {
      "cityName": "Old Mahayag",
      "lat": 11.844167,
      "lng": 124.821944
    },
    {
      "cityName": "Old Manunca",
      "lat": 11.436389,
      "lng": 125.015278
    },
    {
      "cityName": "Old San Agustin",
      "lat": 11.333611,
      "lng": 125.097222
    },
    {
      "cityName": "Opung",
      "lat": 11.961667,
      "lng": 124.696667
    },
    {
      "cityName": "Osemena",
      "lat": 11.191111,
      "lng": 125.191389
    },
    {
      "cityName": "Otoc",
      "lat": 11.601389,
      "lng": 125.030833
    },
    {
      "cityName": "Oyandic",
      "lat": 11.775278,
      "lng": 124.981111
    },
    {
      "cityName": "Pabanog",
      "lat": 11.736111,
      "lng": 125.065278
    },
    {
      "cityName": "Pacac",
      "lat": 11.572778,
      "lng": 124.906667
    },
    {
      "cityName": "Pacaycoy",
      "lat": 11.544444,
      "lng": 124.904722
    },
    {
      "cityName": "Paco",
      "lat": 11.911111,
      "lng": 125.038333
    },
    {
      "cityName": "Paet",
      "lat": 11.68,
      "lng": 124.754444
    },
    {
      "cityName": "Pagsanghan",
      "lat": 11.966389,
      "lng": 124.725
    },
    {
      "cityName": "Pahug",
      "lat": 11.557778,
      "lng": 125.013611
    },
    {
      "cityName": "Pajo",
      "lat": 11.934722,
      "lng": 124.818056
    },
    {
      "cityName": "Palambrag",
      "lat": 12.083056,
      "lng": 124.863889
    },
    {
      "cityName": "Palanas",
      "lat": 11.966667,
      "lng": 124.716667
    },
    {
      "cityName": "Palencia",
      "lat": 11.883056,
      "lng": 124.833889
    },
    {
      "cityName": "Paligan",
      "lat": 11.645833,
      "lng": 125.094167
    },
    {
      "cityName": "Palonosan",
      "lat": 12.220556,
      "lng": 124.841389
    },
    {
      "cityName": "Pamorotan",
      "lat": 12.174722,
      "lng": 124.765
    },
    {
      "cityName": "Panairan",
      "lat": 11.630278,
      "lng": 125.030278
    },
    {
      "cityName": "Panaro-an",
      "lat": 12.063611,
      "lng": 124.719167
    },
    {
      "cityName": "Pandang",
      "lat": 11.566667,
      "lng": 124.85
    },
    {
      "cityName": "Pangdan",
      "lat": 11.744444,
      "lng": 124.916667
    },
    {
      "cityName": "Pangi",
      "lat": 11.965,
      "lng": 124.763611
    },
    {
      "cityName": "Parasan",
      "lat": 11.703611,
      "lng": 124.757778
    },
    {
      "cityName": "Paras",
      "lat": 11.416667,
      "lng": 125.133333
    },
    {
      "cityName": "Pasigay",
      "lat": 11.642222,
      "lng": 124.992778
    },
    {
      "cityName": "Patag",
      "lat": 11.846667,
      "lng": 125.085556
    },
    {
      "cityName": "Pateng",
      "lat": 11.655,
      "lng": 124.989722
    },
    {
      "cityName": "Pawis",
      "lat": 12.05,
      "lng": 124.783333
    },
    {
      "cityName": "Payao",
      "lat": 11.814722,
      "lng": 124.881667
    },
    {
      "cityName": "Payo",
      "lat": 12.016667,
      "lng": 124.85
    },
    {
      "cityName": "Peñaplata",
      "lat": 12.073333,
      "lng": 124.83
    },
    {
      "cityName": "Pinabacdao",
      "lat": 11.61,
      "lng": 124.985556
    },
    {
      "cityName": "Pinamitinan",
      "lat": 11.123889,
      "lng": 125.244722
    },
    {
      "cityName": "Pinana-an",
      "lat": 11.128889,
      "lng": 125.208889
    },
    {
      "cityName": "Pinanangnan",
      "lat": 11.959722,
      "lng": 124.419722
    },
    {
      "cityName": "Pinangalad",
      "lat": 12.166667,
      "lng": 124.75
    },
    {
      "cityName": "Pinogahanan",
      "lat": 11.4,
      "lng": 125.116667
    },
    {
      "cityName": "Pitogo",
      "lat": 11.535278,
      "lng": 124.943056
    },
    {
      "cityName": "Pizarro",
      "lat": 12.055833,
      "lng": 124.819444
    },
    {
      "cityName": "Placer",
      "lat": 11.533333,
      "lng": 124.833333
    },
    {
      "cityName": "Planza",
      "lat": 11.402222,
      "lng": 124.998056
    },
    {
      "cityName": "Plaredel",
      "lat": 11.484722,
      "lng": 124.939722
    },
    {
      "cityName": "Polang Bato",
      "lat": 12.067778,
      "lng": 124.234444
    },
    {
      "cityName": "Polange",
      "lat": 11.636667,
      "lng": 125.03
    },
    {
      "cityName": "Polangi",
      "lat": 11.583333,
      "lng": 125.366667
    },
    {
      "cityName": "Polang",
      "lat": 11.536389,
      "lng": 124.925
    },
    {
      "cityName": "Popua",
      "lat": 11.813056,
      "lng": 124.861667
    },
    {
      "cityName": "Poro",
      "lat": 11.641944,
      "lng": 124.885556
    },
    {
      "cityName": "Potat",
      "lat": 11.618889,
      "lng": 124.787222
    },
    {
      "cityName": "Quezon",
      "lat": 11.934722,
      "lng": 124.835
    },
    {
      "cityName": "Quizon",
      "lat": 11.9225,
      "lng": 124.839722
    },
    {
      "cityName": "Rizal",
      "lat": 11.723889,
      "lng": 124.768611
    },
    {
      "cityName": "Sabang",
      "lat": 11.657778,
      "lng": 124.986944
    },
    {
      "cityName": "Salay",
      "lat": 11.8025,
      "lng": 125.0575
    },
    {
      "cityName": "Salvacion",
      "lat": 11.265,
      "lng": 125.075556
    },
    {
      "cityName": "Samuyao",
      "lat": 11.503056,
      "lng": 124.893889
    },
    {
      "cityName": "San Agustin",
      "lat": 11.316667,
      "lng": 125.1
    },
    {
      "cityName": "San Andres",
      "lat": 11.521389,
      "lng": 124.880833
    },
    {
      "cityName": "San Antonio",
      "lat": 11.277778,
      "lng": 125.010833
    },
    {
      "cityName": "San Eduardo",
      "lat": 11.473056,
      "lng": 125.040833
    },
    {
      "cityName": "San Enrique",
      "lat": 12.1,
      "lng": 124.716667
    },
    {
      "cityName": "San Fernando",
      "lat": 11.55,
      "lng": 125
    },
    {
      "cityName": "San Francisco",
      "lat": 11.868611,
      "lng": 124.991111
    },
    {
      "cityName": "San Isidor",
      "lat": 11.504167,
      "lng": 125.025
    },
    {
      "cityName": "San Jorge",
      "lat": 11.980833,
      "lng": 124.823889
    },
    {
      "cityName": "San Jose de Buan",
      "lat": 12.054444,
      "lng": 125.026944
    },
    {
      "cityName": "San Jose de Panaugan",
      "lat": 12.083333,
      "lng": 124.866667
    },
    {
      "cityName": "San Jose",
      "lat": 11.698611,
      "lng": 124.726389
    },
    {
      "cityName": "San Juan",
      "lat": 11.318056,
      "lng": 124.979444
    },
    {
      "cityName": "San Luis",
      "lat": 11.975278,
      "lng": 124.766667
    },
    {
      "cityName": "San Miguel",
      "lat": 12,
      "lng": 124.816667
    },
    {
      "cityName": "San Pedro",
      "lat": 11.306667,
      "lng": 124.981944
    },
    {
      "cityName": "San Pelagio",
      "lat": 11.989167,
      "lng": 124.784444
    },
    {
      "cityName": "San Roque",
      "lat": 11.529444,
      "lng": 124.891944
    },
    {
      "cityName": "San Sebastian",
      "lat": 11.71,
      "lng": 125.018056
    },
    {
      "cityName": "Santa Cruz",
      "lat": 11.393333,
      "lng": 125.000833
    },
    {
      "cityName": "Santa Elena",
      "lat": 11.356111,
      "lng": 125.015556
    },
    {
      "cityName": "Santa Margarita",
      "lat": 12.037778,
      "lng": 124.657778
    },
    {
      "cityName": "Santa Rita",
      "lat": 11.449722,
      "lng": 124.942778
    },
    {
      "cityName": "Santa Rosa",
      "lat": 11.499167,
      "lng": 124.958056
    },
    {
      "cityName": "Santo Niño",
      "lat": 11.925,
      "lng": 124.447222
    },
    {
      "cityName": "Sapinit",
      "lat": 11.976667,
      "lng": 124.8375
    },
    {
      "cityName": "Saugan",
      "lat": 11.600556,
      "lng": 124.791944
    },
    {
      "cityName": "Schatan",
      "lat": 11.401667,
      "lng": 125.133056
    },
    {
      "cityName": "Serum",
      "lat": 11.295,
      "lng": 125.128611
    },
    {
      "cityName": "Sevilla",
      "lat": 11.965556,
      "lng": 124.428889
    },
    {
      "cityName": "Sierra",
      "lat": 11.825278,
      "lng": 124.695
    },
    {
      "cityName": "Silanga",
      "lat": 11.818056,
      "lng": 124.843056
    },
    {
      "cityName": "Sogod",
      "lat": 11.6475,
      "lng": 124.741944
    },
    {
      "cityName": "Sogud",
      "lat": 12.049444,
      "lng": 124.158889
    },
    {
      "cityName": "Solsogon",
      "lat": 12.033611,
      "lng": 124.690556
    },
    {
      "cityName": "Sondara",
      "lat": 12,
      "lng": 124.683333
    },
    {
      "cityName": "Soong",
      "lat": 11.661111,
      "lng": 124.785278
    },
    {
      "cityName": "Sua",
      "lat": 11.568611,
      "lng": 124.804167
    },
    {
      "cityName": "Sugca",
      "lat": 11.291667,
      "lng": 125.103056
    },
    {
      "cityName": "Sugponon",
      "lat": 11.3,
      "lng": 125.1
    },
    {
      "cityName": "Taanao",
      "lat": 12.018611,
      "lng": 124.790278
    },
    {
      "cityName": "Taasan",
      "lat": 11.75,
      "lng": 125.133333
    },
    {
      "cityName": "Tabucan",
      "lat": 11.766667,
      "lng": 125.1
    },
    {
      "cityName": "Tabunan",
      "lat": 11.493333,
      "lng": 124.832222
    },
    {
      "cityName": "Tacay",
      "lat": 11.733333,
      "lng": 125.233333
    },
    {
      "cityName": "Tagacay",
      "lat": 11.491389,
      "lng": 124.886667
    },
    {
      "cityName": "Tagapul-an",
      "lat": 12.05,
      "lng": 124.15
    },
    {
      "cityName": "Taguite",
      "lat": 11.383889,
      "lng": 124.962778
    },
    {
      "cityName": "Talalora",
      "lat": 11.5275,
      "lng": 124.838056
    },
    {
      "cityName": "Tambungan",
      "lat": 11.9825,
      "lng": 124.751944
    },
    {
      "cityName": "Tangbo",
      "lat": 12.133333,
      "lng": 125.233333
    },
    {
      "cityName": "Tarabucan",
      "lat": 12.161667,
      "lng": 124.852778
    },
    {
      "cityName": "Tarangan",
      "lat": 11.901667,
      "lng": 124.748056
    },
    {
      "cityName": "Tauiran",
      "lat": 12.083333,
      "lng": 124.833333
    },
    {
      "cityName": "Tinabonan",
      "lat": 11.206111,
      "lng": 125.183056
    },
    {
      "cityName": "Tinago",
      "lat": 11.616667,
      "lng": 125
    },
    {
      "cityName": "Tinane",
      "lat": 11.803889,
      "lng": 125.130556
    },
    {
      "cityName": "Tinaogan",
      "lat": 11.288333,
      "lng": 124.978333
    },
    {
      "cityName": "Tingara",
      "lat": 11.545278,
      "lng": 124.963889
    },
    {
      "cityName": "Tingib",
      "lat": 11.278611,
      "lng": 125.031667
    },
    {
      "cityName": "Tizon",
      "lat": 11.865833,
      "lng": 124.832222
    },
    {
      "cityName": "Tokot",
      "lat": 11.91,
      "lng": 124.460833
    },
    {
      "cityName": "Tola",
      "lat": 11.885278,
      "lng": 125.246111
    },
    {
      "cityName": "Tomabe",
      "lat": 11.521944,
      "lng": 124.962222
    },
    {
      "cityName": "Tomandog",
      "lat": 11.45,
      "lng": 124.966667
    },
    {
      "cityName": "Tominamos",
      "lat": 11.450556,
      "lng": 125.019722
    },
    {
      "cityName": "Tonga-Tonga",
      "lat": 11.908889,
      "lng": 124.310833
    },
    {
      "cityName": "Totobigan",
      "lat": 11.812222,
      "lng": 125.1
    },
    {
      "cityName": "Totubigan",
      "lat": 11.839722,
      "lng": 125.061389
    },
    {
      "cityName": "Tubigan",
      "lat": 11.675278,
      "lng": 124.881111
    },
    {
      "cityName": "Tugas",
      "lat": 11.543889,
      "lng": 124.804167
    },
    {
      "cityName": "Tumarog",
      "lat": 11.666667,
      "lng": 125.366667
    },
    {
      "cityName": "Uroya",
      "lat": 11.320278,
      "lng": 125.130278
    },
    {
      "cityName": "Villahermosa",
      "lat": 11.951667,
      "lng": 124.736667
    },
    {
      "cityName": "Villareal",
      "lat": 11.563333,
      "lng": 124.93
    },
    {
      "cityName": "Villhermosa",
      "lat": 11.9825,
      "lng": 124.411389
    },
    {
      "cityName": "Wright",
      "lat": 11.770278,
      "lng": 125.021944
    },
    {
      "cityName": "Ya-bon",
      "lat": 11.709167,
      "lng": 125.097222
    },
    {
      "cityName": "Yaua",
      "lat": 12.066667,
      "lng": 124.983333
    },
    {
      "cityName": "Zumarraga",
      "lat": 11.636944,
      "lng": 124.845
    }
  ]
}