{
  "name": "Albay",
  "cities": [
    {
      "cityName": "Abella",
      "lat": 13.116667,
      "lng": 123.416667
    },
    {
      "cityName": "Abibling",
      "lat": 13.25,
      "lng": 123.6
    },
    {
      "cityName": "Abognan",
      "lat": 13.066667,
      "lng": 123.683333
    },
    {
      "cityName": "Abri",
      "lat": 13.216667,
      "lng": 123.55
    },
    {
      "cityName": "Agnas",
      "lat": 13.355278,
      "lng": 123.816944
    },
    {
      "cityName": "Agojo",
      "lat": 13.222778,
      "lng": 124.169722
    },
    {
      "cityName": "Agol",
      "lat": 13.084722,
      "lng": 123.455278
    },
    {
      "cityName": "Aliang",
      "lat": 13.200556,
      "lng": 123.469167
    },
    {
      "cityName": "Alimsog",
      "lat": 13.233333,
      "lng": 123.85
    },
    {
      "cityName": "Alola",
      "lat": 13.333333,
      "lng": 123.733333
    },
    {
      "cityName": "Amtic",
      "lat": 13.3,
      "lng": 123.633333
    },
    {
      "cityName": "Anoling",
      "lat": 13.213056,
      "lng": 123.673056
    },
    {
      "cityName": "Anonang",
      "lat": 13.229444,
      "lng": 124.049444
    },
    {
      "cityName": "Apud",
      "lat": 13.140833,
      "lng": 123.293611
    },
    {
      "cityName": "Arap",
      "lat": 13.166667,
      "lng": 123.533333
    },
    {
      "cityName": "Auang",
      "lat": 13.383333,
      "lng": 123.7
    },
    {
      "cityName": "Bacacay",
      "lat": 13.294722,
      "lng": 123.793333
    },
    {
      "cityName": "Baclayon",
      "lat": 13.283333,
      "lng": 123.783333
    },
    {
      "cityName": "Bacolod",
      "lat": 13.270556,
      "lng": 123.443056
    },
    {
      "cityName": "Bacong",
      "lat": 13.123611,
      "lng": 123.463333
    },
    {
      "cityName": "Badian",
      "lat": 13.031667,
      "lng": 123.307778
    },
    {
      "cityName": "Badognoy",
      "lat": 13.166667,
      "lng": 123.416667
    },
    {
      "cityName": "Bagacay",
      "lat": 13.066667,
      "lng": 123.583333
    },
    {
      "cityName": "Bagaobauan",
      "lat": 13.235,
      "lng": 124.057222
    },
    {
      "cityName": "Bagaubauan",
      "lat": 13.183333,
      "lng": 124.116667
    },
    {
      "cityName": "Bagonbayan",
      "lat": 13.45,
      "lng": 123.666667
    },
    {
      "cityName": "Bagsa",
      "lat": 13.266389,
      "lng": 123.510833
    },
    {
      "cityName": "Balacbalac",
      "lat": 13.016667,
      "lng": 123.45
    },
    {
      "cityName": "Balading",
      "lat": 13.391389,
      "lng": 123.711389
    },
    {
      "cityName": "Balano",
      "lat": 13.283333,
      "lng": 123.8
    },
    {
      "cityName": "Balanoc",
      "lat": 13.15,
      "lng": 123.483333
    },
    {
      "cityName": "Balete",
      "lat": 13.216667,
      "lng": 123.85
    },
    {
      "cityName": "Baligang",
      "lat": 13.151389,
      "lng": 123.642222
    },
    {
      "cityName": "Balinad",
      "lat": 13.294722,
      "lng": 123.544444
    },
    {
      "cityName": "Balogo",
      "lat": 13.285833,
      "lng": 123.5525
    },
    {
      "cityName": "Balza",
      "lat": 13.403889,
      "lng": 123.697222
    },
    {
      "cityName": "Bamban",
      "lat": 13.166667,
      "lng": 123.583333
    },
    {
      "cityName": "Ba単a",
      "lat": 13.474167,
      "lng": 123.658889
    },
    {
      "cityName": "Banag",
      "lat": 13.378889,
      "lng": 123.703333
    },
    {
      "cityName": "Banao",
      "lat": 13.2,
      "lng": 123.6
    },
    {
      "cityName": "Banga",
      "lat": 13.2,
      "lng": 123.55
    },
    {
      "cityName": "Bantayan",
      "lat": 13.333333,
      "lng": 123.65
    },
    {
      "cityName": "Bantonan",
      "lat": 13.183333,
      "lng": 123.65
    },
    {
      "cityName": "Barabod",
      "lat": 13.265556,
      "lng": 123.419722
    },
    {
      "cityName": "Baranghauon",
      "lat": 13.35,
      "lng": 123.733333
    },
    {
      "cityName": "Barayong",
      "lat": 13.270556,
      "lng": 123.568056
    },
    {
      "cityName": "Bariis",
      "lat": 13.466667,
      "lng": 123.683333
    },
    {
      "cityName": "Bariu",
      "lat": 13.383333,
      "lng": 123.716667
    },
    {
      "cityName": "Bariw",
      "lat": 13.163889,
      "lng": 123.628333
    },
    {
      "cityName": "Basag",
      "lat": 13.133333,
      "lng": 123.483333
    },
    {
      "cityName": "Basicao",
      "lat": 13.045833,
      "lng": 123.401944
    },
    {
      "cityName": "Bassat",
      "lat": 13.283333,
      "lng": 123.616667
    },
    {
      "cityName": "Basud",
      "lat": 13.283333,
      "lng": 123.5
    },
    {
      "cityName": "Batang",
      "lat": 13.251389,
      "lng": 123.564167
    },
    {
      "cityName": "Batbat",
      "lat": 13.15,
      "lng": 123.516667
    },
    {
      "cityName": "Bato",
      "lat": 13.183333,
      "lng": 123.5
    },
    {
      "cityName": "Bautista",
      "lat": 13.046111,
      "lng": 123.583333
    },
    {
      "cityName": "Bayag",
      "lat": 13.066667,
      "lng": 123.45
    },
    {
      "cityName": "Bayandong",
      "lat": 13.265556,
      "lng": 123.794444
    },
    {
      "cityName": "Baybay",
      "lat": 13.406944,
      "lng": 123.713333
    },
    {
      "cityName": "Bilagao",
      "lat": 13.311389,
      "lng": 123.910833
    },
    {
      "cityName": "Bilbao",
      "lat": 13.266111,
      "lng": 124.022778
    },
    {
      "cityName": "Binacalan",
      "lat": 13.283333,
      "lng": 123.916667
    },
    {
      "cityName": "Bi単a Francia",
      "lat": 13.3475,
      "lng": 123.864167
    },
    {
      "cityName": "Binanauan",
      "lat": 13.233333,
      "lng": 123.516667
    },
    {
      "cityName": "Binatagan",
      "lat": 13.25,
      "lng": 123.533333
    },
    {
      "cityName": "Bincalon",
      "lat": 13.271111,
      "lng": 123.919722
    },
    {
      "cityName": "Binitayan",
      "lat": 13.293611,
      "lng": 123.755833
    },
    {
      "cityName": "Binodegahan",
      "lat": 13.059167,
      "lng": 123.456667
    },
    {
      "cityName": "Binogsacan",
      "lat": 13.2025,
      "lng": 123.575278
    },
    {
      "cityName": "Binosauan",
      "lat": 13.191667,
      "lng": 124.211944
    },
    {
      "cityName": "Bobonsoran",
      "lat": 13.25,
      "lng": 123.583333
    },
    {
      "cityName": "Bogtong",
      "lat": 13.220278,
      "lng": 124.017222
    },
    {
      "cityName": "Bolinao",
      "lat": 13.2,
      "lng": 123.516667
    },
    {
      "cityName": "Bolo",
      "lat": 13.469444,
      "lng": 123.679444
    },
    {
      "cityName": "Bololo",
      "lat": 13.15,
      "lng": 123.533333
    },
    {
      "cityName": "Bolos",
      "lat": 13.156667,
      "lng": 123.311389
    },
    {
      "cityName": "Bonbon",
      "lat": 13.3,
      "lng": 123.433333
    },
    {
      "cityName": "Bonjol",
      "lat": 13.183333,
      "lng": 123.333333
    },
    {
      "cityName": "Bonon",
      "lat": 13.038611,
      "lng": 123.372222
    },
    {
      "cityName": "Borabod",
      "lat": 13.426111,
      "lng": 123.686667
    },
    {
      "cityName": "Borad",
      "lat": 13.236111,
      "lng": 123.979444
    },
    {
      "cityName": "Boring",
      "lat": 13.317222,
      "lng": 123.673889
    },
    {
      "cityName": "Boton",
      "lat": 13.043611,
      "lng": 123.4525
    },
    {
      "cityName": "Buang",
      "lat": 13.312222,
      "lng": 123.641944
    },
    {
      "cityName": "Bubulusan",
      "lat": 13.226111,
      "lng": 123.596944
    },
    {
      "cityName": "Buenavista",
      "lat": 12.990556,
      "lng": 123.480833
    },
    {
      "cityName": "Buga",
      "lat": 13.297222,
      "lng": 123.360278
    },
    {
      "cityName": "Bugton",
      "lat": 13.216667,
      "lng": 124.016667
    },
    {
      "cityName": "Bunga",
      "lat": 13.278056,
      "lng": 123.759722
    },
    {
      "cityName": "Busac",
      "lat": 13.27,
      "lng": 123.476111
    },
    {
      "cityName": "Busdac",
      "lat": 13.3,
      "lng": 123.8
    },
    {
      "cityName": "Buwang",
      "lat": 13.3,
      "lng": 123.783333
    },
    {
      "cityName": "Buyo",
      "lat": 13.110833,
      "lng": 123.867222
    },
    {
      "cityName": "Cabag単an",
      "lat": 13.186944,
      "lng": 123.6725
    },
    {
      "cityName": "Cabanog",
      "lat": 13.183333,
      "lng": 123.583333
    },
    {
      "cityName": "Cabonturan",
      "lat": 13.4,
      "lng": 123.7
    },
    {
      "cityName": "Cabraran",
      "lat": 13.1,
      "lng": 123.616667
    },
    {
      "cityName": "Cagabae",
      "lat": 13.183333,
      "lng": 124.133333
    },
    {
      "cityName": "Cagan",
      "lat": 13.15,
      "lng": 123.583333
    },
    {
      "cityName": "Cagmanaba",
      "lat": 13.056389,
      "lng": 123.2975
    },
    {
      "cityName": "Cagongcognan",
      "lat": 13.116667,
      "lng": 123.45
    },
    {
      "cityName": "Cagraray",
      "lat": 13.283611,
      "lng": 123.886389
    },
    {
      "cityName": "Caguiba",
      "lat": 13.116667,
      "lng": 123.616667
    },
    {
      "cityName": "Cajugutan",
      "lat": 13.283333,
      "lng": 123.816667
    },
    {
      "cityName": "Calanaga",
      "lat": 13.252778,
      "lng": 124.047778
    },
    {
      "cityName": "Calantigao",
      "lat": 13.133333,
      "lng": 123.45
    },
    {
      "cityName": "Calayucay",
      "lat": 13.25,
      "lng": 123.783333
    },
    {
      "cityName": "Cale",
      "lat": 13.463889,
      "lng": 123.656111
    },
    {
      "cityName": "Calpi",
      "lat": 13.235278,
      "lng": 123.459167
    },
    {
      "cityName": "Camagon",
      "lat": 13.226111,
      "lng": 123.4625
    },
    {
      "cityName": "Camagong",
      "lat": 13.116667,
      "lng": 123.6
    },
    {
      "cityName": "Camalia",
      "lat": 13.15,
      "lng": 123.616667
    },
    {
      "cityName": "Camalig",
      "lat": 13.181667,
      "lng": 123.653056
    },
    {
      "cityName": "Canaganan",
      "lat": 13.185833,
      "lng": 123.307222
    },
    {
      "cityName": "Canarom",
      "lat": 13.05,
      "lng": 123.666667
    },
    {
      "cityName": "Caracaran",
      "lat": 13.2375,
      "lng": 123.982778
    },
    {
      "cityName": "Cararayan",
      "lat": 13.463056,
      "lng": 123.665278
    },
    {
      "cityName": "Carogcog",
      "lat": 13.178889,
      "lng": 124.181667
    },
    {
      "cityName": "Casinagan",
      "lat": 13.176389,
      "lng": 123.435833
    },
    {
      "cityName": "Catburauan",
      "lat": 13.020278,
      "lng": 123.313056
    },
    {
      "cityName": "Cauayan",
      "lat": 13.054444,
      "lng": 123.820833
    },
    {
      "cityName": "Cavasi",
      "lat": 13.223889,
      "lng": 123.518611
    },
    {
      "cityName": "Cavit",
      "lat": 13.120556,
      "lng": 123.922222
    },
    {
      "cityName": "Cituinan",
      "lat": 13.166667,
      "lng": 123.666667
    },
    {
      "cityName": "Cogon",
      "lat": 13.1225,
      "lng": 123.891389
    },
    {
      "cityName": "Collat",
      "lat": 13.2,
      "lng": 123.466667
    },
    {
      "cityName": "Comon",
      "lat": 13.129722,
      "lng": 123.658611
    },
    {
      "cityName": "Corocoro",
      "lat": 13.448056,
      "lng": 123.680833
    },
    {
      "cityName": "Cotmon",
      "lat": 13.120833,
      "lng": 123.661389
    },
    {
      "cityName": "Cotnogan",
      "lat": 13.266667,
      "lng": 123.5
    },
    {
      "cityName": "Coyaoyao",
      "lat": 13.101389,
      "lng": 123.466944
    },
    {
      "cityName": "Danlagan",
      "lat": 13.05,
      "lng": 123.766667
    },
    {
      "cityName": "Dapdap",
      "lat": 13.221667,
      "lng": 124.036944
    },
    {
      "cityName": "Daraga",
      "lat": 13.1625,
      "lng": 123.693611
    },
    {
      "cityName": "Del Rosario",
      "lat": 13.104444,
      "lng": 123.664444
    },
    {
      "cityName": "Dolos",
      "lat": 13.05,
      "lng": 123.616667
    },
    {
      "cityName": "Domican",
      "lat": 13.25,
      "lng": 123.866667
    },
    {
      "cityName": "Estancia",
      "lat": 13.361389,
      "lng": 123.680278
    },
    {
      "cityName": "Estrella",
      "lat": 13.0375,
      "lng": 123.533611
    },
    {
      "cityName": "Florista",
      "lat": 13.066667,
      "lng": 123.65
    },
    {
      "cityName": "Gaba",
      "lat": 13.263056,
      "lng": 123.980278
    },
    {
      "cityName": "Gajo",
      "lat": 13.45,
      "lng": 123.683333
    },
    {
      "cityName": "Galicia",
      "lat": 13.286389,
      "lng": 123.955833
    },
    {
      "cityName": "Gampongan",
      "lat": 13.2,
      "lng": 123.35
    },
    {
      "cityName": "Gapo",
      "lat": 13.141944,
      "lng": 123.696667
    },
    {
      "cityName": "Gindi",
      "lat": 13.299444,
      "lng": 123.783889
    },
    {
      "cityName": "Gubat",
      "lat": 13.284444,
      "lng": 123.777222
    },
    {
      "cityName": "Guibacag",
      "lat": 13.133333,
      "lng": 123.583333
    },
    {
      "cityName": "Guinimbalan",
      "lat": 13.183333,
      "lng": 123.416667
    },
    {
      "cityName": "Guinobatan",
      "lat": 13.188611,
      "lng": 123.598611
    },
    {
      "cityName": "Gumian",
      "lat": 13.1,
      "lng": 123.533333
    },
    {
      "cityName": "Halazaan",
      "lat": 13.183333,
      "lng": 123.566667
    },
    {
      "cityName": "Hamorauon",
      "lat": 13.25,
      "lng": 124.016667
    },
    {
      "cityName": "Hemosa",
      "lat": 13.045833,
      "lng": 123.714444
    },
    {
      "cityName": "Herrera",
      "lat": 13.265278,
      "lng": 123.5825
    },
    {
      "cityName": "Honob",
      "lat": 13.423333,
      "lng": 123.704444
    },
    {
      "cityName": "Horoan",
      "lat": 13.490556,
      "lng": 123.619444
    },
    {
      "cityName": "Ibaogan",
      "lat": 13.15,
      "lng": 123.716667
    },
    {
      "cityName": "Igang",
      "lat": 13.288333,
      "lng": 123.805833
    },
    {
      "cityName": "Iloloan",
      "lat": 13.133333,
      "lng": 123.6
    },
    {
      "cityName": "Imacoto",
      "lat": 13.065833,
      "lng": 123.292222
    },
    {
      "cityName": "Inarado",
      "lat": 13.126667,
      "lng": 123.668333
    },
    {
      "cityName": "Inascan",
      "lat": 13.216667,
      "lng": 123.566667
    },
    {
      "cityName": "Iraya",
      "lat": 13.25,
      "lng": 123.516667
    },
    {
      "cityName": "Jovellar",
      "lat": 13.070833,
      "lng": 123.597778
    },
    {
      "cityName": "Kinali",
      "lat": 13.293611,
      "lng": 123.465556
    },
    {
      "cityName": "Kinastillohan",
      "lat": 13.339167,
      "lng": 123.658333
    },
    {
      "cityName": "Kinawitan",
      "lat": 13.083333,
      "lng": 123.666667
    },
    {
      "cityName": "Kitago",
      "lat": 13.166667,
      "lng": 123.6
    },
    {
      "cityName": "Labnig",
      "lat": 13.376111,
      "lng": 123.678611
    },
    {
      "cityName": "Lacag",
      "lat": 13.153889,
      "lng": 123.680278
    },
    {
      "cityName": "Lamba",
      "lat": 13.133333,
      "lng": 123.766667
    },
    {
      "cityName": "Lanigay",
      "lat": 13.316667,
      "lng": 123.5
    },
    {
      "cityName": "Libjo",
      "lat": 13.466667,
      "lng": 123.666667
    },
    {
      "cityName": "Libog",
      "lat": 13.233333,
      "lng": 123.783333
    },
    {
      "cityName": "Libon",
      "lat": 13.300556,
      "lng": 123.438333
    },
    {
      "cityName": "Libtong",
      "lat": 13.266667,
      "lng": 123.35
    },
    {
      "cityName": "Ligao",
      "lat": 13.240278,
      "lng": 123.5325
    },
    {
      "cityName": "Liguan",
      "lat": 13.2625,
      "lng": 123.922222
    },
    {
      "cityName": "Lilibdon",
      "lat": 13.083333,
      "lng": 123.55
    },
    {
      "cityName": "Linao",
      "lat": 13.2,
      "lng": 124.216667
    },
    {
      "cityName": "Lipsong",
      "lat": 13.2,
      "lng": 123.5
    },
    {
      "cityName": "Loboc",
      "lat": 13.183333,
      "lng": 123.633333
    },
    {
      "cityName": "Lucban",
      "lat": 13.066667,
      "lng": 123.6
    },
    {
      "cityName": "Mabayawas",
      "lat": 13.233333,
      "lng": 123.416667
    },
    {
      "cityName": "Macabugos",
      "lat": 13.234722,
      "lng": 123.313056
    },
    {
      "cityName": "Macabulan",
      "lat": 13.033333,
      "lng": 123.533333
    },
    {
      "cityName": "Madita",
      "lat": 13.15,
      "lng": 123.466667
    },
    {
      "cityName": "Magatol",
      "lat": 13.233333,
      "lng": 123.616667
    },
    {
      "cityName": "Magpanambo",
      "lat": 13.358611,
      "lng": 123.435556
    },
    {
      "cityName": "Magradongdong",
      "lat": 13.042222,
      "lng": 123.420278
    },
    {
      "cityName": "Magtaguingting",
      "lat": 13.066667,
      "lng": 123.566667
    },
    {
      "cityName": "Mahaba",
      "lat": 13.268611,
      "lng": 123.551667
    },
    {
      "cityName": "Mahulana Bato",
      "lat": 13.233333,
      "lng": 123.566667
    },
    {
      "cityName": "Malabog",
      "lat": 13.171944,
      "lng": 123.680278
    },
    {
      "cityName": "Malama",
      "lat": 13.1575,
      "lng": 123.463056
    },
    {
      "cityName": "Malidong",
      "lat": 13.013333,
      "lng": 123.460556
    },
    {
      "cityName": "Malilipot",
      "lat": 13.321111,
      "lng": 123.740278
    },
    {
      "cityName": "Malinao",
      "lat": 13.401389,
      "lng": 123.7075
    },
    {
      "cityName": "Malipo",
      "lat": 13.127222,
      "lng": 123.554167
    },
    {
      "cityName": "Malobago",
      "lat": 13.08,
      "lng": 123.835
    },
    {
      "cityName": "Manael",
      "lat": 13.278889,
      "lng": 123.853611
    },
    {
      "cityName": "Managay",
      "lat": 13.15,
      "lng": 123.6
    },
    {
      "cityName": "Mananao",
      "lat": 13.228056,
      "lng": 124.145
    },
    {
      "cityName": "Manarang",
      "lat": 13.133333,
      "lng": 123.5
    },
    {
      "cityName": "Mancao",
      "lat": 13.286111,
      "lng": 123.911389
    },
    {
      "cityName": "Manela",
      "lat": 13.233333,
      "lng": 123.95
    },
    {
      "cityName": "Manga",
      "lat": 13.270833,
      "lng": 123.462222
    },
    {
      "cityName": "Manito",
      "lat": 13.123889,
      "lng": 123.867222
    },
    {
      "cityName": "Manlato",
      "lat": 13.016667,
      "lng": 123.516667
    },
    {
      "cityName": "Maopi",
      "lat": 13.079722,
      "lng": 123.685556
    },
    {
      "cityName": "Marayag",
      "lat": 13.282222,
      "lng": 123.463056
    },
    {
      "cityName": "Mariroc",
      "lat": 13.34,
      "lng": 123.694722
    },
    {
      "cityName": "Marorao",
      "lat": 13.166667,
      "lng": 123.483333
    },
    {
      "cityName": "Masaguimsim",
      "lat": 13.283333,
      "lng": 123.85
    },
    {
      "cityName": "Masarauag",
      "lat": 13.223611,
      "lng": 123.619167
    },
    {
      "cityName": "Mataas",
      "lat": 13.233333,
      "lng": 123.883333
    },
    {
      "cityName": "Matacon",
      "lat": 13.333333,
      "lng": 123.416667
    },
    {
      "cityName": "Matagbac",
      "lat": 13.35,
      "lng": 123.7
    },
    {
      "cityName": "Matalibong",
      "lat": 13.488056,
      "lng": 123.633333
    },
    {
      "cityName": "Matalipni",
      "lat": 13.390833,
      "lng": 123.675278
    },
    {
      "cityName": "Mauasuas",
      "lat": 13.133333,
      "lng": 123.516667
    },
    {
      "cityName": "Mauraro",
      "lat": 13.151111,
      "lng": 123.596111
    },
    {
      "cityName": "Maynonong",
      "lat": 13.5,
      "lng": 123.616667
    },
    {
      "cityName": "Mayong",
      "lat": 13.521667,
      "lng": 123.600556
    },
    {
      "cityName": "Mendez",
      "lat": 13.283889,
      "lng": 123.521389
    },
    {
      "cityName": "Mesibis",
      "lat": 13.511389,
      "lng": 123.607778
    },
    {
      "cityName": "Milao",
      "lat": 13.033333,
      "lng": 123.716667
    },
    {
      "cityName": "Misericordia",
      "lat": 13.261389,
      "lng": 123.759167
    },
    {
      "cityName": "Misibis",
      "lat": 13.245833,
      "lng": 123.905833
    },
    {
      "cityName": "Molosbolos",
      "lat": 13.233333,
      "lng": 123.35
    },
    {
      "cityName": "Morocborocan",
      "lat": 13.217222,
      "lng": 124.099722
    },
    {
      "cityName": "Morponros",
      "lat": 13.116667,
      "lng": 123.316667
    },
    {
      "cityName": "Mosboron",
      "lat": 13.238889,
      "lng": 123.909444
    },
    {
      "cityName": "Muladbucad Grande",
      "lat": 13.245278,
      "lng": 123.604444
    },
    {
      "cityName": "Muladbucad",
      "lat": 13.233333,
      "lng": 123.6
    },
    {
      "cityName": "Muladbucad Peque単o",
      "lat": 13.233056,
      "lng": 123.610278
    },
    {
      "cityName": "Nabasagan",
      "lat": 13.116667,
      "lng": 123.3
    },
    {
      "cityName": "Nagadalagan",
      "lat": 13.183333,
      "lng": 123.483333
    },
    {
      "cityName": "Nagas",
      "lat": 13.436389,
      "lng": 123.670833
    },
    {
      "cityName": "Nahapunan",
      "lat": 13.263056,
      "lng": 123.828333
    },
    {
      "cityName": "Nahologan",
      "lat": 13.483333,
      "lng": 123.65
    },
    {
      "cityName": "Nalagbalac",
      "lat": 13.033333,
      "lng": 123.45
    },
    {
      "cityName": "Nale",
      "lat": 13.151111,
      "lng": 123.416944
    },
    {
      "cityName": "Namanday",
      "lat": 13.313889,
      "lng": 123.942222
    },
    {
      "cityName": "Namantao",
      "lat": 13.268333,
      "lng": 123.858056
    },
    {
      "cityName": "Naminuet",
      "lat": 13.116667,
      "lng": 123.566667
    },
    {
      "cityName": "Napao",
      "lat": 13.320833,
      "lng": 123.861944
    },
    {
      "cityName": "Nasisi",
      "lat": 13.26,
      "lng": 123.583889
    },
    {
      "cityName": "Oas",
      "lat": 13.258889,
      "lng": 123.495278
    },
    {
      "cityName": "Obaliw",
      "lat": 13.233333,
      "lng": 123.5
    },
    {
      "cityName": "Ogob",
      "lat": 13.356667,
      "lng": 123.661667
    },
    {
      "cityName": "Olyaoyao",
      "lat": 13.096944,
      "lng": 123.465833
    },
    {
      "cityName": "Onglo",
      "lat": 13.35,
      "lng": 123.716667
    },
    {
      "cityName": "Ongo",
      "lat": 13.139722,
      "lng": 123.52
    },
    {
      "cityName": "Palanas",
      "lat": 13.216667,
      "lng": 123.45
    },
    {
      "cityName": "Palanog",
      "lat": 13.144167,
      "lng": 123.614722
    },
    {
      "cityName": "Palapas",
      "lat": 13.113056,
      "lng": 123.470556
    },
    {
      "cityName": "Palbon",
      "lat": 13.216667,
      "lng": 123.333333
    },
    {
      "cityName": "Pamasan",
      "lat": 13.216667,
      "lng": 123.6
    },
    {
      "cityName": "Panal",
      "lat": 13.366667,
      "lng": 123.716667
    },
    {
      "cityName": "Pandan",
      "lat": 13.225278,
      "lng": 123.533056
    },
    {
      "cityName": "Panganiran",
      "lat": 13.028056,
      "lng": 123.453611
    },
    {
      "cityName": "Panoyacan",
      "lat": 13.016389,
      "lng": 123.3325
    },
    {
      "cityName": "Panoypoy",
      "lat": 13.068333,
      "lng": 123.661389
    },
    {
      "cityName": "Pantao",
      "lat": 13.196111,
      "lng": 123.328611
    },
    {
      "cityName": "Parahoto",
      "lat": 13.35,
      "lng": 123.666667
    },
    {
      "cityName": "Pariaan",
      "lat": 13.108611,
      "lng": 123.595833
    },
    {
      "cityName": "Paulba",
      "lat": 13.185,
      "lng": 123.460833
    },
    {
      "cityName": "Pawa",
      "lat": 13.134722,
      "lng": 123.893056
    },
    {
      "cityName": "Picadero",
      "lat": 13.233333,
      "lng": 123.866667
    },
    {
      "cityName": "Pilarun",
      "lat": 13.166667,
      "lng": 123.7
    },
    {
      "cityName": "Pili",
      "lat": 13.266667,
      "lng": 123.818611
    },
    {
      "cityName": "Pinagbobong",
      "lat": 13.328889,
      "lng": 123.698889
    },
    {
      "cityName": "Pinaglaban",
      "lat": 13.1,
      "lng": 123.65
    },
    {
      "cityName": "Pinamoldan",
      "lat": 13.166667,
      "lng": 123.433333
    },
    {
      "cityName": "Pingan",
      "lat": 13.283333,
      "lng": 123.933333
    },
    {
      "cityName": "Pinit",
      "lat": 13.266667,
      "lng": 123.55
    },
    {
      "cityName": "Pistola",
      "lat": 13.216667,
      "lng": 123.466667
    },
    {
      "cityName": "Pitogg",
      "lat": 13.196389,
      "lng": 124.096111
    },
    {
      "cityName": "Polangui",
      "lat": 13.294444,
      "lng": 123.487222
    },
    {
      "cityName": "Pongco",
      "lat": 13.333333,
      "lng": 123.9
    },
    {
      "cityName": "Ponso",
      "lat": 13.293611,
      "lng": 123.515833
    },
    {
      "cityName": "Pood",
      "lat": 13.1,
      "lng": 123.516667
    },
    {
      "cityName": "Potsan",
      "lat": 13.476944,
      "lng": 123.675556
    },
    {
      "cityName": "Pulin",
      "lat": 13.391389,
      "lng": 123.697778
    },
    {
      "cityName": "Pututan",
      "lat": 13.236111,
      "lng": 123.964444
    },
    {
      "cityName": "Quinuartelan",
      "lat": 13.1,
      "lng": 123.566667
    },
    {
      "cityName": "Rapu-Rapu",
      "lat": 13.1875,
      "lng": 124.126667
    },
    {
      "cityName": "Rauis",
      "lat": 13.066667,
      "lng": 123.5
    },
    {
      "cityName": "Rawis",
      "lat": 13.316667,
      "lng": 123.383333
    },
    {
      "cityName": "Sabad",
      "lat": 13.264167,
      "lng": 123.47
    },
    {
      "cityName": "Sabang",
      "lat": 13.183333,
      "lng": 123.316667
    },
    {
      "cityName": "Sagorong",
      "lat": 13.395556,
      "lng": 123.789444
    },
    {
      "cityName": "Salog",
      "lat": 13.25,
      "lng": 123.9
    },
    {
      "cityName": "Salugan",
      "lat": 13.183333,
      "lng": 123.666667
    },
    {
      "cityName": "Salvacion",
      "lat": 13.066667,
      "lng": 123.616667
    },
    {
      "cityName": "San Agustin",
      "lat": 13.276111,
      "lng": 123.511389
    },
    {
      "cityName": "San Andres",
      "lat": 13.26,
      "lng": 123.78
    },
    {
      "cityName": "San Bernardo",
      "lat": 13.433333,
      "lng": 123.65
    },
    {
      "cityName": "San Carlos",
      "lat": 13.377778,
      "lng": 123.7225
    },
    {
      "cityName": "San Fernande",
      "lat": 13.270278,
      "lng": 123.754444
    },
    {
      "cityName": "San Francisco",
      "lat": 13.316667,
      "lng": 123.75
    },
    {
      "cityName": "San Jacinto",
      "lat": 13.283333,
      "lng": 123.45
    },
    {
      "cityName": "San Jose",
      "lat": 13.247222,
      "lng": 123.371389
    },
    {
      "cityName": "San Juan",
      "lat": 13.216667,
      "lng": 123.483333
    },
    {
      "cityName": "San Lorenzo",
      "lat": 13.339722,
      "lng": 123.7375
    },
    {
      "cityName": "San Miguel Estate",
      "lat": 13.369722,
      "lng": 123.805
    },
    {
      "cityName": "San Pedro",
      "lat": 13.275556,
      "lng": 123.811667
    },
    {
      "cityName": "San Ramon",
      "lat": 13.051944,
      "lng": 123.689722
    },
    {
      "cityName": "San Roque",
      "lat": 13.245278,
      "lng": 123.769167
    },
    {
      "cityName": "Santa Cruz",
      "lat": 12.986389,
      "lng": 123.49
    },
    {
      "cityName": "Santa Misericordia",
      "lat": 13.233333,
      "lng": 123.766667
    },
    {
      "cityName": "Santa Teresa",
      "lat": 13.316667,
      "lng": 123.733333
    },
    {
      "cityName": "Santo Domingo",
      "lat": 13.235278,
      "lng": 123.777222
    },
    {
      "cityName": "San Vicente",
      "lat": 13.263889,
      "lng": 123.436944
    },
    {
      "cityName": "Sinungtan",
      "lat": 13.121389,
      "lng": 123.533889
    },
    {
      "cityName": "Sogoa",
      "lat": 13.316667,
      "lng": 123.763333
    },
    {
      "cityName": "Solong",
      "lat": 13.116667,
      "lng": 123.65
    },
    {
      "cityName": "Sosong",
      "lat": 13.2,
      "lng": 123.483333
    },
    {
      "cityName": "Soton",
      "lat": 13.283333,
      "lng": 123.966667
    },
    {
      "cityName": "Sugcad",
      "lat": 13.366667,
      "lng": 123.7
    },
    {
      "cityName": "Sugtad",
      "lat": 13.313889,
      "lng": 123.482778
    },
    {
      "cityName": "Sula",
      "lat": 13.2275,
      "lng": 123.858333
    },
    {
      "cityName": "Tabaco",
      "lat": 13.358611,
      "lng": 123.733611
    },
    {
      "cityName": "Tabagian",
      "lat": 13.322778,
      "lng": 123.642778
    },
    {
      "cityName": "Tabog",
      "lat": 13.275556,
      "lng": 123.525556
    },
    {
      "cityName": "Tabon-tabon",
      "lat": 13.115556,
      "lng": 123.701944
    },
    {
      "cityName": "Tabunturan",
      "lat": 13.416667,
      "lng": 123.683333
    },
    {
      "cityName": "Tagas Grande",
      "lat": 13.351389,
      "lng": 123.738056
    },
    {
      "cityName": "Tagaytay",
      "lat": 13.15,
      "lng": 123.666667
    },
    {
      "cityName": "Tagbao",
      "lat": 13.166667,
      "lng": 123.516667
    },
    {
      "cityName": "Tagoytoy",
      "lat": 13.416667,
      "lng": 123.679167
    },
    {
      "cityName": "Taladong",
      "lat": 13.138611,
      "lng": 123.652778
    },
    {
      "cityName": "Talahip",
      "lat": 13.25,
      "lng": 123.55
    },
    {
      "cityName": "Talin-Talin",
      "lat": 13.166667,
      "lng": 123.316667
    },
    {
      "cityName": "Talisay",
      "lat": 13.159722,
      "lng": 123.415556
    },
    {
      "cityName": "Taloto",
      "lat": 13.075278,
      "lng": 123.638611
    },
    {
      "cityName": "Tambo",
      "lat": 13.25,
      "lng": 123.3
    },
    {
      "cityName": "Tanagan",
      "lat": 13.311944,
      "lng": 123.864167
    },
    {
      "cityName": "Tanauan",
      "lat": 13.404167,
      "lng": 123.680833
    },
    {
      "cityName": "Tanglad",
      "lat": 13.283333,
      "lng": 124.016667
    },
    {
      "cityName": "Tapel",
      "lat": 13.089444,
      "lng": 123.299167
    },
    {
      "cityName": "Tapis",
      "lat": 13.316667,
      "lng": 123.933333
    },
    {
      "cityName": "Taplacon",
      "lat": 13.1,
      "lng": 123.633333
    },
    {
      "cityName": "Taragui",
      "lat": 13.6,
      "lng": 123.533333
    },
    {
      "cityName": "Tinampo",
      "lat": 13.230278,
      "lng": 123.509444
    },
    {
      "cityName": "Tinapian",
      "lat": 13.101944,
      "lng": 123.839167
    },
    {
      "cityName": "Tinocauan",
      "lat": 13.256111,
      "lng": 123.931667
    },
    {
      "cityName": "Tinopan",
      "lat": 13.216667,
      "lng": 124.2
    },
    {
      "cityName": "Tiwi",
      "lat": 13.458889,
      "lng": 123.682778
    },
    {
      "cityName": "Tobgon",
      "lat": 13.1975,
      "lng": 123.390833
    },
    {
      "cityName": "Tomolin",
      "lat": 13.233056,
      "lng": 123.534167
    },
    {
      "cityName": "Tubigan",
      "lat": 13.166667,
      "lng": 123.566667
    },
    {
      "cityName": "Tuburan",
      "lat": 13.236944,
      "lng": 123.558333
    },
    {
      "cityName": "Tulatula",
      "lat": 13.133333,
      "lng": 123.633333
    },
    {
      "cityName": "Tulu",
      "lat": 13.383333,
      "lng": 123.683333
    },
    {
      "cityName": "Tumpa",
      "lat": 13.200833,
      "lng": 123.636389
    },
    {
      "cityName": "Yentucan",
      "lat": 13.033333,
      "lng": 123.733333
    }
  ]
}