{
  "name": "Surigao del Sur",
  "cities": [
    {
      "cityName": "Abaga",
      "lat": 8.940278,
      "lng": 125.995833
    },
    {
      "cityName": "Adlay",
      "lat": 9.409722,
      "lng": 125.8975
    },
    {
      "cityName": "Alba",
      "lat": 8.969444,
      "lng": 126.131944
    },
    {
      "cityName": "Amaga",
      "lat": 8.530833,
      "lng": 126.070278
    },
    {
      "cityName": "Anahao Daan",
      "lat": 8.963611,
      "lng": 126.155
    },
    {
      "cityName": "Anibongan",
      "lat": 8.075,
      "lng": 126.425833
    },
    {
      "cityName": "Antao",
      "lat": 9.239722,
      "lng": 125.991389
    },
    {
      "cityName": "Antipolo",
      "lat": 8.777222,
      "lng": 126.278611
    },
    {
      "cityName": "Apuang",
      "lat": 9.257778,
      "lng": 126.170556
    },
    {
      "cityName": "Aras-asan",
      "lat": 8.890833,
      "lng": 126.303333
    },
    {
      "cityName": "Arorogon",
      "lat": 8.784167,
      "lng": 126.288611
    },
    {
      "cityName": "Babuyan",
      "lat": 9.3475,
      "lng": 125.898333
    },
    {
      "cityName": "Bacolod",
      "lat": 8.931667,
      "lng": 126.289444
    },
    {
      "cityName": "Baculin",
      "lat": 8.519444,
      "lng": 126.338611
    },
    {
      "cityName": "Badong",
      "lat": 8.95,
      "lng": 126.098056
    },
    {
      "cityName": "Bagasang",
      "lat": 9.345556,
      "lng": 125.938056
    },
    {
      "cityName": "Bahao",
      "lat": 8.988056,
      "lng": 126.154167
    },
    {
      "cityName": "Bahi",
      "lat": 8.510833,
      "lng": 126.043889
    },
    {
      "cityName": "Barcelona",
      "lat": 8.159167,
      "lng": 126.434167
    },
    {
      "cityName": "Barobo",
      "lat": 8.535278,
      "lng": 126.121389
    },
    {
      "cityName": "Batunan",
      "lat": 8.438056,
      "lng": 126.163889
    },
    {
      "cityName": "Bayabas",
      "lat": 8.969722,
      "lng": 126.286111
    },
    {
      "cityName": "Bigaan",
      "lat": 8.317222,
      "lng": 126.281111
    },
    {
      "cityName": "Bislig",
      "lat": 8.215278,
      "lng": 126.316389
    },
    {
      "cityName": "Bitagoan",
      "lat": 8.866944,
      "lng": 126.310833
    },
    {
      "cityName": "Bobon",
      "lat": 9.222222,
      "lng": 126.028056
    },
    {
      "cityName": "Bogsokan",
      "lat": 9.282979,
      "lng": 125.979782
    },
    {
      "cityName": "Bonot",
      "lat": 9.378889,
      "lng": 125.929722
    },
    {
      "cityName": "Borbaanam",
      "lat": 8.230278,
      "lng": 126.276944
    },
    {
      "cityName": "Boyoyo",
      "lat": 9.257649,
      "lng": 125.984218
    },
    {
      "cityName": "Bretana",
      "lat": 8.702778,
      "lng": 126.221389
    },
    {
      "cityName": "Buaya",
      "lat": 9.255556,
      "lng": 126.026389
    },
    {
      "cityName": "Buenavista",
      "lat": 9.115,
      "lng": 126.160833
    },
    {
      "cityName": "Buenevista",
      "lat": 9.416667,
      "lng": 126
    },
    {
      "cityName": "Burgos",
      "lat": 9.266389,
      "lng": 126.188333
    },
    {
      "cityName": "Caayongan",
      "lat": 9.452222,
      "lng": 125.931667
    },
    {
      "cityName": "Cabahang",
      "lat": 9.273651,
      "lng": 125.891781
    },
    {
      "cityName": "Cabugao",
      "lat": 9.303333,
      "lng": 126.166944
    },
    {
      "cityName": "Caglayag",
      "lat": 9.396944,
      "lng": 125.979722
    },
    {
      "cityName": "Cagoncogan",
      "lat": 9.220556,
      "lng": 126.07
    },
    {
      "cityName": "Caguait",
      "lat": 8.918611,
      "lng": 126.301111
    },
    {
      "cityName": "Cantilan",
      "lat": 9.333611,
      "lng": 125.9775
    },
    {
      "cityName": "Carmen",
      "lat": 9.226389,
      "lng": 126.017222
    },
    {
      "cityName": "Carpenito",
      "lat": 8.405556,
      "lng": 126.304167
    },
    {
      "cityName": "Carrascal",
      "lat": 9.370278,
      "lng": 125.949167
    },
    {
      "cityName": "Catihan",
      "lat": 9.043611,
      "lng": 125.901944
    },
    {
      "cityName": "Catugas",
      "lat": 9.269722,
      "lng": 126.138889
    },
    {
      "cityName": "Coleto",
      "lat": 8.181667,
      "lng": 126.3
    },
    {
      "cityName": "Consuelo",
      "lat": 9.376389,
      "lng": 125.974722
    },
    {
      "cityName": "Cortes",
      "lat": 9.279722,
      "lng": 126.191111
    },
    {
      "cityName": "Dahican",
      "lat": 8.091667,
      "lng": 126.437778
    },
    {
      "cityName": "Danube",
      "lat": 9.228333,
      "lng": 126.054167
    },
    {
      "cityName": "Dapdap",
      "lat": 8.528056,
      "lng": 126.14
    },
    {
      "cityName": "Dapia",
      "lat": 9.033333,
      "lng": 126.2
    },
    {
      "cityName": "Fudela",
      "lat": 8.1875,
      "lng": 126.261389
    },
    {
      "cityName": "Gamut",
      "lat": 9.004444,
      "lng": 126.169722
    },
    {
      "cityName": "Gamuton",
      "lat": 8.530278,
      "lng": 126.242222
    },
    {
      "cityName": "Gango",
      "lat": 9.389722,
      "lng": 125.93
    },
    {
      "cityName": "Gibioc",
      "lat": 9.326113,
      "lng": 125.92695
    },
    {
      "cityName": "Hinatuan",
      "lat": 8.372222,
      "lng": 126.334167
    },
    {
      "cityName": "Ipil",
      "lat": 9.228611,
      "lng": 126.025
    },
    {
      "cityName": "Isla General",
      "lat": 9.416667,
      "lng": 126.016667
    },
    {
      "cityName": "Javier",
      "lat": 8.488889,
      "lng": 126.085
    },
    {
      "cityName": "Kayagyag",
      "lat": 9.044167,
      "lng": 126.129444
    },
    {
      "cityName": "Lanang",
      "lat": 9.234242,
      "lng": 125.999304
    },
    {
      "cityName": "Lanuza",
      "lat": 9.234167,
      "lng": 126.064444
    },
    {
      "cityName": "La Pas",
      "lat": 8.983611,
      "lng": 126.263889
    },
    {
      "cityName": "Lauigan",
      "lat": 8.236111,
      "lng": 126.435
    },
    {
      "cityName": "Layola",
      "lat": 8.335,
      "lng": 126.334722
    },
    {
      "cityName": "Lianga",
      "lat": 8.633611,
      "lng": 126.094722
    },
    {
      "cityName": "Libas",
      "lat": 9.883333,
      "lng": 125.983333
    },
    {
      "cityName": "Libas Sud",
      "lat": 8.932222,
      "lng": 126.038056
    },
    {
      "cityName": "Lingig",
      "lat": 8.038889,
      "lng": 126.4125
    },
    {
      "cityName": "Lucia",
      "lat": 9.277778,
      "lng": 126.164722
    },
    {
      "cityName": "Mabahin",
      "lat": 9.185556,
      "lng": 126.170556
    },
    {
      "cityName": "Madrelino",
      "lat": 9.304444,
      "lng": 126.181389
    },
    {
      "cityName": "Madrid",
      "lat": 9.262114,
      "lng": 125.964367
    },
    {
      "cityName": "Magasang",
      "lat": 9.341389,
      "lng": 125.957222
    },
    {
      "cityName": "Maglambing",
      "lat": 8.424722,
      "lng": 126.197222
    },
    {
      "cityName": "Maitom",
      "lat": 8.9725,
      "lng": 125.976944
    },
    {
      "cityName": "Maitum",
      "lat": 9.083333,
      "lng": 125.966667
    },
    {
      "cityName": "Maliksi",
      "lat": 8.424167,
      "lng": 126.180556
    },
    {
      "cityName": "Manag-as",
      "lat": 9.378056,
      "lng": 125.925833
    },
    {
      "cityName": "Mangagoy",
      "lat": 8.188611,
      "lng": 126.359444
    },
    {
      "cityName": "Mararag",
      "lat": 8.836667,
      "lng": 126.281667
    },
    {
      "cityName": "Maribajoe",
      "lat": 8.183611,
      "lng": 126.438611
    },
    {
      "cityName": "Marihatag",
      "lat": 8.793611,
      "lng": 126.296944
    },
    {
      "cityName": "Marikangkang",
      "lat": 8.466667,
      "lng": 126.216667
    },
    {
      "cityName": "Matho",
      "lat": 9.162778,
      "lng": 126.177222
    },
    {
      "cityName": "Molitaugtang",
      "lat": 9.299874,
      "lng": 125.947085
    },
    {
      "cityName": "Nokat",
      "lat": 9.360833,
      "lng": 125.945
    },
    {
      "cityName": "Oteiza",
      "lat": 8.743333,
      "lng": 126.221111
    },
    {
      "cityName": "Otiela",
      "lat": 8.300556,
      "lng": 126.374167
    },
    {
      "cityName": "Pagtilaan",
      "lat": 7.944722,
      "lng": 126.365
    },
    {
      "cityName": "Palo Alto",
      "lat": 7.958889,
      "lng": 126.409722
    },
    {
      "cityName": "Pamaypayang",
      "lat": 8.098056,
      "lng": 126.294444
    },
    {
      "cityName": "Pangdanan",
      "lat": 9.272653,
      "lng": 125.954783
    },
    {
      "cityName": "Panikian",
      "lat": 9.329354,
      "lng": 125.9338
    },
    {
      "cityName": "Paninungan",
      "lat": 8.583333,
      "lng": 126.116667
    },
    {
      "cityName": "Parang",
      "lat": 9.281491,
      "lng": 125.942075
    },
    {
      "cityName": "Payasan",
      "lat": 8.618333,
      "lng": 126.075556
    },
    {
      "cityName": "Piasao",
      "lat": 9.29443,
      "lng": 125.970135
    },
    {
      "cityName": "Port Lamon",
      "lat": 8.466667,
      "lng": 126.383333
    },
    {
      "cityName": "Quezon",
      "lat": 8.494167,
      "lng": 126.141111
    },
    {
      "cityName": "Rizal",
      "lat": 8.538611,
      "lng": 126.1625
    },
    {
      "cityName": "Salvacion",
      "lat": 8.712778,
      "lng": 126.208056
    },
    {
      "cityName": "San Isidro",
      "lat": 8.813333,
      "lng": 126.248889
    },
    {
      "cityName": "San Jose",
      "lat": 8.133611,
      "lng": 126.293889
    },
    {
      "cityName": "San Juan",
      "lat": 8.4175,
      "lng": 126.372222
    },
    {
      "cityName": "San Miguel",
      "lat": 8.968889,
      "lng": 125.945
    },
    {
      "cityName": "San Roque",
      "lat": 7.916667,
      "lng": 126.365
    },
    {
      "cityName": "Santa Cruz",
      "lat": 8.833333,
      "lng": 126.314722
    },
    {
      "cityName": "Santa Fe",
      "lat": 9.336944,
      "lng": 125.943333
    },
    {
      "cityName": "Santa Maria",
      "lat": 7.991667,
      "lng": 126.445
    },
    {
      "cityName": "Santo Niño",
      "lat": 8.762222,
      "lng": 126.235
    },
    {
      "cityName": "San Vicente",
      "lat": 8.536944,
      "lng": 126.094167
    },
    {
      "cityName": "Sapa",
      "lat": 9.289353,
      "lng": 125.952852
    },
    {
      "cityName": "Sibahay",
      "lat": 9.243056,
      "lng": 126.097222
    },
    {
      "cityName": "Somosomo",
      "lat": 8.98,
      "lng": 126.242222
    },
    {
      "cityName": "Songkit",
      "lat": 9.268519,
      "lng": 125.988426
    },
    {
      "cityName": "Soriana",
      "lat": 8.435833,
      "lng": 126.115
    },
    {
      "cityName": "Taganito",
      "lat": 9.3275,
      "lng": 125.890833
    },
    {
      "cityName": "Tagasaka",
      "lat": 8.377778,
      "lng": 126.307778
    },
    {
      "cityName": "Tagbina",
      "lat": 8.451944,
      "lng": 126.171389
    },
    {
      "cityName": "Tago",
      "lat": 9.021111,
      "lng": 126.231667
    },
    {
      "cityName": "Tamoyawas",
      "lat": 9.4575,
      "lng": 125.941667
    },
    {
      "cityName": "Tandag",
      "lat": 9.078333,
      "lng": 126.198611
    },
    {
      "cityName": "Tarac-an",
      "lat": 9.248439,
      "lng": 125.993428
    },
    {
      "cityName": "Tegis",
      "lat": 9.264167,
      "lng": 125.97386
    },
    {
      "cityName": "Tidman",
      "lat": 8.298611,
      "lng": 126.338889
    },
    {
      "cityName": "Tigao",
      "lat": 9.208889,
      "lng": 126.176111
    },
    {
      "cityName": "Tinago",
      "lat": 8.440278,
      "lng": 126.344444
    },
    {
      "cityName": "Tuawan",
      "lat": 8.139167,
      "lng": 126.435
    },
    {
      "cityName": "Tuboran",
      "lat": 9.289722,
      "lng": 126.1725
    },
    {
      "cityName": "Tudela",
      "lat": 8.133333,
      "lng": 126.216667
    },
    {
      "cityName": "Uba",
      "lat": 9.293611,
      "lng": 126.195556
    },
    {
      "cityName": "Umalag",
      "lat": 9.008889,
      "lng": 125.939722
    },
    {
      "cityName": "Unidad",
      "lat": 8.535,
      "lng": 126.230556
    },
    {
      "cityName": "Unidos",
      "lat": 8.983889,
      "lng": 126.2075
    },
    {
      "cityName": "Union",
      "lat": 8.006111,
      "lng": 126.391667
    },
    {
      "cityName": "Valencia",
      "lat": 8.223056,
      "lng": 126.435833
    }
  ]
}