{
  "name": "Nueva Ecija",
  "cities": [
    {
      "cityName": "Abar 1",
      "lat": 15.786111,
      "lng": 120.973056
    },
    {
      "cityName": "Abar Segundo",
      "lat": 15.783333,
      "lng": 120.966667
    },
    {
      "cityName": "Adduas",
      "lat": 15.5,
      "lng": 120.966667
    },
    {
      "cityName": "Agbanawag",
      "lat": 15.678611,
      "lng": 121.083889
    },
    {
      "cityName": "Agupalo Este",
      "lat": 15.85,
      "lng": 120.9
    },
    {
      "cityName": "Agupalo Oeste",
      "lat": 15.839444,
      "lng": 120.885278
    },
    {
      "cityName": "Alacaac",
      "lat": 15.316667,
      "lng": 121.183333
    },
    {
      "cityName": "Alalay Grande",
      "lat": 15.833333,
      "lng": 120.866667
    },
    {
      "cityName": "Alejandro Pascual",
      "lat": 15.716667,
      "lng": 120.983333
    },
    {
      "cityName": "Alemania",
      "lat": 15.716667,
      "lng": 120.683333
    },
    {
      "cityName": "Aliaga",
      "lat": 15.5,
      "lng": 120.844444
    },
    {
      "cityName": "Alibangbang",
      "lat": 15.52,
      "lng": 120.938611
    },
    {
      "cityName": "Alinea",
      "lat": 15.433333,
      "lng": 121.133333
    },
    {
      "cityName": "Alua",
      "lat": 15.316667,
      "lng": 120.883333
    },
    {
      "cityName": "Alula",
      "lat": 15.721389,
      "lng": 120.806944
    },
    {
      "cityName": "Alzate",
      "lat": 15.75,
      "lng": 120.766667
    },
    {
      "cityName": "Ambalingit",
      "lat": 15.883333,
      "lng": 120.883333
    },
    {
      "cityName": "Anabat",
      "lat": 16.006944,
      "lng": 120.965
    },
    {
      "cityName": "Andres Bonifacio",
      "lat": 15.708056,
      "lng": 121.009722
    },
    {
      "cityName": "Antipolo",
      "lat": 15.618056,
      "lng": 121.188889
    },
    {
      "cityName": "Apugan",
      "lat": 15.316667,
      "lng": 121.083333
    },
    {
      "cityName": "Arimal",
      "lat": 15.864444,
      "lng": 120.918889
    },
    {
      "cityName": "Asong",
      "lat": 15.666667,
      "lng": 120.95
    },
    {
      "cityName": "Asta",
      "lat": 15.75,
      "lng": 120.95
    },
    {
      "cityName": "Atate",
      "lat": 15.560556,
      "lng": 121.098889
    },
    {
      "cityName": "Aulo",
      "lat": 15.533333,
      "lng": 121.1
    },
    {
      "cityName": "Awayan",
      "lat": 16.101944,
      "lng": 121.039444
    },
    {
      "cityName": "Ayos Lomboy",
      "lat": 15.7,
      "lng": 120.766667
    },
    {
      "cityName": "Bacal",
      "lat": 15.583333,
      "lng": 120.916667
    },
    {
      "cityName": "Bacao",
      "lat": 15.583333,
      "lng": 121.183333
    },
    {
      "cityName": "Bacayao",
      "lat": 15.666667,
      "lng": 120.75
    },
    {
      "cityName": "Bacog",
      "lat": 15.325278,
      "lng": 121.098611
    },
    {
      "cityName": "Badio",
      "lat": 15.866667,
      "lng": 121.133333
    },
    {
      "cityName": "Bago",
      "lat": 15.409444,
      "lng": 121.091944
    },
    {
      "cityName": "Bagong Bayan",
      "lat": 15.8,
      "lng": 120.983333
    },
    {
      "cityName": "Bagong Sicat",
      "lat": 15.480278,
      "lng": 121.306667
    },
    {
      "cityName": "Bagong-sikat",
      "lat": 15.733333,
      "lng": 121.033333
    },
    {
      "cityName": "Bagting",
      "lat": 15.554167,
      "lng": 121.247222
    },
    {
      "cityName": "Bakal",
      "lat": 15.7,
      "lng": 120.9
    },
    {
      "cityName": "Balacat",
      "lat": 15.633333,
      "lng": 121.133333
    },
    {
      "cityName": "Balahe",
      "lat": 15.833333,
      "lng": 121
    },
    {
      "cityName": "Balante",
      "lat": 15.716667,
      "lng": 120.9
    },
    {
      "cityName": "Balbinit",
      "lat": 15.7,
      "lng": 120.716667
    },
    {
      "cityName": "Balete",
      "lat": 15.583333,
      "lng": 120.9
    },
    {
      "cityName": "Balincarin West",
      "lat": 15.566667,
      "lng": 120.983333
    },
    {
      "cityName": "Balite",
      "lat": 15.283333,
      "lng": 120.9
    },
    {
      "cityName": "Baloc",
      "lat": 15.643056,
      "lng": 120.885833
    },
    {
      "cityName": "Balod",
      "lat": 15.5,
      "lng": 120.85
    },
    {
      "cityName": "Balog",
      "lat": 15.7,
      "lng": 120.733333
    },
    {
      "cityName": "Baloy",
      "lat": 15.751389,
      "lng": 120.785
    },
    {
      "cityName": "Baluarte",
      "lat": 15.965833,
      "lng": 121.050556
    },
    {
      "cityName": "Baluga",
      "lat": 15.563889,
      "lng": 120.949722
    },
    {
      "cityName": "Balungkagin",
      "lat": 15.45,
      "lng": 120.783333
    },
    {
      "cityName": "Bambanaba",
      "lat": 15.733333,
      "lng": 120.716667
    },
    {
      "cityName": "Bangad",
      "lat": 15.503611,
      "lng": 121.0275
    },
    {
      "cityName": "Bangasay",
      "lat": 15.316667,
      "lng": 121.166667
    },
    {
      "cityName": "Bangcay",
      "lat": 15.75,
      "lng": 120.75
    },
    {
      "cityName": "Bantog",
      "lat": 15.533333,
      "lng": 120.766667
    },
    {
      "cityName": "Bantog Primero",
      "lat": 15.55,
      "lng": 120.783333
    },
    {
      "cityName": "Bantog-Talugtog",
      "lat": 15.783333,
      "lng": 120.65
    },
    {
      "cityName": "Bantug",
      "lat": 15.439444,
      "lng": 121.329722
    },
    {
      "cityName": "Bantug na Malaki",
      "lat": 15.616667,
      "lng": 120.933333
    },
    {
      "cityName": "Bantug-Villa",
      "lat": 15.633333,
      "lng": 121.15
    },
    {
      "cityName": "Bardabas",
      "lat": 15.7,
      "lng": 121.083333
    },
    {
      "cityName": "Barrio Libis",
      "lat": 15.414167,
      "lng": 121.083611
    },
    {
      "cityName": "Barrio Militar",
      "lat": 15.433889,
      "lng": 121.075556
    },
    {
      "cityName": "Batitang",
      "lat": 15.416667,
      "lng": 120.8
    },
    {
      "cityName": "Batobato",
      "lat": 15.616667,
      "lng": 120.983333
    },
    {
      "cityName": "Bayabas",
      "lat": 15.733333,
      "lng": 120.783333
    },
    {
      "cityName": "Bayocboc",
      "lat": 15.308611,
      "lng": 121.110833
    },
    {
      "cityName": "Bentigan",
      "lat": 15.766667,
      "lng": 120.65
    },
    {
      "cityName": "Bibiclat",
      "lat": 15.525833,
      "lng": 120.867778
    },
    {
      "cityName": "Bibliclat",
      "lat": 15.744444,
      "lng": 120.703611
    },
    {
      "cityName": "Bical",
      "lat": 15.743889,
      "lng": 120.902222
    },
    {
      "cityName": "Bicalbical",
      "lat": 15.366667,
      "lng": 121
    },
    {
      "cityName": "Bicos",
      "lat": 15.6175,
      "lng": 120.996389
    },
    {
      "cityName": "Bilic",
      "lat": 15.569167,
      "lng": 121.153611
    },
    {
      "cityName": "Bitulok",
      "lat": 15.466667,
      "lng": 121.316667
    },
    {
      "cityName": "Bongabon",
      "lat": 15.631111,
      "lng": 121.144167
    },
    {
      "cityName": "Bonifacio",
      "lat": 15.833333,
      "lng": 120.75
    },
    {
      "cityName": "Buasao",
      "lat": 15.6,
      "lng": 120.883333
    },
    {
      "cityName": "Bucot",
      "lat": 15.502222,
      "lng": 120.869444
    },
    {
      "cityName": "Buenavista",
      "lat": 15.688056,
      "lng": 120.893333
    },
    {
      "cityName": "Bugnan",
      "lat": 15.483333,
      "lng": 121.316667
    },
    {
      "cityName": "Bugtong na Buli",
      "lat": 15.616667,
      "lng": 120.95
    },
    {
      "cityName": "Bulacan",
      "lat": 15.35,
      "lng": 120.816667
    },
    {
      "cityName": "Bulac",
      "lat": 15.679167,
      "lng": 120.9725
    },
    {
      "cityName": "Bulakid",
      "lat": 15.566667,
      "lng": 120.733333
    },
    {
      "cityName": "Bulala",
      "lat": 15.783333,
      "lng": 120.666667
    },
    {
      "cityName": "Buliran",
      "lat": 15.55,
      "lng": 120.95
    },
    {
      "cityName": "Buliran First",
      "lat": 15.283333,
      "lng": 120.866667
    },
    {
      "cityName": "Buliran Second",
      "lat": 15.266667,
      "lng": 120.866667
    },
    {
      "cityName": "Bulos",
      "lat": 15.56,
      "lng": 120.915556
    },
    {
      "cityName": "Bunal",
      "lat": 15.6675,
      "lng": 120.835556
    },
    {
      "cityName": "Buñga",
      "lat": 16.021667,
      "lng": 121.035278
    },
    {
      "cityName": "Burgos",
      "lat": 16.071667,
      "lng": 121.053056
    },
    {
      "cityName": "Burol",
      "lat": 15.55,
      "lng": 120.983333
    },
    {
      "cityName": "Buted",
      "lat": 15.8,
      "lng": 120.783333
    },
    {
      "cityName": "Butulok",
      "lat": 15.450556,
      "lng": 121.346667
    },
    {
      "cityName": "Caalibambangan",
      "lat": 15.533333,
      "lng": 120.933333
    },
    {
      "cityName": "Caanistaman",
      "lat": 15.616667,
      "lng": 120.966667
    },
    {
      "cityName": "Cabaduen",
      "lat": 15.783333,
      "lng": 120.7
    },
    {
      "cityName": "Caballero",
      "lat": 15.633333,
      "lng": 120.816667
    },
    {
      "cityName": "Cabanlag",
      "lat": 15.533333,
      "lng": 120.8
    },
    {
      "cityName": "Cabaruan",
      "lat": 15.660278,
      "lng": 120.815278
    },
    {
      "cityName": "Cabatuan",
      "lat": 15.766667,
      "lng": 121
    },
    {
      "cityName": "Cabawangan",
      "lat": 15.75,
      "lng": 120.633333
    },
    {
      "cityName": "Cabiao",
      "lat": 15.251389,
      "lng": 120.857222
    },
    {
      "cityName": "Cabilao",
      "lat": 15.766667,
      "lng": 120.7
    },
    {
      "cityName": "Cabisuculan",
      "lat": 15.75,
      "lng": 120.916667
    },
    {
      "cityName": "Cabitbitnongan",
      "lat": 15.816667,
      "lng": 121
    },
    {
      "cityName": "Cabucbucan",
      "lat": 15.683333,
      "lng": 121.1
    },
    {
      "cityName": "Calaanan",
      "lat": 15.66,
      "lng": 121.229444
    },
    {
      "cityName": "Calaba",
      "lat": 15.3,
      "lng": 120.866667
    },
    {
      "cityName": "Calamay",
      "lat": 15.783333,
      "lng": 120.566667
    },
    {
      "cityName": "Calancuasan",
      "lat": 15.8,
      "lng": 120.65
    },
    {
      "cityName": "Calancuasan Norte",
      "lat": 15.816667,
      "lng": 120.65
    },
    {
      "cityName": "Caliitan",
      "lat": 15.416667,
      "lng": 121.183333
    },
    {
      "cityName": "Calios",
      "lat": 15.316667,
      "lng": 121.133333
    },
    {
      "cityName": "Calipahan",
      "lat": 15.6,
      "lng": 120.916667
    },
    {
      "cityName": "Calisitan",
      "lat": 15.733333,
      "lng": 120.866667
    },
    {
      "cityName": "Callos",
      "lat": 15.338333,
      "lng": 121.035556
    },
    {
      "cityName": "Calumpang",
      "lat": 15.333333,
      "lng": 121.083333
    },
    {
      "cityName": "Calvarito",
      "lat": 15.783333,
      "lng": 121.016667
    },
    {
      "cityName": "Camacilian",
      "lat": 15.733333,
      "lng": 120.7
    },
    {
      "cityName": "Cama Juan",
      "lat": 15.3775,
      "lng": 120.765556
    },
    {
      "cityName": "Cambitala",
      "lat": 15.833333,
      "lng": 121.15
    },
    {
      "cityName": "Canaan East",
      "lat": 15.705833,
      "lng": 121.167222
    },
    {
      "cityName": "Canaan Oeste",
      "lat": 15.695,
      "lng": 121.150278
    },
    {
      "cityName": "Caniogan",
      "lat": 15.783333,
      "lng": 120.633333
    },
    {
      "cityName": "Capan",
      "lat": 15.3075,
      "lng": 120.945278
    },
    {
      "cityName": "Capintalan",
      "lat": 16.085833,
      "lng": 120.936111
    },
    {
      "cityName": "Capisuan",
      "lat": 15.737222,
      "lng": 121.039444
    },
    {
      "cityName": "Capotatan",
      "lat": 15.314167,
      "lng": 121.119444
    },
    {
      "cityName": "Cardenal",
      "lat": 15.589444,
      "lng": 120.755278
    },
    {
      "cityName": "Caridad",
      "lat": 15.745556,
      "lng": 121.015278
    },
    {
      "cityName": "Caridad Sur",
      "lat": 15.733611,
      "lng": 121.013889
    },
    {
      "cityName": "Carmen",
      "lat": 15.446389,
      "lng": 120.826389
    },
    {
      "cityName": "Carosalisan",
      "lat": 15.85,
      "lng": 120.933333
    },
    {
      "cityName": "Carraglan",
      "lat": 15.960556,
      "lng": 121.063889
    },
    {
      "cityName": "Casanova Norte",
      "lat": 15.583333,
      "lng": 120.8
    },
    {
      "cityName": "Casanova Sur",
      "lat": 15.566667,
      "lng": 120.816667
    },
    {
      "cityName": "Casili",
      "lat": 15.6,
      "lng": 120.966667
    },
    {
      "cityName": "Casongsong",
      "lat": 15.669444,
      "lng": 120.745556
    },
    {
      "cityName": "Castellano",
      "lat": 15.32,
      "lng": 120.938611
    },
    {
      "cityName": "Casulucan",
      "lat": 15.583333,
      "lng": 120.883333
    },
    {
      "cityName": "Catambuan",
      "lat": 15.566667,
      "lng": 120.9
    },
    {
      "cityName": "Catic",
      "lat": 15.466667,
      "lng": 120.866667
    },
    {
      "cityName": "Cavite",
      "lat": 15.683333,
      "lng": 120.783333
    },
    {
      "cityName": "Cawayan Bugtang",
      "lat": 15.638333,
      "lng": 120.799722
    },
    {
      "cityName": "Caysyan",
      "lat": 15.3575,
      "lng": 120.835
    },
    {
      "cityName": "Cinco Cinco",
      "lat": 15.5,
      "lng": 120.916667
    },
    {
      "cityName": "Cocohan",
      "lat": 15.266667,
      "lng": 120.9
    },
    {
      "cityName": "Concepcion",
      "lat": 15.210278,
      "lng": 120.813611
    },
    {
      "cityName": "Consuelo",
      "lat": 15.666667,
      "lng": 120.816667
    },
    {
      "cityName": "Convercion",
      "lat": 15.897778,
      "lng": 121.127222
    },
    {
      "cityName": "Coronel",
      "lat": 15.65,
      "lng": 121.1
    },
    {
      "cityName": "Culong",
      "lat": 15.65,
      "lng": 120.766667
    },
    {
      "cityName": "Cumitang",
      "lat": 15.583333,
      "lng": 120.866667
    },
    {
      "cityName": "Cupang",
      "lat": 15.35,
      "lng": 120.866667
    },
    {
      "cityName": "Cuya",
      "lat": 15.781944,
      "lng": 120.664722
    },
    {
      "cityName": "Cuyapa",
      "lat": 15.4425,
      "lng": 121.346944
    },
    {
      "cityName": "Dagatdagatan",
      "lat": 15.583333,
      "lng": 120.85
    },
    {
      "cityName": "Dalagot",
      "lat": 15.383333,
      "lng": 120.766667
    },
    {
      "cityName": "Dalampang",
      "lat": 15.539722,
      "lng": 120.958056
    },
    {
      "cityName": "Dalayap",
      "lat": 15.316667,
      "lng": 120.683333
    },
    {
      "cityName": "Delerayan",
      "lat": 15.583333,
      "lng": 120.766667
    },
    {
      "cityName": "Delincuente",
      "lat": 15.655,
      "lng": 121.060278
    },
    {
      "cityName": "Del Pilar",
      "lat": 15.696667,
      "lng": 121.085833
    },
    {
      "cityName": "Dequirito",
      "lat": 15.783333,
      "lng": 120.683333
    },
    {
      "cityName": "Digdig",
      "lat": 15.95,
      "lng": 120.977222
    },
    {
      "cityName": "Disol",
      "lat": 15.729444,
      "lng": 120.99
    },
    {
      "cityName": "Dolores",
      "lat": 15.568889,
      "lng": 120.895
    },
    {
      "cityName": "Doña Josefa",
      "lat": 15.435556,
      "lng": 121.136667
    },
    {
      "cityName": "Dumana",
      "lat": 15.95,
      "lng": 121.1
    },
    {
      "cityName": "Dupinga",
      "lat": 15.5,
      "lng": 121.3
    },
    {
      "cityName": "Entablado",
      "lat": 15.287222,
      "lng": 120.863333
    },
    {
      "cityName": "Escaño",
      "lat": 15.691111,
      "lng": 120.682778
    },
    {
      "cityName": "Estrella",
      "lat": 15.75,
      "lng": 121.033333
    },
    {
      "cityName": "Faigal",
      "lat": 15.710833,
      "lng": 120.822222
    },
    {
      "cityName": "Francia",
      "lat": 15.766667,
      "lng": 120.866667
    },
    {
      "cityName": "Gabaldon",
      "lat": 15.454167,
      "lng": 121.337222
    },
    {
      "cityName": "Gabasta",
      "lat": 15.483333,
      "lng": 120.833333
    },
    {
      "cityName": "Gabor",
      "lat": 15.483333,
      "lng": 120.8
    },
    {
      "cityName": "Galuan",
      "lat": 15.659444,
      "lng": 120.727222
    },
    {
      "cityName": "General Luna",
      "lat": 15.616667,
      "lng": 121
    },
    {
      "cityName": "General Mamerto Natividad",
      "lat": 15.603056,
      "lng": 121.051944
    },
    {
      "cityName": "General Tinio",
      "lat": 15.320556,
      "lng": 120.836389
    },
    {
      "cityName": "Gomez",
      "lat": 15.7,
      "lng": 121
    },
    {
      "cityName": "Gubat na Munti",
      "lat": 15.35,
      "lng": 120.883333
    },
    {
      "cityName": "Gueset",
      "lat": 15.95,
      "lng": 120.633333
    },
    {
      "cityName": "Guimba",
      "lat": 15.6575,
      "lng": 120.768611
    },
    {
      "cityName": "Guiset",
      "lat": 15.716667,
      "lng": 121.016667
    },
    {
      "cityName": "Hacienda",
      "lat": 15.456944,
      "lng": 121.077222
    },
    {
      "cityName": "Hermogena",
      "lat": 15.45,
      "lng": 120.85
    },
    {
      "cityName": "Hot Spring",
      "lat": 15.8,
      "lng": 121.233333
    },
    {
      "cityName": "Ilog Baliwag",
      "lat": 15.581944,
      "lng": 120.838611
    },
    {
      "cityName": "Irorolong",
      "lat": 15.431944,
      "lng": 121.336944
    },
    {
      "cityName": "Jaen",
      "lat": 15.327222,
      "lng": 120.905833
    },
    {
      "cityName": "Kabalugaan",
      "lat": 15.419444,
      "lng": 121.179444
    },
    {
      "cityName": "Kalabinan",
      "lat": 15.666667,
      "lng": 120.966667
    },
    {
      "cityName": "Kalikid",
      "lat": 15.466667,
      "lng": 121.083333
    },
    {
      "cityName": "Kamangahan",
      "lat": 15.983333,
      "lng": 120.966667
    },
    {
      "cityName": "Kapandanan",
      "lat": 15.633333,
      "lng": 121
    },
    {
      "cityName": "Kaputatan Munti",
      "lat": 15.6575,
      "lng": 120.976111
    },
    {
      "cityName": "Kataasan",
      "lat": 15.283333,
      "lng": 120.916667
    },
    {
      "cityName": "Kitakita",
      "lat": 15.822778,
      "lng": 121.011389
    },
    {
      "cityName": "Labi",
      "lat": 15.645833,
      "lng": 121.268056
    },
    {
      "cityName": "Labney",
      "lat": 15.698333,
      "lng": 120.851111
    },
    {
      "cityName": "La Fuente",
      "lat": 15.433333,
      "lng": 120.883333
    },
    {
      "cityName": "Lagalag",
      "lat": 15.583333,
      "lng": 120.983333
    },
    {
      "cityName": "Lambakin",
      "lat": 15.370556,
      "lng": 120.866111
    },
    {
      "cityName": "Lanete",
      "lat": 15.516667,
      "lng": 121.283333
    },
    {
      "cityName": "Langla",
      "lat": 15.316667,
      "lng": 120.9
    },
    {
      "cityName": "Las Piñas",
      "lat": 15.37,
      "lng": 121.004444
    },
    {
      "cityName": "Latap",
      "lat": 15.8,
      "lng": 120.683333
    },
    {
      "cityName": "La Torre",
      "lat": 15.5675,
      "lng": 120.921944
    },
    {
      "cityName": "Lauang Cupang",
      "lat": 15.349722,
      "lng": 120.859167
    },
    {
      "cityName": "Laur",
      "lat": 15.584167,
      "lng": 121.183611
    },
    {
      "cityName": "Lenec",
      "lat": 15.686944,
      "lng": 120.732222
    },
    {
      "cityName": "Licab",
      "lat": 15.547778,
      "lng": 120.764167
    },
    {
      "cityName": "Licaon",
      "lat": 15.75,
      "lng": 120.933333
    },
    {
      "cityName": "Ligaya",
      "lat": 15.51,
      "lng": 121.287222
    },
    {
      "cityName": "Limlingan",
      "lat": 15.765556,
      "lng": 120.891667
    },
    {
      "cityName": "Liwayway",
      "lat": 15.433333,
      "lng": 120.933333
    },
    {
      "cityName": "Llanera",
      "lat": 15.665278,
      "lng": 121.018889
    },
    {
      "cityName": "Loclocbalete",
      "lat": 15.398889,
      "lng": 119.916667
    },
    {
      "cityName": "Longalong",
      "lat": 15.75,
      "lng": 121.016667
    },
    {
      "cityName": "Lumboy",
      "lat": 15.873889,
      "lng": 121.016667
    },
    {
      "cityName": "Lupao",
      "lat": 15.876944,
      "lng": 120.899167
    },
    {
      "cityName": "Lusok",
      "lat": 15.616667,
      "lng": 121.133333
    },
    {
      "cityName": "Lutit",
      "lat": 15.65,
      "lng": 121.2
    },
    {
      "cityName": "Luyos",
      "lat": 15.287222,
      "lng": 120.852222
    },
    {
      "cityName": "Mabini",
      "lat": 15.6,
      "lng": 120.983333
    },
    {
      "cityName": "Mabin",
      "lat": 15.668611,
      "lng": 120.916944
    },
    {
      "cityName": "Macabachay",
      "lat": 15.643889,
      "lng": 121.174444
    },
    {
      "cityName": "Macabaclay",
      "lat": 15.366667,
      "lng": 121.066667
    },
    {
      "cityName": "Macabulding",
      "lat": 15.754444,
      "lng": 120.700556
    },
    {
      "cityName": "Macanawed",
      "lat": 15.821944,
      "lng": 120.953889
    },
    {
      "cityName": "Macapsing",
      "lat": 15.678333,
      "lng": 121.131944
    },
    {
      "cityName": "Macarse",
      "lat": 15.416667,
      "lng": 120.766667
    },
    {
      "cityName": "Macatbong",
      "lat": 15.505556,
      "lng": 121.080833
    },
    {
      "cityName": "Macatcalait",
      "lat": 15.647222,
      "lng": 120.746389
    },
    {
      "cityName": "Macunat",
      "lat": 15.9,
      "lng": 120.883333
    },
    {
      "cityName": "Maeling",
      "lat": 15.733333,
      "lng": 120.633333
    },
    {
      "cityName": "Magtanggol",
      "lat": 15.766667,
      "lng": 120.933333
    },
    {
      "cityName": "Maipet",
      "lat": 15.333333,
      "lng": 121.133333
    },
    {
      "cityName": "Malapajo",
      "lat": 15.618333,
      "lng": 121.15
    },
    {
      "cityName": "Malasin",
      "lat": 15.811389,
      "lng": 121.003889
    },
    {
      "cityName": "Malayantoc",
      "lat": 15.655833,
      "lng": 120.886111
    },
    {
      "cityName": "Maligaya",
      "lat": 15.674167,
      "lng": 120.889722
    },
    {
      "cityName": "Malinao",
      "lat": 15.483889,
      "lng": 121.333611
    },
    {
      "cityName": "Malinta",
      "lat": 15.35,
      "lng": 121.15
    },
    {
      "cityName": "Maliolio",
      "lat": 15.393889,
      "lng": 120.898611
    },
    {
      "cityName": "Mallorca",
      "lat": 15.366667,
      "lng": 120.966667
    },
    {
      "cityName": "Mamandil",
      "lat": 15.55,
      "lng": 120.9
    },
    {
      "cityName": "Mamatad",
      "lat": 15.2,
      "lng": 120.833333
    },
    {
      "cityName": "Mambamgnan",
      "lat": 15.346389,
      "lng": 120.9575
    },
    {
      "cityName": "Manacnac",
      "lat": 15.533333,
      "lng": 121.083333
    },
    {
      "cityName": "Manacsac",
      "lat": 15.583333,
      "lng": 120.783333
    },
    {
      "cityName": "Manaul",
      "lat": 15.416667,
      "lng": 120.816667
    },
    {
      "cityName": "Manga",
      "lat": 15.245278,
      "lng": 120.908333
    },
    {
      "cityName": "Mañgandiñgay",
      "lat": 15.8,
      "lng": 120.85
    },
    {
      "cityName": "Mangino",
      "lat": 15.3,
      "lng": 120.966667
    },
    {
      "cityName": "Mantahilan",
      "lat": 15.3,
      "lng": 121.166667
    },
    {
      "cityName": "Mapait",
      "lat": 15.516667,
      "lng": 121.133333
    },
    {
      "cityName": "Mapalad",
      "lat": 15.433333,
      "lng": 121.1
    },
    {
      "cityName": "Mapaltac",
      "lat": 15.810278,
      "lng": 120.759444
    },
    {
      "cityName": "Mapangpang",
      "lat": 15.790833,
      "lng": 120.881944
    },
    {
      "cityName": "Marawa",
      "lat": 15.4,
      "lng": 120.833333
    },
    {
      "cityName": "Maria Evalle",
      "lat": 16.05,
      "lng": 120.95
    },
    {
      "cityName": "Mariano",
      "lat": 15.317778,
      "lng": 120.865
    },
    {
      "cityName": "Maringalo",
      "lat": 15.959444,
      "lng": 121.0225
    },
    {
      "cityName": "Mataasna Lupa",
      "lat": 15.766667,
      "lng": 120.9
    },
    {
      "cityName": "Mataas na Pampang",
      "lat": 15.716667,
      "lng": 121.116667
    },
    {
      "cityName": "Matarannoc",
      "lat": 15.8,
      "lng": 120.616667
    },
    {
      "cityName": "Matinquis",
      "lat": 15.7,
      "lng": 120.866667
    },
    {
      "cityName": "Matondo",
      "lat": 15.633333,
      "lng": 120.783333
    },
    {
      "cityName": "Maturanoc",
      "lat": 15.666667,
      "lng": 120.8
    },
    {
      "cityName": "Maugat",
      "lat": 15.316667,
      "lng": 120.85
    },
    {
      "cityName": "Maugo",
      "lat": 15.423333,
      "lng": 121.074167
    },
    {
      "cityName": "Mayantoc",
      "lat": 15.702222,
      "lng": 120.67
    },
    {
      "cityName": "Mayapyap",
      "lat": 15.518889,
      "lng": 120.955
    },
    {
      "cityName": "Medico",
      "lat": 15.683611,
      "lng": 120.666389
    },
    {
      "cityName": "Minalungan",
      "lat": 15.299444,
      "lng": 121.120278
    },
    {
      "cityName": "Minatula",
      "lat": 15.433333,
      "lng": 120.95
    },
    {
      "cityName": "Minule",
      "lat": 16.068056,
      "lng": 120.950833
    },
    {
      "cityName": "Mirasol",
      "lat": 15.346111,
      "lng": 121.052778
    },
    {
      "cityName": "Mojon",
      "lat": 15.554167,
      "lng": 121.231389
    },
    {
      "cityName": "Monet",
      "lat": 15.5,
      "lng": 120.8
    },
    {
      "cityName": "Munic",
      "lat": 15.716667,
      "lng": 121.083333
    },
    {
      "cityName": "Muñoz",
      "lat": 15.716111,
      "lng": 120.903056
    },
    {
      "cityName": "Nagpandayan",
      "lat": 15.6,
      "lng": 120.766667
    },
    {
      "cityName": "Nampicuan",
      "lat": 15.735556,
      "lng": 120.641667
    },
    {
      "cityName": "Namulandayan",
      "lat": 15.883333,
      "lng": 120.9
    },
    {
      "cityName": "Nangabulan",
      "lat": 15.7825,
      "lng": 120.777778
    },
    {
      "cityName": "Naponapon",
      "lat": 15.775833,
      "lng": 121.235833
    },
    {
      "cityName": "Nauzon",
      "lat": 15.466389,
      "lng": 121.144444
    },
    {
      "cityName": "Nazareth",
      "lat": 15.3925,
      "lng": 121.087222
    },
    {
      "cityName": "Nazaret",
      "lat": 15.708611,
      "lng": 121.103333
    },
    {
      "cityName": "Nieves",
      "lat": 15.327222,
      "lng": 120.948333
    },
    {
      "cityName": "North Calqued",
      "lat": 15.483333,
      "lng": 121.083333
    },
    {
      "cityName": "Old Santa Lucia",
      "lat": 15.5,
      "lng": 120.783333
    },
    {
      "cityName": "Pacac",
      "lat": 15.683333,
      "lng": 120.733333
    },
    {
      "cityName": "Pacarso",
      "lat": 15.583333,
      "lng": 121.216667
    },
    {
      "cityName": "Paco Roman",
      "lat": 15.659722,
      "lng": 121.086944
    },
    {
      "cityName": "Padolina",
      "lat": 15.346111,
      "lng": 121.023333
    },
    {
      "cityName": "Pagas",
      "lat": 15.5,
      "lng": 120.95
    },
    {
      "cityName": "Pagod",
      "lat": 15.6,
      "lng": 121.216667
    },
    {
      "cityName": "Pahingahan",
      "lat": 15.408056,
      "lng": 121.112778
    },
    {
      "cityName": "Paitan",
      "lat": 15.833333,
      "lng": 120.733333
    },
    {
      "cityName": "Pajo",
      "lat": 15.766667,
      "lng": 120.883333
    },
    {
      "cityName": "Palali",
      "lat": 15.401389,
      "lng": 121.168889
    },
    {
      "cityName": "Palanas",
      "lat": 15.5,
      "lng": 121.133333
    },
    {
      "cityName": "Palasiban",
      "lat": 15.266667,
      "lng": 120.85
    },
    {
      "cityName": "Palestina",
      "lat": 15.769444,
      "lng": 121.018889
    },
    {
      "cityName": "Paludpod",
      "lat": 15.483333,
      "lng": 120.966667
    },
    {
      "cityName": "Paludpud",
      "lat": 15.566667,
      "lng": 121.166667
    },
    {
      "cityName": "Palusapig",
      "lat": 15.684167,
      "lng": 120.862778
    },
    {
      "cityName": "Pamabaran",
      "lat": 15.3,
      "lng": 120.783333
    },
    {
      "cityName": "Pamacpacan",
      "lat": 15.417778,
      "lng": 120.837778
    },
    {
      "cityName": "Pambuan",
      "lat": 15.333333,
      "lng": 120.966667
    },
    {
      "cityName": "Panabangan",
      "lat": 15.811389,
      "lng": 121.143611
    },
    {
      "cityName": "Panabiñgan",
      "lat": 15.385278,
      "lng": 120.7975
    },
    {
      "cityName": "Pangburian",
      "lat": 15.433333,
      "lng": 120.866667
    },
    {
      "cityName": "Paniasian",
      "lat": 15.75,
      "lng": 120.9
    },
    {
      "cityName": "Paniqui",
      "lat": 15.3,
      "lng": 121.15
    },
    {
      "cityName": "Pantay",
      "lat": 15.351111,
      "lng": 121.0875
    },
    {
      "cityName": "Pantoc",
      "lat": 15.516111,
      "lng": 120.858333
    },
    {
      "cityName": "Papaya",
      "lat": 15.349167,
      "lng": 121.047778
    },
    {
      "cityName": "Paradahan",
      "lat": 15.45,
      "lng": 121.1
    },
    {
      "cityName": "Parang Manga",
      "lat": 15.733333,
      "lng": 121
    },
    {
      "cityName": "Parang Manteca",
      "lat": 15.6825,
      "lng": 121.072778
    },
    {
      "cityName": "Parang",
      "lat": 15.95,
      "lng": 121.05
    },
    {
      "cityName": "Parilla",
      "lat": 15.745833,
      "lng": 121.053333
    },
    {
      "cityName": "Parista",
      "lat": 15.854167,
      "lng": 120.928611
    },
    {
      "cityName": "Partida",
      "lat": 15.644167,
      "lng": 120.7175
    },
    {
      "cityName": "Patola",
      "lat": 15.781667,
      "lng": 120.790556
    },
    {
      "cityName": "Peñafrancia",
      "lat": 15.683333,
      "lng": 121.216667
    },
    {
      "cityName": "Peñaranda",
      "lat": 15.351944,
      "lng": 121.003333
    },
    {
      "cityName": "Pias",
      "lat": 15.345278,
      "lng": 121.075
    },
    {
      "cityName": "Picallion",
      "lat": 15.596667,
      "lng": 121.091944
    },
    {
      "cityName": "Piglisan",
      "lat": 15.783333,
      "lng": 120.616667
    },
    {
      "cityName": "Pinagbayanan",
      "lat": 15.6,
      "lng": 121.166667
    },
    {
      "cityName": "Pinaglagarian",
      "lat": 15.533333,
      "lng": 121.016667
    },
    {
      "cityName": "Pinagpanaan",
      "lat": 15.550556,
      "lng": 120.934167
    },
    {
      "cityName": "Pinagrealan",
      "lat": 15.650556,
      "lng": 121.068056
    },
    {
      "cityName": "Pinahan",
      "lat": 15.633333,
      "lng": 121.05
    },
    {
      "cityName": "Pinangakalatan",
      "lat": 15.416667,
      "lng": 120.783333
    },
    {
      "cityName": "Pinto",
      "lat": 15.566667,
      "lng": 121.25
    },
    {
      "cityName": "Plaridel",
      "lat": 15.65,
      "lng": 121
    },
    {
      "cityName": "Plasinan",
      "lat": 15.25,
      "lng": 120.85
    },
    {
      "cityName": "Pococ",
      "lat": 15.721667,
      "lng": 120.878056
    },
    {
      "cityName": "Polacion Centro",
      "lat": 15.349722,
      "lng": 121.045556
    },
    {
      "cityName": "Porais",
      "lat": 15.754444,
      "lng": 121.042778
    },
    {
      "cityName": "Porals",
      "lat": 15.75,
      "lng": 121.05
    },
    {
      "cityName": "Portal",
      "lat": 15.736389,
      "lng": 121.062222
    },
    {
      "cityName": "Pudiot",
      "lat": 15.65,
      "lng": 120.716667
    },
    {
      "cityName": "Pugo",
      "lat": 15.466667,
      "lng": 120.8
    },
    {
      "cityName": "Pulang Buli",
      "lat": 15.216667,
      "lng": 120.95
    },
    {
      "cityName": "Pulong Matong",
      "lat": 15.348056,
      "lng": 121.037778
    },
    {
      "cityName": "Pulong Mayaman",
      "lat": 15.516667,
      "lng": 120.816667
    },
    {
      "cityName": "Pulo",
      "lat": 15.248333,
      "lng": 120.926389
    },
    {
      "cityName": "Puncan",
      "lat": 15.91,
      "lng": 120.996667
    },
    {
      "cityName": "Puting Monte",
      "lat": 15.266667,
      "lng": 120.933333
    },
    {
      "cityName": "Putlan",
      "lat": 16.066667,
      "lng": 120.916667
    },
    {
      "cityName": "Putlod",
      "lat": 15.366667,
      "lng": 120.9
    },
    {
      "cityName": "Putot",
      "lat": 15.433333,
      "lng": 120.8
    },
    {
      "cityName": "Quezon",
      "lat": 15.551111,
      "lng": 120.815556
    },
    {
      "cityName": "Quezon Student",
      "lat": 15.729444,
      "lng": 120.9375
    },
    {
      "cityName": "Quinabontoc",
      "lat": 15.733333,
      "lng": 120.616667
    },
    {
      "cityName": "Rajal",
      "lat": 15.443611,
      "lng": 120.876944
    },
    {
      "cityName": "Rangayan",
      "lat": 15.744722,
      "lng": 120.883056
    },
    {
      "cityName": "Recuerdo",
      "lat": 15.7,
      "lng": 120.683333
    },
    {
      "cityName": "Rio Chico",
      "lat": 15.360556,
      "lng": 121.067778
    },
    {
      "cityName": "Rosaldo",
      "lat": 15.834167,
      "lng": 121.030833
    },
    {
      "cityName": "Sabit",
      "lat": 15.833333,
      "lng": 120.666667
    },
    {
      "cityName": "Saclang",
      "lat": 15.216667,
      "lng": 120.9
    },
    {
      "cityName": "Sagana",
      "lat": 15.566667,
      "lng": 121.15
    },
    {
      "cityName": "Salabusob",
      "lat": 15.65,
      "lng": 121.266667
    },
    {
      "cityName": "Salbanaba",
      "lat": 15.45,
      "lng": 121.15
    },
    {
      "cityName": "Salvacion 1",
      "lat": 15.841667,
      "lng": 120.918056
    },
    {
      "cityName": "Salvacion Segunda",
      "lat": 15.833333,
      "lng": 120.916667
    },
    {
      "cityName": "Sambre",
      "lat": 15.766667,
      "lng": 120.683333
    },
    {
      "cityName": "Sampaguita",
      "lat": 15.350278,
      "lng": 121.049444
    },
    {
      "cityName": "Sampaloc",
      "lat": 15.283333,
      "lng": 120.933333
    },
    {
      "cityName": "San Alejandro",
      "lat": 15.55,
      "lng": 120.866667
    },
    {
      "cityName": "San Alfonso",
      "lat": 15.716667,
      "lng": 121.066667
    },
    {
      "cityName": "San Andres",
      "lat": 15.720278,
      "lng": 120.776944
    },
    {
      "cityName": "San Antonio Este",
      "lat": 15.866667,
      "lng": 120.883333
    },
    {
      "cityName": "San Antonio Oeste",
      "lat": 15.874722,
      "lng": 120.868333
    },
    {
      "cityName": "San Antonio",
      "lat": 15.25,
      "lng": 120.833333
    },
    {
      "cityName": "San Anton",
      "lat": 15.340833,
      "lng": 120.915556
    },
    {
      "cityName": "San Augustin",
      "lat": 15.671667,
      "lng": 120.697778
    },
    {
      "cityName": "San Bernardino",
      "lat": 15.618333,
      "lng": 120.809444
    },
    {
      "cityName": "San Carlos",
      "lat": 15.55,
      "lng": 120.883333
    },
    {
      "cityName": "San Casimiro",
      "lat": 15.553056,
      "lng": 120.780833
    },
    {
      "cityName": "San Cristobal",
      "lat": 15.566667,
      "lng": 120.766667
    },
    {
      "cityName": "San Emiliano",
      "lat": 15.483333,
      "lng": 120.85
    },
    {
      "cityName": "San Esteban",
      "lat": 15.685,
      "lng": 121.133333
    },
    {
      "cityName": "San Eustacio",
      "lat": 15.5,
      "lng": 120.816667
    },
    {
      "cityName": "San Fabian",
      "lat": 15.6,
      "lng": 120.9
    },
    {
      "cityName": "San Felipe",
      "lat": 15.500833,
      "lng": 120.908056
    },
    {
      "cityName": "San Fernando",
      "lat": 15.233333,
      "lng": 120.883333
    },
    {
      "cityName": "Sangat",
      "lat": 15.65,
      "lng": 120.833333
    },
    {
      "cityName": "San Gregorio",
      "lat": 15.434444,
      "lng": 120.939167
    },
    {
      "cityName": "Saningan",
      "lat": 15.666667,
      "lng": 121.05
    },
    {
      "cityName": "San Isidro Malapit",
      "lat": 15.3,
      "lng": 120.916667
    },
    {
      "cityName": "San Isidro",
      "lat": 15.310278,
      "lng": 120.906944
    },
    {
      "cityName": "San Jose City",
      "lat": 15.790833,
      "lng": 120.9925
    },
    {
      "cityName": "San Josef",
      "lat": 15.342778,
      "lng": 121.009722
    },
    {
      "cityName": "San Juan de Dios",
      "lat": 15.506111,
      "lng": 120.886944
    },
    {
      "cityName": "San Juan",
      "lat": 15.433333,
      "lng": 120.916667
    },
    {
      "cityName": "San Julian",
      "lat": 15.2,
      "lng": 120.85
    },
    {
      "cityName": "San Leonardo",
      "lat": 15.359722,
      "lng": 120.961389
    },
    {
      "cityName": "San Lorenzo",
      "lat": 15.311111,
      "lng": 120.9625
    },
    {
      "cityName": "San Luta",
      "lat": 15.321111,
      "lng": 121.21
    },
    {
      "cityName": "San Manuel",
      "lat": 15.6,
      "lng": 120.85
    },
    {
      "cityName": "San Marcelino",
      "lat": 15.716667,
      "lng": 120.766667
    },
    {
      "cityName": "San Marcello",
      "lat": 15.819722,
      "lng": 120.646944
    },
    {
      "cityName": "San Mauricio",
      "lat": 15.666667,
      "lng": 120.716667
    },
    {
      "cityName": "San Miguel",
      "lat": 15.644722,
      "lng": 120.695833
    },
    {
      "cityName": "San Nicolas",
      "lat": 15.300556,
      "lng": 120.875278
    },
    {
      "cityName": "San Pablo",
      "lat": 15.365278,
      "lng": 120.913333
    },
    {
      "cityName": "San Pascual",
      "lat": 15.611667,
      "lng": 120.916111
    },
    {
      "cityName": "San Pedro",
      "lat": 15.361667,
      "lng": 121.041944
    },
    {
      "cityName": "San Rafael",
      "lat": 15.666667,
      "lng": 120.733333
    },
    {
      "cityName": "San Ricardo",
      "lat": 15.598611,
      "lng": 120.973889
    },
    {
      "cityName": "San Rogue",
      "lat": 15.255833,
      "lng": 120.950278
    },
    {
      "cityName": "San Roque",
      "lat": 15.238889,
      "lng": 120.955278
    },
    {
      "cityName": "Santa Barbara",
      "lat": 15.4,
      "lng": 120.8
    },
    {
      "cityName": "Santa Clara Malki",
      "lat": 15.708056,
      "lng": 120.715556
    },
    {
      "cityName": "Santa Clara",
      "lat": 15.58,
      "lng": 120.796944
    },
    {
      "cityName": "Santa Felipe",
      "lat": 15.720278,
      "lng": 121.061667
    },
    {
      "cityName": "Santa Maria",
      "lat": 15.524167,
      "lng": 120.790556
    },
    {
      "cityName": "Santa Mauricio",
      "lat": 15.7,
      "lng": 121.033333
    },
    {
      "cityName": "Santa Rosa",
      "lat": 15.424167,
      "lng": 120.938611
    },
    {
      "cityName": "Santiago",
      "lat": 15.483333,
      "lng": 120.816667
    },
    {
      "cityName": "Santo Cristo",
      "lat": 15.25,
      "lng": 120.933333
    },
    {
      "cityName": "Santo Domingo",
      "lat": 15.584722,
      "lng": 120.8775
    },
    {
      "cityName": "Santo Niño 1",
      "lat": 15.798056,
      "lng": 120.973611
    },
    {
      "cityName": "Santo Niño 2",
      "lat": 15.810278,
      "lng": 120.9675
    },
    {
      "cityName": "Santo Niño",
      "lat": 15.55,
      "lng": 120.816667
    },
    {
      "cityName": "Santo Rosario",
      "lat": 15.436667,
      "lng": 120.868333
    },
    {
      "cityName": "Santor",
      "lat": 15.610556,
      "lng": 121.166944
    },
    {
      "cityName": "Santo Tomas Feria",
      "lat": 15.566667,
      "lng": 120.8
    },
    {
      "cityName": "Santo Tomas",
      "lat": 15.753889,
      "lng": 120.950833
    },
    {
      "cityName": "Santoyo",
      "lat": 15.383333,
      "lng": 121.083333
    },
    {
      "cityName": "San Vicente",
      "lat": 15.220556,
      "lng": 120.830556
    },
    {
      "cityName": "Sapang Anyatam",
      "lat": 15.633333,
      "lng": 120.833333
    },
    {
      "cityName": "Sapang Bato",
      "lat": 15.591667,
      "lng": 121.122222
    },
    {
      "cityName": "Sapang Cawayan Primero",
      "lat": 15.7075,
      "lng": 120.936389
    },
    {
      "cityName": "Sapang Cawayan Segundo",
      "lat": 15.733333,
      "lng": 120.95
    },
    {
      "cityName": "Sapang Cawayan Tercero",
      "lat": 15.683333,
      "lng": 120.933333
    },
    {
      "cityName": "Sapang Putat",
      "lat": 15.783333,
      "lng": 120.933333
    },
    {
      "cityName": "Sapang Toro",
      "lat": 15.533333,
      "lng": 120.816667
    },
    {
      "cityName": "Sapan Sarging",
      "lat": 15.733333,
      "lng": 120.816667
    },
    {
      "cityName": "Saverona",
      "lat": 15.75,
      "lng": 120.866667
    },
    {
      "cityName": "Seneguelas",
      "lat": 15.766667,
      "lng": 120.916667
    },
    {
      "cityName": "Sibot",
      "lat": 15.783333,
      "lng": 121
    },
    {
      "cityName": "Sibul",
      "lat": 15.8,
      "lng": 121
    },
    {
      "cityName": "Siclong",
      "lat": 15.580833,
      "lng": 121.223889
    },
    {
      "cityName": "Siksikan",
      "lat": 15.616667,
      "lng": 120.916667
    },
    {
      "cityName": "Sinaaban",
      "lat": 15.966667,
      "lng": 120.75
    },
    {
      "cityName": "Sinasahan",
      "lat": 15.353056,
      "lng": 121.016667
    },
    {
      "cityName": "Sinipit-bubon",
      "lat": 15.766667,
      "lng": 120.966667
    },
    {
      "cityName": "Sinipit",
      "lat": 15.221944,
      "lng": 120.860833
    },
    {
      "cityName": "Soledad",
      "lat": 15.416667,
      "lng": 120.966667
    },
    {
      "cityName": "Subol",
      "lat": 15.632222,
      "lng": 120.728889
    },
    {
      "cityName": "Surgui",
      "lat": 15.733333,
      "lng": 120.65
    },
    {
      "cityName": "Tabacao",
      "lat": 15.63,
      "lng": 120.934444
    },
    {
      "cityName": "Tabing Ilog",
      "lat": 15.516667,
      "lng": 120.833333
    },
    {
      "cityName": "Tablang",
      "lat": 15.583333,
      "lng": 121.116667
    },
    {
      "cityName": "Tabon",
      "lat": 15.266667,
      "lng": 120.916667
    },
    {
      "cityName": "Tabuating",
      "lat": 15.397778,
      "lng": 120.942778
    },
    {
      "cityName": "Tabulac",
      "lat": 15.75,
      "lng": 121
    },
    {
      "cityName": "Taclangdamulag",
      "lat": 15.410833,
      "lng": 121.1325
    },
    {
      "cityName": "Tagabas",
      "lat": 15.35,
      "lng": 121.133333
    },
    {
      "cityName": "Tagumpay",
      "lat": 15.484444,
      "lng": 121.320278
    },
    {
      "cityName": "Talaba",
      "lat": 15.3,
      "lng": 120.883333
    },
    {
      "cityName": "Talavera",
      "lat": 15.584444,
      "lng": 120.919444
    },
    {
      "cityName": "Tali",
      "lat": 15.883333,
      "lng": 120.966667
    },
    {
      "cityName": "Talogtog",
      "lat": 15.778889,
      "lng": 120.811111
    },
    {
      "cityName": "Tambo",
      "lat": 15.38,
      "lng": 120.9275
    },
    {
      "cityName": "Tayuman",
      "lat": 15.616667,
      "lng": 121.166667
    },
    {
      "cityName": "Tikiw",
      "lat": 15.316667,
      "lng": 120.866667
    },
    {
      "cityName": "Tondad",
      "lat": 15.718333,
      "lng": 120.969167
    },
    {
      "cityName": "Tony",
      "lat": 15.7,
      "lng": 120.65
    },
    {
      "cityName": "Tucdan",
      "lat": 15.816667,
      "lng": 120.616667
    },
    {
      "cityName": "Tugatog",
      "lat": 15.65,
      "lng": 121.15
    },
    {
      "cityName": "Tulay",
      "lat": 15.755,
      "lng": 121.018611
    },
    {
      "cityName": "Tumana",
      "lat": 15.766667,
      "lng": 120.983333
    },
    {
      "cityName": "Turod",
      "lat": 15.816667,
      "lng": 120.733333
    },
    {
      "cityName": "Tuymana",
      "lat": 15.781667,
      "lng": 121.008611
    },
    {
      "cityName": "Umangan",
      "lat": 15.520556,
      "lng": 120.915
    },
    {
      "cityName": "Valdefluente",
      "lat": 15.509722,
      "lng": 120.959722
    },
    {
      "cityName": "Valeriana",
      "lat": 15.411389,
      "lng": 120.803056
    },
    {
      "cityName": "Valle",
      "lat": 15.65,
      "lng": 120.95
    },
    {
      "cityName": "Vega Grande",
      "lat": 15.654167,
      "lng": 121.135833
    },
    {
      "cityName": "Vego",
      "lat": 15.783333,
      "lng": 120.883333
    },
    {
      "cityName": "Villa Isla",
      "lat": 15.772778,
      "lng": 120.866389
    },
    {
      "cityName": "Villa",
      "lat": 15.6,
      "lng": 121.2
    },
    {
      "cityName": "Visoria",
      "lat": 15.566667,
      "lng": 120.866667
    },
    {
      "cityName": "Wawang Corrullo",
      "lat": 15.4,
      "lng": 121.083333
    },
    {
      "cityName": "Zaragosa",
      "lat": 15.453056,
      "lng": 120.791111
    }
  ]
}