{
  "name": "Camarines Sur",
  "cities": [
    {
      "cityName": "Aba",
      "lat": 13.666667,
      "lng": 123.066667
    },
    {
      "cityName": "Abubo",
      "lat": 13.8,
      "lng": 122.966667
    },
    {
      "cityName": "Abucayan",
      "lat": 13.698611,
      "lng": 123.458889
    },
    {
      "cityName": "Abuyog",
      "lat": 13.833333,
      "lng": 122.833333
    },
    {
      "cityName": "Adiagñao",
      "lat": 13.7225,
      "lng": 123.696389
    },
    {
      "cityName": "Aga",
      "lat": 13.833333,
      "lng": 122.966667
    },
    {
      "cityName": "Agar",
      "lat": 13.845556,
      "lng": 122.978611
    },
    {
      "cityName": "Agdagnan",
      "lat": 13.495833,
      "lng": 123.325278
    },
    {
      "cityName": "Agos",
      "lat": 13.366667,
      "lng": 123.366667
    },
    {
      "cityName": "Agrupacion",
      "lat": 13.797222,
      "lng": 122.819722
    },
    {
      "cityName": "Aguada",
      "lat": 13.516667,
      "lng": 123.05
    },
    {
      "cityName": "Aguilar",
      "lat": 13.533333,
      "lng": 122.983333
    },
    {
      "cityName": "Agupit",
      "lat": 13.4225,
      "lng": 123.324722
    },
    {
      "cityName": "Alianza",
      "lat": 13.550278,
      "lng": 123.107778
    },
    {
      "cityName": "Alteza",
      "lat": 13.794722,
      "lng": 122.96
    },
    {
      "cityName": "Amahit",
      "lat": 13.755833,
      "lng": 122.844167
    },
    {
      "cityName": "Amat",
      "lat": 13.4,
      "lng": 123.3
    },
    {
      "cityName": "America",
      "lat": 13.566667,
      "lng": 123.4
    },
    {
      "cityName": "Anajaon",
      "lat": 13.733333,
      "lng": 122.983333
    },
    {
      "cityName": "Anauan",
      "lat": 13.583333,
      "lng": 123.433333
    },
    {
      "cityName": "Anayan",
      "lat": 13.541667,
      "lng": 123.286111
    },
    {
      "cityName": "Anayan-Pauili",
      "lat": 13.55,
      "lng": 123.266667
    },
    {
      "cityName": "Anderson",
      "lat": 13.879722,
      "lng": 123.696667
    },
    {
      "cityName": "Anib",
      "lat": 13.805833,
      "lng": 123.048056
    },
    {
      "cityName": "Aniog",
      "lat": 13.6,
      "lng": 123.516667
    },
    {
      "cityName": "Anonang",
      "lat": 13.533333,
      "lng": 123
    },
    {
      "cityName": "Antipolo",
      "lat": 13.395,
      "lng": 123.526389
    },
    {
      "cityName": "Antolon",
      "lat": 13.793056,
      "lng": 123.760833
    },
    {
      "cityName": "Apad",
      "lat": 13.813333,
      "lng": 122.764167
    },
    {
      "cityName": "Apale",
      "lat": 13.803611,
      "lng": 122.780833
    },
    {
      "cityName": "Aran",
      "lat": 13.571389,
      "lng": 122.956389
    },
    {
      "cityName": "Aslong",
      "lat": 13.7,
      "lng": 123.066667
    },
    {
      "cityName": "Ason",
      "lat": 13.881667,
      "lng": 123.639722
    },
    {
      "cityName": "Auayan",
      "lat": 13.744722,
      "lng": 122.992222
    },
    {
      "cityName": "Auyaoyao",
      "lat": 13.633333,
      "lng": 123.483333
    },
    {
      "cityName": "Ava",
      "lat": 13.483333,
      "lng": 123.1
    },
    {
      "cityName": "Ayagao",
      "lat": 13.733333,
      "lng": 123.7
    },
    {
      "cityName": "Ayan",
      "lat": 13.533333,
      "lng": 123.283333
    },
    {
      "cityName": "Ayogan",
      "lat": 13.548611,
      "lng": 123.322222
    },
    {
      "cityName": "Baao",
      "lat": 13.456389,
      "lng": 123.364167
    },
    {
      "cityName": "Bacjauan Sur",
      "lat": 11.216667,
      "lng": 123.1
    },
    {
      "cityName": "Bacolod",
      "lat": 13.316667,
      "lng": 123.316667
    },
    {
      "cityName": "Bactacan",
      "lat": 13.6,
      "lng": 122.883333
    },
    {
      "cityName": "Badi",
      "lat": 13.778333,
      "lng": 122.784444
    },
    {
      "cityName": "Bagabonot",
      "lat": 13.851944,
      "lng": 122.801111
    },
    {
      "cityName": "Bagacay",
      "lat": 13.777222,
      "lng": 123.305
    },
    {
      "cityName": "Bagagñan",
      "lat": 13.8,
      "lng": 122.916667
    },
    {
      "cityName": "Bagamilon",
      "lat": 13.6,
      "lng": 123.033333
    },
    {
      "cityName": "Baganito",
      "lat": 13.6,
      "lng": 123.316667
    },
    {
      "cityName": "Bagapuso",
      "lat": 13.466667,
      "lng": 123.15
    },
    {
      "cityName": "Bagas",
      "lat": 13.898889,
      "lng": 123.836389
    },
    {
      "cityName": "Bagaycay",
      "lat": 13.725,
      "lng": 123.458333
    },
    {
      "cityName": "Bagingon",
      "lat": 13.633333,
      "lng": 122.833333
    },
    {
      "cityName": "Bagja",
      "lat": 13.583333,
      "lng": 122.916667
    },
    {
      "cityName": "Bagña Caves",
      "lat": 13.772222,
      "lng": 122.826667
    },
    {
      "cityName": "Bagñon",
      "lat": 13.737222,
      "lng": 122.835
    },
    {
      "cityName": "Bagoladio",
      "lat": 13.466667,
      "lng": 123.266667
    },
    {
      "cityName": "Bagombong",
      "lat": 13.5325,
      "lng": 123.194167
    },
    {
      "cityName": "Bagongsirang",
      "lat": 13.733333,
      "lng": 123.516667
    },
    {
      "cityName": "Bagulaizo",
      "lat": 13.45,
      "lng": 123.15
    },
    {
      "cityName": "Bagumbayan",
      "lat": 13.456389,
      "lng": 123.407222
    },
    {
      "cityName": "Bahao",
      "lat": 13.644167,
      "lng": 122.835556
    },
    {
      "cityName": "Bahay",
      "lat": 13.540278,
      "lng": 123.031944
    },
    {
      "cityName": "Bahi",
      "lat": 13.886667,
      "lng": 123.629444
    },
    {
      "cityName": "Baksalan",
      "lat": 13.721667,
      "lng": 123.106944
    },
    {
      "cityName": "Balagbad",
      "lat": 13.591111,
      "lng": 123.169722
    },
    {
      "cityName": "Balaobalite",
      "lat": 13.783333,
      "lng": 123.333333
    },
    {
      "cityName": "Balaogan",
      "lat": 13.433333,
      "lng": 123.283333
    },
    {
      "cityName": "Balatan",
      "lat": 13.321111,
      "lng": 123.233333
    },
    {
      "cityName": "Balaton",
      "lat": 13.916667,
      "lng": 123.55
    },
    {
      "cityName": "Baliguian",
      "lat": 13.693889,
      "lng": 123.795833
    },
    {
      "cityName": "Baliuag",
      "lat": 13.52,
      "lng": 123.201944
    },
    {
      "cityName": "Baliuag Viejo",
      "lat": 13.533333,
      "lng": 123.2
    },
    {
      "cityName": "Baloga",
      "lat": 13.5025,
      "lng": 123.0625
    },
    {
      "cityName": "Balongay",
      "lat": 13.714722,
      "lng": 123.135556
    },
    {
      "cityName": "Balonnay",
      "lat": 13.727778,
      "lng": 123.130556
    },
    {
      "cityName": "Banago",
      "lat": 13.516667,
      "lng": 123.3
    },
    {
      "cityName": "Banao",
      "lat": 13.535278,
      "lng": 123.1475
    },
    {
      "cityName": "Banga",
      "lat": 13.766667,
      "lng": 122.816667
    },
    {
      "cityName": "Bani",
      "lat": 13.966667,
      "lng": 123.333333
    },
    {
      "cityName": "Bantigue",
      "lat": 14,
      "lng": 123.25
    },
    {
      "cityName": "Bantigui",
      "lat": 13.533333,
      "lng": 122.967222
    },
    {
      "cityName": "Bantogan",
      "lat": 13.8,
      "lng": 123.733333
    },
    {
      "cityName": "Baoy",
      "lat": 13.766667,
      "lng": 122.766667
    },
    {
      "cityName": "Baras",
      "lat": 13.4,
      "lng": 123.366667
    },
    {
      "cityName": "Barcelona",
      "lat": 13.773056,
      "lng": 123.046944
    },
    {
      "cityName": "Bariiw",
      "lat": 13.616667,
      "lng": 122.85
    },
    {
      "cityName": "Barobaybay",
      "lat": 13.666667,
      "lng": 123.102778
    },
    {
      "cityName": "Barrera",
      "lat": 13.833333,
      "lng": 122.933333
    },
    {
      "cityName": "Batang",
      "lat": 13.55,
      "lng": 123.05
    },
    {
      "cityName": "Bato",
      "lat": 13.355556,
      "lng": 123.363611
    },
    {
      "cityName": "Bawa",
      "lat": 13.650556,
      "lng": 123.115
    },
    {
      "cityName": "Bayaao",
      "lat": 13.856944,
      "lng": 122.726944
    },
    {
      "cityName": "Bayo",
      "lat": 13.471944,
      "lng": 123.2275
    },
    {
      "cityName": "Beberon",
      "lat": 13.543333,
      "lng": 123.144722
    },
    {
      "cityName": "Belen",
      "lat": 13.716667,
      "lng": 123.233333
    },
    {
      "cityName": "Bell",
      "lat": 13.666667,
      "lng": 123.166667
    },
    {
      "cityName": "Bidlayo",
      "lat": 13.566667,
      "lng": 122.9
    },
    {
      "cityName": "Bigaan",
      "lat": 13.835278,
      "lng": 122.988056
    },
    {
      "cityName": "Bigaho Norte",
      "lat": 13.716667,
      "lng": 123.066667
    },
    {
      "cityName": "Biguito",
      "lat": 13.866667,
      "lng": 123.016667
    },
    {
      "cityName": "Bikal",
      "lat": 13.598333,
      "lng": 122.921944
    },
    {
      "cityName": "Binagasbasan",
      "lat": 13.946111,
      "lng": 123.57
    },
    {
      "cityName": "Binahaan",
      "lat": 13.701389,
      "lng": 122.856944
    },
    {
      "cityName": "Binangbagnan",
      "lat": 13.316667,
      "lng": 123.3
    },
    {
      "cityName": "Binanuaan",
      "lat": 13.7,
      "lng": 123.3
    },
    {
      "cityName": "Binanuan",
      "lat": 13.883333,
      "lng": 123.7
    },
    {
      "cityName": "Binobon",
      "lat": 13.6625,
      "lng": 122.835833
    },
    {
      "cityName": "Binosong",
      "lat": 13.708889,
      "lng": 123.087778
    },
    {
      "cityName": "Binoyoan",
      "lat": 13.416667,
      "lng": 123.3
    },
    {
      "cityName": "Biong",
      "lat": 13.75,
      "lng": 123.05
    },
    {
      "cityName": "Bitaogan",
      "lat": 13.694722,
      "lng": 123.822222
    },
    {
      "cityName": "Bito",
      "lat": 13.965,
      "lng": 123.249722
    },
    {
      "cityName": "Boboan",
      "lat": 14.005833,
      "lng": 123.273056
    },
    {
      "cityName": "Bobuatan",
      "lat": 13.466667,
      "lng": 123.3
    },
    {
      "cityName": "Boclod",
      "lat": 13.7,
      "lng": 123.516667
    },
    {
      "cityName": "Bodeogan",
      "lat": 13.6375,
      "lng": 122.9275
    },
    {
      "cityName": "Bolas",
      "lat": 13.845278,
      "lng": 123.315
    },
    {
      "cityName": "Bolo",
      "lat": 13.75,
      "lng": 122.95
    },
    {
      "cityName": "Bolodan",
      "lat": 13.816667,
      "lng": 123.433333
    },
    {
      "cityName": "Bombon",
      "lat": 13.682222,
      "lng": 123.201389
    },
    {
      "cityName": "Bonacan",
      "lat": 13.766667,
      "lng": 122.9
    },
    {
      "cityName": "Borabod",
      "lat": 13.366667,
      "lng": 123.233333
    },
    {
      "cityName": "Borabud",
      "lat": 13.533333,
      "lng": 123.083333
    },
    {
      "cityName": "Bosod",
      "lat": 13.916667,
      "lng": 123.533333
    },
    {
      "cityName": "Botan",
      "lat": 13.611667,
      "lng": 122.93
    },
    {
      "cityName": "Botbot",
      "lat": 13.75,
      "lng": 123.8
    },
    {
      "cityName": "Bual",
      "lat": 13.466667,
      "lng": 123.116667
    },
    {
      "cityName": "Buboan",
      "lat": 14.000278,
      "lng": 123.249722
    },
    {
      "cityName": "Buclod",
      "lat": 13.55,
      "lng": 123.183333
    },
    {
      "cityName": "Buenavista",
      "lat": 13.866111,
      "lng": 123.304444
    },
    {
      "cityName": "Buenavista de Bolo",
      "lat": 13.816111,
      "lng": 122.953333
    },
    {
      "cityName": "Buenos Aires",
      "lat": 13.9,
      "lng": 123.283333
    },
    {
      "cityName": "Bughad",
      "lat": 13.666667,
      "lng": 123.083333
    },
    {
      "cityName": "Bugna",
      "lat": 13.55,
      "lng": 122.916667
    },
    {
      "cityName": "Buguitis",
      "lat": 13.733333,
      "lng": 123.066667
    },
    {
      "cityName": "Buhaton",
      "lat": 13.933333,
      "lng": 122.633333
    },
    {
      "cityName": "Buhi",
      "lat": 13.428333,
      "lng": 123.52
    },
    {
      "cityName": "Bula",
      "lat": 13.471667,
      "lng": 123.281667
    },
    {
      "cityName": "Bulalacao",
      "lat": 13.699167,
      "lng": 123.778056
    },
    {
      "cityName": "Bulalakao",
      "lat": 13.748333,
      "lng": 122.818333
    },
    {
      "cityName": "Bulanan",
      "lat": 13.756111,
      "lng": 122.889444
    },
    {
      "cityName": "Bulan",
      "lat": 13.802222,
      "lng": 122.979444
    },
    {
      "cityName": "Buluang",
      "lat": 13.309722,
      "lng": 123.346111
    },
    {
      "cityName": "Bunga",
      "lat": 13.426389,
      "lng": 123.223889
    },
    {
      "cityName": "Bunsaran",
      "lat": 13.516667,
      "lng": 123.166667
    },
    {
      "cityName": "Buraboc",
      "lat": 13.5875,
      "lng": 123.106389
    },
    {
      "cityName": "Burabud",
      "lat": 13.730556,
      "lng": 123.553056
    },
    {
      "cityName": "Buracan",
      "lat": 13.6,
      "lng": 123.5
    },
    {
      "cityName": "Buri",
      "lat": 13.561111,
      "lng": 122.918056
    },
    {
      "cityName": "Busac",
      "lat": 13.65,
      "lng": 123
    },
    {
      "cityName": "Busaing",
      "lat": 13.896944,
      "lng": 123.411944
    },
    {
      "cityName": "Butan",
      "lat": 13.616667,
      "lng": 123
    },
    {
      "cityName": "Butauanan",
      "lat": 14.095833,
      "lng": 123.319167
    },
    {
      "cityName": "Buyo",
      "lat": 13.680556,
      "lng": 123.476667
    },
    {
      "cityName": "Buyuan",
      "lat": 13.533333,
      "lng": 123.133333
    },
    {
      "cityName": "Caagol",
      "lat": 13.7,
      "lng": 123.316667
    },
    {
      "cityName": "Caaluhan",
      "lat": 13.79,
      "lng": 123.320556
    },
    {
      "cityName": "Caamgauan",
      "lat": 13.566667,
      "lng": 123.066667
    },
    {
      "cityName": "Cabacogñan",
      "lat": 13.7425,
      "lng": 123.965833
    },
    {
      "cityName": "Cabagnajan",
      "lat": 13.833333,
      "lng": 122.783333
    },
    {
      "cityName": "Cabalagnan",
      "lat": 13.833333,
      "lng": 122.95
    },
    {
      "cityName": "Cabaloba",
      "lat": 13.683333,
      "lng": 122.983333
    },
    {
      "cityName": "Cabanbanan",
      "lat": 13.357222,
      "lng": 123.26
    },
    {
      "cityName": "Cabatbatan",
      "lat": 13.923056,
      "lng": 122.557222
    },
    {
      "cityName": "Cabugao",
      "lat": 13.7,
      "lng": 122.866667
    },
    {
      "cityName": "Cabugo",
      "lat": 13.733333,
      "lng": 123.9
    },
    {
      "cityName": "Cabungalan",
      "lat": 13.949722,
      "lng": 122.575278
    },
    {
      "cityName": "Cabutagan",
      "lat": 13.783333,
      "lng": 122.916667
    },
    {
      "cityName": "Cabuyao",
      "lat": 13.806944,
      "lng": 122.971111
    },
    {
      "cityName": "Cagaycay",
      "lat": 13.7,
      "lng": 123.483333
    },
    {
      "cityName": "Cagbibi",
      "lat": 13.628056,
      "lng": 123.1025
    },
    {
      "cityName": "Cagbugna",
      "lat": 13.64,
      "lng": 123.108056
    },
    {
      "cityName": "Caglilag",
      "lat": 13.902778,
      "lng": 123.293333
    },
    {
      "cityName": "Cagmanaba",
      "lat": 13.538889,
      "lng": 123.345833
    },
    {
      "cityName": "Cagnipa",
      "lat": 13.713056,
      "lng": 123.725
    },
    {
      "cityName": "Cagsao",
      "lat": 13.764167,
      "lng": 123.293056
    },
    {
      "cityName": "Caibigan",
      "lat": 13.8,
      "lng": 122.933333
    },
    {
      "cityName": "Caima",
      "lat": 13.683333,
      "lng": 122.85
    },
    {
      "cityName": "Calabanga",
      "lat": 13.708333,
      "lng": 123.220556
    },
    {
      "cityName": "Calalanan",
      "lat": 13.733333,
      "lng": 123.216667
    },
    {
      "cityName": "Calamitas",
      "lat": 13.833333,
      "lng": 122.883333
    },
    {
      "cityName": "Calampinay",
      "lat": 13.795556,
      "lng": 123.043611
    },
    {
      "cityName": "Calancaan",
      "lat": 13.765833,
      "lng": 123.035
    },
    {
      "cityName": "Calauag",
      "lat": 13.848333,
      "lng": 122.708056
    },
    {
      "cityName": "Calawat",
      "lat": 13.55,
      "lng": 123.033333
    },
    {
      "cityName": "Cale",
      "lat": 13.8025,
      "lng": 122.797778
    },
    {
      "cityName": "Calibayan",
      "lat": 13.533333,
      "lng": 122.966667
    },
    {
      "cityName": "Camagnii",
      "lat": 13.505278,
      "lng": 123.035
    },
    {
      "cityName": "Camagong",
      "lat": 13.711111,
      "lng": 123.518333
    },
    {
      "cityName": "Camaligan",
      "lat": 13.626389,
      "lng": 123.157222
    },
    {
      "cityName": "Camanibogan",
      "lat": 13.716667,
      "lng": 123.033333
    },
    {
      "cityName": "Camarobalan",
      "lat": 13.433333,
      "lng": 123.2
    },
    {
      "cityName": "Cambalidió",
      "lat": 13.620278,
      "lng": 122.891944
    },
    {
      "cityName": "Camp Isarog",
      "lat": 13.871944,
      "lng": 123.419722
    },
    {
      "cityName": "Canal",
      "lat": 13.533333,
      "lng": 123.05
    },
    {
      "cityName": "Canaman",
      "lat": 13.65,
      "lng": 123.166667
    },
    {
      "cityName": "Canamnan",
      "lat": 13.45,
      "lng": 123.266667
    },
    {
      "cityName": "Canatoan",
      "lat": 13.710278,
      "lng": 123.843611
    },
    {
      "cityName": "Canayonan",
      "lat": 13.816667,
      "lng": 123.316667
    },
    {
      "cityName": "Canobig",
      "lat": 13.678333,
      "lng": 122.999444
    },
    {
      "cityName": "Cansabel",
      "lat": 13.75,
      "lng": 122.85
    },
    {
      "cityName": "Cansiuang",
      "lat": 13.716667,
      "lng": 122.966667
    },
    {
      "cityName": "Cantera",
      "lat": 13.483333,
      "lng": 123.216667
    },
    {
      "cityName": "Caodiocan",
      "lat": 13.616667,
      "lng": 123.45
    },
    {
      "cityName": "Caognan",
      "lat": 13.75,
      "lng": 122.966667
    },
    {
      "cityName": "Caorao",
      "lat": 13.371389,
      "lng": 123.210278
    },
    {
      "cityName": "Caputatan",
      "lat": 13.764722,
      "lng": 123.866667
    },
    {
      "cityName": "Caramoan",
      "lat": 13.773056,
      "lng": 123.864722
    },
    {
      "cityName": "Caranan",
      "lat": 13.517222,
      "lng": 123.019444
    },
    {
      "cityName": "Cararayan",
      "lat": 13.45,
      "lng": 123.183333
    },
    {
      "cityName": "Caraycayon",
      "lat": 13.616667,
      "lng": 123.483333
    },
    {
      "cityName": "Carinogan",
      "lat": 13.933333,
      "lng": 123.3
    },
    {
      "cityName": "Caroroy",
      "lat": 13.819167,
      "lng": 122.905278
    },
    {
      "cityName": "Casay",
      "lat": 13.830556,
      "lng": 122.880833
    },
    {
      "cityName": "Casillo",
      "lat": 13.733056,
      "lng": 123.116667
    },
    {
      "cityName": "Catabanga",
      "lat": 13.879444,
      "lng": 122.637222
    },
    {
      "cityName": "Catabangan",
      "lat": 13.8775,
      "lng": 122.665278
    },
    {
      "cityName": "Catagbacan",
      "lat": 13.683333,
      "lng": 123.5
    },
    {
      "cityName": "Catanagan",
      "lat": 13.811944,
      "lng": 123.779444
    },
    {
      "cityName": "Cauayan",
      "lat": 13.583333,
      "lng": 122.883333
    },
    {
      "cityName": "Causip",
      "lat": 13.5,
      "lng": 123.283333
    },
    {
      "cityName": "Cayaog",
      "lat": 13.651111,
      "lng": 122.925
    },
    {
      "cityName": "Cayohoson",
      "lat": 13.433333,
      "lng": 123.55
    },
    {
      "cityName": "Centro",
      "lat": 13.816667,
      "lng": 122.983333
    },
    {
      "cityName": "Coco",
      "lat": 13.566667,
      "lng": 123.016667
    },
    {
      "cityName": "Cogon",
      "lat": 13.85,
      "lng": 123.333333
    },
    {
      "cityName": "Colacling",
      "lat": 13.791944,
      "lng": 122.841111
    },
    {
      "cityName": "Colacog",
      "lat": 13.533333,
      "lng": 123.1
    },
    {
      "cityName": "Colapnit",
      "lat": 13.75,
      "lng": 123.816667
    },
    {
      "cityName": "Colongcocon",
      "lat": 13.727222,
      "lng": 123.967222
    },
    {
      "cityName": "Concepcion",
      "lat": 13.686944,
      "lng": 123.076944
    },
    {
      "cityName": "Consocep",
      "lat": 13.616667,
      "lng": 123.416667
    },
    {
      "cityName": "Contod",
      "lat": 13.616389,
      "lng": 123.070278
    },
    {
      "cityName": "Cotmo",
      "lat": 13.466667,
      "lng": 123.133333
    },
    {
      "cityName": "Cristo Rey",
      "lat": 13.35,
      "lng": 123.366667
    },
    {
      "cityName": "Curry",
      "lat": 13.6,
      "lng": 123.3
    },
    {
      "cityName": "Cuyapi",
      "lat": 13.683333,
      "lng": 123.1
    },
    {
      "cityName": "Dahat",
      "lat": 13.737778,
      "lng": 123.508889
    },
    {
      "cityName": "Dahilig",
      "lat": 13.616667,
      "lng": 123.133333
    },
    {
      "cityName": "Dalapaon",
      "lat": 13.553333,
      "lng": 122.944167
    },
    {
      "cityName": "Daldagon",
      "lat": 14.063333,
      "lng": 123.346944
    },
    {
      "cityName": "Dalhogan",
      "lat": 13.716667,
      "lng": 123.65
    },
    {
      "cityName": "Daligan",
      "lat": 13.934722,
      "lng": 123.322778
    },
    {
      "cityName": "Damagocsoc",
      "lat": 13.95,
      "lng": 123.266667
    },
    {
      "cityName": "Danaa",
      "lat": 13.58,
      "lng": 123.059722
    },
    {
      "cityName": "Danaon",
      "lat": 13.84,
      "lng": 122.9175
    },
    {
      "cityName": "Danawin",
      "lat": 13.921667,
      "lng": 122.596111
    },
    {
      "cityName": "Dancalan",
      "lat": 13.733333,
      "lng": 123.116667
    },
    {
      "cityName": "Dangas",
      "lat": 13.833333,
      "lng": 124.3
    },
    {
      "cityName": "Dangayo",
      "lat": 13.718333,
      "lng": 122.895556
    },
    {
      "cityName": "Danla",
      "lat": 13.766667,
      "lng": 123.85
    },
    {
      "cityName": "Danlog Mayor",
      "lat": 13.7,
      "lng": 123.55
    },
    {
      "cityName": "De la Fé",
      "lat": 13.416667,
      "lng": 123.5
    },
    {
      "cityName": "Del Rosario",
      "lat": 13.4,
      "lng": 123.316667
    },
    {
      "cityName": "Denrica",
      "lat": 13.943333,
      "lng": 123.483056
    },
    {
      "cityName": "Divina Pastora",
      "lat": 13.35,
      "lng": 123.35
    },
    {
      "cityName": "Dolo",
      "lat": 13.710833,
      "lng": 123.5675
    },
    {
      "cityName": "Dolorosa",
      "lat": 13.392222,
      "lng": 123.333056
    },
    {
      "cityName": "Duangniog",
      "lat": 13.6425,
      "lng": 123.032778
    },
    {
      "cityName": "Duang-pura",
      "lat": 13.766667,
      "lng": 123.066667
    },
    {
      "cityName": "Estanjuan",
      "lat": 13.4,
      "lng": 123.2
    },
    {
      "cityName": "Fabrica",
      "lat": 13.491944,
      "lng": 123.295278
    },
    {
      "cityName": "Flordelis",
      "lat": 13.583333,
      "lng": 123.166667
    },
    {
      "cityName": "Fundado",
      "lat": 13.583333,
      "lng": 123.133333
    },
    {
      "cityName": "Gainza",
      "lat": 13.614444,
      "lng": 123.1425
    },
    {
      "cityName": "Gaogan",
      "lat": 13.95,
      "lng": 123.827778
    },
    {
      "cityName": "Gaogñan",
      "lat": 13.757222,
      "lng": 122.965556
    },
    {
      "cityName": "Gata",
      "lat": 13.912778,
      "lng": 123.817778
    },
    {
      "cityName": "Gatbo",
      "lat": 13.583333,
      "lng": 123.383333
    },
    {
      "cityName": "Gibgos",
      "lat": 13.859167,
      "lng": 123.769167
    },
    {
      "cityName": "Gimagtocon",
      "lat": 13.7375,
      "lng": 123.476667
    },
    {
      "cityName": "Gimanag",
      "lat": 13.886111,
      "lng": 123.575
    },
    {
      "cityName": "Goa",
      "lat": 13.696944,
      "lng": 123.493333
    },
    {
      "cityName": "Gobernador",
      "lat": 13.55,
      "lng": 123.233333
    },
    {
      "cityName": "Gogon",
      "lat": 13.633333,
      "lng": 123.15
    },
    {
      "cityName": "Gongonan",
      "lat": 13.936944,
      "lng": 123.378056
    },
    {
      "cityName": "Grijalbo",
      "lat": 13.55,
      "lng": 123.133333
    },
    {
      "cityName": "Guijalo",
      "lat": 13.738056,
      "lng": 123.867222
    },
    {
      "cityName": "Guimbal",
      "lat": 13.651389,
      "lng": 122.980556
    },
    {
      "cityName": "Guinaban",
      "lat": 13.616667,
      "lng": 123.433333
    },
    {
      "cityName": "Guinalansan",
      "lat": 13.705,
      "lng": 123.554444
    },
    {
      "cityName": "Gutusan",
      "lat": 13.647222,
      "lng": 122.815556
    },
    {
      "cityName": "Halabang Baybay",
      "lat": 14,
      "lng": 123.233333
    },
    {
      "cityName": "Halauig-gogon",
      "lat": 13.709722,
      "lng": 123.490556
    },
    {
      "cityName": "Hamoraon",
      "lat": 13.421944,
      "lng": 123.203333
    },
    {
      "cityName": "Hanawan",
      "lat": 13.575278,
      "lng": 123.425
    },
    {
      "cityName": "Hibaya",
      "lat": 13.560833,
      "lng": 123.403333
    },
    {
      "cityName": "Himaao",
      "lat": 13.55,
      "lng": 123.3
    },
    {
      "cityName": "Hindug",
      "lat": 13.809444,
      "lng": 122.755
    },
    {
      "cityName": "Hinornohan",
      "lat": 13.65,
      "lng": 123.033333
    },
    {
      "cityName": "Hiuacloy",
      "lat": 13.716667,
      "lng": 123.433333
    },
    {
      "cityName": "Hobo",
      "lat": 13.508611,
      "lng": 123.178889
    },
    {
      "cityName": "Hoyonhoyon",
      "lat": 13.622778,
      "lng": 123.533611
    },
    {
      "cityName": "Ibid",
      "lat": 13.703056,
      "lng": 123.096111
    },
    {
      "cityName": "Ihit",
      "lat": 13.730278,
      "lng": 122.842222
    },
    {
      "cityName": "Imaao",
      "lat": 13.55,
      "lng": 123.316667
    },
    {
      "cityName": "Impig",
      "lat": 13.78,
      "lng": 122.983611
    },
    {
      "cityName": "Inapatan",
      "lat": 13.383889,
      "lng": 123.306389
    },
    {
      "cityName": "Inolgan",
      "lat": 13.516667,
      "lng": 123.283333
    },
    {
      "cityName": "Iquin",
      "lat": 13.619444,
      "lng": 123.118889
    },
    {
      "cityName": "Itagñon",
      "lat": 13.396944,
      "lng": 123.208333
    },
    {
      "cityName": "Jandig",
      "lat": 13.75,
      "lng": 123.016667
    },
    {
      "cityName": "Jinoson",
      "lat": 13.85,
      "lng": 122.816667
    },
    {
      "cityName": "Jologan",
      "lat": 13.85,
      "lng": 123.316667
    },
    {
      "cityName": "Kabanbanan",
      "lat": 13.7,
      "lng": 123.2
    },
    {
      "cityName": "Kaluk",
      "lat": 13.816667,
      "lng": 123.033333
    },
    {
      "cityName": "Karigsa",
      "lat": 13.716667,
      "lng": 123.133333
    },
    {
      "cityName": "Karogcog",
      "lat": 13.648333,
      "lng": 122.847222
    },
    {
      "cityName": "Katubtagan",
      "lat": 13.383333,
      "lng": 123.316667
    },
    {
      "cityName": "Kilbay",
      "lat": 13.898611,
      "lng": 122.5875
    },
    {
      "cityName": "Kinaba",
      "lat": 13.5,
      "lng": 123.133333
    },
    {
      "cityName": "Laganac",
      "lat": 13.35,
      "lng": 123.233333
    },
    {
      "cityName": "Laganap",
      "lat": 13.333333,
      "lng": 123.25
    },
    {
      "cityName": "Lagha",
      "lat": 13.712778,
      "lng": 123.709444
    },
    {
      "cityName": "Lagnay",
      "lat": 13.716667,
      "lng": 123.716667
    },
    {
      "cityName": "Lagonoy",
      "lat": 13.738611,
      "lng": 123.520556
    },
    {
      "cityName": "Laguio",
      "lat": 13.833333,
      "lng": 122.752222
    },
    {
      "cityName": "Lalud",
      "lat": 13.718611,
      "lng": 123.425
    },
    {
      "cityName": "La Medalla",
      "lat": 13.378889,
      "lng": 123.433889
    },
    {
      "cityName": "La Medallo",
      "lat": 13.473333,
      "lng": 123.359722
    },
    {
      "cityName": "Lampayang",
      "lat": 13.466667,
      "lng": 123.2
    },
    {
      "cityName": "Laon",
      "lat": 13.731944,
      "lng": 123.393333
    },
    {
      "cityName": "La Opinion",
      "lat": 13.376944,
      "lng": 123.370556
    },
    {
      "cityName": "Larauan",
      "lat": 13.85,
      "lng": 122.9
    },
    {
      "cityName": "Libmanan",
      "lat": 13.696111,
      "lng": 123.059167
    },
    {
      "cityName": "Liboro",
      "lat": 13.825,
      "lng": 122.7275
    },
    {
      "cityName": "Lidong",
      "lat": 13.65,
      "lng": 122.833333
    },
    {
      "cityName": "Ligpit",
      "lat": 13.696944,
      "lng": 123.187222
    },
    {
      "cityName": "Liniaga",
      "lat": 13.65,
      "lng": 123.116667
    },
    {
      "cityName": "Lipata",
      "lat": 13.733333,
      "lng": 123.866667
    },
    {
      "cityName": "Lipilip",
      "lat": 13.686944,
      "lng": 122.887222
    },
    {
      "cityName": "Logoan",
      "lat": 13.333333,
      "lng": 123.266667
    },
    {
      "cityName": "Lojo",
      "lat": 13.731944,
      "lng": 123.546111
    },
    {
      "cityName": "Loob",
      "lat": 13.61,
      "lng": 123.118056
    },
    {
      "cityName": "Lourdes",
      "lat": 13.376389,
      "lng": 123.381667
    },
    {
      "cityName": "Luawan",
      "lat": 13.716667,
      "lng": 123.05
    },
    {
      "cityName": "Lubang",
      "lat": 13.8,
      "lng": 122.95
    },
    {
      "cityName": "Lubigan",
      "lat": 13.735556,
      "lng": 122.932778
    },
    {
      "cityName": "Luhong",
      "lat": 13.814444,
      "lng": 122.728611
    },
    {
      "cityName": "Lupi",
      "lat": 13.533333,
      "lng": 123.15
    },
    {
      "cityName": "Maagnas",
      "lat": 13.720833,
      "lng": 123.666111
    },
    {
      "cityName": "Mabalodbalod Giganoy",
      "lat": 13.601667,
      "lng": 123.474722
    },
    {
      "cityName": "Mabalodbalod",
      "lat": 13.588889,
      "lng": 123.457778
    },
    {
      "cityName": "Mabatobato",
      "lat": 13.566667,
      "lng": 123.383333
    },
    {
      "cityName": "Mabca",
      "lat": 13.6,
      "lng": 123.533333
    },
    {
      "cityName": "Macaagnay",
      "lat": 13.35,
      "lng": 123.55
    },
    {
      "cityName": "Macad",
      "lat": 13.55,
      "lng": 123
    },
    {
      "cityName": "Macahilo",
      "lat": 13.883333,
      "lng": 123.3
    },
    {
      "cityName": "Madugol",
      "lat": 13.902222,
      "lng": 122.607778
    },
    {
      "cityName": "Magadap",
      "lat": 13.482222,
      "lng": 123.199722
    },
    {
      "cityName": "Magadap-San José Nuevo",
      "lat": 13.566667,
      "lng": 123.183333
    },
    {
      "cityName": "Magais",
      "lat": 13.933333,
      "lng": 122.583333
    },
    {
      "cityName": "Magarao",
      "lat": 13.66,
      "lng": 123.183333
    },
    {
      "cityName": "Magaring",
      "lat": 13.744167,
      "lng": 123.278611
    },
    {
      "cityName": "Magdua",
      "lat": 13.783333,
      "lng": 122.783333
    },
    {
      "cityName": "Magtang",
      "lat": 13.882778,
      "lng": 123.292778
    },
    {
      "cityName": "Magtubig",
      "lat": 13.511111,
      "lng": 123.026667
    },
    {
      "cityName": "Maguyan",
      "lat": 13.616667,
      "lng": 123.116667
    },
    {
      "cityName": "Mainit",
      "lat": 13.5,
      "lng": 123.083333
    },
    {
      "cityName": "Makalimas",
      "lat": 13.65,
      "lng": 122.866667
    },
    {
      "cityName": "Malabago",
      "lat": 13.633333,
      "lng": 122.933333
    },
    {
      "cityName": "Malansad",
      "lat": 13.633333,
      "lng": 123.016667
    },
    {
      "cityName": "Malatigbi",
      "lat": 13.783333,
      "lng": 123
    },
    {
      "cityName": "Malauag",
      "lat": 13.383333,
      "lng": 123.283333
    },
    {
      "cityName": "Malbogon",
      "lat": 13.6775,
      "lng": 123.076111
    },
    {
      "cityName": "Malinao",
      "lat": 13.671944,
      "lng": 122.993056
    },
    {
      "cityName": "Malitbog",
      "lat": 13.559722,
      "lng": 123.211944
    },
    {
      "cityName": "Malobo",
      "lat": 13.933333,
      "lng": 122.616667
    },
    {
      "cityName": "Mambalite",
      "lat": 13.716667,
      "lng": 122.983333
    },
    {
      "cityName": "Mambato",
      "lat": 13.681944,
      "lng": 122.911389
    },
    {
      "cityName": "Mambog",
      "lat": 13.845833,
      "lng": 122.869444
    },
    {
      "cityName": "Mambula",
      "lat": 13.629444,
      "lng": 123.025833
    },
    {
      "cityName": "Mambulo Viejo",
      "lat": 13.633333,
      "lng": 123.066667
    },
    {
      "cityName": "Mamuat",
      "lat": 13.6,
      "lng": 123.15
    },
    {
      "cityName": "Manabao",
      "lat": 13.555278,
      "lng": 123.242222
    },
    {
      "cityName": "Manamoc",
      "lat": 13.735833,
      "lng": 123.579444
    },
    {
      "cityName": "Mananao",
      "lat": 13.784167,
      "lng": 123.336389
    },
    {
      "cityName": "Manangle",
      "lat": 13.775556,
      "lng": 122.930278
    },
    {
      "cityName": "Mancanda",
      "lat": 13.832778,
      "lng": 122.826944
    },
    {
      "cityName": "Mancawayan",
      "lat": 13.75,
      "lng": 122.983333
    },
    {
      "cityName": "Mandao",
      "lat": 13.85,
      "lng": 122.95
    },
    {
      "cityName": "Manga",
      "lat": 13.783333,
      "lng": 123.033333
    },
    {
      "cityName": "Mangatbo",
      "lat": 13.8,
      "lng": 123.033333
    },
    {
      "cityName": "Mangogon",
      "lat": 13.914444,
      "lng": 123.573056
    },
    {
      "cityName": "Manguiring",
      "lat": 13.739722,
      "lng": 123.274444
    },
    {
      "cityName": "Manguirin",
      "lat": 13.7,
      "lng": 123.25
    },
    {
      "cityName": "Manramiras",
      "lat": 13.583333,
      "lng": 123
    },
    {
      "cityName": "Mansalaya",
      "lat": 13.956389,
      "lng": 122.631667
    },
    {
      "cityName": "Mantalisay",
      "lat": 13.75,
      "lng": 123
    },
    {
      "cityName": "Mapid",
      "lat": 13.960556,
      "lng": 123.45
    },
    {
      "cityName": "Mapueda",
      "lat": 13.820278,
      "lng": 123.835
    },
    {
      "cityName": "Maputingkahoy",
      "lat": 13.333333,
      "lng": 123.283333
    },
    {
      "cityName": "Maragñi",
      "lat": 13.5,
      "lng": 123.1
    },
    {
      "cityName": "Maslog",
      "lat": 13.965,
      "lng": 123.403889
    },
    {
      "cityName": "Masoli",
      "lat": 13.358333,
      "lng": 123.394444
    },
    {
      "cityName": "Maspok",
      "lat": 13.733333,
      "lng": 122.892222
    },
    {
      "cityName": "Matacla",
      "lat": 13.686111,
      "lng": 123.492222
    },
    {
      "cityName": "Matandang Siruma",
      "lat": 14.026667,
      "lng": 123.218611
    },
    {
      "cityName": "Mayangayana",
      "lat": 13.603333,
      "lng": 123.435
    },
    {
      "cityName": "Mayaopayauan",
      "lat": 13.566667,
      "lng": 123.166667
    },
    {
      "cityName": "Mayburi",
      "lat": 13.5,
      "lng": 123.2
    },
    {
      "cityName": "Maycueva",
      "lat": 13.966667,
      "lng": 122.683333
    },
    {
      "cityName": "May-Iba",
      "lat": 13.733333,
      "lng": 123.65
    },
    {
      "cityName": "May-Ogob",
      "lat": 13.551111,
      "lng": 123.4325
    },
    {
      "cityName": "Mayruhin",
      "lat": 13.6,
      "lng": 123.4
    },
    {
      "cityName": "Maysalay",
      "lat": 13.783333,
      "lng": 123.4
    },
    {
      "cityName": "Mey Cacao",
      "lat": 13.9,
      "lng": 123.466667
    },
    {
      "cityName": "Miguel",
      "lat": 13.976389,
      "lng": 123.236667
    },
    {
      "cityName": "Milaor",
      "lat": 13.596667,
      "lng": 123.180833
    },
    {
      "cityName": "Minalabac",
      "lat": 13.569444,
      "lng": 123.186944
    },
    {
      "cityName": "Minas",
      "lat": 13.734444,
      "lng": 123.853333
    },
    {
      "cityName": "Monte-amor",
      "lat": 13.541667,
      "lng": 123.443889
    },
    {
      "cityName": "Moog",
      "lat": 13.916667,
      "lng": 122.583333
    },
    {
      "cityName": "Moriones",
      "lat": 13.580278,
      "lng": 123.438056
    },
    {
      "cityName": "Muray",
      "lat": 13.666667,
      "lng": 123.133333
    },
    {
      "cityName": "Nabongcao",
      "lat": 13.6,
      "lng": 123.366667
    },
    {
      "cityName": "Nabua",
      "lat": 13.401389,
      "lng": 123.376389
    },
    {
      "cityName": "Naghoom",
      "lat": 13.8,
      "lng": 122.8
    },
    {
      "cityName": "Nagpuy",
      "lat": 13.75,
      "lng": 123.066667
    },
    {
      "cityName": "Naliguid-Nagapo",
      "lat": 13.483333,
      "lng": 123.166667
    },
    {
      "cityName": "Napauon",
      "lat": 13.717778,
      "lng": 123.469722
    },
    {
      "cityName": "Napolidan",
      "lat": 13.895278,
      "lng": 122.925
    },
    {
      "cityName": "Nasignit",
      "lat": 13.3,
      "lng": 123.333333
    },
    {
      "cityName": "Nato",
      "lat": 13.609722,
      "lng": 123.536667
    },
    {
      "cityName": "Navotas-Sabang",
      "lat": 13.725278,
      "lng": 123.2125
    },
    {
      "cityName": "Ngaran",
      "lat": 13.483333,
      "lng": 123.116667
    },
    {
      "cityName": "Ocampo",
      "lat": 13.561389,
      "lng": 123.376111
    },
    {
      "cityName": "Odicon",
      "lat": 13.533333,
      "lng": 123.066667
    },
    {
      "cityName": "Ogtoc",
      "lat": 13.783333,
      "lng": 122.733333
    },
    {
      "cityName": "Olag Pequeño",
      "lat": 13.816667,
      "lng": 123.366667
    },
    {
      "cityName": "Olas",
      "lat": 13.921944,
      "lng": 123.435278
    },
    {
      "cityName": "Omalo",
      "lat": 13.716667,
      "lng": 123.116667
    },
    {
      "cityName": "Ombao",
      "lat": 13.473889,
      "lng": 123.245
    },
    {
      "cityName": "Omon",
      "lat": 13.826389,
      "lng": 122.673333
    },
    {
      "cityName": "Oring",
      "lat": 13.911389,
      "lng": 123.835278
    },
    {
      "cityName": "Oroc-Osoc",
      "lat": 13.794722,
      "lng": 123.853056
    },
    {
      "cityName": "Pacolago",
      "lat": 13.816667,
      "lng": 122.733333
    },
    {
      "cityName": "Pagao",
      "lat": 13.700833,
      "lng": 123.138056
    },
    {
      "cityName": "Pagatpat",
      "lat": 13.683333,
      "lng": 123.216667
    },
    {
      "cityName": "Pagolinan",
      "lat": 13.716389,
      "lng": 123.849722
    },
    {
      "cityName": "Pagoring Viejo",
      "lat": 13.633333,
      "lng": 122.966667
    },
    {
      "cityName": "Pagsagnaan",
      "lat": 13.761944,
      "lng": 123.7475
    },
    {
      "cityName": "Pagukin",
      "lat": 13.876667,
      "lng": 122.826389
    },
    {
      "cityName": "Pakili",
      "lat": 13.4,
      "lng": 123.25
    },
    {
      "cityName": "Palale",
      "lat": 13.716667,
      "lng": 123.516667
    },
    {
      "cityName": "Palong-Mangawa",
      "lat": 13.666667,
      "lng": 123
    },
    {
      "cityName": "Palo",
      "lat": 13.264444,
      "lng": 123.276944
    },
    {
      "cityName": "Palsong",
      "lat": 13.449167,
      "lng": 123.273333
    },
    {
      "cityName": "Pamintan",
      "lat": 14.023056,
      "lng": 123.261389
    },
    {
      "cityName": "Pamplona",
      "lat": 13.592222,
      "lng": 123.084167
    },
    {
      "cityName": "Pamuquid",
      "lat": 13.560833,
      "lng": 123.115556
    },
    {
      "cityName": "Panadan",
      "lat": 13.746944,
      "lng": 123.074167
    },
    {
      "cityName": "Panagam",
      "lat": 13.729722,
      "lng": 123.603333
    },
    {
      "cityName": "Panapian",
      "lat": 13.860278,
      "lng": 122.872778
    },
    {
      "cityName": "Panaytayan",
      "lat": 13.828889,
      "lng": 122.782222
    },
    {
      "cityName": "Pandanan",
      "lat": 13.764444,
      "lng": 123.950556
    },
    {
      "cityName": "Panicuan",
      "lat": 13.7225,
      "lng": 123.632778
    },
    {
      "cityName": "Paniman",
      "lat": 13.811389,
      "lng": 123.876667
    },
    {
      "cityName": "Paolbo",
      "lat": 13.714444,
      "lng": 123.249722
    },
    {
      "cityName": "Parabcan",
      "lat": 13.709722,
      "lng": 123.744167
    },
    {
      "cityName": "Paradanan",
      "lat": 13.681667,
      "lng": 122.879722
    },
    {
      "cityName": "Pasacao",
      "lat": 13.514444,
      "lng": 123.043333
    },
    {
      "cityName": "Pasay",
      "lat": 13.95,
      "lng": 122.566667
    },
    {
      "cityName": "Patag",
      "lat": 13.35,
      "lng": 123.333333
    },
    {
      "cityName": "Patitinan",
      "lat": 13.556667,
      "lng": 123.540833
    },
    {
      "cityName": "Patong",
      "lat": 13.616667,
      "lng": 123.1
    },
    {
      "cityName": "Payatan",
      "lat": 13.769444,
      "lng": 123.380278
    },
    {
      "cityName": "Payi",
      "lat": 13.433333,
      "lng": 121.883333
    },
    {
      "cityName": "Pelantuna",
      "lat": 13.942778,
      "lng": 122.906944
    },
    {
      "cityName": "Pigbanuan",
      "lat": 13.883333,
      "lng": 123.65
    },
    {
      "cityName": "Pigbulagnan",
      "lat": 13.766667,
      "lng": 123.033333
    },
    {
      "cityName": "Pili",
      "lat": 13.5575,
      "lng": 123.276389
    },
    {
      "cityName": "Pinaglabanan",
      "lat": 13.705278,
      "lng": 123.435833
    },
    {
      "cityName": "Pinangmunam",
      "lat": 13.828889,
      "lng": 122.956667
    },
    {
      "cityName": "Pinetan",
      "lat": 14.053889,
      "lng": 123.2775
    },
    {
      "cityName": "Pipian",
      "lat": 13.716667,
      "lng": 122.866667
    },
    {
      "cityName": "Plancha",
      "lat": 13.680833,
      "lng": 123.056111
    },
    {
      "cityName": "Poblacion",
      "lat": 13.8,
      "lng": 123.016667
    },
    {
      "cityName": "Poloan",
      "lat": 13.789722,
      "lng": 123.7825
    },
    {
      "cityName": "Polot",
      "lat": 13.683333,
      "lng": 123.05
    },
    {
      "cityName": "Pongong",
      "lat": 13.680278,
      "lng": 123.118056
    },
    {
      "cityName": "Pontoc",
      "lat": 13.816667,
      "lng": 122.966667
    },
    {
      "cityName": "Poro-Batia",
      "lat": 13.693611,
      "lng": 123.038611
    },
    {
      "cityName": "Poro Bayabas",
      "lat": 13.716667,
      "lng": 123
    },
    {
      "cityName": "Poro",
      "lat": 13.639444,
      "lng": 123.153056
    },
    {
      "cityName": "Port Junction",
      "lat": 13.86,
      "lng": 122.670556
    },
    {
      "cityName": "Porvenir",
      "lat": 13.75,
      "lng": 123.35
    },
    {
      "cityName": "Pugod",
      "lat": 13.845,
      "lng": 122.694444
    },
    {
      "cityName": "Quilbait",
      "lat": 13.904722,
      "lng": 122.583889
    },
    {
      "cityName": "Quiniling Quipayo",
      "lat": 13.697778,
      "lng": 123.204167
    },
    {
      "cityName": "Quinodal",
      "lat": 13.583333,
      "lng": 122.9
    },
    {
      "cityName": "Quitang",
      "lat": 13.550833,
      "lng": 123.051111
    },
    {
      "cityName": "Ragay",
      "lat": 13.82,
      "lng": 122.790833
    },
    {
      "cityName": "Rawis",
      "lat": 13.9,
      "lng": 123.616667
    },
    {
      "cityName": "Rognos",
      "lat": 13.7,
      "lng": 123.116667
    },
    {
      "cityName": "Rosario",
      "lat": 13.929167,
      "lng": 122.089167
    },
    {
      "cityName": "Sabang",
      "lat": 13.722222,
      "lng": 123.580833
    },
    {
      "cityName": "Sagnay",
      "lat": 13.604167,
      "lng": 123.52
    },
    {
      "cityName": "Sagrada Familia",
      "lat": 13.407778,
      "lng": 123.506389
    },
    {
      "cityName": "Sagrada",
      "lat": 13.531389,
      "lng": 123.453056
    },
    {
      "cityName": "Sagurong",
      "lat": 13.783333,
      "lng": 122.95
    },
    {
      "cityName": "Salingogon",
      "lat": 13.435,
      "lng": 123.191111
    },
    {
      "cityName": "Salogan",
      "lat": 13.668889,
      "lng": 123.523889
    },
    {
      "cityName": "Salogon",
      "lat": 13.653889,
      "lng": 123.522778
    },
    {
      "cityName": "Salvacion",
      "lat": 13.466667,
      "lng": 123.366667
    },
    {
      "cityName": "San Agustin",
      "lat": 13.574444,
      "lng": 123.265556
    },
    {
      "cityName": "San Antonio",
      "lat": 13.386389,
      "lng": 123.420833
    },
    {
      "cityName": "San Bernardino",
      "lat": 13.7,
      "lng": 123.15
    },
    {
      "cityName": "San Fernando",
      "lat": 13.566389,
      "lng": 123.149722
    },
    {
      "cityName": "San Francisco",
      "lat": 13.333333,
      "lng": 123.316667
    },
    {
      "cityName": "San Gabriel",
      "lat": 13.566667,
      "lng": 123.1
    },
    {
      "cityName": "San Isidoro",
      "lat": 13.4875,
      "lng": 123.336111
    },
    {
      "cityName": "San Isidro",
      "lat": 13.377778,
      "lng": 123.517778
    },
    {
      "cityName": "San Joaquin",
      "lat": 13.550833,
      "lng": 123.135833
    },
    {
      "cityName": "San Jose",
      "lat": 13.698889,
      "lng": 123.52
    },
    {
      "cityName": "San Lucas",
      "lat": 13.705556,
      "lng": 123.188056
    },
    {
      "cityName": "San Miguel",
      "lat": 13.416667,
      "lng": 123.4
    },
    {
      "cityName": "San Nicolas",
      "lat": 13.439722,
      "lng": 123.414722
    },
    {
      "cityName": "San Pablo",
      "lat": 13.661389,
      "lng": 123.045833
    },
    {
      "cityName": "San Pascual",
      "lat": 13.833333,
      "lng": 123.316667
    },
    {
      "cityName": "San Rafaet",
      "lat": 13.798889,
      "lng": 122.865
    },
    {
      "cityName": "San Ramon",
      "lat": 13.618056,
      "lng": 123.037778
    },
    {
      "cityName": "San Roque Sr",
      "lat": 13.547222,
      "lng": 123.279444
    },
    {
      "cityName": "San Sebastian",
      "lat": 13.729167,
      "lng": 123.593333
    },
    {
      "cityName": "Santa Justina",
      "lat": 13.401111,
      "lng": 123.485278
    },
    {
      "cityName": "Santa Niño",
      "lat": 13.462778,
      "lng": 123.2325
    },
    {
      "cityName": "Santa Rita",
      "lat": 13.95,
      "lng": 122.633333
    },
    {
      "cityName": "Santa Rosa-Bonat",
      "lat": 13.733333,
      "lng": 123.25
    },
    {
      "cityName": "Santa Teresita",
      "lat": 13.488333,
      "lng": 123.439444
    },
    {
      "cityName": "Santiago",
      "lat": 13.389444,
      "lng": 123.377222
    },
    {
      "cityName": "Santol",
      "lat": 13.8,
      "lng": 122.85
    },
    {
      "cityName": "San Vincente",
      "lat": 13.367222,
      "lng": 123.365
    },
    {
      "cityName": "Serranzana",
      "lat": 13.8,
      "lng": 123
    },
    {
      "cityName": "Sibobo",
      "lat": 13.766667,
      "lng": 123.283333
    },
    {
      "cityName": "Sierra Nevada",
      "lat": 13.816667,
      "lng": 123.333333
    },
    {
      "cityName": "Sigamut",
      "lat": 13.7,
      "lng": 123.05
    },
    {
      "cityName": "Sili",
      "lat": 13.9,
      "lng": 122.616667
    },
    {
      "cityName": "Silmod",
      "lat": 13.716667,
      "lng": 123.35
    },
    {
      "cityName": "Sinoknipan",
      "lat": 13.89,
      "lng": 122.629167
    },
    {
      "cityName": "Sinuknipan II",
      "lat": 13.903889,
      "lng": 122.645278
    },
    {
      "cityName": "Sipaco",
      "lat": 13.885833,
      "lng": 123.555278
    },
    {
      "cityName": "Sipoco",
      "lat": 13.770278,
      "lng": 122.981111
    },
    {
      "cityName": "Siramag",
      "lat": 13.283333,
      "lng": 123.25
    },
    {
      "cityName": "Sominabang",
      "lat": 13.521944,
      "lng": 122.983611
    },
    {
      "cityName": "Sook",
      "lat": 13.838611,
      "lng": 122.956944
    },
    {
      "cityName": "South Villazar",
      "lat": 13.865556,
      "lng": 122.951667
    },
    {
      "cityName": "Sugnay",
      "lat": 13.602778,
      "lng": 123.131111
    },
    {
      "cityName": "Sulpa",
      "lat": 13.9475,
      "lng": 123.277222
    },
    {
      "cityName": "Sumaoy",
      "lat": 13.977778,
      "lng": 123.571111
    },
    {
      "cityName": "Tabanag",
      "lat": 13.618889,
      "lng": 122.936667
    },
    {
      "cityName": "Tabgac",
      "lat": 13.7625,
      "lng": 122.786111
    },
    {
      "cityName": "Tabgon",
      "lat": 13.766667,
      "lng": 123.4
    },
    {
      "cityName": "Tabiguian",
      "lat": 13.833333,
      "lng": 123.8
    },
    {
      "cityName": "Tabog",
      "lat": 13.8,
      "lng": 123.85
    },
    {
      "cityName": "Tacolor",
      "lat": 13.65,
      "lng": 123.15
    },
    {
      "cityName": "Tado",
      "lat": 13.273333,
      "lng": 123.261389
    },
    {
      "cityName": "Tagas",
      "lat": 13.645833,
      "lng": 123.540278
    },
    {
      "cityName": "Tagbac",
      "lat": 13.516667,
      "lng": 123.083333
    },
    {
      "cityName": "Tagongtong",
      "lat": 13.694167,
      "lng": 123.471667
    },
    {
      "cityName": "Taison",
      "lat": 13.568333,
      "lng": 122.9775
    },
    {
      "cityName": "Talidtid",
      "lat": 13.661111,
      "lng": 123.155556
    },
    {
      "cityName": "Tamban",
      "lat": 13.666667,
      "lng": 122.916667
    },
    {
      "cityName": "Tambo",
      "lat": 13.465833,
      "lng": 123.495
    },
    {
      "cityName": "Tampadong",
      "lat": 13.566667,
      "lng": 123.05
    },
    {
      "cityName": "Tampian",
      "lat": 13.85,
      "lng": 122.966667
    },
    {
      "cityName": "Tandaay",
      "lat": 13.393333,
      "lng": 123.294722
    },
    {
      "cityName": "Tandoc",
      "lat": 14.047778,
      "lng": 123.301389
    },
    {
      "cityName": "Taob Taob",
      "lat": 13.366667,
      "lng": 123.283333
    },
    {
      "cityName": "Taplacan",
      "lat": 13.930833,
      "lng": 123.416111
    },
    {
      "cityName": "Tarallo",
      "lat": 13.733333,
      "lng": 123.15
    },
    {
      "cityName": "Tarosanan",
      "lat": 13.616667,
      "lng": 123.15
    },
    {
      "cityName": "Tigaon",
      "lat": 13.635278,
      "lng": 123.494722
    },
    {
      "cityName": "Tigman",
      "lat": 13.768056,
      "lng": 123.304444
    },
    {
      "cityName": "Tinalwagan",
      "lat": 13.65,
      "lng": 123.483333
    },
    {
      "cityName": "Tinambac",
      "lat": 13.8175,
      "lng": 123.325278
    },
    {
      "cityName": "Tinorogñan",
      "lat": 13.583333,
      "lng": 123.483333
    },
    {
      "cityName": "Tistis",
      "lat": 13.5,
      "lng": 123.066667
    },
    {
      "cityName": "Tocangalao",
      "lat": 13.7,
      "lng": 123.766667
    },
    {
      "cityName": "Tomarestes-Buyoan",
      "lat": 13.566667,
      "lng": 123.15
    },
    {
      "cityName": "Topas",
      "lat": 13.420278,
      "lng": 123.336111
    },
    {
      "cityName": "Toytoy",
      "lat": 13.866667,
      "lng": 123.716667
    },
    {
      "cityName": "Tranca",
      "lat": 13.483333,
      "lng": 123.133333
    },
    {
      "cityName": "Tubigan",
      "lat": 13.45,
      "lng": 123.483333
    },
    {
      "cityName": "Tulatula",
      "lat": 13.95,
      "lng": 122.666667
    },
    {
      "cityName": "Tumagoktok",
      "lat": 13.933333,
      "lng": 122.65
    },
    {
      "cityName": "Tupas",
      "lat": 13.55,
      "lng": 123.083333
    },
    {
      "cityName": "Turague",
      "lat": 13.616667,
      "lng": 123.533333
    },
    {
      "cityName": "Turel",
      "lat": 13.766667,
      "lng": 123.383333
    },
    {
      "cityName": "Ulaniban",
      "lat": 13.6,
      "lng": 122.933333
    },
    {
      "cityName": "Wagas",
      "lat": 13.603056,
      "lng": 122.868889
    },
    {
      "cityName": "Yapos",
      "lat": 13.55,
      "lng": 123.283333
    }
  ]
}