{
  "name": "Romblon",
  "cities": [
    {
      "cityName": "Abaca",
      "lat": 12.55,
      "lng": 122.116667
    },
    {
      "cityName": "Acogon",
      "lat": 12.0625,
      "lng": 121.959167
    },
    {
      "cityName": "Agbadiang",
      "lat": 12.589444,
      "lng": 122.003611
    },
    {
      "cityName": "Agbalagon",
      "lat": 12.533333,
      "lng": 122.1
    },
    {
      "cityName": "Agbaliga",
      "lat": 12.481111,
      "lng": 122.287778
    },
    {
      "cityName": "Agbaluto",
      "lat": 12.563333,
      "lng": 122.278889
    },
    {
      "cityName": "Agbatong",
      "lat": 12.911667,
      "lng": 121.704444
    },
    {
      "cityName": "Agbudia",
      "lat": 12.6075,
      "lng": 122.2925
    },
    {
      "cityName": "Agcagay",
      "lat": 12.361111,
      "lng": 122.075278
    },
    {
      "cityName": "Aglagtang",
      "lat": 12.2,
      "lng": 122
    },
    {
      "cityName": "Agmanic",
      "lat": 12.123889,
      "lng": 122.005833
    },
    {
      "cityName": "Agnaga",
      "lat": 12.507222,
      "lng": 122.321111
    },
    {
      "cityName": "Agnay",
      "lat": 12.566667,
      "lng": 122.25
    },
    {
      "cityName": "Agnipa",
      "lat": 12.511667,
      "lng": 122.271111
    },
    {
      "cityName": "Agnocnoc",
      "lat": 12.336111,
      "lng": 121.974444
    },
    {
      "cityName": "Agnonoc",
      "lat": 12.495278,
      "lng": 122.558889
    },
    {
      "cityName": "Agoho",
      "lat": 12.213611,
      "lng": 121.974167
    },
    {
      "cityName": "Agpanabat",
      "lat": 12.496944,
      "lng": 122.271111
    },
    {
      "cityName": "Agpudlos",
      "lat": 12.563056,
      "lng": 122.003611
    },
    {
      "cityName": "Agsao",
      "lat": 12.479444,
      "lng": 122.456944
    },
    {
      "cityName": "Agtipod",
      "lat": 12.552222,
      "lng": 122.095
    },
    {
      "cityName": "Agtiwa",
      "lat": 12.450556,
      "lng": 122.430833
    },
    {
      "cityName": "Agtongo",
      "lat": 12.595556,
      "lng": 122.268056
    },
    {
      "cityName": "Aguada",
      "lat": 12.650833,
      "lng": 122.109167
    },
    {
      "cityName": "Agutay",
      "lat": 12.460556,
      "lng": 122.435
    },
    {
      "cityName": "Alad",
      "lat": 12.62,
      "lng": 122.241667
    },
    {
      "cityName": "Alcantara",
      "lat": 12.266667,
      "lng": 122.05
    },
    {
      "cityName": "Alegria",
      "lat": 12.819444,
      "lng": 122.080833
    },
    {
      "cityName": "Alibagon",
      "lat": 12.351389,
      "lng": 122.676389
    },
    {
      "cityName": "Alimango",
      "lat": 12.221944,
      "lng": 122.046667
    },
    {
      "cityName": "Amatong",
      "lat": 12.360556,
      "lng": 122.046667
    },
    {
      "cityName": "Ambulong",
      "lat": 12.488611,
      "lng": 122.484167
    },
    {
      "cityName": "Anahao",
      "lat": 12.204167,
      "lng": 121.9675
    },
    {
      "cityName": "Anajao",
      "lat": 12.372222,
      "lng": 121.966389
    },
    {
      "cityName": "Anapog",
      "lat": 12.531111,
      "lng": 122.122778
    },
    {
      "cityName": "Apiag",
      "lat": 12.389444,
      "lng": 122.496389
    },
    {
      "cityName": "Aurora",
      "lat": 12.4275,
      "lng": 122.055833
    },
    {
      "cityName": "Azagra",
      "lat": 12.278611,
      "lng": 122.629167
    },
    {
      "cityName": "Bachauan",
      "lat": 12.466667,
      "lng": 122.106111
    },
    {
      "cityName": "Badajoz",
      "lat": 12.566667,
      "lng": 122.133333
    },
    {
      "cityName": "Bagacay",
      "lat": 12.575,
      "lng": 122.259722
    },
    {
      "cityName": "Bagolayoco",
      "lat": 12.4,
      "lng": 121.95
    },
    {
      "cityName": "Bagto",
      "lat": 12.236111,
      "lng": 122.023889
    },
    {
      "cityName": "Bagulayag",
      "lat": 12.395278,
      "lng": 121.951111
    },
    {
      "cityName": "Bailon",
      "lat": 12.506111,
      "lng": 122.091667
    },
    {
      "cityName": "Balanoajan",
      "lat": 12.35,
      "lng": 122.55
    },
    {
      "cityName": "Balogo",
      "lat": 12.604722,
      "lng": 122.026389
    },
    {
      "cityName": "Banece",
      "lat": 12.9225,
      "lng": 122.061667
    },
    {
      "cityName": "Bangon",
      "lat": 12.378056,
      "lng": 121.971389
    },
    {
      "cityName": "Bangquiling",
      "lat": 12.608333,
      "lng": 122.033333
    },
    {
      "cityName": "Banico",
      "lat": 12.916667,
      "lng": 122.066667
    },
    {
      "cityName": "Banlao",
      "lat": 12.304167,
      "lng": 122.075556
    },
    {
      "cityName": "Banton",
      "lat": 12.949167,
      "lng": 122.0975
    },
    {
      "cityName": "Banyaga",
      "lat": 12.618056,
      "lng": 122.248056
    },
    {
      "cityName": "Basiao",
      "lat": 12.228611,
      "lng": 122.035833
    },
    {
      "cityName": "Basiay",
      "lat": 12.455556,
      "lng": 122.466389
    },
    {
      "cityName": "Batiano",
      "lat": 12.421944,
      "lng": 121.991667
    },
    {
      "cityName": "Beinhagan",
      "lat": 12.040556,
      "lng": 121.946111
    },
    {
      "cityName": "Bennocot",
      "lat": 12.318056,
      "lng": 121.923611
    },
    {
      "cityName": "Binaya-an",
      "lat": 12.366667,
      "lng": 122.5375
    },
    {
      "cityName": "Binoñgaan",
      "lat": 12.533611,
      "lng": 122.125
    },
    {
      "cityName": "Binoor",
      "lat": 12.307778,
      "lng": 121.924722
    },
    {
      "cityName": "Binugusan",
      "lat": 12.502778,
      "lng": 122.112222
    },
    {
      "cityName": "Boac",
      "lat": 12.444167,
      "lng": 122.466667
    },
    {
      "cityName": "Boayahan",
      "lat": 12.052222,
      "lng": 121.939444
    },
    {
      "cityName": "Bonga",
      "lat": 12.441667,
      "lng": 122.104167
    },
    {
      "cityName": "Budiong",
      "lat": 12.4,
      "lng": 121.983333
    },
    {
      "cityName": "Buenavista",
      "lat": 12.092222,
      "lng": 121.931667
    },
    {
      "cityName": "Bulabug",
      "lat": 12.398889,
      "lng": 122.451389
    },
    {
      "cityName": "Bulagsong",
      "lat": 12.174722,
      "lng": 121.982778
    },
    {
      "cityName": "Bunsuran",
      "lat": 12.329722,
      "lng": 121.9425
    },
    {
      "cityName": "Busay",
      "lat": 12.077222,
      "lng": 121.951389
    },
    {
      "cityName": "Buso",
      "lat": 12.316667,
      "lng": 122.6
    },
    {
      "cityName": "Cabolotan",
      "lat": 12.601667,
      "lng": 122.124167
    },
    {
      "cityName": "Cabugaan",
      "lat": 12.665833,
      "lng": 122.235
    },
    {
      "cityName": "Cabugao",
      "lat": 12.25,
      "lng": 122
    },
    {
      "cityName": "Cabungahan",
      "lat": 12.166111,
      "lng": 122.025278
    },
    {
      "cityName": "Cagbagacay",
      "lat": 12.583333,
      "lng": 122.116667
    },
    {
      "cityName": "Cagboaya",
      "lat": 12.566667,
      "lng": 122.116667
    },
    {
      "cityName": "Cagmaya",
      "lat": 12.617222,
      "lng": 122.04
    },
    {
      "cityName": "Cahawagan",
      "lat": 12.114444,
      "lng": 122.0225
    },
    {
      "cityName": "Cajidiocan",
      "lat": 12.370556,
      "lng": 122.686667
    },
    {
      "cityName": "Cajimos",
      "lat": 12.596667,
      "lng": 122.277222
    },
    {
      "cityName": "Calabago",
      "lat": 12.523333,
      "lng": 122.323333
    },
    {
      "cityName": "Calabasag",
      "lat": 12.444167,
      "lng": 122.013056
    },
    {
      "cityName": "Calabasahan",
      "lat": 12.918333,
      "lng": 121.695
    },
    {
      "cityName": "Calagonsao",
      "lat": 12.351111,
      "lng": 122.093889
    },
    {
      "cityName": "Calangahan",
      "lat": 12.330278,
      "lng": 122.563611
    },
    {
      "cityName": "Calapi",
      "lat": 12.441667,
      "lng": 122.056667
    },
    {
      "cityName": "Calatrava",
      "lat": 12.620556,
      "lng": 122.071389
    },
    {
      "cityName": "Calisay",
      "lat": 12.631667,
      "lng": 122.0875
    },
    {
      "cityName": "Calonacon",
      "lat": 12.54,
      "lng": 122.010278
    },
    {
      "cityName": "Camanglad",
      "lat": 12.47,
      "lng": 122.622222
    },
    {
      "cityName": "Camantao",
      "lat": 12.420556,
      "lng": 122.003889
    },
    {
      "cityName": "Cambajao",
      "lat": 12.357778,
      "lng": 122.685
    },
    {
      "cityName": "Cambalo",
      "lat": 12.452222,
      "lng": 122.636944
    },
    {
      "cityName": "Cambaya",
      "lat": 12.539722,
      "lng": 122.135278
    },
    {
      "cityName": "Cambejang",
      "lat": 12.345,
      "lng": 122.681667
    },
    {
      "cityName": "Cambulayan",
      "lat": 12.404167,
      "lng": 122.693889
    },
    {
      "cityName": "Camogtong",
      "lat": 12.516667,
      "lng": 122.033333
    },
    {
      "cityName": "Campalingo",
      "lat": 12.293611,
      "lng": 122.616389
    },
    {
      "cityName": "Canayo",
      "lat": 12.157778,
      "lng": 121.978056
    },
    {
      "cityName": "Candayaga",
      "lat": 12.333056,
      "lng": 122.679722
    },
    {
      "cityName": "Canduroy",
      "lat": 12.283333,
      "lng": 122.016667
    },
    {
      "cityName": "Canduyong",
      "lat": 12.397778,
      "lng": 121.965556
    },
    {
      "cityName": "Canguac",
      "lat": 12.494444,
      "lng": 122.504722
    },
    {
      "cityName": "Cangumba",
      "lat": 12.291667,
      "lng": 122.638056
    },
    {
      "cityName": "Canjalon",
      "lat": 12.312778,
      "lng": 122.666667
    },
    {
      "cityName": "Canlapinig",
      "lat": 12.391667,
      "lng": 122.4725
    },
    {
      "cityName": "Canlatha",
      "lat": 12.462778,
      "lng": 122.0125
    },
    {
      "cityName": "Canloay",
      "lat": 12.488056,
      "lng": 122.622778
    },
    {
      "cityName": "Canlomay",
      "lat": 12.435833,
      "lng": 122.043333
    },
    {
      "cityName": "Canmasanag",
      "lat": 12.4,
      "lng": 122.5
    },
    {
      "cityName": "Canoban",
      "lat": 12.618333,
      "lng": 122.059444
    },
    {
      "cityName": "Canomiang",
      "lat": 12.593333,
      "lng": 122.134444
    },
    {
      "cityName": "Cantingas",
      "lat": 12.311111,
      "lng": 122.569167
    },
    {
      "cityName": "Capaclan",
      "lat": 12.588889,
      "lng": 122.276944
    },
    {
      "cityName": "Carman",
      "lat": 12.618611,
      "lng": 122.118056
    },
    {
      "cityName": "Casanangan",
      "lat": 12.266667,
      "lng": 122.066667
    },
    {
      "cityName": "Cataja",
      "lat": 12.468611,
      "lng": 122.519444
    },
    {
      "cityName": "Catmon",
      "lat": 12.465556,
      "lng": 122.655278
    },
    {
      "cityName": "Catolog",
      "lat": 12.174722,
      "lng": 122.023611
    },
    {
      "cityName": "Cauayan",
      "lat": 12.633333,
      "lng": 122.15
    },
    {
      "cityName": "Cobrador",
      "lat": 12.658889,
      "lng": 122.243889
    },
    {
      "cityName": "Cogon",
      "lat": 12.055833,
      "lng": 121.914444
    },
    {
      "cityName": "Colon-Colong",
      "lat": 12.783333,
      "lng": 122.05
    },
    {
      "cityName": "Concepcion",
      "lat": 12.3975,
      "lng": 122.093611
    },
    {
      "cityName": "Corcuera",
      "lat": 12.785833,
      "lng": 122.046667
    },
    {
      "cityName": "Cuimbirayan",
      "lat": 12.172222,
      "lng": 122.036667
    },
    {
      "cityName": "Culongculong",
      "lat": 12.475,
      "lng": 122.453611
    },
    {
      "cityName": "Dabdaban",
      "lat": 12.565833,
      "lng": 122.076389
    },
    {
      "cityName": "Dalajican",
      "lat": 12.929722,
      "lng": 121.726111
    },
    {
      "cityName": "Danao",
      "lat": 12.486667,
      "lng": 122.633611
    },
    {
      "cityName": "Dapauan",
      "lat": 12.406944,
      "lng": 122.027778
    },
    {
      "cityName": "Dapdap",
      "lat": 12.571667,
      "lng": 122.029444
    },
    {
      "cityName": "Daquitdaquit",
      "lat": 12.3,
      "lng": 122.633333
    },
    {
      "cityName": "Dayongdong",
      "lat": 12.661667,
      "lng": 122.130556
    },
    {
      "cityName": "Despujols",
      "lat": 12.522778,
      "lng": 122.010278
    },
    {
      "cityName": "Dobdoban",
      "lat": 12.583333,
      "lng": 122.1
    },
    {
      "cityName": "Dulangan",
      "lat": 12.459167,
      "lng": 122.498056
    },
    {
      "cityName": "Dumayay",
      "lat": 12.597778,
      "lng": 122.127778
    },
    {
      "cityName": "España",
      "lat": 12.385278,
      "lng": 122.499722
    },
    {
      "cityName": "Ferrol",
      "lat": 12.338333,
      "lng": 121.941389
    },
    {
      "cityName": "Gabauan",
      "lat": 12.4175,
      "lng": 122.013889
    },
    {
      "cityName": "Gajimos",
      "lat": 12.6,
      "lng": 122.283333
    },
    {
      "cityName": "Ginablan",
      "lat": 12.526111,
      "lng": 122.263333
    },
    {
      "cityName": "Ginagoman",
      "lat": 12.3025,
      "lng": 121.945833
    },
    {
      "cityName": "Ginhayaan",
      "lat": 12.2325,
      "lng": 122.038333
    },
    {
      "cityName": "Gobon",
      "lat": 12.803056,
      "lng": 122.064167
    },
    {
      "cityName": "Guimpasilan",
      "lat": 12.201667,
      "lng": 121.975
    },
    {
      "cityName": "Guimpingan",
      "lat": 12.620556,
      "lng": 122.287778
    },
    {
      "cityName": "Guinalas",
      "lat": 12.304722,
      "lng": 122.611667
    },
    {
      "cityName": "Guintigbasan",
      "lat": 12.173611,
      "lng": 122.055833
    },
    {
      "cityName": "Guintigueban",
      "lat": 12.808889,
      "lng": 122.031667
    },
    {
      "cityName": "Gulam",
      "lat": 12.388889,
      "lng": 122.510556
    },
    {
      "cityName": "Gutivan",
      "lat": 12.393889,
      "lng": 122.6925
    },
    {
      "cityName": "Gutosan",
      "lat": 12.290556,
      "lng": 122.621111
    },
    {
      "cityName": "Hambian",
      "lat": 12.932222,
      "lng": 122.091944
    },
    {
      "cityName": "Hieso",
      "lat": 12.544167,
      "lng": 122.031389
    },
    {
      "cityName": "Humagikhik",
      "lat": 12.549722,
      "lng": 122.131667
    },
    {
      "cityName": "Icogon",
      "lat": 12.283333,
      "lng": 122.066667
    },
    {
      "cityName": "Ilauran",
      "lat": 12.516667,
      "lng": 122.3
    },
    {
      "cityName": "Ilaya",
      "lat": 12.461667,
      "lng": 122.480278
    },
    {
      "cityName": "Ilihan",
      "lat": 12.783333,
      "lng": 122.066667
    },
    {
      "cityName": "Incodbato",
      "lat": 12.4125,
      "lng": 122.673611
    },
    {
      "cityName": "Ipil",
      "lat": 12.483889,
      "lng": 122.473333
    },
    {
      "cityName": "Jao-asan",
      "lat": 12.483333,
      "lng": 122.5
    },
    {
      "cityName": "Kinolcoban",
      "lat": 12.430833,
      "lng": 122.062222
    },
    {
      "cityName": "Lagang",
      "lat": 12.926389,
      "lng": 122.088333
    },
    {
      "cityName": "Lamao",
      "lat": 12.547222,
      "lng": 122.3175
    },
    {
      "cityName": "Libertad",
      "lat": 12.455556,
      "lng": 122.009722
    },
    {
      "cityName": "Libtong",
      "lat": 12.96,
      "lng": 122.078889
    },
    {
      "cityName": "Lico",
      "lat": 12.416111,
      "lng": 122.651389
    },
    {
      "cityName": "Ligod",
      "lat": 12.656111,
      "lng": 122.240556
    },
    {
      "cityName": "Limon",
      "lat": 12.3,
      "lng": 122.016667
    },
    {
      "cityName": "Limon Norte",
      "lat": 12.316111,
      "lng": 122.019167
    },
    {
      "cityName": "Limon Sur",
      "lat": 12.288056,
      "lng": 122.012778
    },
    {
      "cityName": "Linauan",
      "lat": 12.549722,
      "lng": 122.015278
    },
    {
      "cityName": "Lindero",
      "lat": 12.071111,
      "lng": 121.916389
    },
    {
      "cityName": "Li-o",
      "lat": 12.5825,
      "lng": 122.299722
    },
    {
      "cityName": "Loca",
      "lat": 12.583333,
      "lng": 122.283333
    },
    {
      "cityName": "Logbon",
      "lat": 12.587778,
      "lng": 122.240833
    },
    {
      "cityName": "Lonoc",
      "lat": 12.168889,
      "lng": 121.966667
    },
    {
      "cityName": "Looc",
      "lat": 12.263611,
      "lng": 121.9925
    },
    {
      "cityName": "Lujo",
      "lat": 12.516667,
      "lng": 122.1
    },
    {
      "cityName": "Lumbang",
      "lat": 12.418611,
      "lng": 122.673333
    },
    {
      "cityName": "Lunas",
      "lat": 12.283333,
      "lng": 122
    },
    {
      "cityName": "Lusong",
      "lat": 12.515278,
      "lng": 122.116389
    },
    {
      "cityName": "Luzong",
      "lat": 12.4875,
      "lng": 122.478333
    },
    {
      "cityName": "Mabini",
      "lat": 12.394167,
      "lng": 122.466111
    },
    {
      "cityName": "Mablaran",
      "lat": 12.557222,
      "lng": 122.059444
    },
    {
      "cityName": "Mabulo",
      "lat": 12.390833,
      "lng": 122.480556
    },
    {
      "cityName": "Macalas",
      "lat": 12.556944,
      "lng": 122.294444
    },
    {
      "cityName": "Madalag",
      "lat": 12.216389,
      "lng": 122.009722
    },
    {
      "cityName": "Magallanes",
      "lat": 12.490278,
      "lng": 122.5125
    },
    {
      "cityName": "Magansag",
      "lat": 12.816667,
      "lng": 122.05
    },
    {
      "cityName": "Magbagacay",
      "lat": 12.459167,
      "lng": 122.662778
    },
    {
      "cityName": "Magsopot",
      "lat": 12.339167,
      "lng": 122.086111
    },
    {
      "cityName": "Mahaba",
      "lat": 12.824722,
      "lng": 122.076389
    },
    {
      "cityName": "Mahabangbaybay",
      "lat": 12.634167,
      "lng": 122.1525
    },
    {
      "cityName": "Mahgansag",
      "lat": 12.820278,
      "lng": 122.06
    },
    {
      "cityName": "Mainit",
      "lat": 12.431389,
      "lng": 122.05
    },
    {
      "cityName": "Majaba",
      "lat": 12.937222,
      "lng": 121.724722
    },
    {
      "cityName": "Malabago",
      "lat": 12.454167,
      "lng": 122.431667
    },
    {
      "cityName": "Maliaw",
      "lat": 12.411944,
      "lng": 121.358611
    },
    {
      "cityName": "Malilico",
      "lat": 12.345556,
      "lng": 121.976667
    },
    {
      "cityName": "Malobog",
      "lat": 12.546667,
      "lng": 122.099722
    },
    {
      "cityName": "Mamayangcahoy",
      "lat": 12.566667,
      "lng": 122.066667
    },
    {
      "cityName": "Manabo",
      "lat": 12.32,
      "lng": 122.579444
    },
    {
      "cityName": "Manhae",
      "lat": 12.2075,
      "lng": 122.005
    },
    {
      "cityName": "Mantalonan",
      "lat": 12.344444,
      "lng": 122.020278
    },
    {
      "cityName": "Mapula",
      "lat": 12.534444,
      "lng": 122.262222
    },
    {
      "cityName": "Marigondon",
      "lat": 12.443056,
      "lng": 122.674167
    },
    {
      "cityName": "Marigondon Norte",
      "lat": 12.521111,
      "lng": 122.055833
    },
    {
      "cityName": "Marigondon Sur",
      "lat": 12.532778,
      "lng": 122.051667
    },
    {
      "cityName": "Masudsud",
      "lat": 12.9425,
      "lng": 121.718889
    },
    {
      "cityName": "Mate",
      "lat": 12.188611,
      "lng": 121.988056
    },
    {
      "cityName": "Matutuna",
      "lat": 12.490278,
      "lng": 122.016944
    },
    {
      "cityName": "Mayha",
      "lat": 12.383333,
      "lng": 121.983333
    },
    {
      "cityName": "Minoro",
      "lat": 12.561389,
      "lng": 122.068333
    },
    {
      "cityName": "Morales",
      "lat": 12.55,
      "lng": 122.366667
    },
    {
      "cityName": "Nabalay",
      "lat": 12.95,
      "lng": 122.083333
    },
    {
      "cityName": "Naruntan",
      "lat": 12.551944,
      "lng": 122.063333
    },
    {
      "cityName": "Nasonogan",
      "lat": 12.959444,
      "lng": 122.045833
    },
    {
      "cityName": "Nausa",
      "lat": 12.083333,
      "lng": 121.95
    },
    {
      "cityName": "Nihawan",
      "lat": 12.083056,
      "lng": 121.929722
    },
    {
      "cityName": "Nipa",
      "lat": 12.3325,
      "lng": 122.085
    },
    {
      "cityName": "Odiongan",
      "lat": 12.401667,
      "lng": 121.991944
    },
    {
      "cityName": "Otod",
      "lat": 12.3075,
      "lng": 122.658889
    },
    {
      "cityName": "Oyan",
      "lat": 12.4,
      "lng": 122.516667
    },
    {
      "cityName": "Pacul",
      "lat": 12.05,
      "lng": 121.916667
    },
    {
      "cityName": "Padir",
      "lat": 12.584167,
      "lng": 122.043056
    },
    {
      "cityName": "Pagalad",
      "lat": 12.5325,
      "lng": 122.054722
    },
    {
      "cityName": "Pagatpat",
      "lat": 12.413611,
      "lng": 122.686111
    },
    {
      "cityName": "Pagsangahan",
      "lat": 12.6025,
      "lng": 122.074444
    },
    {
      "cityName": "Palgi",
      "lat": 12.491389,
      "lng": 122.273611
    },
    {
      "cityName": "Pandan",
      "lat": 12.163056,
      "lng": 121.9825
    },
    {
      "cityName": "Panique",
      "lat": 12.479722,
      "lng": 122.015278
    },
    {
      "cityName": "Parao",
      "lat": 12.413333,
      "lng": 122.438056
    },
    {
      "cityName": "Pato-o",
      "lat": 12.430556,
      "lng": 122.064722
    },
    {
      "cityName": "Peliw",
      "lat": 12.314444,
      "lng": 122.005
    },
    {
      "cityName": "Pili",
      "lat": 12.266667,
      "lng": 122
    },
    {
      "cityName": "Pisi",
      "lat": 12.483333,
      "lng": 122.466667
    },
    {
      "cityName": "Poctoy",
      "lat": 12.416667,
      "lng": 122
    },
    {
      "cityName": "Progreso Este",
      "lat": 12.350833,
      "lng": 122.023889
    },
    {
      "cityName": "Progreso Oeste",
      "lat": 12.354722,
      "lng": 122.018056
    },
    {
      "cityName": "Punta",
      "lat": 12.240833,
      "lng": 122.0375
    },
    {
      "cityName": "Rizal",
      "lat": 12.365,
      "lng": 122.014722
    },
    {
      "cityName": "Romblon",
      "lat": 12.576111,
      "lng": 122.271111
    },
    {
      "cityName": "Sabang",
      "lat": 12.188611,
      "lng": 122.044444
    },
    {
      "cityName": "Sablayan",
      "lat": 12.495833,
      "lng": 122.317778
    },
    {
      "cityName": "Salog",
      "lat": 12.4,
      "lng": 121.971944
    },
    {
      "cityName": "Sampiton",
      "lat": 12.431389,
      "lng": 122.429167
    },
    {
      "cityName": "Sampong",
      "lat": 12.925,
      "lng": 121.700833
    },
    {
      "cityName": "San Agustin",
      "lat": 12.568889,
      "lng": 122.131389
    },
    {
      "cityName": "San Fernando",
      "lat": 12.3025,
      "lng": 122.600833
    },
    {
      "cityName": "San Roque",
      "lat": 12.523611,
      "lng": 122.118611
    },
    {
      "cityName": "Santa Fe",
      "lat": 12.156111,
      "lng": 121.995556
    },
    {
      "cityName": "Sawang",
      "lat": 12.545278,
      "lng": 122.263333
    },
    {
      "cityName": "Sibay",
      "lat": 12.951667,
      "lng": 122.088889
    },
    {
      "cityName": "Silom",
      "lat": 12.488056,
      "lng": 122.595
    },
    {
      "cityName": "Sogod",
      "lat": 12.38,
      "lng": 122.683611
    },
    {
      "cityName": "Sumabyay",
      "lat": 12.794167,
      "lng": 122.047778
    },
    {
      "cityName": "Suton",
      "lat": 12.666944,
      "lng": 122.243333
    },
    {
      "cityName": "Tabay",
      "lat": 12.361111,
      "lng": 121.972222
    },
    {
      "cityName": "Taboboan",
      "lat": 12.35,
      "lng": 121.983333
    },
    {
      "cityName": "Tabonac",
      "lat": 12.188611,
      "lng": 122.0575
    },
    {
      "cityName": "Tabugon",
      "lat": 12.129722,
      "lng": 122.016944
    },
    {
      "cityName": "Tacasan",
      "lat": 12.79,
      "lng": 122.032778
    },
    {
      "cityName": "Taclobo",
      "lat": 12.308611,
      "lng": 122.585556
    },
    {
      "cityName": "Tagbon",
      "lat": 12.913056,
      "lng": 122.078056
    },
    {
      "cityName": "Taguan",
      "lat": 12.384722,
      "lng": 122.674722
    },
    {
      "cityName": "Taguilos",
      "lat": 12.4,
      "lng": 122.666667
    },
    {
      "cityName": "Tailan",
      "lat": 12.445278,
      "lng": 122.428333
    },
    {
      "cityName": "Talaba",
      "lat": 12.358333,
      "lng": 122.545833
    },
    {
      "cityName": "Talirao",
      "lat": 12.447222,
      "lng": 122.669167
    },
    {
      "cityName": "Talisayan",
      "lat": 12.626389,
      "lng": 122.264167
    },
    {
      "cityName": "Talongon",
      "lat": 12.477778,
      "lng": 122.642778
    },
    {
      "cityName": "Tambac",
      "lat": 12.540833,
      "lng": 122.299167
    },
    {
      "cityName": "Tampayan",
      "lat": 12.479167,
      "lng": 122.521944
    },
    {
      "cityName": "Tan-agan",
      "lat": 12.507222,
      "lng": 122.012222
    },
    {
      "cityName": "Tanag",
      "lat": 12.942222,
      "lng": 122.041667
    },
    {
      "cityName": "Timbaan",
      "lat": 12.183889,
      "lng": 122.015833
    },
    {
      "cityName": "Tinapan",
      "lat": 12.047778,
      "lng": 121.921111
    },
    {
      "cityName": "Tinimbuan",
      "lat": 12.3,
      "lng": 122.65
    },
    {
      "cityName": "Tipokpok",
      "lat": 12.085278,
      "lng": 121.9225
    },
    {
      "cityName": "Tobigon",
      "lat": 12.3675,
      "lng": 121.945
    },
    {
      "cityName": "Tolay",
      "lat": 12.379444,
      "lng": 121.991667
    },
    {
      "cityName": "Tomingad",
      "lat": 12.45,
      "lng": 122.016667
    },
    {
      "cityName": "Tonagan",
      "lat": 12.5,
      "lng": 122.016667
    },
    {
      "cityName": "Tongonan",
      "lat": 12.937222,
      "lng": 122.055278
    },
    {
      "cityName": "To-o",
      "lat": 12.418611,
      "lng": 122.656111
    },
    {
      "cityName": "Trangcal",
      "lat": 12.453056,
      "lng": 122.031944
    },
    {
      "cityName": "Tubigon",
      "lat": 12.353889,
      "lng": 121.942222
    },
    {
      "cityName": "Tuburan",
      "lat": 12.614722,
      "lng": 122.051389
    },
    {
      "cityName": "Tubuyan",
      "lat": 12.431111,
      "lng": 122.663611
    },
    {
      "cityName": "Tugbungan",
      "lat": 12.966667,
      "lng": 122.083333
    },
    {
      "cityName": "Tugdan",
      "lat": 12.305,
      "lng": 122.081111
    },
    {
      "cityName": "Tumalum",
      "lat": 12.917778,
      "lng": 122.078611
    },
    {
      "cityName": "Tumingod",
      "lat": 12.433333,
      "lng": 122
    },
    {
      "cityName": "Victorias",
      "lat": 12.490556,
      "lng": 122.062778
    },
    {
      "cityName": "Wala",
      "lat": 12.406111,
      "lng": 122.660833
    }
  ]
}