{
  "name": "Karnataka",
  "cities": [
    {
      "cityName": "Abbigeri",
      "lat": 15.583333,
      "lng": 75.766667
    },
    {
      "cityName": "Abersa",
      "lat": 14.733333,
      "lng": 74.3
    },
    {
      "cityName": "Adgal",
      "lat": 16.433333,
      "lng": 74.85
    },
    {
      "cityName": "Adki",
      "lat": 17.116667,
      "lng": 77.366667
    },
    {
      "cityName": "Adur",
      "lat": 14.766667,
      "lng": 75.25
    },
    {
      "cityName": "Afzalpur",
      "lat": 17.2,
      "lng": 76.35
    },
    {
      "cityName": "Agarkhed",
      "lat": 17.316667,
      "lng": 76.066667
    },
    {
      "cityName": "Agasnal",
      "lat": 17.05,
      "lng": 75.783333
    },
    {
      "cityName": "Agni",
      "lat": 16.566667,
      "lng": 76.466667
    },
    {
      "cityName": "Agsur",
      "lat": 14.666667,
      "lng": 74.4
    },
    {
      "cityName": "Aiball",
      "lat": 16,
      "lng": 75.883333
    },
    {
      "cityName": "Aichanahalli",
      "lat": 12.75,
      "lng": 76.233333
    },
    {
      "cityName": "Aigale",
      "lat": 16.75,
      "lng": 75.233333
    },
    {
      "cityName": "Ainapur",
      "lat": 16.666667,
      "lng": 74.9
    },
    {
      "cityName": "Aivarkhandpur",
      "lat": 13.137222,
      "lng": 77.492222
    },
    {
      "cityName": "Ajjampur",
      "lat": 13.728056,
      "lng": 76.009444
    },
    {
      "cityName": "Akkihebbal",
      "lat": 12.608889,
      "lng": 76.399444
    },
    {
      "cityName": "Aland",
      "lat": 17.566667,
      "lng": 76.566667
    },
    {
      "cityName": "Alandi",
      "lat": 18.133333,
      "lng": 77.233333
    },
    {
      "cityName": "Aldur",
      "lat": 13.25,
      "lng": 75.666667
    },
    {
      "cityName": "Algur",
      "lat": 16.7,
      "lng": 76.35
    },
    {
      "cityName": "Alikhen",
      "lat": 17.85,
      "lng": 77.266667
    },
    {
      "cityName": "Almati",
      "lat": 16.35,
      "lng": 75.9
    },
    {
      "cityName": "Almel",
      "lat": 17.1,
      "lng": 76.216667
    },
    {
      "cityName": "Alnavar",
      "lat": 15.433333,
      "lng": 74.733333
    },
    {
      "cityName": "Alur",
      "lat": 12.983333,
      "lng": 75.983333
    },
    {
      "cityName": "Amargol",
      "lat": 15.416667,
      "lng": 75.116667
    },
    {
      "cityName": "Ambalga",
      "lat": 17.616667,
      "lng": 76.9
    },
    {
      "cityName": "Ambaligolla",
      "lat": 14.2,
      "lng": 75.283333
    },
    {
      "cityName": "Aminbhavi",
      "lat": 15.55,
      "lng": 75.066667
    },
    {
      "cityName": "Amingad",
      "lat": 16.066667,
      "lng": 75.95
    },
    {
      "cityName": "Ammatti",
      "lat": 12.25,
      "lng": 75.85
    },
    {
      "cityName": "Ammenalli",
      "lat": 14.55,
      "lng": 74.716667
    },
    {
      "cityName": "Amrutur",
      "lat": 12.916111,
      "lng": 76.933056
    },
    {
      "cityName": "Anagodu",
      "lat": 14.4,
      "lng": 76.05
    },
    {
      "cityName": "Anaji",
      "lat": 14.483333,
      "lng": 76.1
    },
    {
      "cityName": "Anandapuram",
      "lat": 14.083333,
      "lng": 75.2
    },
    {
      "cityName": "Anavatti",
      "lat": 14.566667,
      "lng": 75.166667
    },
    {
      "cityName": "Andola",
      "lat": 16.95,
      "lng": 76.833333
    },
    {
      "cityName": "Andur",
      "lat": 17.9,
      "lng": 77.416667
    },
    {
      "cityName": "Anechaukur",
      "lat": 12.25,
      "lng": 76.083333
    },
    {
      "cityName": "Anehosur",
      "lat": 16.15,
      "lng": 76.383333
    },
    {
      "cityName": "Anekal",
      "lat": 12.7,
      "lng": 77.7
    },
    {
      "cityName": "Anjanapura",
      "lat": 14.166667,
      "lng": 75.366667
    },
    {
      "cityName": "Ankalgi",
      "lat": 16.033333,
      "lng": 74.7
    },
    {
      "cityName": "Ankasandra",
      "lat": 13.545833,
      "lng": 76.886667
    },
    {
      "cityName": "Ankli",
      "lat": 16.55,
      "lng": 74.666667
    },
    {
      "cityName": "Ankola",
      "lat": 14.666667,
      "lng": 74.3
    },
    {
      "cityName": "Annigeri",
      "lat": 15.433333,
      "lng": 75.433333
    },
    {
      "cityName": "Anshi",
      "lat": 14.983333,
      "lng": 74.366667
    },
    {
      "cityName": "Antarasante",
      "lat": 12.0175,
      "lng": 76.299722
    },
    {
      "cityName": "Arakeri",
      "lat": 16.916667,
      "lng": 75.7
    },
    {
      "cityName": "Aralagodu",
      "lat": 14.15,
      "lng": 74.816667
    },
    {
      "cityName": "Aralgundgi",
      "lat": 16.933333,
      "lng": 76.5
    },
    {
      "cityName": "Arasalu",
      "lat": 14,
      "lng": 75.3
    },
    {
      "cityName": "Arasikeri",
      "lat": 14.666667,
      "lng": 76.083333
    },
    {
      "cityName": "Arasinagundi",
      "lat": 13.719167,
      "lng": 76.555556
    },
    {
      "cityName": "Arehalli",
      "lat": 13.05,
      "lng": 75.833333
    },
    {
      "cityName": "Arkalgud",
      "lat": 12.765,
      "lng": 76.056944
    },
    {
      "cityName": "Arker",
      "lat": 16.283333,
      "lng": 76.95
    },
    {
      "cityName": "Arsikere",
      "lat": 13.313889,
      "lng": 76.256111
    },
    {
      "cityName": "Asandi",
      "lat": 13.712778,
      "lng": 76.099167
    },
    {
      "cityName": "Atgulipura",
      "lat": 11.833333,
      "lng": 77
    },
    {
      "cityName": "Atharga",
      "lat": 16.983333,
      "lng": 75.9
    },
    {
      "cityName": "Athni",
      "lat": 16.733333,
      "lng": 75.066667
    },
    {
      "cityName": "Atnur",
      "lat": 17.233333,
      "lng": 76.483333
    },
    {
      "cityName": "Attibele",
      "lat": 12.766667,
      "lng": 77.783333
    },
    {
      "cityName": "Attigundi",
      "lat": 13.433333,
      "lng": 75.75
    },
    {
      "cityName": "Aurad",
      "lat": 18.25,
      "lng": 77.433333
    },
    {
      "cityName": "Aurad Buzurg",
      "lat": 17.45,
      "lng": 76.883333
    },
    {
      "cityName": "Aurvad",
      "lat": 16.316667,
      "lng": 75.116667
    },
    {
      "cityName": "Avalhalli",
      "lat": 13.033333,
      "lng": 77.75
    },
    {
      "cityName": "Avarkhod",
      "lat": 16.616667,
      "lng": 75.033333
    },
    {
      "cityName": "Avati",
      "lat": 13.318056,
      "lng": 77.721389
    },
    {
      "cityName": "Avinahalli",
      "lat": 14.083333,
      "lng": 75.016667
    },
    {
      "cityName": "Ayanur",
      "lat": 14.016667,
      "lng": 75.433333
    },
    {
      "cityName": "Aymangala",
      "lat": 14.083333,
      "lng": 76.533333
    },
    {
      "cityName": "Bableshvar",
      "lat": 16.666667,
      "lng": 75.566667
    },
    {
      "cityName": "Badami",
      "lat": 15.916667,
      "lng": 75.683333
    },
    {
      "cityName": "Badavanahalli",
      "lat": 13.681111,
      "lng": 77.065833
    },
    {
      "cityName": "Badchi",
      "lat": 16.733333,
      "lng": 75.15
    },
    {
      "cityName": "Bagadi",
      "lat": 13.15,
      "lng": 76.216667
    },
    {
      "cityName": "Bagalkot",
      "lat": 16.183333,
      "lng": 75.7
    },
    {
      "cityName": "Bagalwad",
      "lat": 16.05,
      "lng": 76.883333
    },
    {
      "cityName": "Bagepalli",
      "lat": 13.784722,
      "lng": 77.793056
    },
    {
      "cityName": "Bageshapura",
      "lat": 13.156111,
      "lng": 76.218889
    },
    {
      "cityName": "Bagevadi",
      "lat": 15.783333,
      "lng": 74.65
    },
    {
      "cityName": "Bagur",
      "lat": 13,
      "lng": 76.366667
    },
    {
      "cityName": "Bail Hongal",
      "lat": 15.816667,
      "lng": 74.866667
    },
    {
      "cityName": "Bailur",
      "lat": 11.816667,
      "lng": 77.266667
    },
    {
      "cityName": "Baindur",
      "lat": 13.866667,
      "lng": 74.633333
    },
    {
      "cityName": "Bairapur",
      "lat": 13.216667,
      "lng": 77.516667
    },
    {
      "cityName": "Baiyyappanahalli",
      "lat": 13.066667,
      "lng": 77.716667
    },
    {
      "cityName": "Balabonnur",
      "lat": 13.35,
      "lng": 75.466667
    },
    {
      "cityName": "Balatgi",
      "lat": 16.083333,
      "lng": 76.933333
    },
    {
      "cityName": "Balganur",
      "lat": 15.966667,
      "lng": 76.75
    },
    {
      "cityName": "Ballari",
      "lat": 15.15,
      "lng": 76.933333
    },
    {
      "cityName": "Ballavi",
      "lat": 13.418333,
      "lng": 77.026944
    },
    {
      "cityName": "Ballur",
      "lat": 16.4,
      "lng": 75.566667
    },
    {
      "cityName": "Balurgi",
      "lat": 17.283333,
      "lng": 76.366667
    },
    {
      "cityName": "Balwad",
      "lat": 16.65,
      "lng": 75.183333
    },
    {
      "cityName": "Bamanhalli",
      "lat": 14.883333,
      "lng": 75.15
    },
    {
      "cityName": "Banasandara",
      "lat": 13.261111,
      "lng": 76.655833
    },
    {
      "cityName": "Banavara",
      "lat": 13.413611,
      "lng": 76.168333
    },
    {
      "cityName": "Banavasi",
      "lat": 14.55,
      "lng": 75.016667
    },
    {
      "cityName": "Bandahalli",
      "lat": 12.166667,
      "lng": 77.35
    },
    {
      "cityName": "Bandanwada",
      "lat": 17.166667,
      "lng": 76.583333
    },
    {
      "cityName": "Bandarlapalli",
      "lat": 13.85,
      "lng": 78
    },
    {
      "cityName": "Bandebamli",
      "lat": 16.483333,
      "lng": 77.166667
    },
    {
      "cityName": "Bandipur",
      "lat": 11.666667,
      "lng": 76.633333
    },
    {
      "cityName": "Bandri",
      "lat": 14.983333,
      "lng": 76.466667
    },
    {
      "cityName": "Bangalore",
      "lat": 12.983333,
      "lng": 77.583333
    },
    {
      "cityName": "Bangarapet",
      "lat": 12.966667,
      "lng": 78.2
    },
    {
      "cityName": "Banhatti",
      "lat": 16.483333,
      "lng": 75.133333
    },
    {
      "cityName": "Bankapur",
      "lat": 14.916667,
      "lng": 75.266667
    },
    {
      "cityName": "Bannigere",
      "lat": 12.75,
      "lng": 77.433333
    },
    {
      "cityName": "Bannikop",
      "lat": 15.1,
      "lng": 75.716667
    },
    {
      "cityName": "Bannikoppa",
      "lat": 15.416667,
      "lng": 75.95
    },
    {
      "cityName": "Bannur",
      "lat": 12.330833,
      "lng": 76.863056
    },
    {
      "cityName": "Bantval",
      "lat": 12.9,
      "lng": 75.033333
    },
    {
      "cityName": "Bargur",
      "lat": 13.942778,
      "lng": 76.989167
    },
    {
      "cityName": "Barkur",
      "lat": 13.466667,
      "lng": 74.75
    },
    {
      "cityName": "Basaralu",
      "lat": 12.706389,
      "lng": 76.817222
    },
    {
      "cityName": "Basavakalyan",
      "lat": 17.866667,
      "lng": 76.95
    },
    {
      "cityName": "Basavana Bagevadi",
      "lat": 16.583333,
      "lng": 75.966667
    },
    {
      "cityName": "Basavapatna",
      "lat": 12.613611,
      "lng": 76.125278
    },
    {
      "cityName": "Basrur",
      "lat": 13.633333,
      "lng": 74.733333
    },
    {
      "cityName": "Batakurki",
      "lat": 16.066667,
      "lng": 75.366667
    },
    {
      "cityName": "Begur",
      "lat": 11.916667,
      "lng": 76.3
    },
    {
      "cityName": "Behwoor",
      "lat": 16.2,
      "lng": 75.883333
    },
    {
      "cityName": "Bekkattur",
      "lat": 11.983333,
      "lng": 77.266667
    },
    {
      "cityName": "Belagaavi",
      "lat": 15.866667,
      "lng": 74.5
    },
    {
      "cityName": "Belagave",
      "lat": 14.416667,
      "lng": 75.233333
    },
    {
      "cityName": "Belagula",
      "lat": 12.384722,
      "lng": 76.590278
    },
    {
      "cityName": "Belagur",
      "lat": 13.633333,
      "lng": 76.283333
    },
    {
      "cityName": "Belavaniki",
      "lat": 15.683333,
      "lng": 75.566667
    },
    {
      "cityName": "Beldara",
      "lat": 13.454722,
      "lng": 77.168611
    },
    {
      "cityName": "Belekeri",
      "lat": 14.7,
      "lng": 74.266667
    },
    {
      "cityName": "Belganur",
      "lat": 15.6,
      "lng": 75.6
    },
    {
      "cityName": "Belgod",
      "lat": 12.983333,
      "lng": 75.866667
    },
    {
      "cityName": "Belhalli",
      "lat": 17.883333,
      "lng": 77.316667
    },
    {
      "cityName": "Belhatti",
      "lat": 15.083333,
      "lng": 75.65
    },
    {
      "cityName": "Belkunti",
      "lat": 16.35,
      "lng": 76.483333
    },
    {
      "cityName": "Bellara",
      "lat": 13.616667,
      "lng": 76.666667
    },
    {
      "cityName": "Bellare",
      "lat": 12.666667,
      "lng": 75.366667
    },
    {
      "cityName": "Bellur",
      "lat": 12.991111,
      "lng": 76.744444
    },
    {
      "cityName": "Belmannu",
      "lat": 13.166667,
      "lng": 74.866667
    },
    {
      "cityName": "Beltangadi",
      "lat": 13.983333,
      "lng": 75.3
    },
    {
      "cityName": "Belura",
      "lat": 17.966667,
      "lng": 76.966667
    },
    {
      "cityName": "Belur",
      "lat": 13.166667,
      "lng": 75.866667
    },
    {
      "cityName": "Betgeri",
      "lat": 15.616667,
      "lng": 75
    },
    {
      "cityName": "Bethamangala",
      "lat": 13.016667,
      "lng": 78.333333
    },
    {
      "cityName": "Betigeri",
      "lat": 15.45,
      "lng": 75.666667
    },
    {
      "cityName": "Bettadapur",
      "lat": 12.473333,
      "lng": 76.1025
    },
    {
      "cityName": "Bhadravati",
      "lat": 13.866667,
      "lng": 75.716667
    },
    {
      "cityName": "Bhagamandala",
      "lat": 12.4,
      "lng": 75.533333
    },
    {
      "cityName": "Bhagvati",
      "lat": 15.15,
      "lng": 74.766667
    },
    {
      "cityName": "Bhairapur",
      "lat": 16.416667,
      "lng": 76.583333
    },
    {
      "cityName": "Bhairsandra",
      "lat": 12.933333,
      "lng": 77.6
    },
    {
      "cityName": "Bhalki",
      "lat": 18.033333,
      "lng": 77.216667
    },
    {
      "cityName": "Bharmasagara",
      "lat": 14.366667,
      "lng": 76.183333
    },
    {
      "cityName": "Bhartnalli",
      "lat": 14.8,
      "lng": 74.866667
    },
    {
      "cityName": "Bhatamra",
      "lat": 18.066667,
      "lng": 77.166667
    },
    {
      "cityName": "Bhatkal",
      "lat": 13.966667,
      "lng": 74.566667
    },
    {
      "cityName": "Bherya",
      "lat": 12.586667,
      "lng": 76.351389
    },
    {
      "cityName": "Bhimanahalli",
      "lat": 12.201944,
      "lng": 76.287222
    },
    {
      "cityName": "Bhoj",
      "lat": 16.533333,
      "lng": 74.45
    },
    {
      "cityName": "Bhuyar",
      "lat": 17.25,
      "lng": 76.066667
    },
    {
      "cityName": "Bidadi",
      "lat": 12.816667,
      "lng": 77.4
    },
    {
      "cityName": "Bidar",
      "lat": 17.9,
      "lng": 77.55
    },
    {
      "cityName": "Bidare",
      "lat": 13.9,
      "lng": 75.633333
    },
    {
      "cityName": "Bidi",
      "lat": 15.566667,
      "lng": 74.666667
    },
    {
      "cityName": "Bijapur",
      "lat": 16.833333,
      "lng": 75.7
    },
    {
      "cityName": "Bijargi",
      "lat": 16.9,
      "lng": 75.45
    },
    {
      "cityName": "Bilchod",
      "lat": 14.5,
      "lng": 76.166667
    },
    {
      "cityName": "Bilg",
      "lat": 16.35,
      "lng": 75.616667
    },
    {
      "cityName": "Bilikere",
      "lat": 12.348056,
      "lng": 76.428611
    },
    {
      "cityName": "Bindigaravale",
      "lat": 12.887778,
      "lng": 76.553611
    },
    {
      "cityName": "Binge",
      "lat": 14.783333,
      "lng": 74.116667
    },
    {
      "cityName": "Birur",
      "lat": 13.616667,
      "lng": 75.966667
    },
    {
      "cityName": "Bodhan",
      "lat": 17.566667,
      "lng": 76.766667
    },
    {
      "cityName": "Bommagondanakere",
      "lat": 14.6,
      "lng": 76.683333
    },
    {
      "cityName": "Budihal",
      "lat": 13.623333,
      "lng": 76.417222
    },
    {
      "cityName": "Budikote",
      "lat": 12.9,
      "lng": 78.133333
    },
    {
      "cityName": "Budinni",
      "lat": 16.2,
      "lng": 76.8
    },
    {
      "cityName": "Budnur",
      "lat": 16.066667,
      "lng": 75.233333
    },
    {
      "cityName": "Bukkapatna",
      "lat": 13.648333,
      "lng": 76.753889
    },
    {
      "cityName": "Buradagunte",
      "lat": 13.583333,
      "lng": 78.033333
    },
    {
      "cityName": "Byadgi",
      "lat": 14.683333,
      "lng": 75.483333
    },
    {
      "cityName": "Castle Rock",
      "lat": 15.416667,
      "lng": 74.333333
    },
    {
      "cityName": "Chadchan",
      "lat": 17.35,
      "lng": 75.666667
    },
    {
      "cityName": "Chakavel",
      "lat": 13.816667,
      "lng": 78.1
    },
    {
      "cityName": "Challakere",
      "lat": 14.316667,
      "lng": 76.65
    },
    {
      "cityName": "Chamrajnagar",
      "lat": 11.916667,
      "lng": 76.95
    },
    {
      "cityName": "Chamundi",
      "lat": 12.266667,
      "lng": 76.683333
    },
    {
      "cityName": "Chandankheri",
      "lat": 17.516667,
      "lng": 77.183333
    },
    {
      "cityName": "Chandargi",
      "lat": 16.033333,
      "lng": 75.15
    },
    {
      "cityName": "Chandarpalli",
      "lat": 17.533333,
      "lng": 77.466667
    },
    {
      "cityName": "Chandisurhal",
      "lat": 16.466667,
      "lng": 76.833333
    },
    {
      "cityName": "Chandragutti",
      "lat": 14.433333,
      "lng": 74.966667
    },
    {
      "cityName": "Channagiri",
      "lat": 14.033333,
      "lng": 75.933333
    },
    {
      "cityName": "Channapatan",
      "lat": 12.65,
      "lng": 77.216667
    },
    {
      "cityName": "Channarayapatna",
      "lat": 12.904444,
      "lng": 76.391667
    },
    {
      "cityName": "Charmadi",
      "lat": 13.05,
      "lng": 75.4
    },
    {
      "cityName": "Chattanahalli",
      "lat": 12.2,
      "lng": 76.566667
    },
    {
      "cityName": "Chegunta",
      "lat": 16.483333,
      "lng": 77.3
    },
    {
      "cityName": "Chelur",
      "lat": 13.443333,
      "lng": 76.905
    },
    {
      "cityName": "Chendia",
      "lat": 14.766667,
      "lng": 74.166667
    },
    {
      "cityName": "Chickmagalur",
      "lat": 13.316667,
      "lng": 75.783333
    },
    {
      "cityName": "Chigarhalli",
      "lat": 16.9,
      "lng": 76.783333
    },
    {
      "cityName": "Chigateri",
      "lat": 14.816667,
      "lng": 76.1
    },
    {
      "cityName": "Chik Ballapur",
      "lat": 13.434167,
      "lng": 77.724167
    },
    {
      "cityName": "Chik Banavar",
      "lat": 13.091944,
      "lng": 77.492222
    },
    {
      "cityName": "Chikjajur",
      "lat": 14.133333,
      "lng": 76.15
    },
    {
      "cityName": "Chikkerur",
      "lat": 14.533333,
      "lng": 75.3
    },
    {
      "cityName": "Chiknayakanhalli",
      "lat": 13.417222,
      "lng": 76.622778
    },
    {
      "cityName": "Chikodi",
      "lat": 16.433333,
      "lng": 74.6
    },
    {
      "cityName": "Chilakanahatti",
      "lat": 15.083333,
      "lng": 76.35
    },
    {
      "cityName": "Chillargi",
      "lat": 17.983333,
      "lng": 77.633333
    },
    {
      "cityName": "Chillur",
      "lat": 14.1,
      "lng": 75.65
    },
    {
      "cityName": "Chimalgi",
      "lat": 16.35,
      "lng": 75.866667
    },
    {
      "cityName": "Chinchali",
      "lat": 16.55,
      "lng": 74.816667
    },
    {
      "cityName": "Chincholi",
      "lat": 17.466667,
      "lng": 77.433333
    },
    {
      "cityName": "Chinkurali",
      "lat": 12.537778,
      "lng": 76.600556
    },
    {
      "cityName": "Chinna Taki",
      "lat": 18.233333,
      "lng": 77.566667
    },
    {
      "cityName": "Chintalpalli",
      "lat": 16.8,
      "lng": 77.333333
    },
    {
      "cityName": "Chintamani",
      "lat": 13.4,
      "lng": 78.066667
    },
    {
      "cityName": "Chitakul",
      "lat": 14.866667,
      "lng": 74.133333
    },
    {
      "cityName": "Chitaldroog",
      "lat": 14.233333,
      "lng": 76.4
    },
    {
      "cityName": "Chitapur",
      "lat": 17.116667,
      "lng": 77.083333
    },
    {
      "cityName": "Chittadi",
      "lat": 13.75,
      "lng": 74.65
    },
    {
      "cityName": "Chittanahalli",
      "lat": 13.149722,
      "lng": 76.878611
    },
    {
      "cityName": "Chunchanakatte",
      "lat": 12.5,
      "lng": 76.3
    },
    {
      "cityName": "Closepet",
      "lat": 12.716667,
      "lng": 77.3
    },
    {
      "cityName": "Collegal",
      "lat": 12.15,
      "lng": 77.116667
    },
    {
      "cityName": "Coompta",
      "lat": 14.416667,
      "lng": 74.4
    },
    {
      "cityName": "Coondapoor",
      "lat": 13.633333,
      "lng": 74.7
    },
    {
      "cityName": "Dalasanur",
      "lat": 13.283333,
      "lng": 78.166667
    },
    {
      "cityName": "Dambal",
      "lat": 15.3,
      "lng": 75.766667
    },
    {
      "cityName": "Dandeli",
      "lat": 15.266667,
      "lng": 74.616667
    },
    {
      "cityName": "Dandiganahalli",
      "lat": 12.9775,
      "lng": 76.279167
    },
    {
      "cityName": "Dandoti",
      "lat": 17.183333,
      "lng": 77.1
    },
    {
      "cityName": "Daroji",
      "lat": 15.233333,
      "lng": 76.7
    },
    {
      "cityName": "Darur",
      "lat": 16.616667,
      "lng": 75.016667
    },
    {
      "cityName": "Darwar",
      "lat": 15.466667,
      "lng": 75.016667
    },
    {
      "cityName": "Davangere",
      "lat": 14.466667,
      "lng": 75.916667
    },
    {
      "cityName": "Deodrug",
      "lat": 16.433333,
      "lng": 76.916667
    },
    {
      "cityName": "Devalapura",
      "lat": 12.813333,
      "lng": 76.866667
    },
    {
      "cityName": "Devanhalli",
      "lat": 13.2325,
      "lng": 77.699167
    },
    {
      "cityName": "Devannur",
      "lat": 13.428056,
      "lng": 76.0975
    },
    {
      "cityName": "Devapur",
      "lat": 16.433333,
      "lng": 76.716667
    },
    {
      "cityName": "Devaraipatna",
      "lat": 13.333333,
      "lng": 77.15
    },
    {
      "cityName": "Devarayi",
      "lat": 15.45,
      "lng": 74.566667
    },
    {
      "cityName": "Devarsugur",
      "lat": 16.366667,
      "lng": 77.366667
    },
    {
      "cityName": "Devikop",
      "lat": 15.133333,
      "lng": 74.933333
    },
    {
      "cityName": "Devimane",
      "lat": 14.533333,
      "lng": 74.566667
    },
    {
      "cityName": "Dewatkal",
      "lat": 16.283333,
      "lng": 76.833333
    },
    {
      "cityName": "Dhanasari Bidar",
      "lat": 17.65,
      "lng": 77.466667
    },
    {
      "cityName": "Dharmapura",
      "lat": 14.066667,
      "lng": 76.866667
    },
    {
      "cityName": "Dharmastala",
      "lat": 12.95,
      "lng": 75.383333
    },
    {
      "cityName": "Dhavalgi",
      "lat": 16.45,
      "lng": 76.116667
    },
    {
      "cityName": "Dhotargaon",
      "lat": 17.45,
      "lng": 76.6
    },
    {
      "cityName": "Dhumvad",
      "lat": 15.316667,
      "lng": 75.016667
    },
    {
      "cityName": "Dhundshi",
      "lat": 15.033333,
      "lng": 75.133333
    },
    {
      "cityName": "Digaon",
      "lat": 17.083333,
      "lng": 77.15
    },
    {
      "cityName": "Dobbspet",
      "lat": 13.229722,
      "lng": 77.239167
    },
    {
      "cityName": "Dod Ballapur",
      "lat": 13.291944,
      "lng": 77.543056
    },
    {
      "cityName": "Dodbelvangala",
      "lat": 13.2875,
      "lng": 77.419444
    },
    {
      "cityName": "Dodda Gaudanakoppal",
      "lat": 12.583333,
      "lng": 76.65
    },
    {
      "cityName": "Doddaguni",
      "lat": 13.332778,
      "lng": 76.753056
    },
    {
      "cityName": "Doddainagge",
      "lat": 12.690833,
      "lng": 76.084167
    },
    {
      "cityName": "Dodda Kanya",
      "lat": 12.166667,
      "lng": 76.633333
    },
    {
      "cityName": "Dodda Katur",
      "lat": 12.166667,
      "lng": 76.6
    },
    {
      "cityName": "Dodda Siddavvanahalli",
      "lat": 14.2,
      "lng": 76.466667
    },
    {
      "cityName": "Dodderi",
      "lat": 14.3,
      "lng": 76.716667
    },
    {
      "cityName": "Dodvad",
      "lat": 15.683333,
      "lng": 74.966667
    },
    {
      "cityName": "Dotihal",
      "lat": 15.866667,
      "lng": 76.233333
    },
    {
      "cityName": "Dudda",
      "lat": 13.084444,
      "lng": 76.210556
    },
    {
      "cityName": "Durgadahalli",
      "lat": 13.366667,
      "lng": 77.2
    },
    {
      "cityName": "Dwaranhalli",
      "lat": 16.733333,
      "lng": 76.916667
    },
    {
      "cityName": "Edlapur",
      "lat": 16.366667,
      "lng": 77.333333
    },
    {
      "cityName": "Eksambe",
      "lat": 16.533333,
      "lng": 74.6
    },
    {
      "cityName": "Elivala",
      "lat": 12.359167,
      "lng": 76.533333
    },
    {
      "cityName": "Elladakere",
      "lat": 13.783056,
      "lng": 76.5725
    },
    {
      "cityName": "Eraballi",
      "lat": 14.1,
      "lng": 76.65
    },
    {
      "cityName": "Eruru",
      "lat": 15.5,
      "lng": 76.516667
    },
    {
      "cityName": "Firozabad",
      "lat": 17.083333,
      "lng": 76.8
    },
    {
      "cityName": "Fraserpet",
      "lat": 12.466667,
      "lng": 75.966667
    },
    {
      "cityName": "French Rocks",
      "lat": 12.500556,
      "lng": 76.673333
    },
    {
      "cityName": "Gabsavalgi",
      "lat": 16.966667,
      "lng": 76.333333
    },
    {
      "cityName": "Gabur",
      "lat": 16.316667,
      "lng": 77.15
    },
    {
      "cityName": "Gadag",
      "lat": 15.416667,
      "lng": 75.616667
    },
    {
      "cityName": "Gaddige",
      "lat": 12.193889,
      "lng": 76.371667
    },
    {
      "cityName": "Gadiganuru",
      "lat": 15.233333,
      "lng": 76.6
    },
    {
      "cityName": "Gadigarpalya",
      "lat": 13.216667,
      "lng": 77.433333
    },
    {
      "cityName": "Gadlegaon",
      "lat": 17.683333,
      "lng": 76.85
    },
    {
      "cityName": "Gajendragad",
      "lat": 15.733333,
      "lng": 75.983333
    },
    {
      "cityName": "Galag",
      "lat": 16.266667,
      "lng": 76.833333
    },
    {
      "cityName": "Galatga",
      "lat": 16.483333,
      "lng": 74.466667
    },
    {
      "cityName": "Gandasi",
      "lat": 13.153056,
      "lng": 76.306667
    },
    {
      "cityName": "Ganekal",
      "lat": 16.233333,
      "lng": 77.116667
    },
    {
      "cityName": "Gangavati",
      "lat": 15.433333,
      "lng": 76.533333
    },
    {
      "cityName": "Gangolli",
      "lat": 13.65,
      "lng": 74.666667
    },
    {
      "cityName": "Ganjigunti",
      "lat": 13.483333,
      "lng": 77.983333
    },
    {
      "cityName": "Garag",
      "lat": 15.583333,
      "lng": 74.95
    },
    {
      "cityName": "Gauibidanur",
      "lat": 13.611111,
      "lng": 77.516667
    },
    {
      "cityName": "Gavunipalli",
      "lat": 13.5,
      "lng": 78.233333
    },
    {
      "cityName": "Gendehalli",
      "lat": 13.183333,
      "lng": 75.75
    },
    {
      "cityName": "Gersoppa",
      "lat": 14.25,
      "lng": 74.65
    },
    {
      "cityName": "Ghataparti",
      "lat": 14.483333,
      "lng": 76.766667
    },
    {
      "cityName": "Ghat Borul",
      "lat": 17.9,
      "lng": 77.1
    },
    {
      "cityName": "Ginigera",
      "lat": 15.35,
      "lng": 76.25
    },
    {
      "cityName": "Girijapara",
      "lat": 13.683333,
      "lng": 76.05
    },
    {
      "cityName": "Gobur",
      "lat": 17.266667,
      "lng": 76.633333
    },
    {
      "cityName": "Gokak",
      "lat": 16.166667,
      "lng": 74.833333
    },
    {
      "cityName": "Gokarn",
      "lat": 14.55,
      "lng": 74.316667
    },
    {
      "cityName": "Golgeri",
      "lat": 16.8,
      "lng": 76.35
    },
    {
      "cityName": "Golhalli",
      "lat": 13.166667,
      "lng": 77.4
    },
    {
      "cityName": "Golikatte",
      "lat": 13.6,
      "lng": 74.866667
    },
    {
      "cityName": "Golitattu",
      "lat": 12.833333,
      "lng": 75.366667
    },
    {
      "cityName": "Gonebidu",
      "lat": 13.1,
      "lng": 75.7
    },
    {
      "cityName": "Gopalpur",
      "lat": 16.75,
      "lng": 77.3
    },
    {
      "cityName": "Gopinattam",
      "lat": 12.066667,
      "lng": 77.716667
    },
    {
      "cityName": "Gorur",
      "lat": 12.819444,
      "lng": 76.071667
    },
    {
      "cityName": "Gote",
      "lat": 16.716667,
      "lng": 75.433333
    },
    {
      "cityName": "Govindadoddi",
      "lat": 16.033333,
      "lng": 77.066667
    },
    {
      "cityName": "Grama",
      "lat": 12.981667,
      "lng": 76.217778
    },
    {
      "cityName": "Gubbi",
      "lat": 13.310556,
      "lng": 76.944444
    },
    {
      "cityName": "Gudekota",
      "lat": 14.833333,
      "lng": 76.633333
    },
    {
      "cityName": "Gudemaranhalli",
      "lat": 13.051389,
      "lng": 77.262778
    },
    {
      "cityName": "Gudgeri",
      "lat": 15.133333,
      "lng": 75.366667
    },
    {
      "cityName": "Gudibanda",
      "lat": 13.669444,
      "lng": 77.698333
    },
    {
      "cityName": "Gudipalle",
      "lat": 12.783333,
      "lng": 78.25
    },
    {
      "cityName": "Gudur",
      "lat": 15.933333,
      "lng": 75.916667
    },
    {
      "cityName": "Gugi",
      "lat": 16.733333,
      "lng": 76.75
    },
    {
      "cityName": "Gugvad",
      "lat": 16.883333,
      "lng": 75.15
    },
    {
      "cityName": "Gulbal",
      "lat": 16.4,
      "lng": 75.466667
    },
    {
      "cityName": "Gulbarga",
      "lat": 17.333333,
      "lng": 76.833333
    },
    {
      "cityName": "Guledagudda",
      "lat": 16.05,
      "lng": 75.8
    },
    {
      "cityName": "Gulur",
      "lat": 13.298611,
      "lng": 77.089444
    },
    {
      "cityName": "Gundal",
      "lat": 16.55,
      "lng": 75.5
    },
    {
      "cityName": "Gundalpet",
      "lat": 11.8,
      "lng": 76.683333
    },
    {
      "cityName": "Gundevadi",
      "lat": 16.816667,
      "lng": 75.1
    },
    {
      "cityName": "Gunjavan",
      "lat": 14.983333,
      "lng": 74.916667
    },
    {
      "cityName": "Gunji",
      "lat": 15.533333,
      "lng": 74.5
    },
    {
      "cityName": "Gurgunta",
      "lat": 16.283333,
      "lng": 76.616667
    },
    {
      "cityName": "Gurlapur",
      "lat": 16.366667,
      "lng": 74.966667
    },
    {
      "cityName": "Gurmatkal",
      "lat": 16.866667,
      "lng": 77.4
    },
    {
      "cityName": "Gurpur",
      "lat": 12.966667,
      "lng": 74.933333
    },
    {
      "cityName": "Guttal",
      "lat": 14.833333,
      "lng": 75.633333
    },
    {
      "cityName": "Hachcholli",
      "lat": 15.8,
      "lng": 76.983333
    },
    {
      "cityName": "Hadadi",
      "lat": 14.366667,
      "lng": 75.9
    },
    {
      "cityName": "Hadagali",
      "lat": 16.816667,
      "lng": 75.95
    },
    {
      "cityName": "Hadagalli",
      "lat": 15.016667,
      "lng": 75.95
    },
    {
      "cityName": "Hagalvadi",
      "lat": 13.5225,
      "lng": 76.748333
    },
    {
      "cityName": "Hagari",
      "lat": 15.15,
      "lng": 77.083333
    },
    {
      "cityName": "Halagali",
      "lat": 16.333333,
      "lng": 75.483333
    },
    {
      "cityName": "Halbarga",
      "lat": 17.983333,
      "lng": 77.333333
    },
    {
      "cityName": "Halcheri",
      "lat": 17.35,
      "lng": 77.25
    },
    {
      "cityName": "Haldipur",
      "lat": 14.333333,
      "lng": 74.433333
    },
    {
      "cityName": "Halebid",
      "lat": 13.233333,
      "lng": 75.983333
    },
    {
      "cityName": "Halekal",
      "lat": 14.45,
      "lng": 76.133333
    },
    {
      "cityName": "Halge",
      "lat": 14.883333,
      "lng": 74.233333
    },
    {
      "cityName": "Halgeri",
      "lat": 14.566667,
      "lng": 75.6
    },
    {
      "cityName": "Halgiri",
      "lat": 16.716667,
      "lng": 77.233333
    },
    {
      "cityName": "Halgur",
      "lat": 12.433333,
      "lng": 77.233333
    },
    {
      "cityName": "Halikher",
      "lat": 17.683333,
      "lng": 77.066667
    },
    {
      "cityName": "Haliyal",
      "lat": 15.333333,
      "lng": 74.766667
    },
    {
      "cityName": "Halki",
      "lat": 16.216667,
      "lng": 75.266667
    },
    {
      "cityName": "Halli Mysore",
      "lat": 12.655833,
      "lng": 76.26
    },
    {
      "cityName": "Hallur",
      "lat": 14.333333,
      "lng": 75.616667
    },
    {
      "cityName": "Halsangi",
      "lat": 17.316667,
      "lng": 75.883333
    },
    {
      "cityName": "Halsi",
      "lat": 15.55,
      "lng": 74.666667
    },
    {
      "cityName": "Halsur",
      "lat": 18.016667,
      "lng": 77.016667
    },
    {
      "cityName": "Hampapatnam",
      "lat": 15.1,
      "lng": 76.266667
    },
    {
      "cityName": "Hampapura",
      "lat": 12.119722,
      "lng": 76.47
    },
    {
      "cityName": "Hampasagaram",
      "lat": 15.15,
      "lng": 76.05
    },
    {
      "cityName": "Hampi",
      "lat": 15.333333,
      "lng": 76.466667
    },
    {
      "cityName": "Hamur",
      "lat": 12.083333,
      "lng": 77.283333
    },
    {
      "cityName": "Hanagal",
      "lat": 14.733333,
      "lng": 76.7
    },
    {
      "cityName": "Hanamsagar",
      "lat": 15.883333,
      "lng": 76.066667
    },
    {
      "cityName": "Hanbal",
      "lat": 13,
      "lng": 75.7
    },
    {
      "cityName": "Hanchnal",
      "lat": 16.25,
      "lng": 76.466667
    },
    {
      "cityName": "Hangal",
      "lat": 14.766667,
      "lng": 75.133333
    },
    {
      "cityName": "Hangarkatta",
      "lat": 13.466667,
      "lng": 74.7
    },
    {
      "cityName": "Haradanahalli",
      "lat": 11.866667,
      "lng": 76.933333
    },
    {
      "cityName": "Haranhalli",
      "lat": 13.249722,
      "lng": 76.222778
    },
    {
      "cityName": "Harihar",
      "lat": 14.516667,
      "lng": 75.8
    },
    {
      "cityName": "Hariharpur",
      "lat": 13.533333,
      "lng": 75.3
    },
    {
      "cityName": "Harkantarkeri",
      "lat": 14.35,
      "lng": 74.416667
    },
    {
      "cityName": "Harlapur",
      "lat": 15.433333,
      "lng": 75.8
    },
    {
      "cityName": "Harnahalli",
      "lat": 14.05,
      "lng": 75.45
    },
    {
      "cityName": "Harohalli",
      "lat": 12.318056,
      "lng": 76.781389
    },
    {
      "cityName": "Harpanahalli",
      "lat": 14.8,
      "lng": 75.983333
    },
    {
      "cityName": "Harsur",
      "lat": 17.433333,
      "lng": 76.966667
    },
    {
      "cityName": "Hassan",
      "lat": 13.000556,
      "lng": 76.099444
    },
    {
      "cityName": "Hattigudur",
      "lat": 16.6,
      "lng": 76.883333
    },
    {
      "cityName": "Havanur",
      "lat": 14.866667,
      "lng": 75.7
    },
    {
      "cityName": "Havasbhavi",
      "lat": 14.583333,
      "lng": 75.366667
    },
    {
      "cityName": "Haveri",
      "lat": 14.8,
      "lng": 75.4
    },
    {
      "cityName": "Hebbe",
      "lat": 13.533333,
      "lng": 75.566667
    },
    {
      "cityName": "Hebbur",
      "lat": 13.149722,
      "lng": 77.029167
    },
    {
      "cityName": "Hebli",
      "lat": 15.483333,
      "lng": 75.116667
    },
    {
      "cityName": "Hebri",
      "lat": 13.466667,
      "lng": 74.983333
    },
    {
      "cityName": "Hebsur",
      "lat": 15.466667,
      "lng": 75.3
    },
    {
      "cityName": "Hediyal",
      "lat": 11.933333,
      "lng": 76.483333
    },
    {
      "cityName": "Heggadadevankote",
      "lat": 12.088333,
      "lng": 76.328333
    },
    {
      "cityName": "Hesrur",
      "lat": 15.15,
      "lng": 75.95
    },
    {
      "cityName": "Hindiganal",
      "lat": 13.2325,
      "lng": 77.915833
    },
    {
      "cityName": "Hipparga",
      "lat": 17.466667,
      "lng": 76.366667
    },
    {
      "cityName": "Hippargi",
      "lat": 16.816667,
      "lng": 76.066667
    },
    {
      "cityName": "Hira",
      "lat": 16.2,
      "lng": 76.816667
    },
    {
      "cityName": "Hire Bamanhal",
      "lat": 15.6,
      "lng": 76.266667
    },
    {
      "cityName": "Hirehadagalli",
      "lat": 14.916667,
      "lng": 75.833333
    },
    {
      "cityName": "Hirekerur",
      "lat": 14.466667,
      "lng": 75.383333
    },
    {
      "cityName": "Hire Kotankal",
      "lat": 15.966667,
      "lng": 76.95
    },
    {
      "cityName": "Hire Padsalgi",
      "lat": 16.583333,
      "lng": 75.366667
    },
    {
      "cityName": "Hirisave",
      "lat": 12.951667,
      "lng": 76.578611
    },
    {
      "cityName": "Hiriyur",
      "lat": 13.945556,
      "lng": 76.619167
    },
    {
      "cityName": "Hirnagaon",
      "lat": 17.7,
      "lng": 76.966667
    },
    {
      "cityName": "Hodigere",
      "lat": 14.033333,
      "lng": 76
    },
    {
      "cityName": "Holalkere",
      "lat": 14.033333,
      "lng": 76.183333
    },
    {
      "cityName": "Holalu",
      "lat": 14.833333,
      "lng": 75.716667
    },
    {
      "cityName": "Holalur",
      "lat": 14.033333,
      "lng": 75.683333
    },
    {
      "cityName": "Holavanahalli",
      "lat": 13.537222,
      "lng": 77.301111
    },
    {
      "cityName": "Holehonnur",
      "lat": 13.983333,
      "lng": 75.683333
    },
    {
      "cityName": "Hole Narsipur",
      "lat": 12.782778,
      "lng": 76.243056
    },
    {
      "cityName": "Hombal",
      "lat": 15.533333,
      "lng": 75.583333
    },
    {
      "cityName": "Hominabad",
      "lat": 17.766667,
      "lng": 77.133333
    },
    {
      "cityName": "Honakere",
      "lat": 12.7,
      "lng": 76.7
    },
    {
      "cityName": "Honavar",
      "lat": 14.283333,
      "lng": 74.45
    },
    {
      "cityName": "Honganur-Banganur",
      "lat": 12.6,
      "lng": 77.233333
    },
    {
      "cityName": "Honganur",
      "lat": 11.983333,
      "lng": 77.05
    },
    {
      "cityName": "Honnali",
      "lat": 14.25,
      "lng": 75.666667
    },
    {
      "cityName": "Honnavalli",
      "lat": 13.338333,
      "lng": 76.388333
    },
    {
      "cityName": "Honnudike",
      "lat": 13.213333,
      "lng": 77.122222
    },
    {
      "cityName": "Honotgee",
      "lat": 16.833333,
      "lng": 75.866667
    },
    {
      "cityName": "Horti",
      "lat": 17.116667,
      "lng": 75.783333
    },
    {
      "cityName": "Hosadurga",
      "lat": 13.798056,
      "lng": 76.286111
    },
    {
      "cityName": "Hosahalli",
      "lat": 13.447222,
      "lng": 77.444722
    },
    {
      "cityName": "Hosa Kannambadi",
      "lat": 12.448889,
      "lng": 76.571944
    },
    {
      "cityName": "Hosakote",
      "lat": 14.283333,
      "lng": 77.183333
    },
    {
      "cityName": "Hosanagara",
      "lat": 13.916667,
      "lng": 75.066667
    },
    {
      "cityName": "Hosangadi",
      "lat": 13.7,
      "lng": 74.95
    },
    {
      "cityName": "Hosapete",
      "lat": 15.266667,
      "lng": 76.4
    },
    {
      "cityName": "Hoskote",
      "lat": 13.066944,
      "lng": 77.798333
    },
    {
      "cityName": "Hosur",
      "lat": 14.666667,
      "lng": 75.1
    },
    {
      "cityName": "Hosuru",
      "lat": 13.586667,
      "lng": 77.419167
    },
    {
      "cityName": "Hubballi",
      "lat": 15.35,
      "lng": 75.166667
    },
    {
      "cityName": "Hudugur",
      "lat": 13.681667,
      "lng": 77.525278
    },
    {
      "cityName": "Hukeri",
      "lat": 16.233333,
      "lng": 74.6
    },
    {
      "cityName": "Hulagbal",
      "lat": 16.4,
      "lng": 76.25
    },
    {
      "cityName": "Hulekal",
      "lat": 14.7,
      "lng": 74.766667
    },
    {
      "cityName": "Hulgur",
      "lat": 15.083333,
      "lng": 75.283333
    },
    {
      "cityName": "Hulihaidar",
      "lat": 15.666667,
      "lng": 76.4
    },
    {
      "cityName": "Hulikunte",
      "lat": 13.995833,
      "lng": 76.916667
    },
    {
      "cityName": "Huliyar",
      "lat": 13.585278,
      "lng": 76.543611
    },
    {
      "cityName": "Huliyurdurga",
      "lat": 12.816667,
      "lng": 77.033333
    },
    {
      "cityName": "Hulkoti",
      "lat": 15.433333,
      "lng": 75.533333
    },
    {
      "cityName": "Hulkur",
      "lat": 13.428056,
      "lng": 76.351667
    },
    {
      "cityName": "Hullahalli",
      "lat": 12.095,
      "lng": 76.554167
    },
    {
      "cityName": "Hullenhalli",
      "lat": 13.233333,
      "lng": 77.116667
    },
    {
      "cityName": "Hulloli",
      "lat": 16.266667,
      "lng": 74.666667
    },
    {
      "cityName": "Humachadakatte",
      "lat": 13.866667,
      "lng": 75.233333
    },
    {
      "cityName": "Hundarki",
      "lat": 16.966667,
      "lng": 77.233333
    },
    {
      "cityName": "Hungund",
      "lat": 16.066667,
      "lng": 76.05
    },
    {
      "cityName": "Hunsgera",
      "lat": 17.85,
      "lng": 77.083333
    },
    {
      "cityName": "Hunsgi",
      "lat": 16.466667,
      "lng": 76.533333
    },
    {
      "cityName": "Hunsur",
      "lat": 12.3075,
      "lng": 76.287778
    },
    {
      "cityName": "Hura",
      "lat": 12.008889,
      "lng": 76.53
    },
    {
      "cityName": "Huralihalu",
      "lat": 14.716667,
      "lng": 76.566667
    },
    {
      "cityName": "Hutti",
      "lat": 16.15,
      "lng": 76.65
    },
    {
      "cityName": "Huvin Hippargi",
      "lat": 16.55,
      "lng": 76.083333
    },
    {
      "cityName": "Idgundi",
      "lat": 14.9,
      "lng": 74.666667
    },
    {
      "cityName": "Ijeri",
      "lat": 16.916667,
      "lng": 76.7
    },
    {
      "cityName": "Ilkal",
      "lat": 15.966667,
      "lng": 76.133333
    },
    {
      "cityName": "Indi",
      "lat": 17.166667,
      "lng": 75.966667
    },
    {
      "cityName": "Ingleshwar",
      "lat": 16.65,
      "lng": 76.016667
    },
    {
      "cityName": "Irpu",
      "lat": 11.966667,
      "lng": 75.983333
    },
    {
      "cityName": "Islur",
      "lat": 14.666667,
      "lng": 74.9
    },
    {
      "cityName": "Isur",
      "lat": 14.183333,
      "lng": 75.35
    },
    {
      "cityName": "Itiki",
      "lat": 14.95,
      "lng": 76.1
    },
    {
      "cityName": "Jadakal",
      "lat": 13.8,
      "lng": 74.816667
    },
    {
      "cityName": "Jade",
      "lat": 14.583333,
      "lng": 75.066667
    },
    {
      "cityName": "Jadgenhalli",
      "lat": 13.05,
      "lng": 77.85
    },
    {
      "cityName": "Jagalur",
      "lat": 14.533333,
      "lng": 76.35
    },
    {
      "cityName": "Jagnur",
      "lat": 16.3,
      "lng": 74.916667
    },
    {
      "cityName": "Jajur",
      "lat": 14.366667,
      "lng": 76.85
    },
    {
      "cityName": "Jakaldinne",
      "lat": 16.183333,
      "lng": 77.066667
    },
    {
      "cityName": "Jalahalli",
      "lat": 13.033333,
      "lng": 77.55
    },
    {
      "cityName": "Jal Halli",
      "lat": 16.333333,
      "lng": 76.783333
    },
    {
      "cityName": "Jalvergi",
      "lat": 17.016667,
      "lng": 76.766667
    },
    {
      "cityName": "Jamboti",
      "lat": 15.733333,
      "lng": 74.383333
    },
    {
      "cityName": "Jambur",
      "lat": 12.516667,
      "lng": 75.8
    },
    {
      "cityName": "Jamgi",
      "lat": 18.1,
      "lng": 77.566667
    },
    {
      "cityName": "Jamkhandi",
      "lat": 16.516667,
      "lng": 75.3
    },
    {
      "cityName": "Jamnal",
      "lat": 16.033333,
      "lng": 74.9
    },
    {
      "cityName": "Janakal",
      "lat": 13.923056,
      "lng": 76.296667
    },
    {
      "cityName": "Jangamakote",
      "lat": 13.265833,
      "lng": 77.848333
    },
    {
      "cityName": "Janwada",
      "lat": 18,
      "lng": 77.483333
    },
    {
      "cityName": "Javagal",
      "lat": 13.303333,
      "lng": 76.059722
    },
    {
      "cityName": "Javanagondanahalli",
      "lat": 13.842222,
      "lng": 76.728611
    },
    {
      "cityName": "Jawalgeri",
      "lat": 15.866667,
      "lng": 76.833333
    },
    {
      "cityName": "Jawalgi",
      "lat": 16.916667,
      "lng": 76.65
    },
    {
      "cityName": "Jawangi",
      "lat": 17.533333,
      "lng": 77.033333
    },
    {
      "cityName": "Jhalki",
      "lat": 17.25,
      "lng": 75.816667
    },
    {
      "cityName": "Jigani",
      "lat": 12.766667,
      "lng": 77.65
    },
    {
      "cityName": "Jodhatti",
      "lat": 16.333333,
      "lng": 74.783333
    },
    {
      "cityName": "Jodkurh",
      "lat": 16.433333,
      "lng": 74.683333
    },
    {
      "cityName": "Joida",
      "lat": 15.15,
      "lng": 74.483333
    },
    {
      "cityName": "Kabbur",
      "lat": 12.683333,
      "lng": 76.3
    },
    {
      "cityName": "Kadaba",
      "lat": 12.733333,
      "lng": 75.466667
    },
    {
      "cityName": "Kadaichur",
      "lat": 16.516667,
      "lng": 77.333333
    },
    {
      "cityName": "Kadakola",
      "lat": 12.194444,
      "lng": 76.663056
    },
    {
      "cityName": "Kadandale",
      "lat": 13.116667,
      "lng": 74.916667
    },
    {
      "cityName": "Kadlivad",
      "lat": 16.933333,
      "lng": 76.033333
    },
    {
      "cityName": "Kadra",
      "lat": 14.9,
      "lng": 74.366667
    },
    {
      "cityName": "Kadur",
      "lat": 13.553333,
      "lng": 76.013056
    },
    {
      "cityName": "Kaglipur",
      "lat": 12.8,
      "lng": 77.5
    },
    {
      "cityName": "Kagnur",
      "lat": 17.333333,
      "lng": 76.566667
    },
    {
      "cityName": "Kaiga",
      "lat": 14.85,
      "lng": 74.433333
    },
    {
      "cityName": "Kaivara",
      "lat": 13.35,
      "lng": 77.983333
    },
    {
      "cityName": "Kakabe",
      "lat": 12.266667,
      "lng": 75.65
    },
    {
      "cityName": "Kakanakote",
      "lat": 11.9,
      "lng": 76.2
    },
    {
      "cityName": "Kakhandi",
      "lat": 16.6,
      "lng": 75.65
    },
    {
      "cityName": "Kaladgi",
      "lat": 16.2,
      "lng": 75.5
    },
    {
      "cityName": "Kalale",
      "lat": 12.079722,
      "lng": 76.672778
    },
    {
      "cityName": "Kalamadi",
      "lat": 16.933333,
      "lng": 75.366667
    },
    {
      "cityName": "Kalasa",
      "lat": 13.233333,
      "lng": 75.35
    },
    {
      "cityName": "Kalasapura",
      "lat": 13.283333,
      "lng": 75.95
    },
    {
      "cityName": "Kalghatgi",
      "lat": 15.183333,
      "lng": 74.966667
    },
    {
      "cityName": "Kalgi",
      "lat": 17.35,
      "lng": 77.15
    },
    {
      "cityName": "Kalgupur",
      "lat": 18.15,
      "lng": 77.2
    },
    {
      "cityName": "Kallagundi",
      "lat": 13.484167,
      "lng": 76.268889
    },
    {
      "cityName": "Kallambella",
      "lat": 13.631111,
      "lng": 76.928056
    },
    {
      "cityName": "Kallianpur",
      "lat": 13.4,
      "lng": 74.733333
    },
    {
      "cityName": "Kallur",
      "lat": 16.133333,
      "lng": 77.216667
    },
    {
      "cityName": "Kalmala",
      "lat": 16.2,
      "lng": 77.2
    },
    {
      "cityName": "Kalvadi",
      "lat": 12.216667,
      "lng": 76.616667
    },
    {
      "cityName": "Kalyadi",
      "lat": 13.242222,
      "lng": 76.148611
    },
    {
      "cityName": "Kamainagar",
      "lat": 18.233333,
      "lng": 77.2
    },
    {
      "cityName": "Kamaravalli",
      "lat": 12.883333,
      "lng": 76.583333
    },
    {
      "cityName": "Kamlapur",
      "lat": 17.583333,
      "lng": 76.983333
    },
    {
      "cityName": "Kampli",
      "lat": 15.4,
      "lng": 76.616667
    },
    {
      "cityName": "Kamsandra",
      "lat": 12.866667,
      "lng": 78.2
    },
    {
      "cityName": "Kanakapura",
      "lat": 12.55,
      "lng": 77.416667
    },
    {
      "cityName": "Kanakatte",
      "lat": 13.515556,
      "lng": 76.321111
    },
    {
      "cityName": "Kanakgiri",
      "lat": 15.566667,
      "lng": 76.416667
    },
    {
      "cityName": "Kanangla",
      "lat": 16.316667,
      "lng": 74.433333
    },
    {
      "cityName": "Kanavehalli",
      "lat": 15.05,
      "lng": 76.5
    },
    {
      "cityName": "Kandalike",
      "lat": 11.883333,
      "lng": 76.433333
    },
    {
      "cityName": "Kandgal",
      "lat": 15.966667,
      "lng": 76.283333
    },
    {
      "cityName": "Kandikere",
      "lat": 13.526111,
      "lng": 76.62
    },
    {
      "cityName": "Kanegiri",
      "lat": 15.016667,
      "lng": 74.733333
    },
    {
      "cityName": "Kanhalli",
      "lat": 16.55,
      "lng": 76.6
    },
    {
      "cityName": "Kankanadi",
      "lat": 12.85,
      "lng": 74.9
    },
    {
      "cityName": "Kannoli",
      "lat": 16.866667,
      "lng": 76.15
    },
    {
      "cityName": "Kanur",
      "lat": 17.033333,
      "lng": 75.7
    },
    {
      "cityName": "Kapgol",
      "lat": 16.05,
      "lng": 77.133333
    },
    {
      "cityName": "Kappal",
      "lat": 15.35,
      "lng": 76.15
    },
    {
      "cityName": "Kapur",
      "lat": 16.5,
      "lng": 77.033333
    },
    {
      "cityName": "Karadi",
      "lat": 13.290556,
      "lng": 76.571667
    },
    {
      "cityName": "Karajgi",
      "lat": 14.866667,
      "lng": 75.433333
    },
    {
      "cityName": "Karaka",
      "lat": 13.2,
      "lng": 74.983333
    },
    {
      "cityName": "Karalkunti",
      "lat": 16.066667,
      "lng": 76.583333
    },
    {
      "cityName": "Karamabad",
      "lat": 17.85,
      "lng": 77.2
    },
    {
      "cityName": "Kar Bhosga",
      "lat": 17.383333,
      "lng": 76.783333
    },
    {
      "cityName": "Kardi",
      "lat": 16.1,
      "lng": 76.216667
    },
    {
      "cityName": "Kargal",
      "lat": 13.85,
      "lng": 75.216667
    },
    {
      "cityName": "Karteekeshwar",
      "lat": 15.016667,
      "lng": 76.566667
    },
    {
      "cityName": "Karur",
      "lat": 14.016667,
      "lng": 74.9
    },
    {
      "cityName": "Karuru",
      "lat": 15.433333,
      "lng": 76.966667
    },
    {
      "cityName": "Karwar",
      "lat": 14.813611,
      "lng": 74.129722
    },
    {
      "cityName": "Kasarkod",
      "lat": 14.25,
      "lng": 74.433333
    },
    {
      "cityName": "Kasgi",
      "lat": 17.733333,
      "lng": 76.583333
    },
    {
      "cityName": "Katak Chincholi",
      "lat": 17.9,
      "lng": 77.216667
    },
    {
      "cityName": "Katarki",
      "lat": 15.233333,
      "lng": 76.15
    },
    {
      "cityName": "Katesangawan",
      "lat": 17.033333,
      "lng": 76.816667
    },
    {
      "cityName": "Katkol",
      "lat": 15.983333,
      "lng": 75.15
    },
    {
      "cityName": "Katte Malalawadi",
      "lat": 12.353333,
      "lng": 76.293333
    },
    {
      "cityName": "Katur",
      "lat": 14.866667,
      "lng": 75.033333
    },
    {
      "cityName": "Kaudhalli",
      "lat": 12.066667,
      "lng": 77.433333
    },
    {
      "cityName": "Kaujalgi",
      "lat": 16.2,
      "lng": 75.066667
    },
    {
      "cityName": "Kavalandi",
      "lat": 12.027778,
      "lng": 76.795833
    },
    {
      "cityName": "Kavalli",
      "lat": 16.8,
      "lng": 75.233333
    },
    {
      "cityName": "Kavalur",
      "lat": 15.3,
      "lng": 75.95
    },
    {
      "cityName": "Kavital",
      "lat": 16.116667,
      "lng": 76.783333
    },
    {
      "cityName": "Kav",
      "lat": 12.65,
      "lng": 75.283333
    },
    {
      "cityName": "Kawadgaon",
      "lat": 18.066667,
      "lng": 77.45
    },
    {
      "cityName": "Kemankol",
      "lat": 16.166667,
      "lng": 74.95
    },
    {
      "cityName": "Kembhavi",
      "lat": 16.65,
      "lng": 76.533333
    },
    {
      "cityName": "Kemmannugundi",
      "lat": 13.55,
      "lng": 75.75
    },
    {
      "cityName": "Kenchammana Hoskote",
      "lat": 12.85,
      "lng": 75.866667
    },
    {
      "cityName": "Kendguli",
      "lat": 16.683333,
      "lng": 76.2
    },
    {
      "cityName": "Kengeri",
      "lat": 12.9,
      "lng": 77.483333
    },
    {
      "cityName": "Kerkalmatti",
      "lat": 16.133333,
      "lng": 75.583333
    },
    {
      "cityName": "Kerur",
      "lat": 16.016667,
      "lng": 75.566667
    },
    {
      "cityName": "Kervad",
      "lat": 15.25,
      "lng": 74.633333
    },
    {
      "cityName": "Kesturu",
      "lat": 12.7,
      "lng": 77.066667
    },
    {
      "cityName": "Khajuri",
      "lat": 17.683333,
      "lng": 76.566667
    },
    {
      "cityName": "Khanapur",
      "lat": 15.633333,
      "lng": 74.516667
    },
    {
      "cityName": "Khemlapur",
      "lat": 16.6,
      "lng": 74.916667
    },
    {
      "cityName": "Kibbanahalli",
      "lat": 13.307778,
      "lng": 76.647778
    },
    {
      "cityName": "Kidgedi",
      "lat": 16.733333,
      "lng": 74.9
    },
    {
      "cityName": "Kikkeri",
      "lat": 12.763056,
      "lng": 76.425278
    },
    {
      "cityName": "Kinhal",
      "lat": 15.45,
      "lng": 76.116667
    },
    {
      "cityName": "Kinhi",
      "lat": 17.666667,
      "lng": 77.066667
    },
    {
      "cityName": "Kiruatti",
      "lat": 15.066667,
      "lng": 74.833333
    },
    {
      "cityName": "Kit",
      "lat": 15.6,
      "lng": 74.8
    },
    {
      "cityName": "Kittanuru",
      "lat": 15.2,
      "lng": 76.216667
    },
    {
      "cityName": "Kodaganur",
      "lat": 14.333333,
      "lng": 76.05
    },
    {
      "cityName": "Kodekal",
      "lat": 16.35,
      "lng": 76.383333
    },
    {
      "cityName": "Kodial",
      "lat": 12.863889,
      "lng": 74.835278
    },
    {
      "cityName": "Kodiganballi",
      "lat": 13.72,
      "lng": 77.390278
    },
    {
      "cityName": "Kodihalili",
      "lat": 12.433333,
      "lng": 77.5
    },
    {
      "cityName": "Kod",
      "lat": 14.533333,
      "lng": 75.433333
    },
    {
      "cityName": "Kodlipet",
      "lat": 12.8,
      "lng": 75.883333
    },
    {
      "cityName": "Kokatnur",
      "lat": 16.666667,
      "lng": 75.2
    },
    {
      "cityName": "Kolagallu",
      "lat": 15.2,
      "lng": 76.866667
    },
    {
      "cityName": "Kolar",
      "lat": 13.133333,
      "lng": 78.133333
    },
    {
      "cityName": "Kolhar",
      "lat": 16.433333,
      "lng": 75.666667
    },
    {
      "cityName": "Kollur",
      "lat": 13.866667,
      "lng": 74.8
    },
    {
      "cityName": "Kommarahalli",
      "lat": 12.566667,
      "lng": 76.9
    },
    {
      "cityName": "Konanur",
      "lat": 12.626389,
      "lng": 76.054167
    },
    {
      "cityName": "Konen Agrahar",
      "lat": 12.95,
      "lng": 77.666667
    },
    {
      "cityName": "Konnur",
      "lat": 16.2,
      "lng": 74.75
    },
    {
      "cityName": "Koppa",
      "lat": 13.55,
      "lng": 75.35
    },
    {
      "cityName": "Koratagere",
      "lat": 13.522778,
      "lng": 77.233056
    },
    {
      "cityName": "Koratgi",
      "lat": 15.616667,
      "lng": 76.666667
    },
    {
      "cityName": "Korhalli",
      "lat": 17.033333,
      "lng": 76.233333
    },
    {
      "cityName": "Korkop",
      "lat": 16.033333,
      "lng": 75.083333
    },
    {
      "cityName": "Korla",
      "lat": 17.033333,
      "lng": 77.25
    },
    {
      "cityName": "Kormangala",
      "lat": 12.933333,
      "lng": 77.616667
    },
    {
      "cityName": "Korwar",
      "lat": 16.75,
      "lng": 76.216667
    },
    {
      "cityName": "Kotatattu",
      "lat": 13.533333,
      "lng": 74.7
    },
    {
      "cityName": "Koterki",
      "lat": 16.9,
      "lng": 77.3
    },
    {
      "cityName": "Kothur",
      "lat": 14.816667,
      "lng": 76.216667
    },
    {
      "cityName": "Kottatti",
      "lat": 12.483333,
      "lng": 76.866667
    },
    {
      "cityName": "Krishnarajasagara",
      "lat": 12.436667,
      "lng": 76.382778
    },
    {
      "cityName": "Krishnarajpet",
      "lat": 12.655,
      "lng": 76.488333
    },
    {
      "cityName": "Krishnarajpur",
      "lat": 13.008333,
      "lng": 77.691111
    },
    {
      "cityName": "Kudachi",
      "lat": 16.633333,
      "lng": 74.85
    },
    {
      "cityName": "Kudatini",
      "lat": 15.2,
      "lng": 76.766667
    },
    {
      "cityName": "Kudligi",
      "lat": 14.9,
      "lng": 76.383333
    },
    {
      "cityName": "Kuduru",
      "lat": 13.108889,
      "lng": 77.162778
    },
    {
      "cityName": "Kuknur",
      "lat": 15.5,
      "lng": 76
    },
    {
      "cityName": "Kulgeri",
      "lat": 15.916667,
      "lng": 75.5
    },
    {
      "cityName": "Kulgod",
      "lat": 16.233333,
      "lng": 75.016667
    },
    {
      "cityName": "Kulurkudiu",
      "lat": 12.916667,
      "lng": 74.816667
    },
    {
      "cityName": "Kumashi",
      "lat": 17.1,
      "lng": 76.366667
    },
    {
      "cityName": "Kumbalgod",
      "lat": 12.866667,
      "lng": 77.433333
    },
    {
      "cityName": "Kumbharvada",
      "lat": 15.133333,
      "lng": 74.4
    },
    {
      "cityName": "Kumnur",
      "lat": 16.616667,
      "lng": 77.166667
    },
    {
      "cityName": "Kumsi",
      "lat": 14.066667,
      "lng": 75.4
    },
    {
      "cityName": "Kundgol",
      "lat": 15.25,
      "lng": 75.25
    },
    {
      "cityName": "Kundur",
      "lat": 12.866667,
      "lng": 75.966667
    },
    {
      "cityName": "Kunigal",
      "lat": 13.022222,
      "lng": 77.026667
    },
    {
      "cityName": "Kunnur",
      "lat": 16.55,
      "lng": 74.416667
    },
    {
      "cityName": "Kuppagadde",
      "lat": 14.466667,
      "lng": 75.116667
    },
    {
      "cityName": "Kuppigud",
      "lat": 16.133333,
      "lng": 76.583333
    },
    {
      "cityName": "Kurandi",
      "lat": 15.283333,
      "lng": 74.516667
    },
    {
      "cityName": "Kurchi",
      "lat": 11.983333,
      "lng": 75.95
    },
    {
      "cityName": "Kurdi",
      "lat": 16.05,
      "lng": 77.216667
    },
    {
      "cityName": "Kurgunta",
      "lat": 17.2,
      "lng": 77.35
    },
    {
      "cityName": "Kurkunda",
      "lat": 16.65,
      "lng": 77.033333
    },
    {
      "cityName": "Kurkundi",
      "lat": 16.166667,
      "lng": 76.883333
    },
    {
      "cityName": "Kurtkoti",
      "lat": 15.366667,
      "lng": 75.533333
    },
    {
      "cityName": "Kurugode",
      "lat": 15.333333,
      "lng": 76.85
    },
    {
      "cityName": "Kushtagi",
      "lat": 15.766667,
      "lng": 76.2
    },
    {
      "cityName": "Kusnur",
      "lat": 18.15,
      "lng": 77.333333
    },
    {
      "cityName": "Kusugal",
      "lat": 15.366667,
      "lng": 75.216667
    },
    {
      "cityName": "Kyatsandra",
      "lat": 13.320556,
      "lng": 77.1375
    },
    {
      "cityName": "Lakavalli",
      "lat": 13.7,
      "lng": 75.666667
    },
    {
      "cityName": "Lakkundi",
      "lat": 15.383333,
      "lng": 75.716667
    },
    {
      "cityName": "Lakshmeshvar",
      "lat": 15.133333,
      "lng": 75.466667
    },
    {
      "cityName": "Lakshmipur",
      "lat": 13.916667,
      "lng": 74.966667
    },
    {
      "cityName": "Lalbagh",
      "lat": 17.933333,
      "lng": 77.433333
    },
    {
      "cityName": "Landa",
      "lat": 15.466667,
      "lng": 74.516667
    },
    {
      "cityName": "Lingadahalli",
      "lat": 13.6,
      "lng": 75.833333
    },
    {
      "cityName": "Linganamakki",
      "lat": 14.166667,
      "lng": 74.85
    },
    {
      "cityName": "Lingsugur",
      "lat": 16.166667,
      "lng": 76.516667
    },
    {
      "cityName": "Lokapur",
      "lat": 16.166667,
      "lng": 75.35
    },
    {
      "cityName": "Lokikere",
      "lat": 14.3,
      "lng": 75.933333
    },
    {
      "cityName": "Lokkanahalli",
      "lat": 12.016667,
      "lng": 77.25
    },
    {
      "cityName": "Madangeri",
      "lat": 14.583333,
      "lng": 74.366667
    },
    {
      "cityName": "Madarki",
      "lat": 16.8,
      "lng": 76.766667
    },
    {
      "cityName": "Maddagiri",
      "lat": 13.660556,
      "lng": 77.209167
    },
    {
      "cityName": "Maddur",
      "lat": 12.6,
      "lng": 77.066667
    },
    {
      "cityName": "Madeswaramalai",
      "lat": 12.05,
      "lng": 77.6
    },
    {
      "cityName": "Madgi",
      "lat": 17.666667,
      "lng": 77.45
    },
    {
      "cityName": "Madikeri",
      "lat": 12.416667,
      "lng": 75.733333
    },
    {
      "cityName": "Maduvanahalli",
      "lat": 12.15,
      "lng": 77.133333
    },
    {
      "cityName": "Magadi",
      "lat": 12.966667,
      "lng": 77.233333
    },
    {
      "cityName": "Mahagaon",
      "lat": 17.533333,
      "lng": 76.916667
    },
    {
      "cityName": "Mahalingpur",
      "lat": 16.383333,
      "lng": 75.116667
    },
    {
      "cityName": "Mahisur",
      "lat": 12.307222,
      "lng": 76.649722
    },
    {
      "cityName": "Maisandra",
      "lat": 13.090556,
      "lng": 76.761667
    },
    {
      "cityName": "Majali",
      "lat": 14.9,
      "lng": 74.1
    },
    {
      "cityName": "Malavalli",
      "lat": 12.383333,
      "lng": 77.083333
    },
    {
      "cityName": "Malavi",
      "lat": 14.983333,
      "lng": 76.2
    },
    {
      "cityName": "Malebennur",
      "lat": 14.35,
      "lng": 75.733333
    },
    {
      "cityName": "Malkhaid",
      "lat": 17.183333,
      "lng": 77.15
    },
    {
      "cityName": "Malla",
      "lat": 16.716667,
      "lng": 76.566667
    },
    {
      "cityName": "Mallapur",
      "lat": 14.4,
      "lng": 74.483333
    },
    {
      "cityName": "Mallesvaram",
      "lat": 12.983333,
      "lng": 77.566667
    },
    {
      "cityName": "Mallipatna",
      "lat": 12.75,
      "lng": 75.966667
    },
    {
      "cityName": "Malpe",
      "lat": 13.35,
      "lng": 74.716667
    },
    {
      "cityName": "Malur",
      "lat": 13.0075,
      "lng": 77.937778
    },
    {
      "cityName": "Mamdapur",
      "lat": 16.1,
      "lng": 74.933333
    },
    {
      "cityName": "Manchikeri",
      "lat": 14.866667,
      "lng": 74.816667
    },
    {
      "cityName": "Mandagadde",
      "lat": 13.733333,
      "lng": 75.433333
    },
    {
      "cityName": "Mandagere",
      "lat": 12.725556,
      "lng": 76.380278
    },
    {
      "cityName": "Mandikallu",
      "lat": 13.596389,
      "lng": 77.731111
    },
    {
      "cityName": "Mandya",
      "lat": 12.524167,
      "lng": 76.895833
    },
    {
      "cityName": "Mangalawada",
      "lat": 14.066667,
      "lng": 77.083333
    },
    {
      "cityName": "Mangalgee",
      "lat": 17.75,
      "lng": 77.316667
    },
    {
      "cityName": "Manglur",
      "lat": 15.533333,
      "lng": 76.15
    },
    {
      "cityName": "Mangoli",
      "lat": 16.65,
      "lng": 75.816667
    },
    {
      "cityName": "Mani",
      "lat": 12.833333,
      "lng": 75.116667
    },
    {
      "cityName": "Manipala",
      "lat": 13.35,
      "lng": 74.783333
    },
    {
      "cityName": "Manjri",
      "lat": 16.55,
      "lng": 74.683333
    },
    {
      "cityName": "Manki",
      "lat": 14.183333,
      "lng": 74.483333
    },
    {
      "cityName": "Manoli",
      "lat": 15.85,
      "lng": 75.116667
    },
    {
      "cityName": "Mansur",
      "lat": 15.4,
      "lng": 74.966667
    },
    {
      "cityName": "Mantur",
      "lat": 16.383333,
      "lng": 75.366667
    },
    {
      "cityName": "Manvi",
      "lat": 15.983333,
      "lng": 77.05
    },
    {
      "cityName": "Maralavadi",
      "lat": 12.616667,
      "lng": 77.533333
    },
    {
      "cityName": "Maranhalli",
      "lat": 12.883333,
      "lng": 75.716667
    },
    {
      "cityName": "Marihal",
      "lat": 15.866667,
      "lng": 74.7
    },
    {
      "cityName": "Marikatti",
      "lat": 16.266667,
      "lng": 75.366667
    },
    {
      "cityName": "Marikuppam",
      "lat": 12.916667,
      "lng": 78.266667
    },
    {
      "cityName": "Martur",
      "lat": 17.216667,
      "lng": 76.883333
    },
    {
      "cityName": "Masarkal",
      "lat": 16.366667,
      "lng": 77.016667
    },
    {
      "cityName": "Mashal",
      "lat": 17.333333,
      "lng": 76.233333
    },
    {
      "cityName": "Maski",
      "lat": 15.966667,
      "lng": 76.666667
    },
    {
      "cityName": "Masti",
      "lat": 12.866667,
      "lng": 77.983333
    },
    {
      "cityName": "Masur",
      "lat": 14.333333,
      "lng": 75.466667
    },
    {
      "cityName": "Matala",
      "lat": 17.833333,
      "lng": 76.866667
    },
    {
      "cityName": "Matmari",
      "lat": 16.033333,
      "lng": 77.3
    },
    {
      "cityName": "Mattigatta",
      "lat": 13.469444,
      "lng": 76.481667
    },
    {
      "cityName": "Mattihalli",
      "lat": 14.75,
      "lng": 76.15
    },
    {
      "cityName": "Mattod",
      "lat": 13.773889,
      "lng": 76.392778
    },
    {
      "cityName": "Maulinguem",
      "lat": 15.25,
      "lng": 74.2
    },
    {
      "cityName": "Mavalli",
      "lat": 14.1,
      "lng": 74.483333
    },
    {
      "cityName": "Mavingundi",
      "lat": 14.25,
      "lng": 74.8
    },
    {
      "cityName": "Mayakonda",
      "lat": 14.283333,
      "lng": 76.083333
    },
    {
      "cityName": "Medkanhal",
      "lat": 15.933333,
      "lng": 76.583333
    },
    {
      "cityName": "Megarvalli",
      "lat": 13.633333,
      "lng": 75.15
    },
    {
      "cityName": "Melkote",
      "lat": 12.658889,
      "lng": 76.650556
    },
    {
      "cityName": "Midigesi",
      "lat": 13.839167,
      "lng": 77.210833
    },
    {
      "cityName": "Mirian",
      "lat": 14.5,
      "lng": 74.416667
    },
    {
      "cityName": "Mirle",
      "lat": 12.5275,
      "lng": 76.314722
    },
    {
      "cityName": "Mishrikot",
      "lat": 15.25,
      "lng": 75.066667
    },
    {
      "cityName": "Mittemari",
      "lat": 13.701389,
      "lng": 77.8475
    },
    {
      "cityName": "Moinabad",
      "lat": 17.7,
      "lng": 77.216667
    },
    {
      "cityName": "Moka",
      "lat": 15.233333,
      "lng": 77.066667
    },
    {
      "cityName": "Morageri",
      "lat": 15.033333,
      "lng": 76.083333
    },
    {
      "cityName": "Moranur",
      "lat": 11.983333,
      "lng": 77.45
    },
    {
      "cityName": "Moratgi",
      "lat": 17,
      "lng": 76.416667
    },
    {
      "cityName": "Morat",
      "lat": 16.133333,
      "lng": 76.933333
    },
    {
      "cityName": "Motamakalahalli",
      "lat": 13.583333,
      "lng": 78.083333
    },
    {
      "cityName": "Motibennur",
      "lat": 14.733333,
      "lng": 75.466667
    },
    {
      "cityName": "Mudabidri",
      "lat": 13.083333,
      "lng": 74.983333
    },
    {
      "cityName": "Mudbal",
      "lat": 16.833333,
      "lng": 76.816667
    },
    {
      "cityName": "Muddebihal",
      "lat": 16.333333,
      "lng": 76.133333
    },
    {
      "cityName": "Mudenur",
      "lat": 15.9,
      "lng": 76.3
    },
    {
      "cityName": "Mudgal",
      "lat": 16.016667,
      "lng": 76.433333
    },
    {
      "cityName": "Mudgere",
      "lat": 13.133333,
      "lng": 75.633333
    },
    {
      "cityName": "Mudhol",
      "lat": 16.35,
      "lng": 75.283333
    },
    {
      "cityName": "Mudkavi",
      "lat": 15.983333,
      "lng": 75.383333
    },
    {
      "cityName": "Mudodi",
      "lat": 13.205833,
      "lng": 76.280278
    },
    {
      "cityName": "Muduvadi",
      "lat": 13.233333,
      "lng": 78.183333
    },
    {
      "cityName": "Mugad",
      "lat": 15.45,
      "lng": 74.916667
    },
    {
      "cityName": "Muguru",
      "lat": 12.13,
      "lng": 76.945
    },
    {
      "cityName": "Mulbagal",
      "lat": 13.166667,
      "lng": 78.4
    },
    {
      "cityName": "Mulehole",
      "lat": 11.716667,
      "lng": 76.433333
    },
    {
      "cityName": "Mulgund",
      "lat": 15.25,
      "lng": 75.533333
    },
    {
      "cityName": "Mulhalli",
      "lat": 12.4,
      "lng": 77.433333
    },
    {
      "cityName": "Mulki",
      "lat": 13.1,
      "lng": 74.8
    },
    {
      "cityName": "Mulvad",
      "lat": 16.6,
      "lng": 75.733333
    },
    {
      "cityName": "Mundargi",
      "lat": 15.216667,
      "lng": 75.9
    },
    {
      "cityName": "Mundgod",
      "lat": 14.966667,
      "lng": 75.033333
    },
    {
      "cityName": "Munigal",
      "lat": 16.55,
      "lng": 77.25
    },
    {
      "cityName": "Munirabad",
      "lat": 15.333333,
      "lng": 76.333333
    },
    {
      "cityName": "Muragamale",
      "lat": 13.433333,
      "lng": 78.133333
    },
    {
      "cityName": "Murgod",
      "lat": 15.883333,
      "lng": 74.916667
    },
    {
      "cityName": "Murkal",
      "lat": 12.124722,
      "lng": 76.149167
    },
    {
      "cityName": "Musguppi",
      "lat": 16.25,
      "lng": 74.966667
    },
    {
      "cityName": "Mutgi",
      "lat": 16.533333,
      "lng": 75.883333
    },
    {
      "cityName": "Nagalamadike",
      "lat": 14.183333,
      "lng": 77.366667
    },
    {
      "cityName": "Nagamangala",
      "lat": 12.815556,
      "lng": 76.7575
    },
    {
      "cityName": "Naganahalli",
      "lat": 12.387222,
      "lng": 76.664444
    },
    {
      "cityName": "Nagarhal",
      "lat": 17.533333,
      "lng": 77.283333
    },
    {
      "cityName": "Nagar",
      "lat": 13.833333,
      "lng": 75.016667
    },
    {
      "cityName": "Nagathan",
      "lat": 16.933333,
      "lng": 75.866667
    },
    {
      "cityName": "Nagral",
      "lat": 16.1,
      "lng": 76.316667
    },
    {
      "cityName": "Nagwar",
      "lat": 16.516667,
      "lng": 75.9
    },
    {
      "cityName": "Nalatvad",
      "lat": 16.266667,
      "lng": 76.283333
    },
    {
      "cityName": "Nallur",
      "lat": 14.1,
      "lng": 75.883333
    },
    {
      "cityName": "Nalvar",
      "lat": 16.933333,
      "lng": 76.983333
    },
    {
      "cityName": "Nandgad",
      "lat": 15.583333,
      "lng": 74.583333
    },
    {
      "cityName": "Nandigunda",
      "lat": 13.333333,
      "lng": 77.65
    },
    {
      "cityName": "Nandi",
      "lat": 13.384722,
      "lng": 77.693333
    },
    {
      "cityName": "Nandipalli",
      "lat": 16.683333,
      "lng": 77.383333
    },
    {
      "cityName": "Nandvadgi",
      "lat": 16.016667,
      "lng": 76.266667
    },
    {
      "cityName": "Nangali",
      "lat": 13.183333,
      "lng": 78.516667
    },
    {
      "cityName": "Nanjangud",
      "lat": 12.119722,
      "lng": 76.682778
    },
    {
      "cityName": "Naoli",
      "lat": 15.666667,
      "lng": 76.533333
    },
    {
      "cityName": "Napokia",
      "lat": 12.3,
      "lng": 75.666667
    },
    {
      "cityName": "Narasapura",
      "lat": 13.133333,
      "lng": 78
    },
    {
      "cityName": "Narasimharaja Puram",
      "lat": 12.316667,
      "lng": 76.666667
    },
    {
      "cityName": "Narasimharajapura",
      "lat": 13.616667,
      "lng": 75.516667
    },
    {
      "cityName": "Naregal",
      "lat": 15.583333,
      "lng": 75.816667
    },
    {
      "cityName": "Nargund",
      "lat": 15.716667,
      "lng": 75.383333
    },
    {
      "cityName": "Narona",
      "lat": 17.516667,
      "lng": 76.716667
    },
    {
      "cityName": "Naryasandra",
      "lat": 13.066667,
      "lng": 77.158333
    },
    {
      "cityName": "Navalgund",
      "lat": 15.566667,
      "lng": 75.366667
    },
    {
      "cityName": "Navuru",
      "lat": 13.083333,
      "lng": 75.3
    },
    {
      "cityName": "Nawalkal",
      "lat": 16.15,
      "lng": 76.966667
    },
    {
      "cityName": "Nayakanhatti",
      "lat": 14.466667,
      "lng": 76.55
    },
    {
      "cityName": "Nelahalu",
      "lat": 13.509444,
      "lng": 77.001944
    },
    {
      "cityName": "Nelamangala",
      "lat": 13.102222,
      "lng": 77.39
    },
    {
      "cityName": "Nelligere",
      "lat": 12.959444,
      "lng": 76.764167
    },
    {
      "cityName": "Nelogi",
      "lat": 17.066667,
      "lng": 76.616667
    },
    {
      "cityName": "Nidagundi",
      "lat": 15.666667,
      "lng": 75.866667
    },
    {
      "cityName": "Nidni",
      "lat": 17.683333,
      "lng": 77.333333
    },
    {
      "cityName": "Nidugal",
      "lat": 14.15,
      "lng": 77.083333
    },
    {
      "cityName": "Nilkund",
      "lat": 14.45,
      "lng": 74.7
    },
    {
      "cityName": "Nimbal Buzurg",
      "lat": 17.1,
      "lng": 75.85
    },
    {
      "cityName": "Nimbal",
      "lat": 17.1,
      "lng": 75.866667
    },
    {
      "cityName": "Nimbarga",
      "lat": 17.4,
      "lng": 76.583333
    },
    {
      "cityName": "Nirgunda",
      "lat": 17.3,
      "lng": 77.366667
    },
    {
      "cityName": "Nittur",
      "lat": 13.307778,
      "lng": 76.861667
    },
    {
      "cityName": "Nonavinkere",
      "lat": 13.164167,
      "lng": 76.556944
    },
    {
      "cityName": "Nuggihalli",
      "lat": 13,
      "lng": 76.466667
    },
    {
      "cityName": "Nyamati",
      "lat": 14.15,
      "lng": 75.583333
    },
    {
      "cityName": "Obalapura",
      "lat": 14.466667,
      "lng": 76.933333
    },
    {
      "cityName": "Ooklee",
      "lat": 16.716667,
      "lng": 75.883333
    },
    {
      "cityName": "Pachhapur",
      "lat": 16.1,
      "lng": 74.683333
    },
    {
      "cityName": "Padakal",
      "lat": 12.366667,
      "lng": 75.566667
    },
    {
      "cityName": "Pala",
      "lat": 14.8,
      "lng": 75.033333
    },
    {
      "cityName": "Pamankallur",
      "lat": 16.116667,
      "lng": 76.683333
    },
    {
      "cityName": "Panaje",
      "lat": 12.683333,
      "lng": 75.483333
    },
    {
      "cityName": "Panemangaluru",
      "lat": 12.866667,
      "lng": 75.05
    },
    {
      "cityName": "Pangala",
      "lat": 13.25,
      "lng": 74.75
    },
    {
      "cityName": "Papinayakanahalli",
      "lat": 15.25,
      "lng": 76.5
    },
    {
      "cityName": "Parasurampura",
      "lat": 14.266667,
      "lng": 76.883333
    },
    {
      "cityName": "Parsawli",
      "lat": 17.583333,
      "lng": 76.466667
    },
    {
      "cityName": "Parvatabad",
      "lat": 17.183333,
      "lng": 76.8
    },
    {
      "cityName": "Patadkal",
      "lat": 15.966667,
      "lng": 75.8
    },
    {
      "cityName": "Patapalya",
      "lat": 13.716667,
      "lng": 77.95
    },
    {
      "cityName": "Patna",
      "lat": 12.766667,
      "lng": 74.866667
    },
    {
      "cityName": "Patya",
      "lat": 15.233333,
      "lng": 74.483333
    },
    {
      "cityName": "Pavagada",
      "lat": 14.1,
      "lng": 77.266667
    },
    {
      "cityName": "Perduru",
      "lat": 13.383333,
      "lng": 74.9
    },
    {
      "cityName": "Pet Sirur",
      "lat": 17.216667,
      "lng": 76.983333
    },
    {
      "cityName": "Piriyapatna",
      "lat": 12.339722,
      "lng": 76.099167
    },
    {
      "cityName": "Ponnampet",
      "lat": 12.15,
      "lng": 75.933333
    },
    {
      "cityName": "Potolai",
      "lat": 15.166667,
      "lng": 74.5
    },
    {
      "cityName": "Punjalkatte",
      "lat": 12.95,
      "lng": 75.183333
    },
    {
      "cityName": "Purigal",
      "lat": 12.266667,
      "lng": 77.016667
    },
    {
      "cityName": "Puttur",
      "lat": 12.766667,
      "lng": 75.216667
    },
    {
      "cityName": "Rabkavi",
      "lat": 16.466667,
      "lng": 75.1
    },
    {
      "cityName": "Raichur",
      "lat": 16.2,
      "lng": 77.366667
    },
    {
      "cityName": "Rajaisur",
      "lat": 17.8,
      "lng": 77.05
    },
    {
      "cityName": "Rajalbanda",
      "lat": 16.15,
      "lng": 77.45
    },
    {
      "cityName": "Ramanathapura",
      "lat": 12.616667,
      "lng": 76.083333
    },
    {
      "cityName": "Ramandrug",
      "lat": 15.133333,
      "lng": 76.466667
    },
    {
      "cityName": "Ramanguli",
      "lat": 14.8,
      "lng": 74.583333
    },
    {
      "cityName": "Ramapuram",
      "lat": 12,
      "lng": 77.383333
    },
    {
      "cityName": "Ramdrug",
      "lat": 15.95,
      "lng": 75.3
    },
    {
      "cityName": "Ramgiri",
      "lat": 13.955278,
      "lng": 76.1225
    },
    {
      "cityName": "Rampura",
      "lat": 14.883333,
      "lng": 76.8
    },
    {
      "cityName": "Ranibennur",
      "lat": 14.616667,
      "lng": 75.616667
    },
    {
      "cityName": "Ratkal",
      "lat": 17.45,
      "lng": 77.116667
    },
    {
      "cityName": "Rattihalli",
      "lat": 14.416667,
      "lng": 75.5
    },
    {
      "cityName": "Rayalpadu",
      "lat": 13.533333,
      "lng": 78.35
    },
    {
      "cityName": "Raybagh",
      "lat": 16.483333,
      "lng": 74.783333
    },
    {
      "cityName": "Riponpet",
      "lat": 13.983333,
      "lng": 75.266667
    },
    {
      "cityName": "Robertsonpet",
      "lat": 12.966667,
      "lng": 78.283333
    },
    {
      "cityName": "Ron",
      "lat": 15.666667,
      "lng": 75.733333
    },
    {
      "cityName": "Roogee",
      "lat": 17.1,
      "lng": 75.966667
    },
    {
      "cityName": "Rugi",
      "lat": 16.95,
      "lng": 76.033333
    },
    {
      "cityName": "Rupanagudi",
      "lat": 15.05,
      "lng": 77.066667
    },
    {
      "cityName": "Rupnayal",
      "lat": 16.5,
      "lng": 74.65
    },
    {
      "cityName": "Sadalga",
      "lat": 16.566667,
      "lng": 74.55
    },
    {
      "cityName": "Sadali",
      "lat": 13.633333,
      "lng": 77.866667
    },
    {
      "cityName": "Sadashivgarh",
      "lat": 14.85,
      "lng": 74.116667
    },
    {
      "cityName": "Sagar",
      "lat": 14.166667,
      "lng": 75.033333
    },
    {
      "cityName": "Sakkarepatna",
      "lat": 13.433333,
      "lng": 75.916667
    },
    {
      "cityName": "Saklaspur",
      "lat": 12.966667,
      "lng": 75.783333
    },
    {
      "cityName": "Salagama",
      "lat": 13.083333,
      "lng": 76.083333
    },
    {
      "cityName": "Salgundi",
      "lat": 15.666667,
      "lng": 76.833333
    },
    {
      "cityName": "Saligrama",
      "lat": 12.561944,
      "lng": 76.261944
    },
    {
      "cityName": "Salotgi",
      "lat": 17.133333,
      "lng": 76.016667
    },
    {
      "cityName": "Sambrani",
      "lat": 15.25,
      "lng": 74.766667
    },
    {
      "cityName": "Sambra",
      "lat": 15.866667,
      "lng": 74.616667
    },
    {
      "cityName": "Sampaji",
      "lat": 12.483333,
      "lng": 75.55
    },
    {
      "cityName": "Sandur",
      "lat": 15.1,
      "lng": 76.55
    },
    {
      "cityName": "Sangameswarpet",
      "lat": 13.366667,
      "lng": 75.533333
    },
    {
      "cityName": "Sangam",
      "lat": 16.2,
      "lng": 76.05
    },
    {
      "cityName": "Sanganakallu",
      "lat": 15.183333,
      "lng": 76.966667
    },
    {
      "cityName": "Sanikatta",
      "lat": 14.533333,
      "lng": 74.35
    },
    {
      "cityName": "Sanivarsante",
      "lat": 12.733333,
      "lng": 75.9
    },
    {
      "cityName": "Sankeshvar",
      "lat": 16.266667,
      "lng": 74.483333
    },
    {
      "cityName": "Santaveri",
      "lat": 13.533333,
      "lng": 75.8
    },
    {
      "cityName": "Sante Bachahalli",
      "lat": 12.809167,
      "lng": 76.583333
    },
    {
      "cityName": "Sante Bennur",
      "lat": 14.166667,
      "lng": 76.016667
    },
    {
      "cityName": "Santemarahalli",
      "lat": 12.047222,
      "lng": 76.985278
    },
    {
      "cityName": "Santpur",
      "lat": 18.15,
      "lng": 77.433333
    },
    {
      "cityName": "Saondalga",
      "lat": 16.483333,
      "lng": 74.35
    },
    {
      "cityName": "Sargapur",
      "lat": 17.483333,
      "lng": 76.916667
    },
    {
      "cityName": "Sargur",
      "lat": 11.983333,
      "lng": 76.416667
    },
    {
      "cityName": "Sarjapur",
      "lat": 12.816667,
      "lng": 77.783333
    },
    {
      "cityName": "Saslu",
      "lat": 13.433333,
      "lng": 77.366667
    },
    {
      "cityName": "Sathalli",
      "lat": 12.868889,
      "lng": 76.022778
    },
    {
      "cityName": "Satihal",
      "lat": 16.716667,
      "lng": 76.066667
    },
    {
      "cityName": "Satnuru",
      "lat": 12.45,
      "lng": 77.316667
    },
    {
      "cityName": "Sattegalam",
      "lat": 12.233333,
      "lng": 77.166667
    },
    {
      "cityName": "Sattigeri",
      "lat": 16.033333,
      "lng": 75.05
    },
    {
      "cityName": "Satti",
      "lat": 16.583333,
      "lng": 75.083333
    },
    {
      "cityName": "Sattur",
      "lat": 15.416667,
      "lng": 75.066667
    },
    {
      "cityName": "Saundatti",
      "lat": 15.783333,
      "lng": 75.116667
    },
    {
      "cityName": "Saunshi",
      "lat": 15.216667,
      "lng": 75.3
    },
    {
      "cityName": "Savaigi",
      "lat": 16.666667,
      "lng": 75.35
    },
    {
      "cityName": "Savalanga",
      "lat": 14.1,
      "lng": 75.516667
    },
    {
      "cityName": "Savanur",
      "lat": 14.966667,
      "lng": 75.35
    },
    {
      "cityName": "Sedam",
      "lat": 17.183333,
      "lng": 77.283333
    },
    {
      "cityName": "Sehgaon",
      "lat": 17.35,
      "lng": 75.883333
    },
    {
      "cityName": "Seringapatam",
      "lat": 12.419444,
      "lng": 76.684444
    },
    {
      "cityName": "Shahabad Deccan",
      "lat": 17.133333,
      "lng": 76.933333
    },
    {
      "cityName": "Shahapur",
      "lat": 15.85,
      "lng": 74.516667
    },
    {
      "cityName": "Shahpur",
      "lat": 16.7,
      "lng": 76.833333
    },
    {
      "cityName": "Shigaon",
      "lat": 15,
      "lng": 75.233333
    },
    {
      "cityName": "Shikarpur",
      "lat": 14.266667,
      "lng": 75.35
    },
    {
      "cityName": "Shimoga",
      "lat": 13.922222,
      "lng": 75.573611
    },
    {
      "cityName": "Shiradi",
      "lat": 12.833333,
      "lng": 75.516667
    },
    {
      "cityName": "Shirali",
      "lat": 14.016667,
      "lng": 74.516667
    },
    {
      "cityName": "Shirguppi",
      "lat": 15.366667,
      "lng": 75.283333
    },
    {
      "cityName": "Shirhatti",
      "lat": 15.233333,
      "lng": 75.583333
    },
    {
      "cityName": "Shirola",
      "lat": 15.2,
      "lng": 74.366667
    },
    {
      "cityName": "Shivasamudrum",
      "lat": 12.266667,
      "lng": 77.166667
    },
    {
      "cityName": "Shorapur",
      "lat": 16.516667,
      "lng": 76.75
    },
    {
      "cityName": "Shravanabelagola",
      "lat": 12.858333,
      "lng": 76.489444
    },
    {
      "cityName": "Shrirangapattana",
      "lat": 12.413611,
      "lng": 76.704167
    },
    {
      "cityName": "Sidapur",
      "lat": 12.3,
      "lng": 75.866667
    },
    {
      "cityName": "Siddapura",
      "lat": 14.8,
      "lng": 76.8
    },
    {
      "cityName": "Siddapur",
      "lat": 14.333333,
      "lng": 74.883333
    },
    {
      "cityName": "Sidlaghatta",
      "lat": 13.388056,
      "lng": 77.862778
    },
    {
      "cityName": "Sindgi",
      "lat": 16.916667,
      "lng": 76.233333
    },
    {
      "cityName": "Sindhavalli",
      "lat": 12.2,
      "lng": 76.633333
    },
    {
      "cityName": "Sindhnur",
      "lat": 15.783333,
      "lng": 76.766667
    },
    {
      "cityName": "Sindughatta",
      "lat": 12.697778,
      "lng": 76.535278
    },
    {
      "cityName": "Siraikoppa",
      "lat": 14.383333,
      "lng": 75.25
    },
    {
      "cityName": "Sira",
      "lat": 13.745278,
      "lng": 76.909167
    },
    {
      "cityName": "Sirigeri",
      "lat": 15.45,
      "lng": 76.85
    },
    {
      "cityName": "Sirsi",
      "lat": 14.616667,
      "lng": 74.85
    },
    {
      "cityName": "Siruguppa",
      "lat": 15.633333,
      "lng": 76.9
    },
    {
      "cityName": "Sirur",
      "lat": 16.1,
      "lng": 75.783333
    },
    {
      "cityName": "Sirvar",
      "lat": 16.166667,
      "lng": 77.033333
    },
    {
      "cityName": "Sirwal",
      "lat": 16.8,
      "lng": 76.883333
    },
    {
      "cityName": "Sivaganga",
      "lat": 13.166667,
      "lng": 77.233333
    },
    {
      "cityName": "Sivane",
      "lat": 13.814167,
      "lng": 76.034444
    },
    {
      "cityName": "Sollebail",
      "lat": 13.4,
      "lng": 75.366667
    },
    {
      "cityName": "Solur",
      "lat": 13.078611,
      "lng": 77.230278
    },
    {
      "cityName": "Somaishwar",
      "lat": 13.5,
      "lng": 75.066667
    },
    {
      "cityName": "Somanathapur",
      "lat": 12.266667,
      "lng": 76.883333
    },
    {
      "cityName": "Somvarpet",
      "lat": 12.6,
      "lng": 75.866667
    },
    {
      "cityName": "Sonath",
      "lat": 17.616667,
      "lng": 77.116667
    },
    {
      "cityName": "Sonda",
      "lat": 14.733333,
      "lng": 74.8
    },
    {
      "cityName": "Sondekoppa",
      "lat": 13,
      "lng": 77.366667
    },
    {
      "cityName": "Sorab",
      "lat": 14.383333,
      "lng": 75.1
    },
    {
      "cityName": "Sosale",
      "lat": 12.233333,
      "lng": 76.916667
    },
    {
      "cityName": "Srimangala",
      "lat": 12.016667,
      "lng": 75.966667
    },
    {
      "cityName": "Sringeri",
      "lat": 13.416667,
      "lng": 75.25
    },
    {
      "cityName": "Srinivaspur",
      "lat": 13.333333,
      "lng": 78.216667
    },
    {
      "cityName": "Subrahmanya",
      "lat": 12.666667,
      "lng": 75.6
    },
    {
      "cityName": "Sudi",
      "lat": 15.733333,
      "lng": 75.883333
    },
    {
      "cityName": "Suguturu",
      "lat": 13.216667,
      "lng": 78.1
    },
    {
      "cityName": "Sulahpet",
      "lat": 17.4,
      "lng": 77.35
    },
    {
      "cityName": "Sulibele",
      "lat": 13.165,
      "lng": 77.801667
    },
    {
      "cityName": "Sulya",
      "lat": 12.566667,
      "lng": 75.383333
    },
    {
      "cityName": "Sunag",
      "lat": 16.3,
      "lng": 75.633333
    },
    {
      "cityName": "Sunksal",
      "lat": 14.733333,
      "lng": 74.516667
    },
    {
      "cityName": "Suntikoppa",
      "lat": 12.466667,
      "lng": 75.833333
    },
    {
      "cityName": "Supa",
      "lat": 15.266667,
      "lng": 74.5
    },
    {
      "cityName": "Suraikal",
      "lat": 12.983333,
      "lng": 74.783333
    },
    {
      "cityName": "Suriban",
      "lat": 15.883333,
      "lng": 75.383333
    },
    {
      "cityName": "Swamihalli",
      "lat": 14.966667,
      "lng": 76.616667
    },
    {
      "cityName": "Tadas",
      "lat": 15.133333,
      "lng": 75.116667
    },
    {
      "cityName": "Tadri",
      "lat": 14.516667,
      "lng": 74.35
    },
    {
      "cityName": "Tagadur",
      "lat": 12.088889,
      "lng": 76.791111
    },
    {
      "cityName": "Takkalakote",
      "lat": 15.533333,
      "lng": 76.883333
    },
    {
      "cityName": "Talagvara",
      "lat": 13.310833,
      "lng": 77.975278
    },
    {
      "cityName": "Talakad",
      "lat": 12.2,
      "lng": 77.033333
    },
    {
      "cityName": "Talakalla",
      "lat": 15.366667,
      "lng": 76.016667
    },
    {
      "cityName": "Talguppa",
      "lat": 14.216667,
      "lng": 74.933333
    },
    {
      "cityName": "Talikota",
      "lat": 16.483333,
      "lng": 76.316667
    },
    {
      "cityName": "Tallak",
      "lat": 14.466667,
      "lng": 76.683333
    },
    {
      "cityName": "Talmamadi",
      "lat": 17.483333,
      "lng": 77.65
    },
    {
      "cityName": "Talya",
      "lat": 14.016667,
      "lng": 76.266667
    },
    {
      "cityName": "Tambarahalli",
      "lat": 15.166667,
      "lng": 76.166667
    },
    {
      "cityName": "Tamba",
      "lat": 16.983333,
      "lng": 75.983333
    },
    {
      "cityName": "Tangadgi",
      "lat": 16.216667,
      "lng": 76.1
    },
    {
      "cityName": "Tarikere",
      "lat": 13.716667,
      "lng": 75.816667
    },
    {
      "cityName": "Tathni",
      "lat": 16.4,
      "lng": 76.666667
    },
    {
      "cityName": "Tavaregere",
      "lat": 13.791944,
      "lng": 76.804167
    },
    {
      "cityName": "Tavarekere",
      "lat": 12.966667,
      "lng": 77.4
    },
    {
      "cityName": "Tavarekeri",
      "lat": 12.916667,
      "lng": 77.616667
    },
    {
      "cityName": "Tavergira",
      "lat": 15.766667,
      "lng": 76.4
    },
    {
      "cityName": "Tayilur",
      "lat": 13.066667,
      "lng": 78.416667
    },
    {
      "cityName": "Teligi",
      "lat": 14.666667,
      "lng": 75.9
    },
    {
      "cityName": "Telsang",
      "lat": 16.8,
      "lng": 75.333333
    },
    {
      "cityName": "Terakanambi",
      "lat": 11.816667,
      "lng": 76.8
    },
    {
      "cityName": "Terdal",
      "lat": 16.5,
      "lng": 75.05
    },
    {
      "cityName": "Tikota",
      "lat": 16.85,
      "lng": 75.516667
    },
    {
      "cityName": "Tilvalli",
      "lat": 14.633333,
      "lng": 75.233333
    },
    {
      "cityName": "Tingli",
      "lat": 17.25,
      "lng": 77.15
    },
    {
      "cityName": "Tiptur",
      "lat": 13.258611,
      "lng": 76.478333
    },
    {
      "cityName": "Tirthahalli",
      "lat": 13.7,
      "lng": 75.233333
    },
    {
      "cityName": "Tirumakudal Narsipur",
      "lat": 12.21,
      "lng": 76.906389
    },
    {
      "cityName": "Tirumani",
      "lat": 14.25,
      "lng": 77.433333
    },
    {
      "cityName": "Titimati",
      "lat": 12.223889,
      "lng": 76.004444
    },
    {
      "cityName": "Titvali",
      "lat": 15.3,
      "lng": 74.416667
    },
    {
      "cityName": "Tondebhavi",
      "lat": 13.508889,
      "lng": 77.521667
    },
    {
      "cityName": "Tonnur",
      "lat": 12.566667,
      "lng": 76.65
    },
    {
      "cityName": "Topaldoddi",
      "lat": 16.183333,
      "lng": 76.783333
    },
    {
      "cityName": "Toranagallu",
      "lat": 15.2,
      "lng": 76.683333
    },
    {
      "cityName": "Torgai",
      "lat": 15.933333,
      "lng": 75.216667
    },
    {
      "cityName": "Tumakooru",
      "lat": 13.342222,
      "lng": 77.101667
    },
    {
      "cityName": "Tumbgi",
      "lat": 16.583333,
      "lng": 76.3
    },
    {
      "cityName": "Tuminkatti",
      "lat": 14.416667,
      "lng": 75.616667
    },
    {
      "cityName": "Turbihal",
      "lat": 15.766667,
      "lng": 76.6
    },
    {
      "cityName": "Turk Madhwaram",
      "lat": 16.633333,
      "lng": 77.333333
    },
    {
      "cityName": "Turuvanur",
      "lat": 14.4,
      "lng": 76.433333
    },
    {
      "cityName": "Turuvekere",
      "lat": 13.164167,
      "lng": 76.666667
    },
    {
      "cityName": "Tyagli",
      "lat": 14.483333,
      "lng": 74.866667
    },
    {
      "cityName": "Tyakal",
      "lat": 12.983333,
      "lng": 78.083333
    },
    {
      "cityName": "Tyamagondal",
      "lat": 13.222222,
      "lng": 77.281944
    },
    {
      "cityName": "Uchchangidurgam",
      "lat": 14.566667,
      "lng": 76.066667
    },
    {
      "cityName": "Udayavara",
      "lat": 13.283333,
      "lng": 74.733333
    },
    {
      "cityName": "Udipi",
      "lat": 13.35,
      "lng": 74.75
    },
    {
      "cityName": "Ugargol",
      "lat": 15.733333,
      "lng": 75.183333
    },
    {
      "cityName": "Ujjini",
      "lat": 14.733333,
      "lng": 76.3
    },
    {
      "cityName": "Ulaul",
      "lat": 12.8,
      "lng": 74.85
    },
    {
      "cityName": "Ului",
      "lat": 15,
      "lng": 74.516667
    },
    {
      "cityName": "Ulvi",
      "lat": 14.266667,
      "lng": 75.116667
    },
    {
      "cityName": "Umblibail",
      "lat": 13.766667,
      "lng": 75.566667
    },
    {
      "cityName": "Ummattur",
      "lat": 12.063611,
      "lng": 76.905833
    },
    {
      "cityName": "Uppinangadi",
      "lat": 12.833333,
      "lng": 75.25
    },
    {
      "cityName": "Urdigere",
      "lat": 13.340556,
      "lng": 77.230278
    },
    {
      "cityName": "Uttahur",
      "lat": 16.183333,
      "lng": 77.1
    },
    {
      "cityName": "Vaddanhal",
      "lat": 14,
      "lng": 75.983333
    },
    {
      "cityName": "Vagarpura",
      "lat": 11.933333,
      "lng": 77.016667
    },
    {
      "cityName": "Vaghotan",
      "lat": 16.5,
      "lng": 76.433333
    },
    {
      "cityName": "Vakkaleri",
      "lat": 13.083333,
      "lng": 78.05
    },
    {
      "cityName": "Vandse",
      "lat": 13.7,
      "lng": 74.75
    },
    {
      "cityName": "Vanivilasa Mohalla",
      "lat": 12.316667,
      "lng": 76.633333
    },
    {
      "cityName": "Vanivilasapura",
      "lat": 13.903333,
      "lng": 76.491667
    },
    {
      "cityName": "Vannur",
      "lat": 15.966667,
      "lng": 74.916667
    },
    {
      "cityName": "Vastara",
      "lat": 13.266667,
      "lng": 75.716667
    },
    {
      "cityName": "Vemagallu",
      "lat": 13.2,
      "lng": 78.016667
    },
    {
      "cityName": "Venkatapur",
      "lat": 16.266667,
      "lng": 77.25
    },
    {
      "cityName": "Venur",
      "lat": 13.016667,
      "lng": 75.133333
    },
    {
      "cityName": "Vijayapura",
      "lat": 13.293611,
      "lng": 77.801667
    },
    {
      "cityName": "Virarajendrapet",
      "lat": 12.2,
      "lng": 75.8
    },
    {
      "cityName": "Vitla",
      "lat": 12.766667,
      "lng": 75.083333
    },
    {
      "cityName": "Wadgaon",
      "lat": 18.133333,
      "lng": 77.533333
    },
    {
      "cityName": "Wadgira",
      "lat": 16.583333,
      "lng": 77.1
    },
    {
      "cityName": "Wadgiri",
      "lat": 16.766667,
      "lng": 76.55
    },
    {
      "cityName": "Wadi",
      "lat": 17.066667,
      "lng": 76.983333
    },
    {
      "cityName": "Wajal",
      "lat": 16.483333,
      "lng": 76.533333
    },
    {
      "cityName": "Wandalli",
      "lat": 16.25,
      "lng": 76.75
    },
    {
      "cityName": "Whitefield",
      "lat": 12.966667,
      "lng": 77.75
    },
    {
      "cityName": "Yadgir",
      "lat": 16.766667,
      "lng": 77.133333
    },
    {
      "cityName": "Yadgud",
      "lat": 16.316667,
      "lng": 74.6
    },
    {
      "cityName": "Yadiyur",
      "lat": 12.972778,
      "lng": 76.859444
    },
    {
      "cityName": "Ydvd",
      "lat": 16.233333,
      "lng": 75.166667
    },
    {
      "cityName": "Yagati",
      "lat": 13.627778,
      "lng": 76.149444
    },
    {
      "cityName": "Yaliyur",
      "lat": 12.516667,
      "lng": 76.833333
    },
    {
      "cityName": "Yalladabagi",
      "lat": 13.266667,
      "lng": 76.766667
    },
    {
      "cityName": "Yalvigi",
      "lat": 15.033333,
      "lng": 75.383333
    },
    {
      "cityName": "Yandigeri",
      "lat": 16.133333,
      "lng": 75.483333
    },
    {
      "cityName": "Yankanchi",
      "lat": 16.866667,
      "lng": 76.35
    },
    {
      "cityName": "Yargatti",
      "lat": 15.966667,
      "lng": 75.016667
    },
    {
      "cityName": "Yargol",
      "lat": 16.9,
      "lng": 77.066667
    },
    {
      "cityName": "Yarnal",
      "lat": 16.6,
      "lng": 75.85
    },
    {
      "cityName": "Yebarhatti",
      "lat": 16.55,
      "lng": 74.983333
    },
    {
      "cityName": "Yedatore",
      "lat": 12.466667,
      "lng": 76.4
    },
    {
      "cityName": "Yedhalli",
      "lat": 16.833333,
      "lng": 77.15
    },
    {
      "cityName": "Yedrami",
      "lat": 16.866667,
      "lng": 76.533333
    },
    {
      "cityName": "Yelahanka",
      "lat": 13.1075,
      "lng": 77.600278
    },
    {
      "cityName": "Yelandur",
      "lat": 12.066667,
      "lng": 77.033333
    },
    {
      "cityName": "Yelbarga",
      "lat": 15.633333,
      "lng": 76.016667
    },
    {
      "cityName": "Yellapur",
      "lat": 14.966667,
      "lng": 74.716667
    },
    {
      "cityName": "Yergara",
      "lat": 16.066667,
      "lng": 77.416667
    },
    {
      "cityName": "Yermaras",
      "lat": 16.266667,
      "lng": 77.366667
    },
    {
      "cityName": "Yerukalave",
      "lat": 13.433333,
      "lng": 78.3
    },
    {
      "cityName": "Yesvantpur",
      "lat": 13.05,
      "lng": 77.583333
    }
  ]
}