{
  "name": "Arunachal Pradesh",
  "cities": [
    {
      "cityName": "Acheshon",
      "lat": 28.9,
      "lng": 95.966667
    },
    {
      "cityName": "Aholin",
      "lat": 28.433333,
      "lng": 95.7
    },
    {
      "cityName": "Akolin",
      "lat": 28.8,
      "lng": 95.95
    },
    {
      "cityName": "Along",
      "lat": 28.166667,
      "lng": 94.766667
    },
    {
      "cityName": "Alonung",
      "lat": 28.383333,
      "lng": 95.55
    },
    {
      "cityName": "Amatulla",
      "lat": 26.95,
      "lng": 92.15
    },
    {
      "cityName": "Amili",
      "lat": 28.433333,
      "lng": 95.866667
    },
    {
      "cityName": "Anelih",
      "lat": 28.516667,
      "lng": 95.783333
    },
    {
      "cityName": "Angatsi",
      "lat": 28.316667,
      "lng": 95.533333
    },
    {
      "cityName": "Apranli",
      "lat": 28.516667,
      "lng": 95.883333
    },
    {
      "cityName": "Aprünyi",
      "lat": 28.583333,
      "lng": 95.85
    },
    {
      "cityName": "Ardai",
      "lat": 28.466667,
      "lng": 95.516667
    },
    {
      "cityName": "Aropu",
      "lat": 28.633333,
      "lng": 95.966667
    },
    {
      "cityName": "Ashalin",
      "lat": 28.6,
      "lng": 95.55
    },
    {
      "cityName": "Asonli",
      "lat": 28.733333,
      "lng": 95.616667
    },
    {
      "cityName": "Bacha",
      "lat": 27.116667,
      "lng": 93.666667
    },
    {
      "cityName": "Balek",
      "lat": 28.066667,
      "lng": 95.3
    },
    {
      "cityName": "Balu",
      "lat": 27.816667,
      "lng": 93.9
    },
    {
      "cityName": "Basar",
      "lat": 27.983333,
      "lng": 94.666667
    },
    {
      "cityName": "Bhalukpung",
      "lat": 27.05,
      "lng": 92.6
    },
    {
      "cityName": "Bindula",
      "lat": 27.8,
      "lng": 93.766667
    },
    {
      "cityName": "Bini",
      "lat": 27.666667,
      "lng": 94.166667
    },
    {
      "cityName": "Boga",
      "lat": 28.533333,
      "lng": 94.666667
    },
    {
      "cityName": "Bomak",
      "lat": 28.233333,
      "lng": 95.55
    },
    {
      "cityName": "Bomdila",
      "lat": 27.25,
      "lng": 92.4
    },
    {
      "cityName": "Bomdo",
      "lat": 28.733333,
      "lng": 94.9
    },
    {
      "cityName": "Bomjur",
      "lat": 28.133333,
      "lng": 95.7
    },
    {
      "cityName": "Borduria",
      "lat": 27.033333,
      "lng": 95.483333
    },
    {
      "cityName": "Boru",
      "lat": 28.266667,
      "lng": 94.6
    },
    {
      "cityName": "Brahmakund",
      "lat": 27.866667,
      "lng": 96.366667
    },
    {
      "cityName": "Bruini",
      "lat": 29.166667,
      "lng": 96.183333
    },
    {
      "cityName": "Budh",
      "lat": 27.9,
      "lng": 96.516667
    },
    {
      "cityName": "Buha",
      "lat": 27.7,
      "lng": 93.966667
    },
    {
      "cityName": "But",
      "lat": 27.333333,
      "lng": 92.466667
    },
    {
      "cityName": "Chalan",
      "lat": 27.4,
      "lng": 92.75
    },
    {
      "cityName": "Chameliang",
      "lat": 28.083333,
      "lng": 96.533333
    },
    {
      "cityName": "Changro",
      "lat": 27.783333,
      "lng": 96.35
    },
    {
      "cityName": "Chantam",
      "lat": 27.716667,
      "lng": 96.233333
    },
    {
      "cityName": "Chareimna",
      "lat": 28.183333,
      "lng": 96.683333
    },
    {
      "cityName": "Chemgeng",
      "lat": 27.216667,
      "lng": 93.116667
    },
    {
      "cityName": "Chemir",
      "lat": 27.716667,
      "lng": 94.033333
    },
    {
      "cityName": "Chengele",
      "lat": 28.783333,
      "lng": 96.266667
    },
    {
      "cityName": "Chepwe",
      "lat": 28.616667,
      "lng": 95.483333
    },
    {
      "cityName": "Chhota Dirak",
      "lat": 27.7,
      "lng": 95.766667
    },
    {
      "cityName": "Chibuni",
      "lat": 28.666667,
      "lng": 96.15
    },
    {
      "cityName": "Chira",
      "lat": 27.716667,
      "lng": 96.483333
    },
    {
      "cityName": "Chod",
      "lat": 27.366667,
      "lng": 93.766667
    },
    {
      "cityName": "Chonkham",
      "lat": 27.8,
      "lng": 96.033333
    },
    {
      "cityName": "Chopnyu",
      "lat": 26.983333,
      "lng": 95.316667
    },
    {
      "cityName": "Chug",
      "lat": 27.45,
      "lng": 92.216667
    },
    {
      "cityName": "Chumba",
      "lat": 27.666667,
      "lng": 92.3
    },
    {
      "cityName": "Chuna",
      "lat": 27.733333,
      "lng": 92.233333
    },
    {
      "cityName": "Chunpura",
      "lat": 27.833333,
      "lng": 95.866667
    },
    {
      "cityName": "Dabom",
      "lat": 27.8,
      "lng": 93.983333
    },
    {
      "cityName": "Dahung",
      "lat": 27.3,
      "lng": 92.383333
    },
    {
      "cityName": "Dalbuing",
      "lat": 28.533333,
      "lng": 95.166667
    },
    {
      "cityName": "Dambuk",
      "lat": 28.266667,
      "lng": 95.6
    },
    {
      "cityName": "Damro",
      "lat": 28.433333,
      "lng": 95.233333
    },
    {
      "cityName": "Danli",
      "lat": 28.616667,
      "lng": 95.716667
    },
    {
      "cityName": "Daring",
      "lat": 27.866667,
      "lng": 94.816667
    },
    {
      "cityName": "Demwe",
      "lat": 27.9,
      "lng": 96.3
    },
    {
      "cityName": "Dening",
      "lat": 28.016667,
      "lng": 96.233333
    },
    {
      "cityName": "Dijungania",
      "lat": 27.366667,
      "lng": 92.766667
    },
    {
      "cityName": "Dirang",
      "lat": 27.333333,
      "lng": 92.266667
    },
    {
      "cityName": "Dirji",
      "lat": 27.266667,
      "lng": 93.066667
    },
    {
      "cityName": "Doimara",
      "lat": 26.983333,
      "lng": 92.4
    },
    {
      "cityName": "Doimukh",
      "lat": 27.15,
      "lng": 93.75
    },
    {
      "cityName": "Domkeng",
      "lat": 28.05,
      "lng": 94.716667
    },
    {
      "cityName": "Dong",
      "lat": 28.15,
      "lng": 97.033333
    },
    {
      "cityName": "Donli",
      "lat": 28.25,
      "lng": 96.116667
    },
    {
      "cityName": "Dorkang",
      "lat": 28.133333,
      "lng": 94.783333
    },
    {
      "cityName": "Dosing",
      "lat": 27.983333,
      "lng": 95.05
    },
    {
      "cityName": "Dui Yambi",
      "lat": 27.833333,
      "lng": 93.483333
    },
    {
      "cityName": "Dukpen",
      "lat": 27.2,
      "lng": 92.4
    },
    {
      "cityName": "Duta",
      "lat": 27.583333,
      "lng": 93.833333
    },
    {
      "cityName": "Embragon",
      "lat": 28.55,
      "lng": 95.716667
    },
    {
      "cityName": "Etalin",
      "lat": 28.6,
      "lng": 95.883333
    },
    {
      "cityName": "Gamkik",
      "lat": 28.066667,
      "lng": 94.566667
    },
    {
      "cityName": "Gasheng",
      "lat": 28.633333,
      "lng": 94.633333
    },
    {
      "cityName": "Gasigaon",
      "lat": 27.766667,
      "lng": 94.416667
    },
    {
      "cityName": "Geling",
      "lat": 29.15,
      "lng": 94.983333
    },
    {
      "cityName": "Gette",
      "lat": 28.683333,
      "lng": 95.016667
    },
    {
      "cityName": "Gocham",
      "lat": 27.766667,
      "lng": 94.2
    },
    {
      "cityName": "Gohaintan",
      "lat": 27.233333,
      "lng": 92.666667
    },
    {
      "cityName": "Grunli",
      "lat": 28.633333,
      "lng": 96
    },
    {
      "cityName": "Hachi",
      "lat": 27.766667,
      "lng": 94.033333
    },
    {
      "cityName": "Hapoli",
      "lat": 27.533333,
      "lng": 93.85
    },
    {
      "cityName": "Harmutigaon",
      "lat": 27.116667,
      "lng": 93.833333
    },
    {
      "cityName": "Hatu Yua",
      "lat": 27.433333,
      "lng": 93.783333
    },
    {
      "cityName": "Hayuliang",
      "lat": 28.083333,
      "lng": 96.55
    },
    {
      "cityName": "Helam",
      "lat": 27.883333,
      "lng": 93.383333
    },
    {
      "cityName": "Hong",
      "lat": 27.566667,
      "lng": 93.85
    },
    {
      "cityName": "hora",
      "lat": 27.833333,
      "lng": 93.65
    },
    {
      "cityName": "Horu Khunma",
      "lat": 27.016667,
      "lng": 95.566667
    },
    {
      "cityName": "Hupu",
      "lat": 28.783333,
      "lng": 95.883333
    },
    {
      "cityName": "Ibniyi",
      "lat": 28.633333,
      "lng": 95.7
    },
    {
      "cityName": "Idilin",
      "lat": 28.666667,
      "lng": 96.016667
    },
    {
      "cityName": "Ipilin",
      "lat": 28.4,
      "lng": 95.683333
    },
    {
      "cityName": "Jamiri",
      "lat": 27.2,
      "lng": 92.583333
    },
    {
      "cityName": "Jang",
      "lat": 27.566667,
      "lng": 91.983333
    },
    {
      "cityName": "Jaram",
      "lat": 28.05,
      "lng": 94.183333
    },
    {
      "cityName": "Jido",
      "lat": 28.966667,
      "lng": 94.933333
    },
    {
      "cityName": "Jining",
      "lat": 28.216667,
      "lng": 94.866667
    },
    {
      "cityName": "Jirigam",
      "lat": 27.966667,
      "lng": 96.233333
    },
    {
      "cityName": "Joying",
      "lat": 28.433333,
      "lng": 94.683333
    },
    {
      "cityName": "Kablongpu",
      "lat": 27.983333,
      "lng": 96.4
    },
    {
      "cityName": "Kadum",
      "lat": 27.8,
      "lng": 96.166667
    },
    {
      "cityName": "Kafi",
      "lat": 27.433333,
      "lng": 93.1
    },
    {
      "cityName": "Kahao",
      "lat": 28.283333,
      "lng": 97.016667
    },
    {
      "cityName": "Kalaktang",
      "lat": 27.1,
      "lng": 92.133333
    },
    {
      "cityName": "Kalom",
      "lat": 27.983333,
      "lng": 94.5
    },
    {
      "cityName": "Kamalabari",
      "lat": 27.883333,
      "lng": 94.116667
    },
    {
      "cityName": "Kambang",
      "lat": 28.216667,
      "lng": 94.666667
    },
    {
      "cityName": "Kamku",
      "lat": 27.5,
      "lng": 96.5
    },
    {
      "cityName": "Kamphu",
      "lat": 27.716667,
      "lng": 96.5
    },
    {
      "cityName": "Kangkar",
      "lat": 27.533333,
      "lng": 91.9
    },
    {
      "cityName": "Kapteng",
      "lat": 27.533333,
      "lng": 91.716667
    },
    {
      "cityName": "Karangania",
      "lat": 27.3,
      "lng": 92.766667
    },
    {
      "cityName": "Karko",
      "lat": 28.55,
      "lng": 95.066667
    },
    {
      "cityName": "Kebang",
      "lat": 28.166667,
      "lng": 95.05
    },
    {
      "cityName": "Kelangkania",
      "lat": 27.083333,
      "lng": 93.166667
    },
    {
      "cityName": "Kenze Mane",
      "lat": 27.8,
      "lng": 91.75
    },
    {
      "cityName": "Kerang",
      "lat": 28.35,
      "lng": 94.716667
    },
    {
      "cityName": "Khaitong",
      "lat": 28.016667,
      "lng": 96.766667
    },
    {
      "cityName": "Kharem",
      "lat": 27.816667,
      "lng": 96.133333
    },
    {
      "cityName": "Kodak",
      "lat": 28.3,
      "lng": 94.083333
    },
    {
      "cityName": "Kombong",
      "lat": 28.116667,
      "lng": 94.85
    },
    {
      "cityName": "Komra",
      "lat": 27.866667,
      "lng": 93.833333
    },
    {
      "cityName": "Komsing",
      "lat": 28.233333,
      "lng": 95
    },
    {
      "cityName": "Korbo",
      "lat": 29.133333,
      "lng": 95.033333
    },
    {
      "cityName": "Kuimbum",
      "lat": 27.966667,
      "lng": 96.716667
    },
    {
      "cityName": "Kumki",
      "lat": 27.266667,
      "lng": 96.9
    },
    {
      "cityName": "Lagam",
      "lat": 27.4,
      "lng": 92.4
    },
    {
      "cityName": "Laju",
      "lat": 26.933333,
      "lng": 95.583333
    },
    {
      "cityName": "Lang-chiu",
      "lat": 28.633333,
      "lng": 93.55
    },
    {
      "cityName": "Langjon",
      "lat": 28.05,
      "lng": 96.466667
    },
    {
      "cityName": "Lap",
      "lat": 27.683333,
      "lng": 92.333333
    },
    {
      "cityName": "Lapung",
      "lat": 27.55,
      "lng": 92.9
    },
    {
      "cityName": "Lathau",
      "lat": 27.75,
      "lng": 95.916667
    },
    {
      "cityName": "Lekhapani",
      "lat": 27.316667,
      "lng": 95.9
    },
    {
      "cityName": "Lepanglat",
      "lat": 27.95,
      "lng": 96.7
    },
    {
      "cityName": "Lhatsa Gömpa",
      "lat": 28.683333,
      "lng": 94.35
    },
    {
      "cityName": "Lhau",
      "lat": 27.566667,
      "lng": 91.95
    },
    {
      "cityName": "Lida",
      "lat": 28.033333,
      "lng": 94.216667
    },
    {
      "cityName": "Londa",
      "lat": 27.516667,
      "lng": 93.033333
    },
    {
      "cityName": "Lumpo",
      "lat": 27.716667,
      "lng": 91.7
    },
    {
      "cityName": "Machum",
      "lat": 27.3,
      "lng": 96.15
    },
    {
      "cityName": "Maiunli",
      "lat": 28.283333,
      "lng": 96.15
    },
    {
      "cityName": "Manan",
      "lat": 27.533333,
      "lng": 96.05
    },
    {
      "cityName": "Manmao",
      "lat": 27.2,
      "lng": 95.916667
    },
    {
      "cityName": "Manpang",
      "lat": 27.3,
      "lng": 96.1
    },
    {
      "cityName": "Mara",
      "lat": 28.183333,
      "lng": 94.1
    },
    {
      "cityName": "Margherita",
      "lat": 27.283333,
      "lng": 95.683333
    },
    {
      "cityName": "Marniu",
      "lat": 27.916667,
      "lng": 94.383333
    },
    {
      "cityName": "Mebu",
      "lat": 28.166667,
      "lng": 95.416667
    },
    {
      "cityName": "Mega",
      "lat": 28.466667,
      "lng": 94.7
    },
    {
      "cityName": "Mekba",
      "lat": 28.116667,
      "lng": 95.85
    },
    {
      "cityName": "Mepumna",
      "lat": 28.1,
      "lng": 96.616667
    },
    {
      "cityName": "Meshing",
      "lat": 28.016667,
      "lng": 94.583333
    },
    {
      "cityName": "Miao",
      "lat": 27.483333,
      "lng": 96.183333
    },
    {
      "cityName": "Mi-chin",
      "lat": 28.833333,
      "lng": 94.766667
    },
    {
      "cityName": "Mi-chi-tun",
      "lat": 28.666667,
      "lng": 93.616667
    },
    {
      "cityName": "Minutang",
      "lat": 28.216667,
      "lng": 96.533333
    },
    {
      "cityName": "Minzong",
      "lat": 27.883333,
      "lng": 96.933333
    },
    {
      "cityName": "Mipi",
      "lat": 28.95,
      "lng": 95.8
    },
    {
      "cityName": "Mön Tawang",
      "lat": 27.583333,
      "lng": 91.866667
    },
    {
      "cityName": "Mopung",
      "lat": 28.316667,
      "lng": 94.866667
    },
    {
      "cityName": "Moshing",
      "lat": 27.166667,
      "lng": 92.183333
    },
    {
      "cityName": "Mpen",
      "lat": 27.5,
      "lng": 96.25
    },
    {
      "cityName": "Mpong",
      "lat": 27.8,
      "lng": 96.116667
    },
    {
      "cityName": "Mrambon",
      "lat": 28.383333,
      "lng": 95.8
    },
    {
      "cityName": "Mukki",
      "lat": 28.083333,
      "lng": 94.216667
    },
    {
      "cityName": "Nayarok",
      "lat": 28.1,
      "lng": 94.683333
    },
    {
      "cityName": "Niaunyu",
      "lat": 26.866667,
      "lng": 95.333333
    },
    {
      "cityName": "Niktak",
      "lat": 27.966667,
      "lng": 93.85
    },
    {
      "cityName": "Ninging",
      "lat": 28.95,
      "lng": 94.816667
    },
    {
      "cityName": "Ningru",
      "lat": 27.633333,
      "lng": 95.866667
    },
    {
      "cityName": "Nioku",
      "lat": 27.933333,
      "lng": 94.133333
    },
    {
      "cityName": "Nizainghat",
      "lat": 28.266667,
      "lng": 95.7
    },
    {
      "cityName": "Nizau",
      "lat": 27.45,
      "lng": 92.633333
    },
    {
      "cityName": "Noju",
      "lat": 27.25,
      "lng": 93.533333
    },
    {
      "cityName": "Norang",
      "lat": 27.6,
      "lng": 92.966667
    },
    {
      "cityName": "Nring",
      "lat": 27.533333,
      "lng": 96.1
    },
    {
      "cityName": "Nyereng",
      "lat": 28.933333,
      "lng": 95.016667
    },
    {
      "cityName": "Nyeying",
      "lat": 28.483333,
      "lng": 94.433333
    },
    {
      "cityName": "Nyukmadong",
      "lat": 27.433333,
      "lng": 92.133333
    },
    {
      "cityName": "Nyuri",
      "lat": 27.7,
      "lng": 92.216667
    },
    {
      "cityName": "Pangchen",
      "lat": 27.683333,
      "lng": 91.766667
    },
    {
      "cityName": "Pareng",
      "lat": 28.4,
      "lng": 94.933333
    },
    {
      "cityName": "Par",
      "lat": 27.833333,
      "lng": 93.933333
    },
    {
      "cityName": "Pasighat",
      "lat": 28.066667,
      "lng": 95.333333
    },
    {
      "cityName": "Payagam",
      "lat": 27.1,
      "lng": 93.366667
    },
    {
      "cityName": "Payang",
      "lat": 28.033333,
      "lng": 96.066667
    },
    {
      "cityName": "Phutang",
      "lat": 27.233333,
      "lng": 92.233333
    },
    {
      "cityName": "Pika",
      "lat": 28.283333,
      "lng": 96.016667
    },
    {
      "cityName": "Pilu",
      "lat": 27.5,
      "lng": 93.7
    },
    {
      "cityName": "Plongliang",
      "lat": 28.283333,
      "lng": 96.566667
    },
    {
      "cityName": "Pointong",
      "lat": 27.5,
      "lng": 92.5
    },
    {
      "cityName": "Poyom",
      "lat": 28.233333,
      "lng": 94.583333
    },
    {
      "cityName": "Puchep",
      "lat": 27.233333,
      "lng": 95.933333
    },
    {
      "cityName": "Puging",
      "lat": 28.75,
      "lng": 94.95
    },
    {
      "cityName": "Punyang",
      "lat": 27.1,
      "lng": 95.9
    },
    {
      "cityName": "Pyudung",
      "lat": 27.25,
      "lng": 92.666667
    },
    {
      "cityName": "Rajja",
      "lat": 28.066667,
      "lng": 94.133333
    },
    {
      "cityName": "Ramsing",
      "lat": 28.65,
      "lng": 94.983333
    },
    {
      "cityName": "Rang",
      "lat": 27.35,
      "lng": 93.033333
    },
    {
      "cityName": "Riang",
      "lat": 27.533333,
      "lng": 92.933333
    },
    {
      "cityName": "Riga",
      "lat": 28.433333,
      "lng": 95.033333
    },
    {
      "cityName": "Rikor",
      "lat": 28.816667,
      "lng": 94.916667
    },
    {
      "cityName": "Riu",
      "lat": 28.316667,
      "lng": 95.05
    },
    {
      "cityName": "Rotung",
      "lat": 28.133333,
      "lng": 95.2
    },
    {
      "cityName": "Rungarh",
      "lat": 27.866667,
      "lng": 96.95
    },
    {
      "cityName": "Sachida",
      "lat": 27.283333,
      "lng": 92.566667
    },
    {
      "cityName": "Sagong",
      "lat": 27.983333,
      "lng": 94.833333
    },
    {
      "cityName": "Sakong",
      "lat": 27.433333,
      "lng": 92.8
    },
    {
      "cityName": "Sakti",
      "lat": 27.616667,
      "lng": 91.716667
    },
    {
      "cityName": "Sangma",
      "lat": 28.133333,
      "lng": 96.7
    },
    {
      "cityName": "Sartam",
      "lat": 28.016667,
      "lng": 93.8
    },
    {
      "cityName": "Semma",
      "lat": 27.25,
      "lng": 93.133333
    },
    {
      "cityName": "Senge Dzong",
      "lat": 27.466667,
      "lng": 92.1
    },
    {
      "cityName": "Senua",
      "lat": 26.9,
      "lng": 95.333333
    },
    {
      "cityName": "Shergaon",
      "lat": 27.116667,
      "lng": 92.266667
    },
    {
      "cityName": "Shikhi",
      "lat": 27.233333,
      "lng": 93.7
    },
    {
      "cityName": "Shimong",
      "lat": 28.6,
      "lng": 95.066667
    },
    {
      "cityName": "Shinli",
      "lat": 28.566667,
      "lng": 95.6
    },
    {
      "cityName": "Shoi",
      "lat": 28.533333,
      "lng": 94.416667
    },
    {
      "cityName": "Sibbuk",
      "lat": 28.35,
      "lng": 95.283333
    },
    {
      "cityName": "Sibbum",
      "lat": 28.3,
      "lng": 95.133333
    },
    {
      "cityName": "Sigar",
      "lat": 28.066667,
      "lng": 95.4
    },
    {
      "cityName": "Silli",
      "lat": 28.233333,
      "lng": 95.233333
    },
    {
      "cityName": "Singing",
      "lat": 28.883333,
      "lng": 94.783333
    },
    {
      "cityName": "Sulung",
      "lat": 27.183333,
      "lng": 93.316667
    },
    {
      "cityName": "Tado",
      "lat": 27.7,
      "lng": 93.866667
    },
    {
      "cityName": "Tagengs",
      "lat": 27.1,
      "lng": 93.5
    },
    {
      "cityName": "Taipi Duidam",
      "lat": 27.3,
      "lng": 96.066667
    },
    {
      "cityName": "Taipudia",
      "lat": 27.816667,
      "lng": 94.6
    },
    {
      "cityName": "Tajobum",
      "lat": 28.35,
      "lng": 96.633333
    },
    {
      "cityName": "Taksing",
      "lat": 28.583333,
      "lng": 93.216667
    },
    {
      "cityName": "Takum",
      "lat": 27.783333,
      "lng": 93.616667
    },
    {
      "cityName": "Taku",
      "lat": 27.4,
      "lng": 93.066667
    },
    {
      "cityName": "Tali",
      "lat": 28.033333,
      "lng": 93.766667
    },
    {
      "cityName": "Talong",
      "lat": 27.5,
      "lng": 92.966667
    },
    {
      "cityName": "Talung Dzong",
      "lat": 27.166667,
      "lng": 92.2
    },
    {
      "cityName": "Tamid Arung",
      "lat": 28.9,
      "lng": 94.583333
    },
    {
      "cityName": "Tammu",
      "lat": 27.833333,
      "lng": 94.383333
    },
    {
      "cityName": "Tanden",
      "lat": 28.316667,
      "lng": 95.783333
    },
    {
      "cityName": "Tangmaolia",
      "lat": 27.283333,
      "lng": 93.033333
    },
    {
      "cityName": "Tapun",
      "lat": 27.583333,
      "lng": 96.366667
    },
    {
      "cityName": "Tawai",
      "lat": 27.8,
      "lng": 96.783333
    },
    {
      "cityName": "Teju Basha",
      "lat": 27.916667,
      "lng": 96.166667
    },
    {
      "cityName": "Tembang",
      "lat": 27.35,
      "lng": 92.383333
    },
    {
      "cityName": "Tethaliang",
      "lat": 28.183333,
      "lng": 96.116667
    },
    {
      "cityName": "Tilai",
      "lat": 27.666667,
      "lng": 96.3
    },
    {
      "cityName": "Tila",
      "lat": 27.966667,
      "lng": 96.916667
    },
    {
      "cityName": "Tipang",
      "lat": 27.3,
      "lng": 95.866667
    },
    {
      "cityName": "Tirap",
      "lat": 27.166667,
      "lng": 95.8
    },
    {
      "cityName": "Tirkang",
      "lat": 29.2,
      "lng": 95.15
    },
    {
      "cityName": "Toko",
      "lat": 27.533333,
      "lng": 93.75
    },
    {
      "cityName": "Tonwa",
      "lat": 28.3,
      "lng": 96.05
    },
    {
      "cityName": "Tralin",
      "lat": 28.683333,
      "lng": 96.216667
    },
    {
      "cityName": "Turet",
      "lat": 27.15,
      "lng": 95.583333
    },
    {
      "cityName": "Tuting",
      "lat": 28.966667,
      "lng": 94.866667
    },
    {
      "cityName": "Walong",
      "lat": 28.133333,
      "lng": 97.016667
    },
    {
      "cityName": "Wati",
      "lat": 28.033333,
      "lng": 96.983333
    },
    {
      "cityName": "Wintong",
      "lat": 27.366667,
      "lng": 96.216667
    },
    {
      "cityName": "Yagrung",
      "lat": 28.016667,
      "lng": 95.233333
    },
    {
      "cityName": "Yaman",
      "lat": 27.05,
      "lng": 95.716667
    },
    {
      "cityName": "Yapuik",
      "lat": 28.5,
      "lng": 94.433333
    },
    {
      "cityName": "Yedbuk",
      "lat": 27.116667,
      "lng": 95.933333
    },
    {
      "cityName": "Yemsing",
      "lat": 28.083333,
      "lng": 95.016667
    },
    {
      "cityName": "Yengji",
      "lat": 27.333333,
      "lng": 93.016667
    },
    {
      "cityName": "Yiku",
      "lat": 28.55,
      "lng": 94.633333
    },
    {
      "cityName": "Yingku",
      "lat": 28.45,
      "lng": 94.883333
    },
    {
      "cityName": "Yoba",
      "lat": 27.966667,
      "lng": 93.733333
    },
    {
      "cityName": "Yomcha",
      "lat": 28.116667,
      "lng": 94.566667
    },
    {
      "cityName": "Yomtam",
      "lat": 27.933333,
      "lng": 93.35
    },
    {
      "cityName": "Zero",
      "lat": 27.633333,
      "lng": 93.833333
    }
  ]
}