{
  "name": "Assam",
  "cities": [
    {
      "cityName": "Abhaipur",
      "lat": 27.033333,
      "lng": 94.333333
    },
    {
      "cityName": "Abhayapuri",
      "lat": 26.333333,
      "lng": 90.666667
    },
    {
      "cityName": "Abomgaon",
      "lat": 26.716667,
      "lng": 94.116667
    },
    {
      "cityName": "Agamani",
      "lat": 26.2,
      "lng": 89.783333
    },
    {
      "cityName": "Agia",
      "lat": 26.083333,
      "lng": 90.55
    },
    {
      "cityName": "Agrong",
      "lat": 26.6,
      "lng": 90.733333
    },
    {
      "cityName": "Ahataguri",
      "lat": 26.833333,
      "lng": 93.866667
    },
    {
      "cityName": "Amguri",
      "lat": 26.8,
      "lng": 94.533333
    },
    {
      "cityName": "Amguri Bazar",
      "lat": 26.666667,
      "lng": 90.6
    },
    {
      "cityName": "Amingaon",
      "lat": 26.184722,
      "lng": 91.669167
    },
    {
      "cityName": "Amlakhi",
      "lat": 25.966667,
      "lng": 93.5
    },
    {
      "cityName": "Amring",
      "lat": 25.733333,
      "lng": 92.833333
    },
    {
      "cityName": "Amtala",
      "lat": 26.083333,
      "lng": 91.416667
    },
    {
      "cityName": "Amtika",
      "lat": 26.783333,
      "lng": 90.533333
    },
    {
      "cityName": "Anjakpani",
      "lat": 26.45,
      "lng": 93.1
    },
    {
      "cityName": "Arunachal",
      "lat": 24.866667,
      "lng": 92.766667
    },
    {
      "cityName": "Atharikhat",
      "lat": 26.75,
      "lng": 91.75
    },
    {
      "cityName": "Athkhel",
      "lat": 26.783333,
      "lng": 94.7
    },
    {
      "cityName": "Aujari",
      "lat": 26.233333,
      "lng": 92.283333
    },
    {
      "cityName": "Auniati",
      "lat": 26.9,
      "lng": 94.083333
    },
    {
      "cityName": "Bachagaon",
      "lat": 27.133333,
      "lng": 94.116667
    },
    {
      "cityName": "Badarpur",
      "lat": 24.9,
      "lng": 92.6
    },
    {
      "cityName": "Badati",
      "lat": 26.933333,
      "lng": 93.966667
    },
    {
      "cityName": "Badulahati",
      "lat": 26.95,
      "lng": 93.85
    },
    {
      "cityName": "Baga",
      "lat": 25.416667,
      "lng": 92.85
    },
    {
      "cityName": "Bagbor",
      "lat": 26.216667,
      "lng": 90.85
    },
    {
      "cityName": "Bagribari",
      "lat": 26.183333,
      "lng": 90.166667
    },
    {
      "cityName": "Baguliaghat",
      "lat": 26.083333,
      "lng": 93.2
    },
    {
      "cityName": "Baida",
      "lat": 26.033333,
      "lng": 90.416667
    },
    {
      "cityName": "Baihata",
      "lat": 26.35,
      "lng": 91.666667
    },
    {
      "cityName": "Baitha Langso",
      "lat": 25.983333,
      "lng": 92.6
    },
    {
      "cityName": "Baladban",
      "lat": 25.066667,
      "lng": 93.216667
    },
    {
      "cityName": "Balagaon",
      "lat": 26.133333,
      "lng": 91.333333
    },
    {
      "cityName": "Baligaon",
      "lat": 27.65,
      "lng": 94.683333
    },
    {
      "cityName": "Balijan",
      "lat": 27.45,
      "lng": 94.266667
    },
    {
      "cityName": "Balipara",
      "lat": 26.833333,
      "lng": 92.733333
    },
    {
      "cityName": "Bamungaon",
      "lat": 26.916667,
      "lng": 94.166667
    },
    {
      "cityName": "Bangali",
      "lat": 26.783333,
      "lng": 94.583333
    },
    {
      "cityName": "Bangaon",
      "lat": 26.416667,
      "lng": 91.333333
    },
    {
      "cityName": "Banguk",
      "lat": 28.05,
      "lng": 95.533333
    },
    {
      "cityName": "Banmurigaon",
      "lat": 26.35,
      "lng": 92.233333
    },
    {
      "cityName": "Bansbera",
      "lat": 26.766667,
      "lng": 92.6
    },
    {
      "cityName": "Banskandi",
      "lat": 24.8,
      "lng": 92.9
    },
    {
      "cityName": "Bara Digar",
      "lat": 25.35,
      "lng": 93.3
    },
    {
      "cityName": "Barakhola",
      "lat": 24.966667,
      "lng": 92.733333
    },
    {
      "cityName": "Barama",
      "lat": 26.533333,
      "lng": 91.333333
    },
    {
      "cityName": "Barbaru",
      "lat": 27.4,
      "lng": 94.866667
    },
    {
      "cityName": "Barchola",
      "lat": 26.6,
      "lng": 92.383333
    },
    {
      "cityName": "Bardalani",
      "lat": 27.416667,
      "lng": 94.433333
    },
    {
      "cityName": "Bar Dambuk",
      "lat": 26.066667,
      "lng": 93.566667
    },
    {
      "cityName": "Bar Dhoa",
      "lat": 26.433333,
      "lng": 92.55
    },
    {
      "cityName": "Barduar",
      "lat": 25.916667,
      "lng": 91.483333
    },
    {
      "cityName": "Bardubi",
      "lat": 27.4,
      "lng": 95.333333
    },
    {
      "cityName": "Barhalla",
      "lat": 26.45,
      "lng": 94.15
    },
    {
      "cityName": "Barhat",
      "lat": 27.133333,
      "lng": 95.3
    },
    {
      "cityName": "Barjhar",
      "lat": 26.533333,
      "lng": 91.366667
    },
    {
      "cityName": "Barpathar",
      "lat": 26.3,
      "lng": 93.866667
    },
    {
      "cityName": "Barpeta",
      "lat": 26.316667,
      "lng": 91
    },
    {
      "cityName": "Baruagaon",
      "lat": 26.45,
      "lng": 94.083333
    },
    {
      "cityName": "Basbari",
      "lat": 26.2,
      "lng": 89.9
    },
    {
      "cityName": "Basugaon",
      "lat": 26.466667,
      "lng": 90.4
    },
    {
      "cityName": "Batabari",
      "lat": 26.833333,
      "lng": 92.233333
    },
    {
      "cityName": "Batelegaon",
      "lat": 27.666667,
      "lng": 94.7
    },
    {
      "cityName": "Baut Bazar",
      "lat": 25.733333,
      "lng": 92.7
    },
    {
      "cityName": "Behali",
      "lat": 26.8,
      "lng": 93.333333
    },
    {
      "cityName": "Bengtol",
      "lat": 26.633333,
      "lng": 90.483333
    },
    {
      "cityName": "Berung",
      "lat": 27.933333,
      "lng": 95.383333
    },
    {
      "cityName": "Bhalukmara",
      "lat": 26.683333,
      "lng": 94.466667
    },
    {
      "cityName": "Bhandari",
      "lat": 26.283333,
      "lng": 94.15
    },
    {
      "cityName": "Bhanga",
      "lat": 24.85,
      "lng": 92.483333
    },
    {
      "cityName": "Bhauraguri",
      "lat": 26.433333,
      "lng": 90.166667
    },
    {
      "cityName": "Bhawanipur",
      "lat": 26.433333,
      "lng": 91.066667
    },
    {
      "cityName": "Bhutiagaon",
      "lat": 26.766667,
      "lng": 94.183333
    },
    {
      "cityName": "Bihpuriagaon",
      "lat": 27.033333,
      "lng": 93.9
    },
    {
      "cityName": "Bihuguri",
      "lat": 26.666667,
      "lng": 92.7
    },
    {
      "cityName": "Bijni",
      "lat": 26.516667,
      "lng": 90.666667
    },
    {
      "cityName": "Bilasipara",
      "lat": 26.233333,
      "lng": 90.233333
    },
    {
      "cityName": "Bilkhawtlir",
      "lat": 24.3,
      "lng": 92.7
    },
    {
      "cityName": "Bindukuri",
      "lat": 26.716667,
      "lng": 92.716667
    },
    {
      "cityName": "Binnakandi",
      "lat": 24.716667,
      "lng": 92.966667
    },
    {
      "cityName": "Bishnath",
      "lat": 26.666667,
      "lng": 93.166667
    },
    {
      "cityName": "Bokajan",
      "lat": 26.016667,
      "lng": 93.783333
    },
    {
      "cityName": "Bokakhat",
      "lat": 26.633333,
      "lng": 93.6
    },
    {
      "cityName": "Boko",
      "lat": 25.983333,
      "lng": 91.266667
    },
    {
      "cityName": "Bolung",
      "lat": 28.066667,
      "lng": 95.683333
    },
    {
      "cityName": "Bongaigaon",
      "lat": 26.466667,
      "lng": 90.566667
    },
    {
      "cityName": "Borduttighat",
      "lat": 26.95,
      "lng": 93.966667
    },
    {
      "cityName": "Burakek",
      "lat": 25.983333,
      "lng": 93.166667
    },
    {
      "cityName": "Buri Khamar",
      "lat": 26.55,
      "lng": 90.9
    },
    {
      "cityName": "Chabua",
      "lat": 27.4825,
      "lng": 95.173611
    },
    {
      "cityName": "Changchang",
      "lat": 26.583333,
      "lng": 94.416667
    },
    {
      "cityName": "Changsari",
      "lat": 26.283333,
      "lng": 91.7
    },
    {
      "cityName": "Chapanalla",
      "lat": 26.333333,
      "lng": 92.866667
    },
    {
      "cityName": "Chapar",
      "lat": 26.266667,
      "lng": 90.466667
    },
    {
      "cityName": "Chaparmukh",
      "lat": 26.2,
      "lng": 92.533333
    },
    {
      "cityName": "Charduar",
      "lat": 26.866667,
      "lng": 92.766667
    },
    {
      "cityName": "Charka Hai",
      "lat": 25.683333,
      "lng": 93.233333
    },
    {
      "cityName": "Chashinya",
      "lat": 25.916667,
      "lng": 94.05
    },
    {
      "cityName": "Chatachara",
      "lat": 24.283333,
      "lng": 92.433333
    },
    {
      "cityName": "Chauldhoa Baligaon",
      "lat": 27.416667,
      "lng": 94.333333
    },
    {
      "cityName": "Chetiagaon",
      "lat": 27.316667,
      "lng": 94.433333
    },
    {
      "cityName": "Chhaygaon",
      "lat": 26.05,
      "lng": 91.4
    },
    {
      "cityName": "Chunari",
      "lat": 26.116667,
      "lng": 90.35
    },
    {
      "cityName": "Chutia",
      "lat": 26.733333,
      "lng": 93.05
    },
    {
      "cityName": "Chutiya Mirigaon",
      "lat": 27.566667,
      "lng": 94.766667
    },
    {
      "cityName": "Cinnamara",
      "lat": 26.716667,
      "lng": 94.233333
    },
    {
      "cityName": "Craigpark",
      "lat": 25,
      "lng": 92.533333
    },
    {
      "cityName": "Dabaka",
      "lat": 26.116667,
      "lng": 92.866667
    },
    {
      "cityName": "Dalaigaon",
      "lat": 26.533333,
      "lng": 91.233333
    },
    {
      "cityName": "Dalgaon",
      "lat": 26.566667,
      "lng": 92.2
    },
    {
      "cityName": "Dalgoma",
      "lat": 26.1,
      "lng": 90.783333
    },
    {
      "cityName": "Daloo",
      "lat": 24.933333,
      "lng": 92.766667
    },
    {
      "cityName": "Dambukso",
      "lat": 26.133333,
      "lng": 93.583333
    },
    {
      "cityName": "Dangori",
      "lat": 27.683333,
      "lng": 95.6
    },
    {
      "cityName": "Daranga",
      "lat": 26.8,
      "lng": 91.516667
    },
    {
      "cityName": "Darangibra",
      "lat": 25.433333,
      "lng": 93.3
    },
    {
      "cityName": "Daria",
      "lat": 26.633333,
      "lng": 93.933333
    },
    {
      "cityName": "Darrang",
      "lat": 26.633333,
      "lng": 92.8
    },
    {
      "cityName": "Datma",
      "lat": 26.483333,
      "lng": 90.166667
    },
    {
      "cityName": "Dengaon",
      "lat": 26.233333,
      "lng": 92.983333
    },
    {
      "cityName": "Deosri",
      "lat": 26.766667,
      "lng": 90.483333
    },
    {
      "cityName": "Derebara",
      "lat": 25.366667,
      "lng": 92.933333
    },
    {
      "cityName": "Dergaon",
      "lat": 26.7,
      "lng": 93.966667
    },
    {
      "cityName": "Dhakuakhana",
      "lat": 27.2,
      "lng": 94.466667
    },
    {
      "cityName": "Dhalai",
      "lat": 24.6,
      "lng": 92.833333
    },
    {
      "cityName": "Dhamdhama",
      "lat": 26.566667,
      "lng": 91.466667
    },
    {
      "cityName": "Dhansirimukh",
      "lat": 26.7,
      "lng": 93.616667
    },
    {
      "cityName": "Dhapaliagaon",
      "lat": 27.283333,
      "lng": 94.416667
    },
    {
      "cityName": "Dharamtul",
      "lat": 26.166667,
      "lng": 92.35
    },
    {
      "cityName": "Dhekiajuli",
      "lat": 26.7,
      "lng": 92.5
    },
    {
      "cityName": "Dhemaji",
      "lat": 27.483333,
      "lng": 94.583333
    },
    {
      "cityName": "Dhing",
      "lat": 26.466667,
      "lng": 92.466667
    },
    {
      "cityName": "Dhubri",
      "lat": 26.033333,
      "lng": 89.966667
    },
    {
      "cityName": "Dhupdhara",
      "lat": 25.966667,
      "lng": 91.066667
    },
    {
      "cityName": "Dibrugarh",
      "lat": 27.481667,
      "lng": 94.902778
    },
    {
      "cityName": "Digboi",
      "lat": 27.383333,
      "lng": 95.618056
    },
    {
      "cityName": "Dighaltarang",
      "lat": 27.616667,
      "lng": 95.4
    },
    {
      "cityName": "Dihajan",
      "lat": 27.133333,
      "lng": 94.766667
    },
    {
      "cityName": "Dihingmukh",
      "lat": 27.266667,
      "lng": 94.7
    },
    {
      "cityName": "Dijmur",
      "lat": 27.65,
      "lng": 94.866667
    },
    {
      "cityName": "Diju",
      "lat": 27.283333,
      "lng": 94.05
    },
    {
      "cityName": "Dikhomukh",
      "lat": 26.983333,
      "lng": 94.433333
    },
    {
      "cityName": "Dikrum",
      "lat": 26.166667,
      "lng": 93.566667
    },
    {
      "cityName": "Dili Terang",
      "lat": 26.216667,
      "lng": 93.683333
    },
    {
      "cityName": "Dimakuchi",
      "lat": 26.733333,
      "lng": 91.833333
    },
    {
      "cityName": "Dimapur",
      "lat": 25.9,
      "lng": 93.733333
    },
    {
      "cityName": "Dimruguri",
      "lat": 26.783333,
      "lng": 94.2
    },
    {
      "cityName": "Dingdinga",
      "lat": 26.35,
      "lng": 89.9
    },
    {
      "cityName": "Dingram",
      "lat": 26.366667,
      "lng": 90.166667
    },
    {
      "cityName": "Dinjan",
      "lat": 27.5,
      "lng": 95.166667
    },
    {
      "cityName": "Dipa",
      "lat": 27.733333,
      "lng": 94.85
    },
    {
      "cityName": "Diphn",
      "lat": 25.833333,
      "lng": 93.433333
    },
    {
      "cityName": "Disangmukh",
      "lat": 27.066667,
      "lng": 94.55
    },
    {
      "cityName": "Dishpur",
      "lat": 26.1425,
      "lng": 91.788889
    },
    {
      "cityName": "Dithur",
      "lat": 25.483333,
      "lng": 92.8
    },
    {
      "cityName": "Dolungmukh",
      "lat": 27.5,
      "lng": 94.3
    },
    {
      "cityName": "Doom-Dooma",
      "lat": 27.566667,
      "lng": 95.566667
    },
    {
      "cityName": "Duarmara",
      "lat": 27.5,
      "lng": 95.75
    },
    {
      "cityName": "Dudhnai",
      "lat": 25.983333,
      "lng": 90.733333
    },
    {
      "cityName": "Dulahatgaon",
      "lat": 27.166667,
      "lng": 93.966667
    },
    {
      "cityName": "Duliagaon",
      "lat": 27.366667,
      "lng": 95.316667
    },
    {
      "cityName": "Dumnichauki",
      "lat": 26.35,
      "lng": 91.833333
    },
    {
      "cityName": "Dumsa",
      "lat": 27.516667,
      "lng": 95.866667
    },
    {
      "cityName": "Dwarband",
      "lat": 24.65,
      "lng": 92.7
    },
    {
      "cityName": "Erdangkramsa",
      "lat": 26.316667,
      "lng": 93.25
    },
    {
      "cityName": "Fakiragram",
      "lat": 26.383333,
      "lng": 90.133333
    },
    {
      "cityName": "Fakirganj",
      "lat": 25.966667,
      "lng": 90.033333
    },
    {
      "cityName": "Furkating",
      "lat": 26.466667,
      "lng": 93.983333
    },
    {
      "cityName": "Gabharu",
      "lat": 26.683333,
      "lng": 92.65
    },
    {
      "cityName": "Gagaldubi",
      "lat": 27.366667,
      "lng": 94.2
    },
    {
      "cityName": "Gangmohthan",
      "lat": 26.766667,
      "lng": 93.316667
    },
    {
      "cityName": "Garampani",
      "lat": 26.4,
      "lng": 93.866667
    },
    {
      "cityName": "Gariagaon",
      "lat": 26.7,
      "lng": 94.116667
    },
    {
      "cityName": "Garnbhasa",
      "lat": 26.55,
      "lng": 90.366667
    },
    {
      "cityName": "Gauhati",
      "lat": 26.183333,
      "lng": 91.733333
    },
    {
      "cityName": "Gauripur",
      "lat": 26.083333,
      "lng": 89.966667
    },
    {
      "cityName": "Gejeragaon",
      "lat": 27.1,
      "lng": 94.466667
    },
    {
      "cityName": "Geleki",
      "lat": 26.816667,
      "lng": 94.7
    },
    {
      "cityName": "Ginjia",
      "lat": 26.833333,
      "lng": 93.25
    },
    {
      "cityName": "Goalpara",
      "lat": 26.166667,
      "lng": 90.616667
    },
    {
      "cityName": "Gogamukh",
      "lat": 27.4,
      "lng": 94.35
    },
    {
      "cityName": "Gogamukh Tajik",
      "lat": 27.4,
      "lng": 94.333333
    },
    {
      "cityName": "Gohaingaon",
      "lat": 26.866667,
      "lng": 94.233333
    },
    {
      "cityName": "Gohpur",
      "lat": 26.883333,
      "lng": 93.633333
    },
    {
      "cityName": "Goibarigaon",
      "lat": 26.8,
      "lng": 91.7
    },
    {
      "cityName": "Gokulkata",
      "lat": 26.466667,
      "lng": 89.883333
    },
    {
      "cityName": "Golaghat",
      "lat": 26.516667,
      "lng": 93.966667
    },
    {
      "cityName": "Golakganj",
      "lat": 26.1,
      "lng": 89.833333
    },
    {
      "cityName": "Gossaigaon",
      "lat": 26.45,
      "lng": 89.966667
    },
    {
      "cityName": "Gunjong",
      "lat": 25.316667,
      "lng": 93.016667
    },
    {
      "cityName": "Habaipur",
      "lat": 25.95,
      "lng": 92.833333
    },
    {
      "cityName": "Habialgaon",
      "lat": 26.783333,
      "lng": 94.166667
    },
    {
      "cityName": "Haflang",
      "lat": 25.183333,
      "lng": 93.033333
    },
    {
      "cityName": "Hailakandi",
      "lat": 24.683333,
      "lng": 92.566667
    },
    {
      "cityName": "Hajo",
      "lat": 26.25,
      "lng": 91.533333
    },
    {
      "cityName": "Hajua",
      "lat": 26.733333,
      "lng": 91.2
    },
    {
      "cityName": "Haloagaon",
      "lat": 26.683333,
      "lng": 94.15
    },
    {
      "cityName": "Haltugaon",
      "lat": 26.483333,
      "lng": 90.3
    },
    {
      "cityName": "Hang Habai",
      "lat": 25.866667,
      "lng": 92.8
    },
    {
      "cityName": "Hangrum",
      "lat": 25.133333,
      "lng": 93.3
    },
    {
      "cityName": "Hatikhuli",
      "lat": 26.6,
      "lng": 93.35
    },
    {
      "cityName": "Haulighat",
      "lat": 26.266667,
      "lng": 91.366667
    },
    {
      "cityName": "Helapakari",
      "lat": 26.433333,
      "lng": 90.966667
    },
    {
      "cityName": "Helem",
      "lat": 26.833333,
      "lng": 93.333333
    },
    {
      "cityName": "Hojai",
      "lat": 26,
      "lng": 92.866667
    },
    {
      "cityName": "Howang",
      "lat": 25.966667,
      "lng": 93.4
    },
    {
      "cityName": "Hudukhata",
      "lat": 26.616667,
      "lng": 91.1
    },
    {
      "cityName": "Huliagaon",
      "lat": 27.566667,
      "lng": 94.516667
    },
    {
      "cityName": "Hulmari",
      "lat": 27.116667,
      "lng": 93.933333
    },
    {
      "cityName": "Itakhola",
      "lat": 26.8,
      "lng": 92.966667
    },
    {
      "cityName": "Jagdala",
      "lat": 26.633333,
      "lng": 91.25
    },
    {
      "cityName": "Jaihing",
      "lat": 27.3,
      "lng": 94.033333
    },
    {
      "cityName": "Jaipur",
      "lat": 24.9,
      "lng": 93.066667
    },
    {
      "cityName": "Jakhalabandha",
      "lat": 26.6,
      "lng": 93.016667
    },
    {
      "cityName": "Jakuradhar",
      "lat": 24.616667,
      "lng": 93.1
    },
    {
      "cityName": "Jamduar",
      "lat": 26.716667,
      "lng": 89.883333
    },
    {
      "cityName": "Jamindargaon",
      "lat": 25.766667,
      "lng": 93.366667
    },
    {
      "cityName": "Jamuguri",
      "lat": 26.383333,
      "lng": 93.966667
    },
    {
      "cityName": "Jamunamukh",
      "lat": 26.1,
      "lng": 92.733333
    },
    {
      "cityName": "Januguri",
      "lat": 26.733333,
      "lng": 92.933333
    },
    {
      "cityName": "Jeikhan",
      "lat": 24.483333,
      "lng": 93.1
    },
    {
      "cityName": "Jelkarjhar",
      "lat": 26.466667,
      "lng": 90.533333
    },
    {
      "cityName": "Jenggaon",
      "lat": 26.45,
      "lng": 93.216667
    },
    {
      "cityName": "Jengpata",
      "lat": 26.333333,
      "lng": 93.666667
    },
    {
      "cityName": "Jetukiagaon",
      "lat": 26.733333,
      "lng": 94.333333
    },
    {
      "cityName": "Jhanzi",
      "lat": 26.866667,
      "lng": 94.5
    },
    {
      "cityName": "Jirighat",
      "lat": 24.783333,
      "lng": 93.1
    },
    {
      "cityName": "Jogighopa",
      "lat": 26.233333,
      "lng": 90.583333
    },
    {
      "cityName": "Jorhat",
      "lat": 26.75,
      "lng": 94.216667
    },
    {
      "cityName": "Jungterang",
      "lat": 25.966667,
      "lng": 93.35
    },
    {
      "cityName": "Kaharpara",
      "lat": 26.05,
      "lng": 91.583333
    },
    {
      "cityName": "Kaki",
      "lat": 26.033333,
      "lng": 93.05
    },
    {
      "cityName": "Kakilamuka",
      "lat": 26.833333,
      "lng": 94.133333
    },
    {
      "cityName": "Kalaigaon",
      "lat": 26.583333,
      "lng": 91.966667
    },
    {
      "cityName": "Kalain",
      "lat": 24.966667,
      "lng": 92.566667
    },
    {
      "cityName": "Kaliani",
      "lat": 26.466667,
      "lng": 93.766667
    },
    {
      "cityName": "Kalitagaon",
      "lat": 26.9,
      "lng": 93.733333
    },
    {
      "cityName": "Kalkali Ghat",
      "lat": 24.6,
      "lng": 92.333333
    },
    {
      "cityName": "Kamakhya",
      "lat": 26.166667,
      "lng": 91.708333
    },
    {
      "cityName": "Kampur",
      "lat": 26.2,
      "lng": 92.633333
    },
    {
      "cityName": "Kaolakhat",
      "lat": 26.616667,
      "lng": 93.583333
    },
    {
      "cityName": "Karimganj",
      "lat": 24.866667,
      "lng": 92.35
    },
    {
      "cityName": "Kashikhagra",
      "lat": 25.983333,
      "lng": 90.55
    },
    {
      "cityName": "Kasikatra",
      "lat": 26.533333,
      "lng": 90.45
    },
    {
      "cityName": "Kasomarigaon",
      "lat": 26.283333,
      "lng": 94
    },
    {
      "cityName": "Katchugaon",
      "lat": 26.566667,
      "lng": 90.066667
    },
    {
      "cityName": "Kathiatali",
      "lat": 26.183333,
      "lng": 92.733333
    },
    {
      "cityName": "Katlichara",
      "lat": 24.45,
      "lng": 92.566667
    },
    {
      "cityName": "Kaupati",
      "lat": 26.583333,
      "lng": 92.25
    },
    {
      "cityName": "Kaziranga",
      "lat": 26.6,
      "lng": 93.466667
    },
    {
      "cityName": "Kekuri Bebejia",
      "lat": 27.133333,
      "lng": 94.333333
    },
    {
      "cityName": "Kerimgaon",
      "lat": 27.933333,
      "lng": 95.666667
    },
    {
      "cityName": "Khanapara",
      "lat": 26.1,
      "lng": 91.816667
    },
    {
      "cityName": "Kharikhanapatti",
      "lat": 25.883333,
      "lng": 92.9
    },
    {
      "cityName": "Kharmauza",
      "lat": 26.15,
      "lng": 90.483333
    },
    {
      "cityName": "Kharupatia Ghat",
      "lat": 26.516667,
      "lng": 92.133333
    },
    {
      "cityName": "Khoirabari",
      "lat": 26.633333,
      "lng": 91.833333
    },
    {
      "cityName": "Khowang",
      "lat": 27.266667,
      "lng": 94.883333
    },
    {
      "cityName": "Khutabari",
      "lat": 26.066667,
      "lng": 91.083333
    },
    {
      "cityName": "Kobirali",
      "lat": 26.65,
      "lng": 92.016667
    },
    {
      "cityName": "Kobo",
      "lat": 27.783333,
      "lng": 95.383333
    },
    {
      "cityName": "Kokrajhar",
      "lat": 26.4,
      "lng": 90.266667
    },
    {
      "cityName": "Krishnai",
      "lat": 26.033333,
      "lng": 90.666667
    },
    {
      "cityName": "Kseh Kynthang",
      "lat": 25.95,
      "lng": 92.266667
    },
    {
      "cityName": "Kukichara",
      "lat": 24.4,
      "lng": 92.566667
    },
    {
      "cityName": "Kumargram",
      "lat": 26.616667,
      "lng": 89.833333
    },
    {
      "cityName": "Kumbhirgram",
      "lat": 24.916667,
      "lng": 92.983333
    },
    {
      "cityName": "Kumding",
      "lat": 25.75,
      "lng": 93.166667
    },
    {
      "cityName": "Kumguri",
      "lat": 26.7,
      "lng": 91.1
    },
    {
      "cityName": "Kumrikhata",
      "lat": 26.733333,
      "lng": 91.55
    },
    {
      "cityName": "Kunda",
      "lat": 26.7,
      "lng": 90.866667
    },
    {
      "cityName": "Kundil Bazar",
      "lat": 27.833333,
      "lng": 95.666667
    },
    {
      "cityName": "Kurua",
      "lat": 26.233333,
      "lng": 91.833333
    },
    {
      "cityName": "Kuthari",
      "lat": 26.55,
      "lng": 93.216667
    },
    {
      "cityName": "Laher",
      "lat": 25.7,
      "lng": 92.616667
    },
    {
      "cityName": "Lahorighat",
      "lat": 26.433333,
      "lng": 92.35
    },
    {
      "cityName": "Laimakuri",
      "lat": 27.683333,
      "lng": 95.033333
    },
    {
      "cityName": "Laisong",
      "lat": 25.2,
      "lng": 93.3
    },
    {
      "cityName": "Lakhimpur",
      "lat": 27.233333,
      "lng": 94.116667
    },
    {
      "cityName": "Lakhipur",
      "lat": 24.8,
      "lng": 93.016667
    },
    {
      "cityName": "Lakhuni",
      "lat": 26.55,
      "lng": 94.45
    },
    {
      "cityName": "Lalaghat",
      "lat": 24.566667,
      "lng": 92.633333
    },
    {
      "cityName": "Lala",
      "lat": 24.55,
      "lng": 92.6
    },
    {
      "cityName": "Lalsong",
      "lat": 25.016667,
      "lng": 92.9
    },
    {
      "cityName": "Langlut",
      "lat": 25.466667,
      "lng": 92.8
    },
    {
      "cityName": "Langting",
      "lat": 25.5,
      "lng": 93.116667
    },
    {
      "cityName": "Langyen",
      "lat": 25.533333,
      "lng": 92.983333
    },
    {
      "cityName": "Lankapatti",
      "lat": 25.933333,
      "lng": 92.95
    },
    {
      "cityName": "Laokhoa",
      "lat": 26.533333,
      "lng": 92.8
    },
    {
      "cityName": "Lasanbari",
      "lat": 26.266667,
      "lng": 92.416667
    },
    {
      "cityName": "Leike",
      "lat": 25.3,
      "lng": 93.433333
    },
    {
      "cityName": "Lengrabhita",
      "lat": 26.033333,
      "lng": 90.166667
    },
    {
      "cityName": "Lengteng",
      "lat": 26.466667,
      "lng": 93.066667
    },
    {
      "cityName": "Letekujan",
      "lat": 26.583333,
      "lng": 93.8
    },
    {
      "cityName": "Loch",
      "lat": 26.45,
      "lng": 91.7
    },
    {
      "cityName": "Loharghat",
      "lat": 25.983333,
      "lng": 91.483333
    },
    {
      "cityName": "Long-e-tilun",
      "lat": 25.966667,
      "lng": 92.366667
    },
    {
      "cityName": "Longkamgaon",
      "lat": 26.216667,
      "lng": 93.366667
    },
    {
      "cityName": "Longku",
      "lat": 25.683333,
      "lng": 92.8
    },
    {
      "cityName": "Lungding",
      "lat": 25.6,
      "lng": 93.2
    },
    {
      "cityName": "Machkhoa",
      "lat": 27.333333,
      "lng": 94.55
    },
    {
      "cityName": "Mahakal",
      "lat": 24.816667,
      "lng": 92.433333
    },
    {
      "cityName": "Mahur",
      "lat": 25.166667,
      "lng": 93.116667
    },
    {
      "cityName": "Maibang",
      "lat": 25.3,
      "lng": 93.166667
    },
    {
      "cityName": "Majar Chuk",
      "lat": 26.716667,
      "lng": 92.9
    },
    {
      "cityName": "Majbat",
      "lat": 26.75,
      "lng": 92.35
    },
    {
      "cityName": "Majuli-Bongaon",
      "lat": 26.95,
      "lng": 94.166667
    },
    {
      "cityName": "Makariagaon",
      "lat": 26.116667,
      "lng": 92.333333
    },
    {
      "cityName": "Makum-Junction",
      "lat": 27.5,
      "lng": 95.45
    },
    {
      "cityName": "Malu Khat",
      "lat": 26.783333,
      "lng": 94.116667
    },
    {
      "cityName": "Manakasha",
      "lat": 26.533333,
      "lng": 90.816667
    },
    {
      "cityName": "Mangaldai",
      "lat": 26.433333,
      "lng": 92.033333
    },
    {
      "cityName": "Marangaon",
      "lat": 26.833333,
      "lng": 93.316667
    },
    {
      "cityName": "Maranjan",
      "lat": 27.083333,
      "lng": 94.916667
    },
    {
      "cityName": "Margang",
      "lat": 26.033333,
      "lng": 91.983333
    },
    {
      "cityName": "Mariani",
      "lat": 26.666667,
      "lng": 94.333333
    },
    {
      "cityName": "Maroa",
      "lat": 26.366667,
      "lng": 91.45
    },
    {
      "cityName": "Mathurapur",
      "lat": 26.983333,
      "lng": 94.883333
    },
    {
      "cityName": "Maudanga",
      "lat": 26.1,
      "lng": 93.016667
    },
    {
      "cityName": "Mechangbung",
      "lat": 25.333333,
      "lng": 93.5
    },
    {
      "cityName": "Merapani",
      "lat": 26.316667,
      "lng": 94.1
    },
    {
      "cityName": "Mijika",
      "lat": 26.833333,
      "lng": 93.166667
    },
    {
      "cityName": "Mikirgaon",
      "lat": 26.25,
      "lng": 92.75
    },
    {
      "cityName": "Mirza Pahar",
      "lat": 26.136111,
      "lng": 91.548611
    },
    {
      "cityName": "Misamari",
      "lat": 26.8,
      "lng": 92.6
    },
    {
      "cityName": "Misa",
      "lat": 26.483333,
      "lng": 92.933333
    },
    {
      "cityName": "Mohanbari",
      "lat": 27.45,
      "lng": 95.033333
    },
    {
      "cityName": "Mohmaragaon",
      "lat": 27.65,
      "lng": 95.166667
    },
    {
      "cityName": "Moilang",
      "lat": 26.066667,
      "lng": 94.066667
    },
    {
      "cityName": "Moragang",
      "lat": 24.65,
      "lng": 92.633333
    },
    {
      "cityName": "Moranha",
      "lat": 27.183333,
      "lng": 94.933333
    },
    {
      "cityName": "Mornai",
      "lat": 26.1,
      "lng": 90.733333
    },
    {
      "cityName": "Motilal Pattiar",
      "lat": 26.766667,
      "lng": 94.133333
    },
    {
      "cityName": "Mumgaon",
      "lat": 26.383333,
      "lng": 93.483333
    },
    {
      "cityName": "Mupa",
      "lat": 25.366667,
      "lng": 93.133333
    },
    {
      "cityName": "Murkong Selek",
      "lat": 27.733333,
      "lng": 95.3
    },
    {
      "cityName": "Mynser",
      "lat": 25.916667,
      "lng": 92.4
    },
    {
      "cityName": "Nagarbera",
      "lat": 26.1,
      "lng": 90.983333
    },
    {
      "cityName": "Nagargaon",
      "lat": 27.016667,
      "lng": 94.166667
    },
    {
      "cityName": "Naharkativa",
      "lat": 27.283333,
      "lng": 95.333333
    },
    {
      "cityName": "Nakachari",
      "lat": 26.733333,
      "lng": 94.383333
    },
    {
      "cityName": "Nakhola",
      "lat": 26.116667,
      "lng": 92.183333
    },
    {
      "cityName": "Nalbari",
      "lat": 26.416667,
      "lng": 91.433333
    },
    {
      "cityName": "Namdang",
      "lat": 26.933333,
      "lng": 94.533333
    },
    {
      "cityName": "Namrup",
      "lat": 27.183333,
      "lng": 95.333333
    },
    {
      "cityName": "Naojan",
      "lat": 26.116667,
      "lng": 93.816667
    },
    {
      "cityName": "Naokata",
      "lat": 26.633333,
      "lng": 91.733333
    },
    {
      "cityName": "Narainpur",
      "lat": 25.1,
      "lng": 92.833333
    },
    {
      "cityName": "Narjan",
      "lat": 26.566667,
      "lng": 93.25
    },
    {
      "cityName": "Nazira",
      "lat": 26.916667,
      "lng": 94.733333
    },
    {
      "cityName": "Neamati",
      "lat": 26.833333,
      "lng": 94.3
    },
    {
      "cityName": "Neghereting",
      "lat": 26.733333,
      "lng": 94.116667
    },
    {
      "cityName": "Nilambazar",
      "lat": 24.75,
      "lng": 92.35
    },
    {
      "cityName": "Noonmati",
      "lat": 26.183333,
      "lng": 91.8
    },
    {
      "cityName": "North Gauhati",
      "lat": 26.201389,
      "lng": 91.723611
    },
    {
      "cityName": "North Salmara",
      "lat": 26.366667,
      "lng": 90.6
    },
    {
      "cityName": "Nowgong",
      "lat": 26.35,
      "lng": 92.666667
    },
    {
      "cityName": "Numaligarh",
      "lat": 26.633333,
      "lng": 93.75
    },
    {
      "cityName": "Oaklands",
      "lat": 27.55,
      "lng": 95.066667
    },
    {
      "cityName": "Orangajuli",
      "lat": 26.816667,
      "lng": 91.866667
    },
    {
      "cityName": "Orang",
      "lat": 26.7,
      "lng": 92.333333
    },
    {
      "cityName": "Pakariamukh",
      "lat": 26.266667,
      "lng": 92.05
    },
    {
      "cityName": "Paklanggaon",
      "lat": 25.866667,
      "lng": 93.266667
    },
    {
      "cityName": "Palanghat",
      "lat": 24.65,
      "lng": 92.9
    },
    {
      "cityName": "Pandu",
      "lat": 26.169167,
      "lng": 91.675
    },
    {
      "cityName": "Paneri",
      "lat": 26.733333,
      "lng": 91.916667
    },
    {
      "cityName": "Paniputa",
      "lat": 26.833333,
      "lng": 92.75
    },
    {
      "cityName": "Panitola",
      "lat": 27.5,
      "lng": 95.283333
    },
    {
      "cityName": "Parchat",
      "lat": 26.616667,
      "lng": 93.733333
    },
    {
      "cityName": "Patacharkuchi",
      "lat": 26.516667,
      "lng": 91.266667
    },
    {
      "cityName": "Patgaon",
      "lat": 26.583333,
      "lng": 90.216667
    },
    {
      "cityName": "Pathalipam",
      "lat": 27.433333,
      "lng": 94.3
    },
    {
      "cityName": "Patharkandi",
      "lat": 24.616667,
      "lng": 92.333333
    },
    {
      "cityName": "Patharughat",
      "lat": 26.466667,
      "lng": 91.866667
    },
    {
      "cityName": "Phaikulum",
      "lat": 25.483333,
      "lng": 93.466667
    },
    {
      "cityName": "Phangchogaon",
      "lat": 26.516667,
      "lng": 93.433333
    },
    {
      "cityName": "Phukangaon",
      "lat": 27.55,
      "lng": 94.616667
    },
    {
      "cityName": "Phulaguri",
      "lat": 26.266667,
      "lng": 92.583333
    },
    {
      "cityName": "Phuluni",
      "lat": 26.183333,
      "lng": 93.133333
    },
    {
      "cityName": "Pithakhaitigaon",
      "lat": 26.416667,
      "lng": 92.183333
    },
    {
      "cityName": "Powai",
      "lat": 27.35,
      "lng": 95.65
    },
    {
      "cityName": "Puranigudam",
      "lat": 26.35,
      "lng": 92.8
    },
    {
      "cityName": "Puthiman",
      "lat": 26.7,
      "lng": 92.233333
    },
    {
      "cityName": "Raha",
      "lat": 26.233333,
      "lng": 92.516667
    },
    {
      "cityName": "Raimana",
      "lat": 26.65,
      "lng": 89.966667
    },
    {
      "cityName": "Raipur",
      "lat": 26.133333,
      "lng": 89.85
    },
    {
      "cityName": "Rairguruaon",
      "lat": 26.783333,
      "lng": 94.183333
    },
    {
      "cityName": "Raja Bazar",
      "lat": 24.866667,
      "lng": 93.066667
    },
    {
      "cityName": "Raja Mayang",
      "lat": 26.283333,
      "lng": 92.016667
    },
    {
      "cityName": "Rajbari",
      "lat": 25.866667,
      "lng": 93.733333
    },
    {
      "cityName": "Rangagora",
      "lat": 27.566667,
      "lng": 95.333333
    },
    {
      "cityName": "Rangamati",
      "lat": 26.383333,
      "lng": 91.966667
    },
    {
      "cityName": "Ranga Nadi",
      "lat": 26.466667,
      "lng": 91.633333
    },
    {
      "cityName": "Rangapahar",
      "lat": 25.85,
      "lng": 93.7
    },
    {
      "cityName": "Rangapani",
      "lat": 26.316667,
      "lng": 90.783333
    },
    {
      "cityName": "Rangapara",
      "lat": 26.816667,
      "lng": 92.65
    },
    {
      "cityName": "Rangazumi",
      "lat": 25.966667,
      "lng": 94.033333
    },
    {
      "cityName": "Rangjoli",
      "lat": 25.983333,
      "lng": 90.966667
    },
    {
      "cityName": "Ranigodam",
      "lat": 26.033333,
      "lng": 91.666667
    },
    {
      "cityName": "Ranikhata",
      "lat": 26.65,
      "lng": 90.4
    },
    {
      "cityName": "Ratabari",
      "lat": 24.6,
      "lng": 92.4
    },
    {
      "cityName": "Rengma Pathar",
      "lat": 26.166667,
      "lng": 93.916667
    },
    {
      "cityName": "Rihabari",
      "lat": 26.6,
      "lng": 91.183333
    },
    {
      "cityName": "Rupahi",
      "lat": 26.416667,
      "lng": 92.733333
    },
    {
      "cityName": "Rupaigaon",
      "lat": 27.45,
      "lng": 94.25
    },
    {
      "cityName": "Rupshi",
      "lat": 26.133333,
      "lng": 89.933333
    },
    {
      "cityName": "Saikhoa Ghat",
      "lat": 27.766667,
      "lng": 95.6
    },
    {
      "cityName": "Sakmuthi",
      "lat": 26.516667,
      "lng": 93.016667
    },
    {
      "cityName": "Salaguri",
      "lat": 27.066667,
      "lng": 94.833333
    },
    {
      "cityName": "Salana",
      "lat": 26.45,
      "lng": 92.966667
    },
    {
      "cityName": "Salkocha",
      "lat": 26.25,
      "lng": 90.333333
    },
    {
      "cityName": "Samaguri",
      "lat": 26.416667,
      "lng": 92.85
    },
    {
      "cityName": "Sapatgram",
      "lat": 26.333333,
      "lng": 90.133333
    },
    {
      "cityName": "Saralpara",
      "lat": 26.833333,
      "lng": 90.25
    },
    {
      "cityName": "Sarhed",
      "lat": 26.45,
      "lng": 93.366667
    },
    {
      "cityName": "Sarkher",
      "lat": 25.9,
      "lng": 93.15
    },
    {
      "cityName": "Shedhumi",
      "lat": 25.883333,
      "lng": 93.95
    },
    {
      "cityName": "Siajuli Daflagaon",
      "lat": 27.35,
      "lng": 94.1
    },
    {
      "cityName": "Sibságar Road",
      "lat": 26.916667,
      "lng": 94.766667
    },
    {
      "cityName": "Sibsagar",
      "lat": 26.983333,
      "lng": 94.633333
    },
    {
      "cityName": "Sidli",
      "lat": 26.55,
      "lng": 90.466667
    },
    {
      "cityName": "Silchar",
      "lat": 24.816667,
      "lng": 92.8
    },
    {
      "cityName": "Silghat",
      "lat": 26.616667,
      "lng": 92.933333
    },
    {
      "cityName": "Silkuri",
      "lat": 24.733333,
      "lng": 92.783333
    },
    {
      "cityName": "Silua",
      "lat": 24.55,
      "lng": 92.166667
    },
    {
      "cityName": "Simanagaon",
      "lat": 26.433333,
      "lng": 92.966667
    },
    {
      "cityName": "Simlabari",
      "lat": 26.1,
      "lng": 90.45
    },
    {
      "cityName": "Singlijan Basti",
      "lat": 26.9,
      "lng": 93.45
    },
    {
      "cityName": "Singmarigaon",
      "lat": 26.05,
      "lng": 92.633333
    },
    {
      "cityName": "Singra",
      "lat": 25.95,
      "lng": 91.15
    },
    {
      "cityName": "Singri",
      "lat": 26.6,
      "lng": 92.483333
    },
    {
      "cityName": "Sirtiso",
      "lat": 25.833333,
      "lng": 92.533333
    },
    {
      "cityName": "Sisi Bargaon",
      "lat": 27.533333,
      "lng": 94.666667
    },
    {
      "cityName": "Soalkuchi",
      "lat": 26.168056,
      "lng": 91.571111
    },
    {
      "cityName": "Sonaimukh",
      "lat": 24.716667,
      "lng": 92.9
    },
    {
      "cityName": "Sonakhira",
      "lat": 24.55,
      "lng": 92.3
    },
    {
      "cityName": "Sonapur",
      "lat": 26.116667,
      "lng": 91.983333
    },
    {
      "cityName": "Sonari",
      "lat": 27.066667,
      "lng": 95.033333
    },
    {
      "cityName": "Sorbhog",
      "lat": 26.5,
      "lng": 90.866667
    },
    {
      "cityName": "South Salmara",
      "lat": 25.916667,
      "lng": 90.016667
    },
    {
      "cityName": "Subankhata",
      "lat": 26.8,
      "lng": 91.416667
    },
    {
      "cityName": "Sunphan",
      "lat": 26.816667,
      "lng": 90.166667
    },
    {
      "cityName": "Tama Hat",
      "lat": 26.3,
      "lng": 89.85
    },
    {
      "cityName": "Tamulpur",
      "lat": 26.666667,
      "lng": 91.566667
    },
    {
      "cityName": "Tarabari Hat",
      "lat": 26.233333,
      "lng": 91.15
    },
    {
      "cityName": "Tengakhat",
      "lat": 27.383333,
      "lng": 95.166667
    },
    {
      "cityName": "Tengapania",
      "lat": 27.2,
      "lng": 94.633333
    },
    {
      "cityName": "Teok",
      "lat": 26.833333,
      "lng": 94.416667
    },
    {
      "cityName": "Thaijuari",
      "lat": 25.566667,
      "lng": 92.966667
    },
    {
      "cityName": "Thingje",
      "lat": 25.266667,
      "lng": 93.383333
    },
    {
      "cityName": "Tinkhang",
      "lat": 27.216667,
      "lng": 95.183333
    },
    {
      "cityName": "Tinsukia",
      "lat": 27.5,
      "lng": 95.366667
    },
    {
      "cityName": "Tiplai",
      "lat": 26.05,
      "lng": 90.983333
    },
    {
      "cityName": "Titabar",
      "lat": 26.6,
      "lng": 94.2
    },
    {
      "cityName": "Tukrajar",
      "lat": 26.666667,
      "lng": 90.45
    },
    {
      "cityName": "Tumpung",
      "lat": 26.2,
      "lng": 93.15
    },
    {
      "cityName": "Udalguri",
      "lat": 26.766667,
      "lng": 92.133333
    },
    {
      "cityName": "Udarband",
      "lat": 24.883333,
      "lng": 92.866667
    },
    {
      "cityName": "Ulubam",
      "lat": 26.116667,
      "lng": 92.1
    },
    {
      "cityName": "Ulubari",
      "lat": 26.366667,
      "lng": 91.3
    },
    {
      "cityName": "Umednagar",
      "lat": 24.566667,
      "lng": 92.616667
    },
    {
      "cityName": "Umpanai Christian",
      "lat": 25.933333,
      "lng": 92.3
    },
    {
      "cityName": "Umswai",
      "lat": 25.933333,
      "lng": 92.233333
    },
    {
      "cityName": "Urao Basti",
      "lat": 26.85,
      "lng": 93.416667
    },
    {
      "cityName": "Uriyamguri",
      "lat": 27.5,
      "lng": 94.5
    },
    {
      "cityName": "Yimpang",
      "lat": 26.316667,
      "lng": 94.183333
    }
  ]
}