{
  "name": "Orissa",
  "cities": [
    {
      "cityName": "Adaba",
      "lat": 19.5,
      "lng": 84.183333
    },
    {
      "cityName": "Adhonigarh",
      "lat": 20.516667,
      "lng": 84.466667
    },
    {
      "cityName": "Adipanka",
      "lat": 19.766667,
      "lng": 84.166667
    },
    {
      "cityName": "Agalpur",
      "lat": 21.016667,
      "lng": 83.4
    },
    {
      "cityName": "Ahias",
      "lat": 20.866667,
      "lng": 86.516667
    },
    {
      "cityName": "Ailabhatta",
      "lat": 20.25,
      "lng": 83.016667
    },
    {
      "cityName": "Ajayagad",
      "lat": 18.916667,
      "lng": 84.083333
    },
    {
      "cityName": "Alamanda",
      "lat": 18.866667,
      "lng": 83.316667
    },
    {
      "cityName": "Amarda",
      "lat": 21.783333,
      "lng": 87.133333
    },
    {
      "cityName": "Ambajiri",
      "lat": 18.883333,
      "lng": 84.033333
    },
    {
      "cityName": "Ambodala",
      "lat": 19.833333,
      "lng": 83.483333
    },
    {
      "cityName": "Ampadar",
      "lat": 19.55,
      "lng": 83.116667
    },
    {
      "cityName": "Ampani",
      "lat": 19.583333,
      "lng": 82.633333
    },
    {
      "cityName": "Anandpur",
      "lat": 21.214722,
      "lng": 86.110278
    },
    {
      "cityName": "Anantpur",
      "lat": 20.3,
      "lng": 86.516667
    },
    {
      "cityName": "Andanda",
      "lat": 19.016667,
      "lng": 84.383333
    },
    {
      "cityName": "Angul",
      "lat": 20.85,
      "lng": 85.1
    },
    {
      "cityName": "Antarba",
      "lat": 19.383333,
      "lng": 84.183333
    },
    {
      "cityName": "Ararhi",
      "lat": 20.8,
      "lng": 86.666667
    },
    {
      "cityName": "Asika",
      "lat": 19.6,
      "lng": 84.65
    },
    {
      "cityName": "Astaranga",
      "lat": 19.983333,
      "lng": 86.283333
    },
    {
      "cityName": "Asurabandh",
      "lat": 19.8,
      "lng": 84.383333
    },
    {
      "cityName": "Atgaon",
      "lat": 20.633333,
      "lng": 83.516667
    },
    {
      "cityName": "Athagarh",
      "lat": 20.533333,
      "lng": 85.616667
    },
    {
      "cityName": "Athmalik",
      "lat": 20.716667,
      "lng": 84.533333
    },
    {
      "cityName": "Attabira",
      "lat": 21.383333,
      "lng": 83.783333
    },
    {
      "cityName": "Aul",
      "lat": 20.683333,
      "lng": 86.65
    },
    {
      "cityName": "Ayodhya",
      "lat": 21.633333,
      "lng": 86.6
    },
    {
      "cityName": "Babupara",
      "lat": 21.9,
      "lng": 84.033333
    },
    {
      "cityName": "Bada Barabil",
      "lat": 22.116667,
      "lng": 85.4
    },
    {
      "cityName": "Bada Doikal",
      "lat": 19.716667,
      "lng": 83.5
    },
    {
      "cityName": "Badagada",
      "lat": 19.65,
      "lng": 84.416667
    },
    {
      "cityName": "Bada Kuturu",
      "lat": 19.583333,
      "lng": 82.816667
    },
    {
      "cityName": "Badampahar",
      "lat": 22.1,
      "lng": 86.1
    },
    {
      "cityName": "Badigarh",
      "lat": 18.55,
      "lng": 82.433333
    },
    {
      "cityName": "Badikata",
      "lat": 21.083333,
      "lng": 82.95
    },
    {
      "cityName": "Badmal",
      "lat": 21.116667,
      "lng": 84.066667
    },
    {
      "cityName": "Bagdia",
      "lat": 21.1,
      "lng": 84.816667
    },
    {
      "cityName": "Bagdihi",
      "lat": 21.933333,
      "lng": 84.2
    },
    {
      "cityName": "Baghiapara",
      "lat": 20.733333,
      "lng": 84.233333
    },
    {
      "cityName": "Baghmari",
      "lat": 20.2,
      "lng": 85.5
    },
    {
      "cityName": "Baghmunda",
      "lat": 20.716667,
      "lng": 84.783333
    },
    {
      "cityName": "Baghra",
      "lat": 21.6,
      "lng": 83.8
    },
    {
      "cityName": "Bahalda",
      "lat": 22.4,
      "lng": 86.083333
    },
    {
      "cityName": "Baharda",
      "lat": 21.683333,
      "lng": 87.05
    },
    {
      "cityName": "Baibali",
      "lat": 19.966667,
      "lng": 84.416667
    },
    {
      "cityName": "Baideswar",
      "lat": 20.35,
      "lng": 85.383333
    },
    {
      "cityName": "Bainspar",
      "lat": 21.616667,
      "lng": 85.4
    },
    {
      "cityName": "Bairi",
      "lat": 20.633333,
      "lng": 86.016667
    },
    {
      "cityName": "Baisinga",
      "lat": 21.651944,
      "lng": 86.936389
    },
    {
      "cityName": "Bajpur",
      "lat": 20.116667,
      "lng": 85.616667
    },
    {
      "cityName": "Bajrakot",
      "lat": 21.233333,
      "lng": 85.033333
    },
    {
      "cityName": "Bajupinda",
      "lat": 19.8,
      "lng": 84.25
    },
    {
      "cityName": "Balagunda",
      "lat": 22.1,
      "lng": 85.366667
    },
    {
      "cityName": "Balam",
      "lat": 21.533333,
      "lng": 84.866667
    },
    {
      "cityName": "Balanga",
      "lat": 20.05,
      "lng": 85.883333
    },
    {
      "cityName": "Balangir",
      "lat": 20.716667,
      "lng": 83.483333
    },
    {
      "cityName": "Balasore",
      "lat": 21.494167,
      "lng": 86.931667
    },
    {
      "cityName": "Baldhiamal",
      "lat": 19.833333,
      "lng": 82.916667
    },
    {
      "cityName": "Balia",
      "lat": 21.783333,
      "lng": 84.666667
    },
    {
      "cityName": "Balianta",
      "lat": 20.283333,
      "lng": 85.883333
    },
    {
      "cityName": "Baliapal",
      "lat": 21.666667,
      "lng": 87.283333
    },
    {
      "cityName": "Balidiha",
      "lat": 21.966667,
      "lng": 86.633333
    },
    {
      "cityName": "Balighai",
      "lat": 19.866667,
      "lng": 85.95
    },
    {
      "cityName": "Baliguda",
      "lat": 20.2,
      "lng": 83.916667
    },
    {
      "cityName": "Balikuda",
      "lat": 20.15,
      "lng": 86.283333
    },
    {
      "cityName": "Balimela",
      "lat": 18.25,
      "lng": 82.133333
    },
    {
      "cityName": "Balipatna",
      "lat": 20.2,
      "lng": 85.95
    },
    {
      "cityName": "Baljod",
      "lat": 22.083333,
      "lng": 85.15
    },
    {
      "cityName": "Ballipada",
      "lat": 19.383333,
      "lng": 84.7
    },
    {
      "cityName": "Ballipadara",
      "lat": 19.733333,
      "lng": 84.716667
    },
    {
      "cityName": "Balugan",
      "lat": 19.733333,
      "lng": 85.216667
    },
    {
      "cityName": "Balugaon",
      "lat": 20.166667,
      "lng": 85.1
    },
    {
      "cityName": "Bamebari",
      "lat": 21.9,
      "lng": 85.416667
    },
    {
      "cityName": "Bamini",
      "lat": 20.633333,
      "lng": 83.683333
    },
    {
      "cityName": "Baminigam",
      "lat": 19.666667,
      "lng": 84.083333
    },
    {
      "cityName": "Bamur",
      "lat": 21.016667,
      "lng": 84.466667
    },
    {
      "cityName": "Banapur",
      "lat": 19.783333,
      "lng": 85.183333
    },
    {
      "cityName": "Bandaguda",
      "lat": 19.483333,
      "lng": 83.983333
    },
    {
      "cityName": "Bandamamidi",
      "lat": 18.2,
      "lng": 82.15
    },
    {
      "cityName": "Bandha Chhada",
      "lat": 20.366667,
      "lng": 85.883333
    },
    {
      "cityName": "Bandhagan",
      "lat": 18.933333,
      "lng": 83.3
    },
    {
      "cityName": "Bandhagarh",
      "lat": 20.283333,
      "lng": 84.15
    },
    {
      "cityName": "Banei",
      "lat": 21.833333,
      "lng": 84.95
    },
    {
      "cityName": "Baner",
      "lat": 19.55,
      "lng": 82.816667
    },
    {
      "cityName": "Bangomunda",
      "lat": 20.35,
      "lng": 82.916667
    },
    {
      "cityName": "Bangriposi",
      "lat": 22.166667,
      "lng": 86.533333
    },
    {
      "cityName": "Bangursinga",
      "lat": 20.766667,
      "lng": 85.416667
    },
    {
      "cityName": "Banigochha",
      "lat": 20.416667,
      "lng": 84.583333
    },
    {
      "cityName": "Banjipali",
      "lat": 20.8,
      "lng": 82.95
    },
    {
      "cityName": "Banki",
      "lat": 20.383333,
      "lng": 85.533333
    },
    {
      "cityName": "Banor",
      "lat": 21.3,
      "lng": 85.05
    },
    {
      "cityName": "Banposh",
      "lat": 22.25,
      "lng": 84.8
    },
    {
      "cityName": "Bansjor",
      "lat": 22.416667,
      "lng": 84.716667
    },
    {
      "cityName": "Banspani",
      "lat": 21.983333,
      "lng": 85.433333
    },
    {
      "cityName": "Banta",
      "lat": 21.116667,
      "lng": 86.320278
    },
    {
      "cityName": "Bantala",
      "lat": 20.733333,
      "lng": 85.066667
    },
    {
      "cityName": "Barabond",
      "lat": 20.416667,
      "lng": 83.066667
    },
    {
      "cityName": "Barachana",
      "lat": 20.666667,
      "lng": 86.116667
    },
    {
      "cityName": "Baragarh",
      "lat": 21.333333,
      "lng": 83.616667
    },
    {
      "cityName": "Baraguma",
      "lat": 21.666667,
      "lng": 86.983333
    },
    {
      "cityName": "Baraiburu",
      "lat": 22.15,
      "lng": 85.366667
    },
    {
      "cityName": "Bara Khunta",
      "lat": 21.711944,
      "lng": 86.631667
    },
    {
      "cityName": "Barakot",
      "lat": 21.55,
      "lng": 85.016667
    },
    {
      "cityName": "Baramaria",
      "lat": 21.7,
      "lng": 87.066667
    },
    {
      "cityName": "Baramba",
      "lat": 20.416667,
      "lng": 85.35
    },
    {
      "cityName": "Barang",
      "lat": 20.4,
      "lng": 85.85
    },
    {
      "cityName": "Barasah",
      "lat": 21.726667,
      "lng": 86.738333
    },
    {
      "cityName": "Barenderi",
      "lat": 20.983333,
      "lng": 86.233333
    },
    {
      "cityName": "Bargaon",
      "lat": 22.183333,
      "lng": 84.3
    },
    {
      "cityName": "Bari",
      "lat": 20.716667,
      "lng": 86.366667
    },
    {
      "cityName": "Baripada",
      "lat": 21.935,
      "lng": 86.721389
    },
    {
      "cityName": "Barkola",
      "lat": 20.183333,
      "lng": 84.85
    },
    {
      "cityName": "Barpali",
      "lat": 21.2,
      "lng": 83.583333
    },
    {
      "cityName": "Barpoda",
      "lat": 21.966667,
      "lng": 85.3
    },
    {
      "cityName": "Baruda",
      "lat": 20.016667,
      "lng": 84.616667
    },
    {
      "cityName": "Basantpur",
      "lat": 21.8,
      "lng": 85.383333
    },
    {
      "cityName": "Basudebpur",
      "lat": 21.135278,
      "lng": 86.738611
    },
    {
      "cityName": "Batgaon",
      "lat": 21.783333,
      "lng": 85.216667
    },
    {
      "cityName": "Bauda",
      "lat": 20.833333,
      "lng": 84.316667
    },
    {
      "cityName": "Baunsuni",
      "lat": 20.816667,
      "lng": 84.066667
    },
    {
      "cityName": "Begunia",
      "lat": 20.2,
      "lng": 85.45
    },
    {
      "cityName": "Beherapat",
      "lat": 21.866667,
      "lng": 84
    },
    {
      "cityName": "Belagad",
      "lat": 19.933333,
      "lng": 83.6
    },
    {
      "cityName": "Belaguntha",
      "lat": 19.883333,
      "lng": 84.65
    },
    {
      "cityName": "Belapara",
      "lat": 20.6,
      "lng": 82.983333
    },
    {
      "cityName": "Beldha",
      "lat": 21.883333,
      "lng": 85.45
    },
    {
      "cityName": "Belgan",
      "lat": 20.466667,
      "lng": 83.3
    },
    {
      "cityName": "Belgaon",
      "lat": 20.316667,
      "lng": 83.316667
    },
    {
      "cityName": "Berhampore",
      "lat": 19.316667,
      "lng": 84.783333
    },
    {
      "cityName": "Betjharan",
      "lat": 22.25,
      "lng": 86.3
    },
    {
      "cityName": "Betnoti",
      "lat": 21.739722,
      "lng": 86.847222
    },
    {
      "cityName": "Bhadrak",
      "lat": 21.052778,
      "lng": 86.52
    },
    {
      "cityName": "Bhagabatipur",
      "lat": 20.483333,
      "lng": 86.233333
    },
    {
      "cityName": "Bhakur",
      "lat": 20.616667,
      "lng": 86.183333
    },
    {
      "cityName": "Bhaliapanga",
      "lat": 19.416667,
      "lng": 84.15
    },
    {
      "cityName": "Bhandaripokhari",
      "lat": 20.95,
      "lng": 86.366667
    },
    {
      "cityName": "Bhanjanagar",
      "lat": 19.933333,
      "lng": 84.583333
    },
    {
      "cityName": "Bhasma",
      "lat": 21.95,
      "lng": 84.033333
    },
    {
      "cityName": "Bhawanipatna",
      "lat": 19.9,
      "lng": 83.166667
    },
    {
      "cityName": "Bheran",
      "lat": 21.2,
      "lng": 83.733333
    },
    {
      "cityName": "Bherhen",
      "lat": 21.2,
      "lng": 83.75
    },
    {
      "cityName": "Bhimkhoj",
      "lat": 21.3,
      "lng": 84.116667
    },
    {
      "cityName": "Bhimpuram",
      "lat": 19.2,
      "lng": 83.95
    },
    {
      "cityName": "Bhismagiri",
      "lat": 19.383333,
      "lng": 84.466667
    },
    {
      "cityName": "Bhograi",
      "lat": 21.666667,
      "lng": 87.35
    },
    {
      "cityName": "Bhojpur",
      "lat": 21.65,
      "lng": 84.4
    },
    {
      "cityName": "Bhramarapur",
      "lat": 19.183333,
      "lng": 84.45
    },
    {
      "cityName": "Bhuban",
      "lat": 20.883333,
      "lng": 85.833333
    },
    {
      "cityName": "Bhubaneshwar",
      "lat": 20.233333,
      "lng": 85.833333
    },
    {
      "cityName": "Bhursipali",
      "lat": 21.383333,
      "lng": 83.75
    },
    {
      "cityName": "Bhusandpur",
      "lat": 19.933333,
      "lng": 85.5
    },
    {
      "cityName": "Bhushandapur",
      "lat": 19.916667,
      "lng": 85.5
    },
    {
      "cityName": "Bhutyabahal",
      "lat": 20.616667,
      "lng": 83.35
    },
    {
      "cityName": "Bideipur",
      "lat": 21.033333,
      "lng": 86.816667
    },
    {
      "cityName": "Bijakuli",
      "lat": 21.733333,
      "lng": 84.883333
    },
    {
      "cityName": "Bijapur",
      "lat": 19.533333,
      "lng": 83.933333
    },
    {
      "cityName": "Bijepur",
      "lat": 19.633333,
      "lng": 83.3
    },
    {
      "cityName": "Bimbala",
      "lat": 21.2,
      "lng": 85.4
    },
    {
      "cityName": "Binika",
      "lat": 21.033333,
      "lng": 83.8
    },
    {
      "cityName": "Binjharpur",
      "lat": 20.733333,
      "lng": 86.4
    },
    {
      "cityName": "Biribati",
      "lat": 20.433333,
      "lng": 85.983333
    },
    {
      "cityName": "Birikota",
      "lat": 19.483333,
      "lng": 84.083333
    },
    {
      "cityName": "Birkera",
      "lat": 22.133333,
      "lng": 84.8
    },
    {
      "cityName": "Birmitrapur",
      "lat": 22.4,
      "lng": 84.766667
    },
    {
      "cityName": "Bisai",
      "lat": 22.166667,
      "lng": 86.4
    },
    {
      "cityName": "Bisipada",
      "lat": 20.416667,
      "lng": 84.2
    },
    {
      "cityName": "Bisra",
      "lat": 22.25,
      "lng": 85
    },
    {
      "cityName": "Bissamcutack",
      "lat": 19.516667,
      "lng": 83.516667
    },
    {
      "cityName": "Bodobil",
      "lat": 21.85,
      "lng": 85.9
    },
    {
      "cityName": "Bodo Raruan",
      "lat": 21.966667,
      "lng": 85.85
    },
    {
      "cityName": "Bogor",
      "lat": 20.183333,
      "lng": 83.216667
    },
    {
      "cityName": "Boipariguda",
      "lat": 18.766667,
      "lng": 82.433333
    },
    {
      "cityName": "Boirani",
      "lat": 19.6,
      "lng": 84.75
    },
    {
      "cityName": "Bolagarh",
      "lat": 20.183333,
      "lng": 85.266667
    },
    {
      "cityName": "Bolani",
      "lat": 22.1,
      "lng": 85.316667
    },
    {
      "cityName": "Bomundi",
      "lat": 20.966667,
      "lng": 83.083333
    },
    {
      "cityName": "Bondabal",
      "lat": 20.383333,
      "lng": 83.033333
    },
    {
      "cityName": "Bonta",
      "lat": 20.066667,
      "lng": 84.783333
    },
    {
      "cityName": "Boria",
      "lat": 20.15,
      "lng": 83.183333
    },
    {
      "cityName": "Brahinagiri",
      "lat": 19.783333,
      "lng": 85.633333
    },
    {
      "cityName": "Brahmagiri",
      "lat": 19.8,
      "lng": 85.65
    },
    {
      "cityName": "Brahmando",
      "lat": 19.5,
      "lng": 85.2
    },
    {
      "cityName": "Brajarajnagar",
      "lat": 21.816667,
      "lng": 83.916667
    },
    {
      "cityName": "Bramhabarada",
      "lat": 20.766667,
      "lng": 86.25
    },
    {
      "cityName": "Bubel",
      "lat": 20.733333,
      "lng": 83.6
    },
    {
      "cityName": "Budabal",
      "lat": 20.6,
      "lng": 83.25
    },
    {
      "cityName": "Budaguda",
      "lat": 19.85,
      "lng": 84.233333
    },
    {
      "cityName": "Budagud",
      "lat": 20,
      "lng": 83.933333
    },
    {
      "cityName": "Budhamb",
      "lat": 19.616667,
      "lng": 84.85
    },
    {
      "cityName": "Buguda",
      "lat": 19.816667,
      "lng": 84.8
    },
    {
      "cityName": "Buramara",
      "lat": 22.116667,
      "lng": 86.65
    },
    {
      "cityName": "Burigaon",
      "lat": 21.75,
      "lng": 86.166667
    },
    {
      "cityName": "Burla",
      "lat": 21.5,
      "lng": 83.866667
    },
    {
      "cityName": "Butiarbal",
      "lat": 20.6,
      "lng": 83.333333
    },
    {
      "cityName": "Canjam",
      "lat": 19.383333,
      "lng": 85.066667
    },
    {
      "cityName": "Chahala",
      "lat": 21.983333,
      "lng": 86.3
    },
    {
      "cityName": "Chahali",
      "lat": 20.233333,
      "lng": 84.483333
    },
    {
      "cityName": "Chakarkend",
      "lat": 21.316667,
      "lng": 83.516667
    },
    {
      "cityName": "Chamakpur",
      "lat": 22.033333,
      "lng": 85.5
    },
    {
      "cityName": "Champatimunda",
      "lat": 20.766667,
      "lng": 85.016667
    },
    {
      "cityName": "Chandabila",
      "lat": 22.083333,
      "lng": 87
    },
    {
      "cityName": "Chandaka",
      "lat": 20.366667,
      "lng": 85.766667
    },
    {
      "cityName": "Chandanpur",
      "lat": 20.566667,
      "lng": 86.65
    },
    {
      "cityName": "Chandbali",
      "lat": 20.783333,
      "lng": 86.766667
    },
    {
      "cityName": "Chandipur",
      "lat": 21.466667,
      "lng": 87.016667
    },
    {
      "cityName": "Chandiput",
      "lat": 19.366667,
      "lng": 84.3
    },
    {
      "cityName": "Chandpur",
      "lat": 19.933333,
      "lng": 85.416667
    },
    {
      "cityName": "Chandragiri",
      "lat": 19.316667,
      "lng": 84.283333
    },
    {
      "cityName": "Chandrapur",
      "lat": 19.6,
      "lng": 83.883333
    },
    {
      "cityName": "Chanuya",
      "lat": 21.55,
      "lng": 87.066667
    },
    {
      "cityName": "Chapamanik",
      "lat": 19.75,
      "lng": 85.666667
    },
    {
      "cityName": "Charmal",
      "lat": 21.116667,
      "lng": 84.216667
    },
    {
      "cityName": "Chatragurha",
      "lat": 19.533333,
      "lng": 82.466667
    },
    {
      "cityName": "Chatrapur",
      "lat": 19.35,
      "lng": 84.983333
    },
    {
      "cityName": "Chemeri",
      "lat": 19.966667,
      "lng": 84.966667
    },
    {
      "cityName": "Chemma",
      "lat": 19.05,
      "lng": 83.066667
    },
    {
      "cityName": "Chhamunda",
      "lat": 21.333333,
      "lng": 84.2
    },
    {
      "cityName": "Chhatarpada",
      "lat": 20.783333,
      "lng": 86.466667
    },
    {
      "cityName": "Chhedak",
      "lat": 20.683333,
      "lng": 86.85
    },
    {
      "cityName": "Chheligada",
      "lat": 19.2,
      "lng": 84.25
    },
    {
      "cityName": "Chhendipada",
      "lat": 21.1,
      "lng": 84.866667
    },
    {
      "cityName": "Chikati",
      "lat": 19.2,
      "lng": 84.616667
    },
    {
      "cityName": "Chilguda",
      "lat": 19.716667,
      "lng": 82.916667
    },
    {
      "cityName": "Chirikipada Syasan",
      "lat": 19.766667,
      "lng": 84.85
    },
    {
      "cityName": "Chitarda",
      "lat": 21.833333,
      "lng": 86.95
    },
    {
      "cityName": "Chitrakonda",
      "lat": 18.116667,
      "lng": 82.083333
    },
    {
      "cityName": "Chocha",
      "lat": 19.65,
      "lng": 82.45
    },
    {
      "cityName": "Chorapali",
      "lat": 20.716667,
      "lng": 83.3
    },
    {
      "cityName": "Chudamani",
      "lat": 21.133333,
      "lng": 86.783333
    },
    {
      "cityName": "Churapali",
      "lat": 20.733333,
      "lng": 83.3
    },
    {
      "cityName": "Chur Malda",
      "lat": 21.95,
      "lng": 85.35
    },
    {
      "cityName": "Cuttack",
      "lat": 20.5,
      "lng": 85.833333
    },
    {
      "cityName": "Dadan Raikala",
      "lat": 21.866667,
      "lng": 85.1
    },
    {
      "cityName": "Dadpur",
      "lat": 19.95,
      "lng": 83.2
    },
    {
      "cityName": "Daigalkonda",
      "lat": 18.066667,
      "lng": 82.033333
    },
    {
      "cityName": "Daitari",
      "lat": 21.1,
      "lng": 85.75
    },
    {
      "cityName": "Dalab",
      "lat": 21.283333,
      "lng": 83.883333
    },
    {
      "cityName": "Damadua",
      "lat": 19.566667,
      "lng": 84.166667
    },
    {
      "cityName": "Dangadiha",
      "lat": 21.5,
      "lng": 86.316667
    },
    {
      "cityName": "Dangashilbhata",
      "lat": 19.25,
      "lng": 82.983333
    },
    {
      "cityName": "Dangbal",
      "lat": 20.866667,
      "lng": 83.216667
    },
    {
      "cityName": "Dangusurada",
      "lat": 19.6,
      "lng": 83.65
    },
    {
      "cityName": "Dantur",
      "lat": 21.333333,
      "lng": 86.583333
    },
    {
      "cityName": "Darakholi",
      "lat": 21.489167,
      "lng": 86.583333
    },
    {
      "cityName": "Daramgara",
      "lat": 20.416667,
      "lng": 83.233333
    },
    {
      "cityName": "Daringabadi",
      "lat": 19.9,
      "lng": 84.133333
    },
    {
      "cityName": "Darjin",
      "lat": 21.95,
      "lng": 84.9
    },
    {
      "cityName": "Dasamantapur",
      "lat": 19.05,
      "lng": 82.933333
    },
    {
      "cityName": "Dashapalla",
      "lat": 20.35,
      "lng": 84.85
    },
    {
      "cityName": "Dasingabadi",
      "lat": 19.816667,
      "lng": 84.083333
    },
    {
      "cityName": "Dasrathpur",
      "lat": 20.833333,
      "lng": 86.45
    },
    {
      "cityName": "Degam",
      "lat": 19.633333,
      "lng": 84.866667
    },
    {
      "cityName": "Dehurda",
      "lat": 21.7,
      "lng": 87.416667
    },
    {
      "cityName": "Delang",
      "lat": 20.083333,
      "lng": 85.75
    },
    {
      "cityName": "Deogan",
      "lat": 20.55,
      "lng": 83.416667
    },
    {
      "cityName": "Deogarh",
      "lat": 21.533333,
      "lng": 84.733333
    },
    {
      "cityName": "Deoli",
      "lat": 21.816667,
      "lng": 85.833333
    },
    {
      "cityName": "Deppeguda",
      "lat": 19.316667,
      "lng": 83.9
    },
    {
      "cityName": "Dhama",
      "lat": 21.266667,
      "lng": 83.916667
    },
    {
      "cityName": "Dhamara",
      "lat": 20.8,
      "lng": 86.9
    },
    {
      "cityName": "Dhamini",
      "lat": 19.4,
      "lng": 83.566667
    },
    {
      "cityName": "Dhamnagar",
      "lat": 20.916667,
      "lng": 86.45
    },
    {
      "cityName": "Dhandamunda",
      "lat": 20.783333,
      "lng": 82.933333
    },
    {
      "cityName": "Dhanmandal",
      "lat": 20.7,
      "lng": 86.116667
    },
    {
      "cityName": "Dharakota",
      "lat": 19.65,
      "lng": 84.583333
    },
    {
      "cityName": "Dharmsala",
      "lat": 20.783333,
      "lng": 86.15
    },
    {
      "cityName": "Dharuadihi",
      "lat": 21.983333,
      "lng": 84.216667
    },
    {
      "cityName": "Dhaurpur",
      "lat": 19.75,
      "lng": 82.583333
    },
    {
      "cityName": "Dhenkanal",
      "lat": 20.666667,
      "lng": 85.6
    },
    {
      "cityName": "Dhenkikot",
      "lat": 21.483333,
      "lng": 85.816667
    },
    {
      "cityName": "Dhobimu",
      "lat": 21.266667,
      "lng": 86.866667
    },
    {
      "cityName": "Dholpur",
      "lat": 20.7,
      "lng": 84.483333
    },
    {
      "cityName": "Dhormopur",
      "lat": 20.116667,
      "lng": 84.133333
    },
    {
      "cityName": "Dhuanuali",
      "lat": 19.866667,
      "lng": 85.133333
    },
    {
      "cityName": "Digapahandi",
      "lat": 19.366667,
      "lng": 84.583333
    },
    {
      "cityName": "Digi",
      "lat": 19.983333,
      "lng": 84.233333
    },
    {
      "cityName": "Digsira",
      "lat": 20.966667,
      "lng": 83.566667
    },
    {
      "cityName": "Diksera",
      "lat": 20.983333,
      "lng": 83.566667
    },
    {
      "cityName": "Dimiripadar",
      "lat": 19.466667,
      "lng": 82.966667
    },
    {
      "cityName": "Dimiripalli",
      "lat": 20.166667,
      "lng": 84.85
    },
    {
      "cityName": "Domkipali",
      "lat": 20.916667,
      "lng": 83.216667
    },
    {
      "cityName": "Dublabahal",
      "lat": 21.066667,
      "lng": 83.2
    },
    {
      "cityName": "Dublabera",
      "lat": 22.15,
      "lng": 86.033333
    },
    {
      "cityName": "Dumaro",
      "lat": 21.833333,
      "lng": 85.116667
    },
    {
      "cityName": "Dumbaguda",
      "lat": 19.166667,
      "lng": 82.983333
    },
    {
      "cityName": "Dumerbal",
      "lat": 20,
      "lng": 83.45
    },
    {
      "cityName": "Dumuriput",
      "lat": 18.766667,
      "lng": 82.8
    },
    {
      "cityName": "Dungripali",
      "lat": 21.05,
      "lng": 83.55
    },
    {
      "cityName": "Durgapanga",
      "lat": 19.716667,
      "lng": 83.65
    },
    {
      "cityName": "Durgapur",
      "lat": 20.933333,
      "lng": 84.883333
    },
    {
      "cityName": "Durgi",
      "lat": 19.35,
      "lng": 83.583333
    },
    {
      "cityName": "Durka",
      "lat": 22.033333,
      "lng": 83.816667
    },
    {
      "cityName": "Durkaranja",
      "lat": 20.083333,
      "lng": 83.533333
    },
    {
      "cityName": "Dusragam",
      "lat": 19.716667,
      "lng": 83.983333
    },
    {
      "cityName": "Ersama",
      "lat": 20.2,
      "lng": 86.4
    },
    {
      "cityName": "Fatehgarh",
      "lat": 20.3,
      "lng": 85.333333
    },
    {
      "cityName": "Fathpur",
      "lat": 20.433333,
      "lng": 85.633333
    },
    {
      "cityName": "Gadapur",
      "lat": 19.7,
      "lng": 84.033333
    },
    {
      "cityName": "Gadulabadi",
      "lat": 19.85,
      "lng": 84.3
    },
    {
      "cityName": "Gaiba",
      "lat": 18.933333,
      "lng": 83.933333
    },
    {
      "cityName": "Gaisilat",
      "lat": 20.966667,
      "lng": 83.316667
    },
    {
      "cityName": "Gajipur",
      "lat": 20.366667,
      "lng": 86.266667
    },
    {
      "cityName": "Galleri",
      "lat": 20.1,
      "lng": 84.566667
    },
    {
      "cityName": "Gambhari",
      "lat": 20.716667,
      "lng": 82.933333
    },
    {
      "cityName": "Gandahatti",
      "lat": 18.883333,
      "lng": 84.266667
    },
    {
      "cityName": "Gandiberh",
      "lat": 21.2825,
      "lng": 86.540556
    },
    {
      "cityName": "Ganei",
      "lat": 20.15,
      "lng": 86.2
    },
    {
      "cityName": "Gangapur",
      "lat": 19.783333,
      "lng": 84.616667
    },
    {
      "cityName": "Gantapara",
      "lat": 20.55,
      "lng": 83.65
    },
    {
      "cityName": "Garabandh",
      "lat": 18.833333,
      "lng": 84.266667
    },
    {
      "cityName": "Garh Krishnaprasad",
      "lat": 19.633333,
      "lng": 85.266667
    },
    {
      "cityName": "Garpos",
      "lat": 22.133333,
      "lng": 84.433333
    },
    {
      "cityName": "Gatitangar",
      "lat": 22.4,
      "lng": 84.9
    },
    {
      "cityName": "Gaudagoth",
      "lat": 19.633333,
      "lng": 84.3
    },
    {
      "cityName": "Gaypur",
      "lat": 20.85,
      "lng": 86.333333
    },
    {
      "cityName": "Ghanteshwar",
      "lat": 20.933333,
      "lng": 86.8
    },
    {
      "cityName": "Ghatgan",
      "lat": 21.4,
      "lng": 85.883333
    },
    {
      "cityName": "Ghens",
      "lat": 21.2,
      "lng": 83.283333
    },
    {
      "cityName": "Ghorarhia",
      "lat": 20.083333,
      "lng": 85.7
    },
    {
      "cityName": "Ghoriajor",
      "lat": 22.05,
      "lng": 84.15
    },
    {
      "cityName": "Ghosar",
      "lat": 20.95,
      "lng": 84.483333
    },
    {
      "cityName": "Ghumusar Udayagiri",
      "lat": 20.133333,
      "lng": 84.383333
    },
    {
      "cityName": "Girisola",
      "lat": 19.166667,
      "lng": 84.716667
    },
    {
      "cityName": "Girligumma",
      "lat": 19.116667,
      "lng": 82.85
    },
    {
      "cityName": "Gobakund",
      "lat": 19.95,
      "lng": 85.883333
    },
    {
      "cityName": "Gobindapali",
      "lat": 18.583333,
      "lng": 82.283333
    },
    {
      "cityName": "Gobindapur",
      "lat": 20.683333,
      "lng": 86.516667
    },
    {
      "cityName": "Gobindpur",
      "lat": 22.066667,
      "lng": 84.283333
    },
    {
      "cityName": "Godabudini",
      "lat": 21.95,
      "lng": 85.283333
    },
    {
      "cityName": "Godipara",
      "lat": 20.05,
      "lng": 85.15
    },
    {
      "cityName": "Gogua",
      "lat": 21.4,
      "lng": 84.933333
    },
    {
      "cityName": "Golantra",
      "lat": 19.216667,
      "lng": 84.75
    },
    {
      "cityName": "Gondia",
      "lat": 20.783333,
      "lng": 85.8
    },
    {
      "cityName": "Gonua",
      "lat": 21.916667,
      "lng": 85.366667
    },
    {
      "cityName": "Gopalpur",
      "lat": 19.266667,
      "lng": 84.916667
    },
    {
      "cityName": "Gope",
      "lat": 19.983333,
      "lng": 86.016667
    },
    {
      "cityName": "Gopinathapur",
      "lat": 20.333333,
      "lng": 86.116667
    },
    {
      "cityName": "Gorabond",
      "lat": 20.166667,
      "lng": 83.4
    },
    {
      "cityName": "Gorakhpur",
      "lat": 19.25,
      "lng": 83.1
    },
    {
      "cityName": "Gourpali",
      "lat": 21.45,
      "lng": 84.183333
    },
    {
      "cityName": "Govindapur",
      "lat": 19.516667,
      "lng": 84.333333
    },
    {
      "cityName": "Govindpur",
      "lat": 21.483333,
      "lng": 85.333333
    },
    {
      "cityName": "Goyagonda",
      "lat": 20.15,
      "lng": 84.75
    },
    {
      "cityName": "Guali",
      "lat": 21.983333,
      "lng": 85.283333
    },
    {
      "cityName": "Gudari",
      "lat": 19.35,
      "lng": 83.783333
    },
    {
      "cityName": "Gulliti",
      "lat": 19.183333,
      "lng": 83.65
    },
    {
      "cityName": "Guluba",
      "lat": 19.433333,
      "lng": 84.083333
    },
    {
      "cityName": "Gumagarh",
      "lat": 20.35,
      "lng": 84.266667
    },
    {
      "cityName": "Gumarmal",
      "lat": 20.566667,
      "lng": 83.216667
    },
    {
      "cityName": "Gumlai",
      "lat": 21.616667,
      "lng": 84.15
    },
    {
      "cityName": "Gumma",
      "lat": 18.983333,
      "lng": 84.016667
    },
    {
      "cityName": "Gumsa",
      "lat": 20.366667,
      "lng": 83.366667
    },
    {
      "cityName": "Gundribadi",
      "lat": 20.283333,
      "lng": 84.7
    },
    {
      "cityName": "Gun",
      "lat": 19.6,
      "lng": 83.133333
    },
    {
      "cityName": "Gunupur",
      "lat": 19.083333,
      "lng": 83.816667
    },
    {
      "cityName": "Gurandi",
      "lat": 18.816667,
      "lng": 84.216667
    },
    {
      "cityName": "Gurda",
      "lat": 21.916667,
      "lng": 85.383333
    },
    {
      "cityName": "Gurubella",
      "lat": 20.416667,
      "lng": 83.55
    },
    {
      "cityName": "Gurundia",
      "lat": 21.85,
      "lng": 84.766667
    },
    {
      "cityName": "Gurusulai",
      "lat": 21.4,
      "lng": 85.066667
    },
    {
      "cityName": "Haladia",
      "lat": 20.266667,
      "lng": 85.566667
    },
    {
      "cityName": "Haldia",
      "lat": 21.95,
      "lng": 86.35
    },
    {
      "cityName": "Handapa",
      "lat": 20.95,
      "lng": 84.683333
    },
    {
      "cityName": "Hanjar",
      "lat": 18.633333,
      "lng": 82.683333
    },
    {
      "cityName": "Harbhanga",
      "lat": 20.633333,
      "lng": 84.6
    },
    {
      "cityName": "Harichandanpur",
      "lat": 21.35,
      "lng": 85.783333
    },
    {
      "cityName": "Haridaspur",
      "lat": 20.733333,
      "lng": 86.116667
    },
    {
      "cityName": "Haripur",
      "lat": 20.116667,
      "lng": 85.866667
    },
    {
      "cityName": "Haromoto",
      "lat": 22.066667,
      "lng": 85.3
    },
    {
      "cityName": "Hathibari",
      "lat": 22.416667,
      "lng": 84.85
    },
    {
      "cityName": "Hathiguda",
      "lat": 19.933333,
      "lng": 84.5
    },
    {
      "cityName": "Hatibari",
      "lat": 20.883333,
      "lng": 85.95
    },
    {
      "cityName": "Hatigarh",
      "lat": 21.9,
      "lng": 87.2
    },
    {
      "cityName": "Hindola",
      "lat": 20.616667,
      "lng": 85.2
    },
    {
      "cityName": "Hinjilicut",
      "lat": 19.483333,
      "lng": 84.75
    },
    {
      "cityName": "Hirakud",
      "lat": 21.516667,
      "lng": 83.866667
    },
    {
      "cityName": "Hukitala",
      "lat": 20.4,
      "lng": 86.8
    },
    {
      "cityName": "Humma",
      "lat": 19.433333,
      "lng": 85.083333
    },
    {
      "cityName": "Indipur",
      "lat": 20.616667,
      "lng": 86.4
    },
    {
      "cityName": "Ïshwarpur",
      "lat": 21.366667,
      "lng": 86.7
    },
    {
      "cityName": "Iswerpur",
      "lat": 21.346667,
      "lng": 86.712222
    },
    {
      "cityName": "Itamati",
      "lat": 20.133333,
      "lng": 85.15
    },
    {
      "cityName": "Jabagarh",
      "lat": 18.45,
      "lng": 82.583333
    },
    {
      "cityName": "Jagadalapur",
      "lat": 19.766667,
      "lng": 83.55
    },
    {
      "cityName": "Jagannathaprasad",
      "lat": 19.966667,
      "lng": 84.783333
    },
    {
      "cityName": "Jagannath",
      "lat": 19.8,
      "lng": 85.85
    },
    {
      "cityName": "Jagatpur",
      "lat": 20.516667,
      "lng": 85.933333
    },
    {
      "cityName": "Jagatsinghapur",
      "lat": 20.266667,
      "lng": 86.166667
    },
    {
      "cityName": "Jagdalpur",
      "lat": 21.133333,
      "lng": 82.933333
    },
    {
      "cityName": "Jakara",
      "lat": 19.25,
      "lng": 84.566667
    },
    {
      "cityName": "Jaleshwar",
      "lat": 21.816667,
      "lng": 87.216667
    },
    {
      "cityName": "Jambu",
      "lat": 20.416667,
      "lng": 86.716667
    },
    {
      "cityName": "Jamuani",
      "lat": 21.947222,
      "lng": 86.204444
    },
    {
      "cityName": "Jamugurha",
      "lat": 19.3,
      "lng": 82.6
    },
    {
      "cityName": "Jamunkira",
      "lat": 21.533333,
      "lng": 84.383333
    },
    {
      "cityName": "Janghira",
      "lat": 21.433333,
      "lng": 85.616667
    },
    {
      "cityName": "Jangra",
      "lat": 21.733333,
      "lng": 84.966667
    },
    {
      "cityName": "Jankia",
      "lat": 20.05,
      "lng": 85.533333
    },
    {
      "cityName": "Janla",
      "lat": 20.233333,
      "lng": 85.716667
    },
    {
      "cityName": "Jaraikela",
      "lat": 22.1,
      "lng": 84.6
    },
    {
      "cityName": "Jara",
      "lat": 22.016667,
      "lng": 84.633333
    },
    {
      "cityName": "Jaraparha",
      "lat": 20.883333,
      "lng": 84.883333
    },
    {
      "cityName": "Jarau",
      "lat": 19.55,
      "lng": 84.366667
    },
    {
      "cityName": "Jashipur",
      "lat": 21.9675,
      "lng": 86.080278
    },
    {
      "cityName": "Jatani",
      "lat": 20.166667,
      "lng": 85.7
    },
    {
      "cityName": "Jayapatna",
      "lat": 19.466667,
      "lng": 82.816667
    },
    {
      "cityName": "Jaypur",
      "lat": 18.85,
      "lng": 82.583333
    },
    {
      "cityName": "Jenapur",
      "lat": 20.866667,
      "lng": 86.066667
    },
    {
      "cityName": "Jhadabhumi",
      "lat": 19.916667,
      "lng": 84.733333
    },
    {
      "cityName": "Jharbera",
      "lat": 22.066667,
      "lng": 85.016667
    },
    {
      "cityName": "Jhargaon",
      "lat": 22.05,
      "lng": 85.383333
    },
    {
      "cityName": "Jharpokharia",
      "lat": 22.166667,
      "lng": 86.633333
    },
    {
      "cityName": "Jharsaguda",
      "lat": 21.85,
      "lng": 84.033333
    },
    {
      "cityName": "Jilluba",
      "lat": 19.816667,
      "lng": 84.666667
    },
    {
      "cityName": "Jirang",
      "lat": 18.966667,
      "lng": 84.216667
    },
    {
      "cityName": "Joranda",
      "lat": 20.783333,
      "lng": 85.716667
    },
    {
      "cityName": "Joribar",
      "lat": 21.933333,
      "lng": 85.416667
    },
    {
      "cityName": "Jormu",
      "lat": 20.533333,
      "lng": 84.95
    },
    {
      "cityName": "Joruri",
      "lat": 21.95,
      "lng": 85.416667
    },
    {
      "cityName": "Jubarajpur",
      "lat": 19.35,
      "lng": 82.883333
    },
    {
      "cityName": "Jujomura",
      "lat": 21.233333,
      "lng": 84.133333
    },
    {
      "cityName": "Kabirpur",
      "lat": 20.8,
      "lng": 86.266667
    },
    {
      "cityName": "Kadaligarh",
      "lat": 20.95,
      "lng": 84.316667
    },
    {
      "cityName": "Kadapara",
      "lat": 20.866667,
      "lng": 84.333333
    },
    {
      "cityName": "Kadodih",
      "lat": 21.883333,
      "lng": 85.233333
    },
    {
      "cityName": "Kailasakota",
      "lat": 19.233333,
      "lng": 83.55
    },
    {
      "cityName": "Kainpur",
      "lat": 18.933333,
      "lng": 84.333333
    },
    {
      "cityName": "Kainsara",
      "lat": 21.966667,
      "lng": 84.05
    },
    {
      "cityName": "Kaipadar",
      "lat": 20.133333,
      "lng": 85.55
    },
    {
      "cityName": "Kakariguma",
      "lat": 18.916667,
      "lng": 83.016667
    },
    {
      "cityName": "Kakatpur",
      "lat": 20.016667,
      "lng": 86.2
    },
    {
      "cityName": "Kakhra",
      "lat": 21.666667,
      "lng": 87.433333
    },
    {
      "cityName": "Kalabagh",
      "lat": 20.55,
      "lng": 84.083333
    },
    {
      "cityName": "Kalapathara",
      "lat": 20.283333,
      "lng": 85.366667
    },
    {
      "cityName": "Kaliapani",
      "lat": 21.033333,
      "lng": 85.766667
    },
    {
      "cityName": "Kalikoti",
      "lat": 21.166667,
      "lng": 86.816667
    },
    {
      "cityName": "Kalimatti",
      "lat": 21.866667,
      "lng": 85.383333
    },
    {
      "cityName": "Kalinga",
      "lat": 20.166667,
      "lng": 84.416667
    },
    {
      "cityName": "Kallikota",
      "lat": 19.616667,
      "lng": 85.083333
    },
    {
      "cityName": "Kalmang",
      "lat": 21.95,
      "lng": 85.316667
    },
    {
      "cityName": "Kalyansingapuram",
      "lat": 19.5,
      "lng": 83.316667
    },
    {
      "cityName": "Kamakhyanagar",
      "lat": 20.933333,
      "lng": 85.55
    },
    {
      "cityName": "Kanaipur",
      "lat": 19.65,
      "lng": 85.133333
    },
    {
      "cityName": "Kanarak",
      "lat": 19.9,
      "lng": 86.116667
    },
    {
      "cityName": "Kanas",
      "lat": 20.016667,
      "lng": 85.65
    },
    {
      "cityName": "Kandaparha",
      "lat": 20.266667,
      "lng": 85.183333
    },
    {
      "cityName": "Kandbara",
      "lat": 21.05,
      "lng": 85.55
    },
    {
      "cityName": "Kaniah",
      "lat": 21.083333,
      "lng": 85.05
    },
    {
      "cityName": "Kanpur",
      "lat": 20.416667,
      "lng": 85.166667
    },
    {
      "cityName": "Kansar",
      "lat": 21.45,
      "lng": 84.516667
    },
    {
      "cityName": "Kantabanji",
      "lat": 20.483333,
      "lng": 82.916667
    },
    {
      "cityName": "Kantigaria",
      "lat": 20.916667,
      "lng": 86.25
    },
    {
      "cityName": "Kantilo",
      "lat": 20.35,
      "lng": 85.183333
    },
    {
      "cityName": "Kapileswarpur",
      "lat": 20.116667,
      "lng": 85.466667
    },
    {
      "cityName": "Kaptipada",
      "lat": 21.5125,
      "lng": 86.527778
    },
    {
      "cityName": "Karachuli",
      "lat": 19.9,
      "lng": 84.883333
    },
    {
      "cityName": "Karadagada",
      "lat": 19.933333,
      "lng": 84.283333
    },
    {
      "cityName": "Karanjia",
      "lat": 21.783333,
      "lng": 85.966667
    },
    {
      "cityName": "Karantela",
      "lat": 19.4,
      "lng": 84.866667
    },
    {
      "cityName": "Karatapata",
      "lat": 20.733333,
      "lng": 84.966667
    },
    {
      "cityName": "Karatpata",
      "lat": 20.733333,
      "lng": 84.983333
    },
    {
      "cityName": "Karlaghati",
      "lat": 19.5,
      "lng": 83.7
    },
    {
      "cityName": "Karlapara",
      "lat": 20.066667,
      "lng": 83.1
    },
    {
      "cityName": "Karlapat",
      "lat": 19.683333,
      "lng": 83.15
    },
    {
      "cityName": "Karpabahal",
      "lat": 21.75,
      "lng": 83.866667
    },
    {
      "cityName": "Kasba Kamarda",
      "lat": 21.766667,
      "lng": 87.35
    },
    {
      "cityName": "Kasba Mirgoda",
      "lat": 21.7,
      "lng": 87.466667
    },
    {
      "cityName": "Kashipur",
      "lat": 19.366667,
      "lng": 83.133333
    },
    {
      "cityName": "Kasijoda",
      "lat": 21.783333,
      "lng": 85.366667
    },
    {
      "cityName": "Kasira",
      "lat": 21.933333,
      "lng": 85.25
    },
    {
      "cityName": "Kasurupara",
      "lat": 20.25,
      "lng": 83.266667
    },
    {
      "cityName": "Katakiasahi",
      "lat": 20.466667,
      "lng": 85.733333
    },
    {
      "cityName": "Katarbaga",
      "lat": 21.633333,
      "lng": 84.116667
    },
    {
      "cityName": "Katingia",
      "lat": 19.7,
      "lng": 84.2
    },
    {
      "cityName": "Katni",
      "lat": 20.3,
      "lng": 85.716667
    },
    {
      "cityName": "Katrangia",
      "lat": 20.466667,
      "lng": 84.083333
    },
    {
      "cityName": "Kaupur",
      "lat": 21.142778,
      "lng": 86.416944
    },
    {
      "cityName": "Kegaon",
      "lat": 20.1,
      "lng": 82.883333
    },
    {
      "cityName": "Kemsara",
      "lat": 21.8,
      "lng": 85.216667
    },
    {
      "cityName": "Kenadhipa",
      "lat": 21.933333,
      "lng": 84.033333
    },
    {
      "cityName": "Kendamundi",
      "lat": 20.65,
      "lng": 83.1
    },
    {
      "cityName": "Kendrapara",
      "lat": 20.5,
      "lng": 86.416667
    },
    {
      "cityName": "Kendumundi",
      "lat": 21.682222,
      "lng": 86.1075
    },
    {
      "cityName": "Keonjhargarh",
      "lat": 21.633333,
      "lng": 85.583333
    },
    {
      "cityName": "Kesaibahai",
      "lat": 21.916667,
      "lng": 84.383333
    },
    {
      "cityName": "Keshannagar",
      "lat": 20.433333,
      "lng": 86.083333
    },
    {
      "cityName": "Kesinga",
      "lat": 20.2,
      "lng": 83.233333
    },
    {
      "cityName": "Khaira",
      "lat": 21.273611,
      "lng": 86.451944
    },
    {
      "cityName": "Khairaput",
      "lat": 18.45,
      "lng": 82.216667
    },
    {
      "cityName": "Khajiripada",
      "lat": 19.066667,
      "lng": 84.083333
    },
    {
      "cityName": "Khajurdihi",
      "lat": 21.716667,
      "lng": 84.8
    },
    {
      "cityName": "Khaki Hat",
      "lat": 20.983333,
      "lng": 86.633333
    },
    {
      "cityName": "Khamar",
      "lat": 21.283333,
      "lng": 85.2
    },
    {
      "cityName": "Khanatapada",
      "lat": 21.399722,
      "lng": 86.806667
    },
    {
      "cityName": "Khandagiri",
      "lat": 20.266667,
      "lng": 85.783333
    },
    {
      "cityName": "Khandoal",
      "lat": 21.416667,
      "lng": 83.983333
    },
    {
      "cityName": "Kharba",
      "lat": 21.333333,
      "lng": 85.633333
    },
    {
      "cityName": "Kharhial",
      "lat": 20.283333,
      "lng": 82.766667
    },
    {
      "cityName": "Kharmunda",
      "lat": 21.15,
      "lng": 83.5
    },
    {
      "cityName": "Khedapada",
      "lat": 19.366667,
      "lng": 83.433333
    },
    {
      "cityName": "Khejuri",
      "lat": 21.804722,
      "lng": 86.300278
    },
    {
      "cityName": "Khejuripara",
      "lat": 20.433333,
      "lng": 84.4
    },
    {
      "cityName": "Kherna",
      "lat": 22.183333,
      "lng": 86.116667
    },
    {
      "cityName": "Khiching",
      "lat": 21.933333,
      "lng": 85.833333
    },
    {
      "cityName": "Khinda",
      "lat": 21.733333,
      "lng": 83.966667
    },
    {
      "cityName": "Khiraitangri",
      "lat": 21.716667,
      "lng": 85.7
    },
    {
      "cityName": "Khordha",
      "lat": 20.183333,
      "lng": 85.616667
    },
    {
      "cityName": "Khuntgaon",
      "lat": 21.766667,
      "lng": 85.016667
    },
    {
      "cityName": "Khuntpali",
      "lat": 20.966667,
      "lng": 83.2
    },
    {
      "cityName": "Khutgan",
      "lat": 22.333333,
      "lng": 84.966667
    },
    {
      "cityName": "Khutpali",
      "lat": 20.95,
      "lng": 83.216667
    },
    {
      "cityName": "Kinchamanda",
      "lat": 19.25,
      "lng": 82.8
    },
    {
      "cityName": "Kiri Buru",
      "lat": 22.083333,
      "lng": 85.35
    },
    {
      "cityName": "Kisinda",
      "lat": 21.333333,
      "lng": 84.35
    },
    {
      "cityName": "Kochinda",
      "lat": 21.733333,
      "lng": 84.35
    },
    {
      "cityName": "Kodagad",
      "lat": 19.833333,
      "lng": 83.733333
    },
    {
      "cityName": "Kodala",
      "lat": 19.633333,
      "lng": 84.95
    },
    {
      "cityName": "Koira",
      "lat": 21.916667,
      "lng": 85.233333
    },
    {
      "cityName": "Koksara",
      "lat": 19.683333,
      "lng": 82.716667
    },
    {
      "cityName": "Kolabira",
      "lat": 21.8,
      "lng": 84.166667
    },
    {
      "cityName": "Komatlapeta",
      "lat": 19.25,
      "lng": 83.416667
    },
    {
      "cityName": "Kondakamberu",
      "lat": 18.166667,
      "lng": 82.15
    },
    {
      "cityName": "Konokjora",
      "lat": 22.166667,
      "lng": 83.95
    },
    {
      "cityName": "Korai",
      "lat": 20.966667,
      "lng": 86.183333
    },
    {
      "cityName": "Koraput",
      "lat": 18.816667,
      "lng": 82.716667
    },
    {
      "cityName": "Korkonda",
      "lat": 18.283333,
      "lng": 81.983333
    },
    {
      "cityName": "Kotasamalai",
      "lat": 21.016667,
      "lng": 83.95
    },
    {
      "cityName": "Kothar",
      "lat": 20.933333,
      "lng": 86.533333
    },
    {
      "cityName": "Krishnachandrapur",
      "lat": 21.838889,
      "lng": 86.806667
    },
    {
      "cityName": "Kuamara",
      "lat": 21.6175,
      "lng": 86.742778
    },
    {
      "cityName": "Kuanr",
      "lat": 21.516667,
      "lng": 85.45
    },
    {
      "cityName": "Kuanrmunda",
      "lat": 22.3,
      "lng": 84.783333
    },
    {
      "cityName": "Kuchaiburi",
      "lat": 22.266667,
      "lng": 86.166667
    },
    {
      "cityName": "Kuchai",
      "lat": 22.033333,
      "lng": 86.7
    },
    {
      "cityName": "Kudumulagumma",
      "lat": 18.383333,
      "lng": 82.183333
    },
    {
      "cityName": "Kuhurhi",
      "lat": 19.866667,
      "lng": 85.366667
    },
    {
      "cityName": "Kujang",
      "lat": 20.3,
      "lng": 86.533333
    },
    {
      "cityName": "Kukkudakhandi",
      "lat": 19.4,
      "lng": 84.75
    },
    {
      "cityName": "Kulaisila",
      "lat": 22.366667,
      "lng": 86.283333
    },
    {
      "cityName": "Kuliana",
      "lat": 22.083333,
      "lng": 86.65
    },
    {
      "cityName": "Kullada",
      "lat": 19.966667,
      "lng": 84.633333
    },
    {
      "cityName": "Kumaria",
      "lat": 20.45,
      "lng": 83.283333
    },
    {
      "cityName": "Kumarkara",
      "lat": 22.2,
      "lng": 84.6
    },
    {
      "cityName": "Kumbhari",
      "lat": 21.216667,
      "lng": 83.633333
    },
    {
      "cityName": "Kumbhariput",
      "lat": 19.033333,
      "lng": 83.266667
    },
    {
      "cityName": "Kumbhikota",
      "lat": 19.116667,
      "lng": 83.266667
    },
    {
      "cityName": "Kumdih",
      "lat": 21.65,
      "lng": 85.45
    },
    {
      "cityName": "Kundrupani",
      "lat": 21.966667,
      "lng": 85.366667
    },
    {
      "cityName": "Kupand",
      "lat": 20.933333,
      "lng": 86.133333
    },
    {
      "cityName": "Kupari",
      "lat": 21.271944,
      "lng": 86.416111
    },
    {
      "cityName": "Kurband",
      "lat": 21.95,
      "lng": 85.4
    },
    {
      "cityName": "Kurnan",
      "lat": 21.3,
      "lng": 83.716667
    },
    {
      "cityName": "Kurtamgarh",
      "lat": 20.066667,
      "lng": 83.75
    },
    {
      "cityName": "Kurtumgarh",
      "lat": 20.066667,
      "lng": 83.766667
    },
    {
      "cityName": "Kurumunda",
      "lat": 20.716667,
      "lng": 84.066667
    },
    {
      "cityName": "Kusrupara",
      "lat": 20.25,
      "lng": 83.25
    },
    {
      "cityName": "Kusumdih",
      "lat": 21.933333,
      "lng": 85.233333
    },
    {
      "cityName": "Kusumi",
      "lat": 21.766667,
      "lng": 84.533333
    },
    {
      "cityName": "Kutingi",
      "lat": 19.05,
      "lng": 83.183333
    },
    {
      "cityName": "Kutragada",
      "lat": 19.616667,
      "lng": 83.55
    },
    {
      "cityName": "Kutra",
      "lat": 22.233333,
      "lng": 84.466667
    },
    {
      "cityName": "Kutri",
      "lat": 20.55,
      "lng": 84.816667
    },
    {
      "cityName": "Kutsomli",
      "lat": 20.766667,
      "lng": 83.166667
    },
    {
      "cityName": "Lachmipos",
      "lat": 22.3,
      "lng": 84.533333
    },
    {
      "cityName": "Ladi",
      "lat": 20.866667,
      "lng": 83.933333
    },
    {
      "cityName": "Laichanpur",
      "lat": 21.233333,
      "lng": 86.85
    },
    {
      "cityName": "Laidapoda",
      "lat": 21.983333,
      "lng": 85.316667
    },
    {
      "cityName": "Laikera",
      "lat": 21.883333,
      "lng": 84.2
    },
    {
      "cityName": "Laimura",
      "lat": 21.7,
      "lng": 84.666667
    },
    {
      "cityName": "Lainpara",
      "lat": 20.35,
      "lng": 84.35
    },
    {
      "cityName": "Laira",
      "lat": 21.733333,
      "lng": 84.183333
    },
    {
      "cityName": "Lakhana",
      "lat": 20.733333,
      "lng": 82.666667
    },
    {
      "cityName": "Lakhanpur",
      "lat": 21.766667,
      "lng": 83.766667
    },
    {
      "cityName": "Lakhbahal",
      "lat": 19.733333,
      "lng": 83.283333
    },
    {
      "cityName": "Lakshmannath",
      "lat": 21.85,
      "lng": 87.216667
    },
    {
      "cityName": "Lakshmipur",
      "lat": 18.966667,
      "lng": 83.116667
    },
    {
      "cityName": "Lanjigarh",
      "lat": 19.716667,
      "lng": 83.383333
    },
    {
      "cityName": "Lankagarh",
      "lat": 20.05,
      "lng": 83.616667
    },
    {
      "cityName": "Lapanga",
      "lat": 21.733333,
      "lng": 84.016667
    },
    {
      "cityName": "Larambha",
      "lat": 20.85,
      "lng": 83.183333
    },
    {
      "cityName": "Larasara",
      "lat": 21.183333,
      "lng": 83.9
    },
    {
      "cityName": "Lathipada",
      "lat": 19.8,
      "lng": 84.516667
    },
    {
      "cityName": "Lathor",
      "lat": 20.65,
      "lng": 82.75
    },
    {
      "cityName": "Laumunda",
      "lat": 21.083333,
      "lng": 83.4
    },
    {
      "cityName": "Legara",
      "lat": 20.3,
      "lng": 83.45
    },
    {
      "cityName": "Liligumma",
      "lat": 19.25,
      "lng": 83.233333
    },
    {
      "cityName": "Lobeng",
      "lat": 20.2,
      "lng": 83.7
    },
    {
      "cityName": "Lochipur",
      "lat": 20.933333,
      "lng": 83.666667
    },
    {
      "cityName": "Lohrabchera",
      "lat": 21.566667,
      "lng": 83.633333
    },
    {
      "cityName": "Loisinga",
      "lat": 20.866667,
      "lng": 83.516667
    },
    {
      "cityName": "Losarda",
      "lat": 22.05,
      "lng": 85.316667
    },
    {
      "cityName": "Luhagudi",
      "lat": 19.45,
      "lng": 84.35
    },
    {
      "cityName": "Machgaon",
      "lat": 20.083333,
      "lng": 86.283333
    },
    {
      "cityName": "Madanpur",
      "lat": 20.316667,
      "lng": 83.516667
    },
    {
      "cityName": "Madhupurgarh",
      "lat": 20.8,
      "lng": 86.083333
    },
    {
      "cityName": "Madhupur",
      "lat": 20.866667,
      "lng": 84.4
    },
    {
      "cityName": "Madhyakandha",
      "lat": 20.35,
      "lng": 84.95
    },
    {
      "cityName": "Mahadeiput",
      "lat": 18.883333,
      "lng": 82.733333
    },
    {
      "cityName": "Mahakalparha",
      "lat": 20.416667,
      "lng": 86.6
    },
    {
      "cityName": "Mahanga",
      "lat": 20.566667,
      "lng": 86.183333
    },
    {
      "cityName": "Mahasingha",
      "lat": 20.15,
      "lng": 83.95
    },
    {
      "cityName": "Mahidharpur",
      "lat": 20.7,
      "lng": 85.183333
    },
    {
      "cityName": "Maholpada",
      "lat": 21.633333,
      "lng": 85.116667
    },
    {
      "cityName": "Mahulpali",
      "lat": 21.883333,
      "lng": 84.4
    },
    {
      "cityName": "Maidalpur",
      "lat": 19.466667,
      "lng": 82.583333
    },
    {
      "cityName": "Malangtoli",
      "lat": 21.816667,
      "lng": 85.316667
    },
    {
      "cityName": "Maligan",
      "lat": 18.95,
      "lng": 82.95
    },
    {
      "cityName": "Malud",
      "lat": 19.566667,
      "lng": 85.25
    },
    {
      "cityName": "Manamunda",
      "lat": 20.816667,
      "lng": 83.916667
    },
    {
      "cityName": "Manda",
      "lat": 20.583333,
      "lng": 86.1
    },
    {
      "cityName": "Mandhosil",
      "lat": 20.85,
      "lng": 82.7
    },
    {
      "cityName": "Mandira",
      "lat": 22.25,
      "lng": 84.666667
    },
    {
      "cityName": "Manesar",
      "lat": 21.416667,
      "lng": 84.033333
    },
    {
      "cityName": "Mangalpur",
      "lat": 20.8,
      "lng": 86.533333
    },
    {
      "cityName": "Mansingpatana",
      "lat": 20.266667,
      "lng": 85.633333
    },
    {
      "cityName": "Mantri",
      "lat": 21.65,
      "lng": 86.816667
    },
    {
      "cityName": "Marachai",
      "lat": 20.416667,
      "lng": 86.483333
    },
    {
      "cityName": "Mardakot",
      "lat": 19.666667,
      "lng": 84.983333
    },
    {
      "cityName": "Mardol",
      "lat": 20.65,
      "lng": 83.85
    },
    {
      "cityName": "Markandi",
      "lat": 19.2,
      "lng": 84.833333
    },
    {
      "cityName": "Markona",
      "lat": 21.2,
      "lng": 86.6
    },
    {
      "cityName": "Mato",
      "lat": 20.85,
      "lng": 86.766667
    },
    {
      "cityName": "Maudpur",
      "lat": 20.866667,
      "lng": 86.583333
    },
    {
      "cityName": "Medana",
      "lat": 19.566667,
      "lng": 82.416667
    },
    {
      "cityName": "Meghpal",
      "lat": 21.366667,
      "lng": 84.25
    },
    {
      "cityName": "Melchhamunda",
      "lat": 21.083333,
      "lng": 83.25
    },
    {
      "cityName": "Mendah",
      "lat": 20.833333,
      "lng": 83.616667
    },
    {
      "cityName": "Merikot",
      "lat": 19.716667,
      "lng": 84.283333
    },
    {
      "cityName": "Mitihurda",
      "lat": 21.85,
      "lng": 85.333333
    },
    {
      "cityName": "Mochibahal",
      "lat": 21.166667,
      "lng": 84.15
    },
    {
      "cityName": "Mohana",
      "lat": 19.45,
      "lng": 84.266667
    },
    {
      "cityName": "Motanga",
      "lat": 20.8,
      "lng": 85.316667
    },
    {
      "cityName": "Moter",
      "lat": 19.716667,
      "lng": 82.8
    },
    {
      "cityName": "Mujjagad",
      "lat": 20.033333,
      "lng": 84.516667
    },
    {
      "cityName": "Mundher",
      "lat": 21.366667,
      "lng": 84.083333
    },
    {
      "cityName": "Mura",
      "lat": 21.7,
      "lng": 83.7
    },
    {
      "cityName": "Murtili",
      "lat": 19.616667,
      "lng": 83.466667
    },
    {
      "cityName": "Muruda",
      "lat": 21.848889,
      "lng": 86.993333
    },
    {
      "cityName": "Naikul",
      "lat": 21.333333,
      "lng": 84.966667
    },
    {
      "cityName": "Nalaghat",
      "lat": 19.483333,
      "lng": 84.066667
    },
    {
      "cityName": "Namanagarh",
      "lat": 18.866667,
      "lng": 84.1
    },
    {
      "cityName": "Nandapur",
      "lat": 18.566667,
      "lng": 82.75
    },
    {
      "cityName": "Nandupala",
      "lat": 20.833333,
      "lng": 82.866667
    },
    {
      "cityName": "Nanemahulpali",
      "lat": 21.516667,
      "lng": 83.816667
    },
    {
      "cityName": "Nangaleshwar",
      "lat": 21.633333,
      "lng": 87.183333
    },
    {
      "cityName": "Naraj Maharathapur",
      "lat": 20.45,
      "lng": 85.783333
    },
    {
      "cityName": "Narasinghapur",
      "lat": 20.466667,
      "lng": 85.083333
    },
    {
      "cityName": "Narayanapatana",
      "lat": 18.883333,
      "lng": 83.166667
    },
    {
      "cityName": "Narayanapur",
      "lat": 18.883333,
      "lng": 84.183333
    },
    {
      "cityName": "Narendrapur",
      "lat": 19.333333,
      "lng": 84.866667
    },
    {
      "cityName": "Narla",
      "lat": 20.05,
      "lng": 83.383333
    },
    {
      "cityName": "Natara",
      "lat": 20.483333,
      "lng": 86.15
    },
    {
      "cityName": "Naupadapenth",
      "lat": 19.233333,
      "lng": 84.516667
    },
    {
      "cityName": "Navira",
      "lat": 19.3,
      "lng": 83.766667
    },
    {
      "cityName": "Nayagarh",
      "lat": 20.133333,
      "lng": 85.1
    },
    {
      "cityName": "Neddiguda",
      "lat": 20.2,
      "lng": 84.566667
    },
    {
      "cityName": "Niali",
      "lat": 20.15,
      "lng": 86.05
    },
    {
      "cityName": "Nilagiri",
      "lat": 21.458056,
      "lng": 86.766944
    },
    {
      "cityName": "Nimakhandipenta",
      "lat": 19.366667,
      "lng": 84.466667
    },
    {
      "cityName": "Nimapara",
      "lat": 20.066667,
      "lng": 86.016667
    },
    {
      "cityName": "Nimmakhandipenth",
      "lat": 19.35,
      "lng": 84.483333
    },
    {
      "cityName": "Nirakarpur",
      "lat": 19.983333,
      "lng": 85.55
    },
    {
      "cityName": "Nirgundihi",
      "lat": 21.85,
      "lng": 84.083333
    },
    {
      "cityName": "Nisha",
      "lat": 20.933333,
      "lng": 85.016667
    },
    {
      "cityName": "Noagaon",
      "lat": 21.183333,
      "lng": 85.583333
    },
    {
      "cityName": "Nowrangapur",
      "lat": 19.233333,
      "lng": 82.55
    },
    {
      "cityName": "Nuagad",
      "lat": 19.1,
      "lng": 84.05
    },
    {
      "cityName": "Nuagam",
      "lat": 20.133333,
      "lng": 84.033333
    },
    {
      "cityName": "Nuagan",
      "lat": 20.216667,
      "lng": 86.533333
    },
    {
      "cityName": "Nuahata",
      "lat": 20.85,
      "lng": 85.216667
    },
    {
      "cityName": "Nuakot",
      "lat": 21.733333,
      "lng": 85.283333
    },
    {
      "cityName": "Nuapalli",
      "lat": 19.833333,
      "lng": 84.916667
    },
    {
      "cityName": "Nuliasahi",
      "lat": 20.083333,
      "lng": 86.433333
    },
    {
      "cityName": "Nunkapasi",
      "lat": 20.933333,
      "lng": 84.733333
    },
    {
      "cityName": "Nuralrevu",
      "lat": 19.116667,
      "lng": 84.783333
    },
    {
      "cityName": "Odepur",
      "lat": 20.616667,
      "lng": 83.716667
    },
    {
      "cityName": "Olasingha",
      "lat": 20.066667,
      "lng": 85.483333
    },
    {
      "cityName": "Oragaon",
      "lat": 20.033333,
      "lng": 84.983333
    },
    {
      "cityName": "Oujelpur",
      "lat": 22.083333,
      "lng": 83.916667
    },
    {
      "cityName": "Paburiya",
      "lat": 20.166667,
      "lng": 84.266667
    },
    {
      "cityName": "Padampur",
      "lat": 20.983333,
      "lng": 83.066667
    },
    {
      "cityName": "Padmapuram",
      "lat": 19.25,
      "lng": 83.833333
    },
    {
      "cityName": "Padmapur",
      "lat": 21,
      "lng": 83.066667
    },
    {
      "cityName": "Padua",
      "lat": 18.366667,
      "lng": 82.683333
    },
    {
      "cityName": "Pahireju",
      "lat": 20.416667,
      "lng": 83.883333
    },
    {
      "cityName": "Paikamal",
      "lat": 20.916667,
      "lng": 82.8
    },
    {
      "cityName": "Paikmal",
      "lat": 20.916667,
      "lng": 82.816667
    },
    {
      "cityName": "Pakari",
      "lat": 19.933333,
      "lng": 83.983333
    },
    {
      "cityName": "Palaspal",
      "lat": 21.233333,
      "lng": 85.766667
    },
    {
      "cityName": "Palasponga",
      "lat": 21.783333,
      "lng": 85.566667
    },
    {
      "cityName": "Pal Lahara",
      "lat": 21.45,
      "lng": 85.183333
    },
    {
      "cityName": "Palsada",
      "lat": 20.983333,
      "lng": 82.95
    },
    {
      "cityName": "Palsa",
      "lat": 21.9,
      "lng": 85.4
    },
    {
      "cityName": "Paluru",
      "lat": 19.466667,
      "lng": 85.133333
    },
    {
      "cityName": "Panasapada",
      "lat": 19.716667,
      "lng": 85.533333
    },
    {
      "cityName": "Panchabhuti",
      "lat": 19.983333,
      "lng": 84.883333
    },
    {
      "cityName": "Panchagan",
      "lat": 20.183333,
      "lng": 85.8
    },
    {
      "cityName": "Panchra",
      "lat": 22.266667,
      "lng": 84.366667
    },
    {
      "cityName": "Pandia",
      "lat": 19.516667,
      "lng": 84.816667
    },
    {
      "cityName": "Pandripada",
      "lat": 19.8,
      "lng": 84.966667
    },
    {
      "cityName": "Paradeep",
      "lat": 20.316667,
      "lng": 86.616667
    },
    {
      "cityName": "Paranga",
      "lat": 20.883333,
      "lng": 85.05
    },
    {
      "cityName": "Parba",
      "lat": 22.45,
      "lng": 84.85
    },
    {
      "cityName": "Parimal",
      "lat": 19.233333,
      "lng": 84.066667
    },
    {
      "cityName": "Parjang",
      "lat": 20.916667,
      "lng": 85.316667
    },
    {
      "cityName": "Parsora",
      "lat": 21.95,
      "lng": 85.6
    },
    {
      "cityName": "Partappur",
      "lat": 21.7975,
      "lng": 86.728889
    },
    {
      "cityName": "Patamudai",
      "lat": 20.566667,
      "lng": 86.566667
    },
    {
      "cityName": "Patamunda",
      "lat": 21.55,
      "lng": 85.216667
    },
    {
      "cityName": "Patapur",
      "lat": 19.45,
      "lng": 84.6
    },
    {
      "cityName": "Patdarha",
      "lat": 20.35,
      "lng": 82.45
    },
    {
      "cityName": "Patholi",
      "lat": 21.883333,
      "lng": 85.316667
    },
    {
      "cityName": "Patkura",
      "lat": 20.4,
      "lng": 86.4
    },
    {
      "cityName": "Patmunda",
      "lat": 21.866667,
      "lng": 85.3
    },
    {
      "cityName": "Patnagarh",
      "lat": 20.716667,
      "lng": 83.15
    },
    {
      "cityName": "Patna",
      "lat": 21.633333,
      "lng": 85.883333
    },
    {
      "cityName": "Patraput",
      "lat": 19.35,
      "lng": 82.583333
    },
    {
      "cityName": "Patsikuri",
      "lat": 20.033333,
      "lng": 83.166667
    },
    {
      "cityName": "Phiringia",
      "lat": 20.35,
      "lng": 84.116667
    },
    {
      "cityName": "Phulabani",
      "lat": 20.466667,
      "lng": 84.233333
    },
    {
      "cityName": "Phuljhor",
      "lat": 21.75,
      "lng": 85.416667
    },
    {
      "cityName": "Pichukoli",
      "lat": 20.2,
      "lng": 85.383333
    },
    {
      "cityName": "Pipili",
      "lat": 20.116667,
      "lng": 85.833333
    },
    {
      "cityName": "Pippalapanka",
      "lat": 19.833333,
      "lng": 84.35
    },
    {
      "cityName": "Pir Hat",
      "lat": 20.933333,
      "lng": 86.716667
    },
    {
      "cityName": "Pithal",
      "lat": 19.533333,
      "lng": 84.733333
    },
    {
      "cityName": "Podropoda",
      "lat": 20.75,
      "lng": 83.916667
    },
    {
      "cityName": "Polasara",
      "lat": 19.7,
      "lng": 84.816667
    },
    {
      "cityName": "Pondoli",
      "lat": 22.05,
      "lng": 85.283333
    },
    {
      "cityName": "Poradiha",
      "lat": 21.55,
      "lng": 86.433333
    },
    {
      "cityName": "Poramunda",
      "lat": 21.466667,
      "lng": 85.733333
    },
    {
      "cityName": "Porhamari",
      "lat": 19.433333,
      "lng": 84.483333
    },
    {
      "cityName": "Porubata",
      "lat": 20.366667,
      "lng": 83.733333
    },
    {
      "cityName": "Posora",
      "lat": 20.266667,
      "lng": 84.433333
    },
    {
      "cityName": "Pottangi",
      "lat": 18.566667,
      "lng": 82.966667
    },
    {
      "cityName": "Pottasingi",
      "lat": 19.1,
      "lng": 83.966667
    },
    {
      "cityName": "Pratapur",
      "lat": 19.5,
      "lng": 84.933333
    },
    {
      "cityName": "Pravasuni",
      "lat": 21.55,
      "lng": 84.55
    },
    {
      "cityName": "Pudamari",
      "lat": 19.45,
      "lng": 84.483333
    },
    {
      "cityName": "Puipani",
      "lat": 19.183333,
      "lng": 84.333333
    },
    {
      "cityName": "Pukkapani",
      "lat": 20.966667,
      "lng": 83.25
    },
    {
      "cityName": "Purnakot",
      "lat": 20.65,
      "lng": 84.85
    },
    {
      "cityName": "Purnapani",
      "lat": 22.383333,
      "lng": 84.866667
    },
    {
      "cityName": "Purunagarh",
      "lat": 20.8,
      "lng": 84.966667
    },
    {
      "cityName": "Purunakatak",
      "lat": 20.633333,
      "lng": 84.433333
    },
    {
      "cityName": "Purusand",
      "lat": 21.204444,
      "lng": 86.375278
    },
    {
      "cityName": "Purushottampur",
      "lat": 19.533333,
      "lng": 84.883333
    },
    {
      "cityName": "Putukipali",
      "lat": 20.55,
      "lng": 83.6
    },
    {
      "cityName": "Ragada",
      "lat": 19.85,
      "lng": 84.483333
    },
    {
      "cityName": "Raghunathapur",
      "lat": 20.366667,
      "lng": 86.15
    },
    {
      "cityName": "Raghunathpali",
      "lat": 22.233333,
      "lng": 84.8
    },
    {
      "cityName": "Ragupodor",
      "lat": 20.883333,
      "lng": 83.333333
    },
    {
      "cityName": "Raharmal",
      "lat": 19.833333,
      "lng": 85.7
    },
    {
      "cityName": "Raiboga",
      "lat": 22.4,
      "lng": 84.616667
    },
    {
      "cityName": "Raidihi",
      "lat": 21.966667,
      "lng": 83.866667
    },
    {
      "cityName": "Raigorha",
      "lat": 20.6,
      "lng": 85.066667
    },
    {
      "cityName": "Raijharan",
      "lat": 20.95,
      "lng": 84.966667
    },
    {
      "cityName": "Raikela",
      "lat": 21.883333,
      "lng": 85.183333
    },
    {
      "cityName": "Raikia",
      "lat": 20.066667,
      "lng": 84.233333
    },
    {
      "cityName": "Raipanga",
      "lat": 19.4,
      "lng": 83.983333
    },
    {
      "cityName": "Rairakhol",
      "lat": 21.066667,
      "lng": 84.35
    },
    {
      "cityName": "Raisingi",
      "lat": 18.466667,
      "lng": 82.733333
    },
    {
      "cityName": "Raja Ranapur",
      "lat": 20.083333,
      "lng": 85.333333
    },
    {
      "cityName": "Rajin",
      "lat": 19.966667,
      "lng": 84.983333
    },
    {
      "cityName": "Raj Kanika",
      "lat": 20.733333,
      "lng": 86.7
    },
    {
      "cityName": "Rajnagar",
      "lat": 20.566667,
      "lng": 86.716667
    },
    {
      "cityName": "Rajpur",
      "lat": 21.883333,
      "lng": 83.933333
    },
    {
      "cityName": "Ramachandi",
      "lat": 20.05,
      "lng": 85.583333
    },
    {
      "cityName": "Ramagiri",
      "lat": 19.083333,
      "lng": 84.3
    },
    {
      "cityName": "Ramagiri Udayagiri",
      "lat": 19.166667,
      "lng": 84.15
    },
    {
      "cityName": "Ramannaguda",
      "lat": 19.216667,
      "lng": 83.666667
    },
    {
      "cityName": "Ramapur",
      "lat": 21.783333,
      "lng": 83.916667
    },
    {
      "cityName": "Rambha",
      "lat": 19.516667,
      "lng": 85.1
    },
    {
      "cityName": "Ramchandrapur",
      "lat": 21.061111,
      "lng": 86.113056
    },
    {
      "cityName": "Ramedega",
      "lat": 21.616667,
      "lng": 83.716667
    },
    {
      "cityName": "Rampaluga",
      "lat": 21.666667,
      "lng": 83.733333
    },
    {
      "cityName": "Rampella",
      "lat": 21.65,
      "lng": 83.95
    },
    {
      "cityName": "Rampur",
      "lat": 20.2,
      "lng": 83.516667
    },
    {
      "cityName": "Ranaba",
      "lat": 19.866667,
      "lng": 84.433333
    },
    {
      "cityName": "Ranchra",
      "lat": 22.3,
      "lng": 84.383333
    },
    {
      "cityName": "Rangini",
      "lat": 20.716667,
      "lng": 86.916667
    },
    {
      "cityName": "Raniguda",
      "lat": 18.95,
      "lng": 82.666667
    },
    {
      "cityName": "Ranipathar",
      "lat": 20.583333,
      "lng": 84.366667
    },
    {
      "cityName": "Rarbahal",
      "lat": 20.566667,
      "lng": 83.05
    },
    {
      "cityName": "Rasol",
      "lat": 20.633333,
      "lng": 85.316667
    },
    {
      "cityName": "Ratanpur",
      "lat": 20.483333,
      "lng": 86.65
    },
    {
      "cityName": "Ratnagiri",
      "lat": 20.633333,
      "lng": 86.333333
    },
    {
      "cityName": "Raurkela",
      "lat": 22.2,
      "lng": 84.883333
    },
    {
      "cityName": "Rayagada",
      "lat": 19.166667,
      "lng": 83.416667
    },
    {
      "cityName": "Raygad",
      "lat": 18.966667,
      "lng": 84.166667
    },
    {
      "cityName": "Remenda",
      "lat": 21.266667,
      "lng": 83.75
    },
    {
      "cityName": "Remuna",
      "lat": 21.526111,
      "lng": 86.872222
    },
    {
      "cityName": "Rengalbera",
      "lat": 21.916667,
      "lng": 84.983333
    },
    {
      "cityName": "Rengali",
      "lat": 21.633333,
      "lng": 84.05
    },
    {
      "cityName": "Renghalo",
      "lat": 20.116667,
      "lng": 85.95
    },
    {
      "cityName": "Riamal",
      "lat": 21.383333,
      "lng": 84.65
    },
    {
      "cityName": "Righagarh",
      "lat": 20.716667,
      "lng": 86.816667
    },
    {
      "cityName": "Roida",
      "lat": 22.033333,
      "lng": 85.383333
    },
    {
      "cityName": "Rombha",
      "lat": 20.1,
      "lng": 84.483333
    },
    {
      "cityName": "Rondapolli",
      "lat": 18.933333,
      "lng": 82.566667
    },
    {
      "cityName": "Rontha",
      "lat": 21.783333,
      "lng": 85.133333
    },
    {
      "cityName": "Rupsa",
      "lat": 21.616667,
      "lng": 87.016667
    },
    {
      "cityName": "Sabarang",
      "lat": 21.058611,
      "lng": 86.611944
    },
    {
      "cityName": "Sadingia",
      "lat": 20.316667,
      "lng": 83.933333
    },
    {
      "cityName": "Sagara",
      "lat": 20.683333,
      "lng": 84.05
    },
    {
      "cityName": "Sagarpata",
      "lat": 21.233333,
      "lng": 85.916667
    },
    {
      "cityName": "Sagasai",
      "lat": 21.95,
      "lng": 85.266667
    },
    {
      "cityName": "Sagoda",
      "lat": 19.816667,
      "lng": 83.133333
    },
    {
      "cityName": "Saharabedi",
      "lat": 20.083333,
      "lng": 86.45
    },
    {
      "cityName": "Sahaspur",
      "lat": 21.933333,
      "lng": 84.283333
    },
    {
      "cityName": "Saintala",
      "lat": 20.433333,
      "lng": 83.333333
    },
    {
      "cityName": "Sakhi Gopal",
      "lat": 19.966667,
      "lng": 85.816667
    },
    {
      "cityName": "Salebhata",
      "lat": 20.966667,
      "lng": 83.533333
    },
    {
      "cityName": "Salepur",
      "lat": 20.483333,
      "lng": 86.1
    },
    {
      "cityName": "Samal",
      "lat": 21.083333,
      "lng": 85.15
    },
    {
      "cityName": "Sambalpore",
      "lat": 21.45,
      "lng": 83.966667
    },
    {
      "cityName": "Samia",
      "lat": 20.716667,
      "lng": 85.983333
    },
    {
      "cityName": "Samra",
      "lat": 21.816667,
      "lng": 83.833333
    },
    {
      "cityName": "Sanakanti",
      "lat": 20.15,
      "lng": 85.766667
    },
    {
      "cityName": "Sankarada",
      "lat": 19.166667,
      "lng": 83.166667
    },
    {
      "cityName": "Sankataras",
      "lat": 20.383333,
      "lng": 85.933333
    },
    {
      "cityName": "Santpur",
      "lat": 19.966667,
      "lng": 83.333333
    },
    {
      "cityName": "Saplahara",
      "lat": 21.583333,
      "lng": 83.816667
    },
    {
      "cityName": "Sarandapali",
      "lat": 21.25,
      "lng": 83.5
    },
    {
      "cityName": "Sarangagada",
      "lat": 20.233333,
      "lng": 84.116667
    },
    {
      "cityName": "Sarankul",
      "lat": 20.05,
      "lng": 85.083333
    },
    {
      "cityName": "Sarapali",
      "lat": 21.283333,
      "lng": 84.533333
    },
    {
      "cityName": "Sarapal",
      "lat": 21.2,
      "lng": 84.866667
    },
    {
      "cityName": "Sargigora",
      "lat": 20.166667,
      "lng": 82.983333
    },
    {
      "cityName": "Sarsbal",
      "lat": 20.533333,
      "lng": 83.416667
    },
    {
      "cityName": "Sason",
      "lat": 21.55,
      "lng": 84.05
    },
    {
      "cityName": "Satabhaya",
      "lat": 20.633333,
      "lng": 86.933333
    },
    {
      "cityName": "Satkosia",
      "lat": 21.372222,
      "lng": 86.136944
    },
    {
      "cityName": "Satpara",
      "lat": 19.65,
      "lng": 85.433333
    },
    {
      "cityName": "Searli",
      "lat": 20.95,
      "lng": 83.666667
    },
    {
      "cityName": "Semiliguda",
      "lat": 18.7,
      "lng": 82.85
    },
    {
      "cityName": "Serango",
      "lat": 19.016667,
      "lng": 84.05
    },
    {
      "cityName": "Sesikhaliu",
      "lat": 19.016667,
      "lng": 83.433333
    },
    {
      "cityName": "Shankarakhol",
      "lat": 20.3,
      "lng": 84.35
    },
    {
      "cityName": "Sharagada",
      "lat": 19.516667,
      "lng": 84.616667
    },
    {
      "cityName": "Sikaketta",
      "lat": 20.033333,
      "lng": 84.166667
    },
    {
      "cityName": "Sikarapai",
      "lat": 19.416667,
      "lng": 83.333333
    },
    {
      "cityName": "Sikerkupa",
      "lat": 19.916667,
      "lng": 83.383333
    },
    {
      "cityName": "Siko",
      "lat": 20.066667,
      "lng": 85.416667
    },
    {
      "cityName": "Silatpali",
      "lat": 20.866667,
      "lng": 82.983333
    },
    {
      "cityName": "Siljora",
      "lat": 21.883333,
      "lng": 85.366667
    },
    {
      "cityName": "Simanbadi",
      "lat": 19.983333,
      "lng": 84.083333
    },
    {
      "cityName": "Simhagadda",
      "lat": 18.6,
      "lng": 83.033333
    },
    {
      "cityName": "Similia",
      "lat": 21.310833,
      "lng": 86.033889
    },
    {
      "cityName": "Simlipalgarh",
      "lat": 21.857222,
      "lng": 86.386667
    },
    {
      "cityName": "Sindhekela",
      "lat": 20.233333,
      "lng": 82.933333
    },
    {
      "cityName": "Singla",
      "lat": 21.683333,
      "lng": 87.183333
    },
    {
      "cityName": "Singpur",
      "lat": 21.683333,
      "lng": 85.266667
    },
    {
      "cityName": "Singpuru",
      "lat": 19.05,
      "lng": 82.683333
    },
    {
      "cityName": "Sipur",
      "lat": 21.183333,
      "lng": 85.15
    },
    {
      "cityName": "Sirsa",
      "lat": 22.233333,
      "lng": 86.666667
    },
    {
      "cityName": "Sirtiguda",
      "lat": 20.1,
      "lng": 84
    },
    {
      "cityName": "Sirubal",
      "lat": 20.416667,
      "lng": 83.466667
    },
    {
      "cityName": "Soguru",
      "lat": 18.516667,
      "lng": 82.583333
    },
    {
      "cityName": "Sohso",
      "lat": 21.216667,
      "lng": 86.333333
    },
    {
      "cityName": "Soida",
      "lat": 21.766667,
      "lng": 84.366667
    },
    {
      "cityName": "Solaguda",
      "lat": 20.066667,
      "lng": 83.9
    },
    {
      "cityName": "Soldia",
      "lat": 21.883333,
      "lng": 84
    },
    {
      "cityName": "Solpata",
      "lat": 21.55,
      "lng": 87.05
    },
    {
      "cityName": "Sonapur",
      "lat": 20.833333,
      "lng": 83.916667
    },
    {
      "cityName": "Sonepur-Rampur",
      "lat": 21.1,
      "lng": 83.683333
    },
    {
      "cityName": "Sorada",
      "lat": 19.75,
      "lng": 84.433333
    },
    {
      "cityName": "Sorala",
      "lat": 19.133333,
      "lng": 84.75
    },
    {
      "cityName": "Soro",
      "lat": 21.288056,
      "lng": 86.685833
    },
    {
      "cityName": "Srigurha",
      "lat": 19.433333,
      "lng": 83.816667
    },
    {
      "cityName": "Sripudamanjaripur",
      "lat": 21.35,
      "lng": 86.333333
    },
    {
      "cityName": "Sriramapur",
      "lat": 19.833333,
      "lng": 83.9
    },
    {
      "cityName": "Subalaya",
      "lat": 20.883333,
      "lng": 84.166667
    },
    {
      "cityName": "Subarnagiri",
      "lat": 19.833333,
      "lng": 83.85
    },
    {
      "cityName": "Sudrukumpa",
      "lat": 20.55,
      "lng": 84.3
    },
    {
      "cityName": "Sukal",
      "lat": 19.933333,
      "lng": 85.716667
    },
    {
      "cityName": "Sukinda Khas",
      "lat": 20.966667,
      "lng": 85.916667
    },
    {
      "cityName": "Sulgura",
      "lat": 21.933333,
      "lng": 84.633333
    },
    {
      "cityName": "Suliapada",
      "lat": 22.033333,
      "lng": 86.95
    },
    {
      "cityName": "Sumandal",
      "lat": 19.716667,
      "lng": 85.033333
    },
    {
      "cityName": "Sunakhala",
      "lat": 19.833333,
      "lng": 85.283333
    },
    {
      "cityName": "Sunakhalla",
      "lat": 20.166667,
      "lng": 85.333333
    },
    {
      "cityName": "Sunamal",
      "lat": 19.433333,
      "lng": 82.8
    },
    {
      "cityName": "Sundargarh",
      "lat": 22.116667,
      "lng": 84.033333
    },
    {
      "cityName": "Sunger",
      "lat": 19.466667,
      "lng": 83.116667
    },
    {
      "cityName": "Sunki",
      "lat": 18.5,
      "lng": 83.066667
    },
    {
      "cityName": "Surangi",
      "lat": 19.166667,
      "lng": 84.533333
    },
    {
      "cityName": "Tainsi",
      "lat": 20.766667,
      "lng": 84.8
    },
    {
      "cityName": "Talari",
      "lat": 19.983333,
      "lng": 84
    },
    {
      "cityName": "Talbandh",
      "lat": 22.05,
      "lng": 86.333333
    },
    {
      "cityName": "Talchar",
      "lat": 20.95,
      "lng": 85.216667
    },
    {
      "cityName": "Talpadar",
      "lat": 21.35,
      "lng": 83.916667
    },
    {
      "cityName": "Talpada",
      "lat": 21.31,
      "lng": 86.876389
    },
    {
      "cityName": "Talsara",
      "lat": 22.366667,
      "lng": 84.116667
    },
    {
      "cityName": "Tamra",
      "lat": 21.983333,
      "lng": 84.8
    },
    {
      "cityName": "Tangi",
      "lat": 19.933333,
      "lng": 85.4
    },
    {
      "cityName": "Taptapani",
      "lat": 19.5,
      "lng": 84.4
    },
    {
      "cityName": "Tarabha",
      "lat": 20.733333,
      "lng": 83.65
    },
    {
      "cityName": "Taraboi",
      "lat": 20.133333,
      "lng": 85.633333
    },
    {
      "cityName": "Tarasingi",
      "lat": 20.1,
      "lng": 84.683333
    },
    {
      "cityName": "Tatiba",
      "lat": 22.116667,
      "lng": 85.366667
    },
    {
      "cityName": "Telibandh",
      "lat": 20.833333,
      "lng": 84.183333
    },
    {
      "cityName": "Telipali",
      "lat": 22.033333,
      "lng": 83.95
    },
    {
      "cityName": "Temri",
      "lat": 21.016667,
      "lng": 82.883333
    },
    {
      "cityName": "Tentodih",
      "lat": 21.866667,
      "lng": 85.216667
    },
    {
      "cityName": "Tentulikhunti",
      "lat": 19.3,
      "lng": 82.733333
    },
    {
      "cityName": "Teravali",
      "lat": 19.3,
      "lng": 83.433333
    },
    {
      "cityName": "Thakurgarh",
      "lat": 20.816667,
      "lng": 84.616667
    },
    {
      "cityName": "Thakurmunda",
      "lat": 21.515,
      "lng": 86.151944
    },
    {
      "cityName": "Themiri",
      "lat": 21.016667,
      "lng": 82.816667
    },
    {
      "cityName": "Thuamai Ramapur",
      "lat": 19.55,
      "lng": 82.933333
    },
    {
      "cityName": "Tigiria",
      "lat": 20.483333,
      "lng": 85.516667
    },
    {
      "cityName": "Tikarapara",
      "lat": 20.5,
      "lng": 83.133333
    },
    {
      "cityName": "Tikarpara",
      "lat": 20.583333,
      "lng": 84.8
    },
    {
      "cityName": "Tikkabali",
      "lat": 20.233333,
      "lng": 84.35
    },
    {
      "cityName": "Tikri",
      "lat": 19.183333,
      "lng": 83.1
    },
    {
      "cityName": "Tilosingi",
      "lat": 20.05,
      "lng": 84.633333
    },
    {
      "cityName": "Tirtal",
      "lat": 20.3,
      "lng": 86.366667
    },
    {
      "cityName": "Titilagarh",
      "lat": 20.3,
      "lng": 83.15
    },
    {
      "cityName": "Topasai",
      "lat": 21.983333,
      "lng": 85.3
    },
    {
      "cityName": "Tudigadia",
      "lat": 21.2975,
      "lng": 86.626111
    },
    {
      "cityName": "Tulka",
      "lat": 20.616667,
      "lng": 84.95
    },
    {
      "cityName": "Tulsipun",
      "lat": 20.3,
      "lng": 85.533333
    },
    {
      "cityName": "Tumudibandh",
      "lat": 19.966667,
      "lng": 83.7
    },
    {
      "cityName": "Turekela",
      "lat": 20.5,
      "lng": 82.8
    },
    {
      "cityName": "Tushara",
      "lat": 20.466667,
      "lng": 83.483333
    },
    {
      "cityName": "Udala",
      "lat": 21.574167,
      "lng": 86.565
    },
    {
      "cityName": "Ukkamba",
      "lat": 19.183333,
      "lng": 83.783333
    },
    {
      "cityName": "Unchibali",
      "lat": 21.866667,
      "lng": 85.433333
    },
    {
      "cityName": "Undragedda",
      "lat": 18.283333,
      "lng": 82.633333
    },
    {
      "cityName": "Uphula",
      "lat": 20.866667,
      "lng": 84.05
    },
    {
      "cityName": "Uppalada",
      "lat": 18.833333,
      "lng": 84.166667
    },
    {
      "cityName": "Urali",
      "lat": 20.433333,
      "lng": 85.9
    },
    {
      "cityName": "Urumunda",
      "lat": 21.65,
      "lng": 85.466667
    },
    {
      "cityName": "Ustapal",
      "lat": 20.566667,
      "lng": 85.45
    },
    {
      "cityName": "Uthekela",
      "lat": 20.1,
      "lng": 83.166667
    },
    {
      "cityName": "Vahai",
      "lat": 22.216667,
      "lng": 84.966667
    },
    {
      "cityName": "Varanasi",
      "lat": 18.866667,
      "lng": 83.883333
    }
  ]
}