{
  "name": "New Brunswick",
  "cities": [
    {
      "cityName": "Aldouane",
      "lat": 46.616667,
      "lng": -65.05
    },
    {
      "cityName": "Alma",
      "lat": 45.6,
      "lng": -64.95
    },
    {
      "cityName": "Aroostook",
      "lat": 46.8,
      "lng": -67.716667
    },
    {
      "cityName": "Bailey",
      "lat": 45.633333,
      "lng": -66.583333
    },
    {
      "cityName": "Barnaby",
      "lat": 46.883333,
      "lng": -65.516667
    },
    {
      "cityName": "Bartibog",
      "lat": 47.283333,
      "lng": -65.616667
    },
    {
      "cityName": "Bathurst",
      "lat": 47.6,
      "lng": -65.65
    },
    {
      "cityName": "Beaver Brook Station",
      "lat": 47.116667,
      "lng": -65.6
    },
    {
      "cityName": "Benton",
      "lat": 45.983333,
      "lng": -67.6
    },
    {
      "cityName": "Berry Mill",
      "lat": 46.116667,
      "lng": -64.95
    },
    {
      "cityName": "Blackville",
      "lat": 46.733333,
      "lng": -65.833333
    },
    {
      "cityName": "Boiestown",
      "lat": 46.45,
      "lng": -66.4
    },
    {
      "cityName": "Bon Accord",
      "lat": 46.65,
      "lng": -67.583333
    },
    {
      "cityName": "Bristol",
      "lat": 46.15,
      "lng": -64.183333
    },
    {
      "cityName": "Buctouche",
      "lat": 46.466667,
      "lng": -64.733333
    },
    {
      "cityName": "Burnsville",
      "lat": 47.7,
      "lng": -65.166667
    },
    {
      "cityName": "Burnt Church",
      "lat": 47.2,
      "lng": -65.15
    },
    {
      "cityName": "Butternut Ridge",
      "lat": 46,
      "lng": -65.316667
    },
    {
      "cityName": "Campbellton",
      "lat": 48,
      "lng": -66.666667
    },
    {
      "cityName": "Campo Bello",
      "lat": 44.883333,
      "lng": -66.95
    },
    {
      "cityName": "Canaan Station",
      "lat": 46.25,
      "lng": -65.066667
    },
    {
      "cityName": "Canterbury Station",
      "lat": 45.883333,
      "lng": -67.466667
    },
    {
      "cityName": "Cape Enrage",
      "lat": 45.616667,
      "lng": -64.783333
    },
    {
      "cityName": "Cape Tormentine",
      "lat": 46.116667,
      "lng": -63.783333
    },
    {
      "cityName": "Caraquet",
      "lat": 47.783333,
      "lng": -64.95
    },
    {
      "cityName": "Centerville",
      "lat": 46.433333,
      "lng": -67.716667
    },
    {
      "cityName": "Chatham",
      "lat": 47.033333,
      "lng": -65.433333
    },
    {
      "cityName": "Chipman",
      "lat": 46.166667,
      "lng": -65.883333
    },
    {
      "cityName": "Cody",
      "lat": 45.866667,
      "lng": -65.816667
    },
    {
      "cityName": "Connors",
      "lat": 47.2,
      "lng": -68.833333
    },
    {
      "cityName": "Cork",
      "lat": 45.683333,
      "lng": -66.916667
    },
    {
      "cityName": "Covered Bridge",
      "lat": 46.233333,
      "lng": -66.616667
    },
    {
      "cityName": "Cross Creek Station",
      "lat": 46.266667,
      "lng": -66.633333
    },
    {
      "cityName": "Cumberland Bay",
      "lat": 46.033333,
      "lng": -65.866667
    },
    {
      "cityName": "Dalhousie",
      "lat": 48.066667,
      "lng": -66.366667
    },
    {
      "cityName": "Dalhousie Junction",
      "lat": 48.033333,
      "lng": -66.483333
    },
    {
      "cityName": "Debec",
      "lat": 46.066667,
      "lng": -67.683333
    },
    {
      "cityName": "Dieppe",
      "lat": 46.1,
      "lng": -64.75
    },
    {
      "cityName": "Dipper Harbour",
      "lat": 45.083333,
      "lng": -66.416667
    },
    {
      "cityName": "Doaktown",
      "lat": 46.55,
      "lng": -66.116667
    },
    {
      "cityName": "Dorchester Crossing",
      "lat": 46.166667,
      "lng": -64.566667
    },
    {
      "cityName": "Durham Bridge",
      "lat": 46.133333,
      "lng": -66.6
    },
    {
      "cityName": "Edmundston",
      "lat": 47.366667,
      "lng": -68.333333
    },
    {
      "cityName": "Elgin",
      "lat": 45.8,
      "lng": -65.116667
    },
    {
      "cityName": "Forks",
      "lat": 46.05,
      "lng": -65.55
    },
    {
      "cityName": "Fredericton",
      "lat": 45.95,
      "lng": -66.633333
    },
    {
      "cityName": "Fredericton Junction",
      "lat": 45.666667,
      "lng": -66.616667
    },
    {
      "cityName": "Gagetown",
      "lat": 45.766667,
      "lng": -66.15
    },
    {
      "cityName": "Glassville",
      "lat": 46.483333,
      "lng": -67.416667
    },
    {
      "cityName": "Grand Bay",
      "lat": 45.3,
      "lng": -66.2
    },
    {
      "cityName": "Grande Anse",
      "lat": 47.816667,
      "lng": -65.183333
    },
    {
      "cityName": "Grand Falls",
      "lat": 47.05,
      "lng": -67.733333
    },
    {
      "cityName": "Green Point",
      "lat": 47.85,
      "lng": -65.766667
    },
    {
      "cityName": "Hampton",
      "lat": 45.533333,
      "lng": -65.833333
    },
    {
      "cityName": "Hamstead",
      "lat": 45.616667,
      "lng": -66.083333
    },
    {
      "cityName": "Harcourt",
      "lat": 46.466667,
      "lng": -65.25
    },
    {
      "cityName": "Hartland",
      "lat": 46.3,
      "lng": -67.516667
    },
    {
      "cityName": "Harvey",
      "lat": 45.716667,
      "lng": -67
    },
    {
      "cityName": "Hillsborough",
      "lat": 45.916667,
      "lng": -64.65
    },
    {
      "cityName": "Inkerman",
      "lat": 47.666667,
      "lng": -64.833333
    },
    {
      "cityName": "Jacquet River",
      "lat": 47.916667,
      "lng": -66
    },
    {
      "cityName": "Janeville",
      "lat": 47.683333,
      "lng": -65.433333
    },
    {
      "cityName": "Junction Derby",
      "lat": 46.95,
      "lng": -65.6
    },
    {
      "cityName": "Juniper Station",
      "lat": 46.533333,
      "lng": -67.166667
    },
    {
      "cityName": "Kedgwick",
      "lat": 47.633333,
      "lng": -67.333333
    },
    {
      "cityName": "Kent Junction",
      "lat": 46.583333,
      "lng": -65.333333
    },
    {
      "cityName": "Keswick",
      "lat": 46.016667,
      "lng": -66.833333
    },
    {
      "cityName": "Kingsclear",
      "lat": 45.883333,
      "lng": -66.9
    },
    {
      "cityName": "Kingston",
      "lat": 46.633333,
      "lng": -64.866667
    },
    {
      "cityName": "Lac Baker",
      "lat": 47.333333,
      "lng": -68.666667
    },
    {
      "cityName": "Lakeburn",
      "lat": 46.1,
      "lng": -64.666667
    },
    {
      "cityName": "Lancaster",
      "lat": 45.25,
      "lng": -66.1
    },
    {
      "cityName": "Lawrence Station",
      "lat": 45.416667,
      "lng": -67.183333
    },
    {
      "cityName": "L'Etete",
      "lat": 45.05,
      "lng": -66.9
    },
    {
      "cityName": "Lindsay",
      "lat": 46.25,
      "lng": -67.683333
    },
    {
      "cityName": "Loggieville",
      "lat": 47.066667,
      "lng": -65.383333
    },
    {
      "cityName": "Lower Southampton",
      "lat": 45.966667,
      "lng": -67.233333
    },
    {
      "cityName": "Macadam",
      "lat": 45.583333,
      "lng": -67.333333
    },
    {
      "cityName": "Magaguadavic",
      "lat": 45.683333,
      "lng": -67.183333
    },
    {
      "cityName": "Marysville",
      "lat": 45.966667,
      "lng": -66.583333
    },
    {
      "cityName": "Matapedia",
      "lat": 47.966667,
      "lng": -66.933333
    },
    {
      "cityName": "McGivney",
      "lat": 46.366667,
      "lng": -66.566667
    },
    {
      "cityName": "McNamee",
      "lat": 46.516667,
      "lng": -66.266667
    },
    {
      "cityName": "Meductic",
      "lat": 46,
      "lng": -67.466667
    },
    {
      "cityName": "Melrose",
      "lat": 46.1,
      "lng": -63.933333
    },
    {
      "cityName": "Memramcook",
      "lat": 46,
      "lng": -64.55
    },
    {
      "cityName": "Millerton",
      "lat": 46.9,
      "lng": -65.633333
    },
    {
      "cityName": "Milltown",
      "lat": 45.166667,
      "lng": -67.3
    },
    {
      "cityName": "Millville",
      "lat": 46.133333,
      "lng": -67.183333
    },
    {
      "cityName": "Miramichi",
      "lat": 47.033333,
      "lng": -65.183333
    },
    {
      "cityName": "Moncton",
      "lat": 46.083333,
      "lng": -64.766667
    },
    {
      "cityName": "Moores Mills",
      "lat": 45.283333,
      "lng": -67.266667
    },
    {
      "cityName": "Mount Pleasant",
      "lat": 46.4,
      "lng": -67.483333
    },
    {
      "cityName": "Musquash",
      "lat": 45.183333,
      "lng": -66.333333
    },
    {
      "cityName": "Napadogan",
      "lat": 46.4,
      "lng": -66.916667
    },
    {
      "cityName": "Nauwigewauk",
      "lat": 45.466667,
      "lng": -65.883333
    },
    {
      "cityName": "Neguac",
      "lat": 47.233333,
      "lng": -65.05
    },
    {
      "cityName": "Newcastle Bridge",
      "lat": 46.083333,
      "lng": -66.05
    },
    {
      "cityName": "Newcastle",
      "lat": 46.983333,
      "lng": -65.566667
    },
    {
      "cityName": "Nickadow",
      "lat": 47.733333,
      "lng": -65.716667
    },
    {
      "cityName": "North Devon",
      "lat": 45.966667,
      "lng": -66.633333
    },
    {
      "cityName": "North Head",
      "lat": 44.766667,
      "lng": -66.75
    },
    {
      "cityName": "Notre Dame",
      "lat": 46.3,
      "lng": -64.716667
    },
    {
      "cityName": "Oromocto",
      "lat": 45.85,
      "lng": -66.466667
    },
    {
      "cityName": "Pennfield",
      "lat": 45.116667,
      "lng": -66.683333
    },
    {
      "cityName": "Perth",
      "lat": 46.733333,
      "lng": -67.7
    },
    {
      "cityName": "Petitcodiac",
      "lat": 45.933333,
      "lng": -65.166667
    },
    {
      "cityName": "Plaster Rock",
      "lat": 46.9,
      "lng": -67.383333
    },
    {
      "cityName": "Pocologan",
      "lat": 45.133333,
      "lng": -66.583333
    },
    {
      "cityName": "Pointe-Canot",
      "lat": 47.833333,
      "lng": -64.7
    },
    {
      "cityName": "Pointe de Chene",
      "lat": 46.233333,
      "lng": -64.533333
    },
    {
      "cityName": "Port Elgin",
      "lat": 46.05,
      "lng": -64.1
    },
    {
      "cityName": "Prince William",
      "lat": 45.916667,
      "lng": -67.033333
    },
    {
      "cityName": "Quaco",
      "lat": 45.35,
      "lng": -65.533333
    },
    {
      "cityName": "Quarryville",
      "lat": 46.833333,
      "lng": -65.783333
    },
    {
      "cityName": "Queenstown",
      "lat": 45.683333,
      "lng": -66.1
    },
    {
      "cityName": "Quispamsis",
      "lat": 45.41,
      "lng": -65.96
    },
    {
      "cityName": "Red Rapids",
      "lat": 46.783333,
      "lng": -67.5
    },
    {
      "cityName": "Renous",
      "lat": 46.816667,
      "lng": -65.8
    },
    {
      "cityName": "Richardson",
      "lat": 45,
      "lng": -66.933333
    },
    {
      "cityName": "Richibucto",
      "lat": 46.683333,
      "lng": -64.866667
    },
    {
      "cityName": "Ripples",
      "lat": 45.983333,
      "lng": -66.2
    },
    {
      "cityName": "River Charlo",
      "lat": 47.966667,
      "lng": -66.283333
    },
    {
      "cityName": "River de Chute",
      "lat": 46.6,
      "lng": -67.733333
    },
    {
      "cityName": "Riverside",
      "lat": 45.75,
      "lng": -64.716667
    },
    {
      "cityName": "Riverview",
      "lat": 46.05,
      "lng": -64.81
    },
    {
      "cityName": "Rogersville",
      "lat": 46.716667,
      "lng": -65.416667
    },
    {
      "cityName": "Rothesay",
      "lat": 45.383333,
      "lng": -66
    },
    {
      "cityName": "Sackville",
      "lat": 45.883333,
      "lng": -64.35
    },
    {
      "cityName": "Saint Andrews",
      "lat": 45.066667,
      "lng": -67.033333
    },
    {
      "cityName": "Saint Anthony",
      "lat": 46.366667,
      "lng": -64.75
    },
    {
      "cityName": "Saint George",
      "lat": 45.133333,
      "lng": -66.816667
    },
    {
      "cityName": "Saint John",
      "lat": 45.266667,
      "lng": -66.066667
    },
    {
      "cityName": "Saint Leonard",
      "lat": 47.166667,
      "lng": -67.916667
    },
    {
      "cityName": "Saint Louis de Kent",
      "lat": 46.733333,
      "lng": -64.966667
    },
    {
      "cityName": "Saint Margaret Bay",
      "lat": 46.9,
      "lng": -65.183333
    },
    {
      "cityName": "Saint Quentin",
      "lat": 47.5,
      "lng": -67.383333
    },
    {
      "cityName": "Saint Stephen",
      "lat": 45.2,
      "lng": -67.266667
    },
    {
      "cityName": "Salisbury",
      "lat": 46.033333,
      "lng": -65.05
    },
    {
      "cityName": "Seal Cove",
      "lat": 44.65,
      "lng": -66.85
    },
    {
      "cityName": "Shediac",
      "lat": 46.216667,
      "lng": -64.533333
    },
    {
      "cityName": "Sheffield",
      "lat": 45.883333,
      "lng": -66.3
    },
    {
      "cityName": "Shippegan",
      "lat": 47.733333,
      "lng": -64.7
    },
    {
      "cityName": "Southampton",
      "lat": 46.116667,
      "lng": -67.15
    },
    {
      "cityName": "South Nelson",
      "lat": 46.983333,
      "lng": -65.55
    },
    {
      "cityName": "Stanley",
      "lat": 46.283333,
      "lng": -66.733333
    },
    {
      "cityName": "Stonehaven",
      "lat": 47.75,
      "lng": -65.366667
    },
    {
      "cityName": "Sussex",
      "lat": 45.716667,
      "lng": -65.516667
    },
    {
      "cityName": "Tidehead",
      "lat": 47.966667,
      "lng": -66.766667
    },
    {
      "cityName": "Tower Hill",
      "lat": 45.316667,
      "lng": -67.2
    },
    {
      "cityName": "Tracadie",
      "lat": 47.5,
      "lng": -64.916667
    },
    {
      "cityName": "Upper Blackville",
      "lat": 46.65,
      "lng": -65.866667
    },
    {
      "cityName": "Upsalquitch",
      "lat": 47.816667,
      "lng": -66.883333
    },
    {
      "cityName": "Waugh",
      "lat": 47.7,
      "lng": -64.85
    },
    {
      "cityName": "Waweig",
      "lat": 45.216667,
      "lng": -67.133333
    },
    {
      "cityName": "Welden",
      "lat": 45.95,
      "lng": -64.683333
    },
    {
      "cityName": "Welsford",
      "lat": 45.45,
      "lng": -66.35
    },
    {
      "cityName": "Westfield Beach",
      "lat": 45.35,
      "lng": -66.233333
    },
    {
      "cityName": "White Brook",
      "lat": 47.683333,
      "lng": -67.1
    },
    {
      "cityName": "Whitney",
      "lat": 46.966667,
      "lng": -65.733333
    },
    {
      "cityName": "Woodstock",
      "lat": 46.15,
      "lng": -67.566667
    }
  ]
}