{
  "name": "Unnamed region 05",
  "cities": [
    {
      "cityName": "Aba Ciotte",
      "lat": 9.55,
      "lng": 35.8333333
    },
    {
      "cityName": "Abadabu",
      "lat": 9.5166667,
      "lng": 35.55
    },
    {
      "cityName": "Abaghimbi",
      "lat": 8.8,
      "lng": 34.65
    },
    {
      "cityName": "Abahalle",
      "lat": 8.7666667,
      "lng": 35.3333333
    },
    {
      "cityName": "Abalo",
      "lat": 9.1166667,
      "lng": 36.4
    },
    {
      "cityName": "Aba Sina",
      "lat": 9.0333333,
      "lng": 35.9666667
    },
    {
      "cityName": "Abatimbo",
      "lat": 10.6,
      "lng": 35.2166667
    },
    {
      "cityName": "Abbaia Garo",
      "lat": 9.5166667,
      "lng": 37.1166667
    },
    {
      "cityName": "Abba Moti",
      "lat": 9.75,
      "lng": 34.7333333
    },
    {
      "cityName": "Abe Buko",
      "lat": 9.5333333,
      "lng": 37.0666667
    },
    {
      "cityName": "Abenyende",
      "lat": 10.1333333,
      "lng": 34.7833333
    },
    {
      "cityName": "Abeta Robe",
      "lat": 9.35,
      "lng": 36.7833333
    },
    {
      "cityName": "Abeyi",
      "lat": 9.2333333,
      "lng": 36.4666667
    },
    {
      "cityName": "Abono",
      "lat": 9.3833333,
      "lng": 35.3333333
    },
    {
      "cityName": "Abora Komis",
      "lat": 9.6666667,
      "lng": 35.4
    },
    {
      "cityName": "Abot",
      "lat": 9.0666667,
      "lng": 34.5666667
    },
    {
      "cityName": "Abu",
      "lat": 9.4833333,
      "lng": 37.1333333
    },
    {
      "cityName": "Abu Musa",
      "lat": 10.0166667,
      "lng": 34.7166667
    },
    {
      "cityName": "Acachilo",
      "lat": 9,
      "lng": 35.1666667
    },
    {
      "cityName": "Ach'ane",
      "lat": 9.65,
      "lng": 37.3333333
    },
    {
      "cityName": "Adami",
      "lat": 9.7833333,
      "lng": 36.4166667
    },
    {
      "cityName": "Adera",
      "lat": 9.0666667,
      "lng": 35.45
    },
    {
      "cityName": "Adere",
      "lat": 9.3166667,
      "lng": 36.95
    },
    {
      "cityName": "Adere Wama",
      "lat": 8.75,
      "lng": 36.75
    },
    {
      "cityName": "Adisa",
      "lat": 9.95,
      "lng": 36.05
    },
    {
      "cityName": "Adiya Michire",
      "lat": 9.2,
      "lng": 36.4
    },
    {
      "cityName": "Afoda",
      "lat": 10.2333333,
      "lng": 34.65
    },
    {
      "cityName": "Agani",
      "lat": 10.0166667,
      "lng": 34.3166667
    },
    {
      "cityName": "Agelo",
      "lat": 9.6166667,
      "lng": 36.6333333
    },
    {
      "cityName": "Ago (1)",
      "lat": 9.15,
      "lng": 36.9166667
    },
    {
      "cityName": "Ago (2)",
      "lat": 9.15,
      "lng": 36.95
    },
    {
      "cityName": "Agolia",
      "lat": 10.2333333,
      "lng": 34.5166667
    },
    {
      "cityName": "Ahmed",
      "lat": 9.9166667,
      "lng": 34.3166667
    },
    {
      "cityName": "Aira",
      "lat": 9.1,
      "lng": 35.4
    },
    {
      "cityName": "Akech'e",
      "lat": 9.6666667,
      "lng": 35.1833333
    },
    {
      "cityName": "Akeyu",
      "lat": 9.8,
      "lng": 37.1166667
    },
    {
      "cityName": "Akuku (1)",
      "lat": 9.85,
      "lng": 36.2166667
    },
    {
      "cityName": "Akuku (2)",
      "lat": 9.8666667,
      "lng": 36.2
    },
    {
      "cityName": "Akuku",
      "lat": 8.8,
      "lng": 34.9
    },
    {
      "cityName": "Alahmer",
      "lat": 10.3166667,
      "lng": 34.9666667
    },
    {
      "cityName": "Alatti",
      "lat": 9.3166667,
      "lng": 36.8666667
    },
    {
      "cityName": "Ale",
      "lat": 9.2833333,
      "lng": 35.6333333
    },
    {
      "cityName": "Alebanta",
      "lat": 9.0166667,
      "lng": 35.9
    },
    {
      "cityName": "Aleku",
      "lat": 8.6333333,
      "lng": 34.7833333
    },
    {
      "cityName": "Aleltu",
      "lat": 9.2,
      "lng": 36.85
    },
    {
      "cityName": "`Alem Teferi",
      "lat": 8.9,
      "lng": 35.2333333
    },
    {
      "cityName": "Alga",
      "lat": 8.55,
      "lng": 35.4333333
    },
    {
      "cityName": "Ali",
      "lat": 9.7333333,
      "lng": 36.8666667
    },
    {
      "cityName": "Alibo",
      "lat": 9.8833333,
      "lng": 37.05
    },
    {
      "cityName": "Alito",
      "lat": 9.9666667,
      "lng": 36.4833333
    },
    {
      "cityName": "Alkeshaf",
      "lat": 9.9666667,
      "lng": 35.0333333
    },
    {
      "cityName": "Amara",
      "lat": 8.8,
      "lng": 34.7333333
    },
    {
      "cityName": "Amara Gudo (1)",
      "lat": 9.0166667,
      "lng": 35.35
    },
    {
      "cityName": "Amara Gudo (2)",
      "lat": 8.9833333,
      "lng": 35.3333333
    },
    {
      "cityName": "Amaresa",
      "lat": 9.8666667,
      "lng": 37.5333333
    },
    {
      "cityName": "Amatto",
      "lat": 8.5166667,
      "lng": 35.4833333
    },
    {
      "cityName": "Ambabo",
      "lat": 9.7333333,
      "lng": 37.5666667
    },
    {
      "cityName": "Amoma",
      "lat": 9.6833333,
      "lng": 35.5666667
    },
    {
      "cityName": "Amule",
      "lat": 8.6166667,
      "lng": 34.9333333
    },
    {
      "cityName": "Amuma Hena",
      "lat": 9.4333333,
      "lng": 35.5666667
    },
    {
      "cityName": "Amuru",
      "lat": 9.9833333,
      "lng": 36.9666667
    },
    {
      "cityName": "Anafo",
      "lat": 9.7,
      "lng": 37.5333333
    },
    {
      "cityName": "Anch'ini",
      "lat": 9.7,
      "lng": 35.4166667
    },
    {
      "cityName": "Anho",
      "lat": 9.0833333,
      "lng": 36.9666667
    },
    {
      "cityName": "Arami",
      "lat": 9.05,
      "lng": 34.8166667
    },
    {
      "cityName": "Aratù",
      "lat": 9.3666667,
      "lng": 37.1166667
    },
    {
      "cityName": "`Arb Gebeya",
      "lat": 9.15,
      "lng": 36.4
    },
    {
      "cityName": "Arbi",
      "lat": 9.0666667,
      "lng": 35.1166667
    },
    {
      "cityName": "Arcumbi",
      "lat": 9.35,
      "lng": 36.4
    },
    {
      "cityName": "Arebeke",
      "lat": 9.4833333,
      "lng": 37.05
    },
    {
      "cityName": "Aredu",
      "lat": 9.7333333,
      "lng": 36.8333333
    },
    {
      "cityName": "Argio",
      "lat": 8.75,
      "lng": 36.5
    },
    {
      "cityName": "Arogi",
      "lat": 9.2833333,
      "lng": 35.7333333
    },
    {
      "cityName": "Aroji",
      "lat": 9.1166667,
      "lng": 35.1333333
    },
    {
      "cityName": "Asandabo",
      "lat": 9.8333333,
      "lng": 37.55
    },
    {
      "cityName": "Ashuka",
      "lat": 10.2833333,
      "lng": 35
    },
    {
      "cityName": "Asosa",
      "lat": 10.0666667,
      "lng": 34.5333333
    },
    {
      "cityName": "Ato Gondas",
      "lat": 9.7,
      "lng": 35.2333333
    },
    {
      "cityName": "Awaru",
      "lat": 9.7666667,
      "lng": 37.1833333
    },
    {
      "cityName": "Awashi",
      "lat": 9.6666667,
      "lng": 35.4666667
    },
    {
      "cityName": "Awete",
      "lat": 9.25,
      "lng": 35.25
    },
    {
      "cityName": "Ayana",
      "lat": 9.8833333,
      "lng": 36.6166667
    },
    {
      "cityName": "Ayele Gebeya",
      "lat": 9.3833333,
      "lng": 37.3833333
    },
    {
      "cityName": "Ayuweni",
      "lat": 9.7166667,
      "lng": 37.1833333
    },
    {
      "cityName": "Babo (1)",
      "lat": 9.5666667,
      "lng": 35.1666667
    },
    {
      "cityName": "Babo (2)",
      "lat": 9.3333333,
      "lng": 35.6666667
    },
    {
      "cityName": "Babu",
      "lat": 9.8333333,
      "lng": 36.3333333
    },
    {
      "cityName": "Bacchi",
      "lat": 10.0833333,
      "lng": 34.95
    },
    {
      "cityName": "Bagela",
      "lat": 10.05,
      "lng": 36.5666667
    },
    {
      "cityName": "Bagi",
      "lat": 9.75,
      "lng": 36.2833333
    },
    {
      "cityName": "Baibi",
      "lat": 10.4,
      "lng": 34.7166667
    },
    {
      "cityName": "Bakure",
      "lat": 9.0666667,
      "lng": 35.0666667
    },
    {
      "cityName": "Balch'",
      "lat": 10.1166667,
      "lng": 35.8
    },
    {
      "cityName": "Bandira",
      "lat": 8.9166667,
      "lng": 36.5833333
    },
    {
      "cityName": "Bantu",
      "lat": 9.8166667,
      "lng": 37.05
    },
    {
      "cityName": "Bari",
      "lat": 8.8166667,
      "lng": 35.3666667
    },
    {
      "cityName": "Baro",
      "lat": 10.1,
      "lng": 34.6333333
    },
    {
      "cityName": "Bassiba",
      "lat": 8.5,
      "lng": 35.9666667
    },
    {
      "cityName": "Bata",
      "lat": 9.2,
      "lng": 35.1833333
    },
    {
      "cityName": "Batimbo",
      "lat": 10.4166667,
      "lng": 35.2333333
    },
    {
      "cityName": "Bazber",
      "lat": 10.6,
      "lng": 35.1333333
    },
    {
      "cityName": "Bebela",
      "lat": 9.25,
      "lng": 37.2833333
    },
    {
      "cityName": "Becca",
      "lat": 9.2666667,
      "lng": 34.5333333
    },
    {
      "cityName": "Beda Sire",
      "lat": 9.8833333,
      "lng": 37.1833333
    },
    {
      "cityName": "Bededuresa",
      "lat": 9.7166667,
      "lng": 37.1
    },
    {
      "cityName": "Bedeso",
      "lat": 9.2833333,
      "lng": 35.35
    },
    {
      "cityName": "Bedo",
      "lat": 8.85,
      "lng": 36.5
    },
    {
      "cityName": "Begna",
      "lat": 9.7833333,
      "lng": 34.8666667
    },
    {
      "cityName": "Bek'ele",
      "lat": 9.4666667,
      "lng": 37.05
    },
    {
      "cityName": "Belad Deroz",
      "lat": 10.6833333,
      "lng": 34.7833333
    },
    {
      "cityName": "Belef Ofa",
      "lat": 10.2166667,
      "lng": 34.7666667
    },
    {
      "cityName": "Belfodio",
      "lat": 10.5166667,
      "lng": 34.7833333
    },
    {
      "cityName": "Belho",
      "lat": 9.7166667,
      "lng": 34.7
    },
    {
      "cityName": "Bereccia",
      "lat": 9.8833333,
      "lng": 37.1
    },
    {
      "cityName": "Berecha",
      "lat": 9.4333333,
      "lng": 37.2666667
    },
    {
      "cityName": "Bereda (2)",
      "lat": 8.7666667,
      "lng": 36.1166667
    },
    {
      "cityName": "Bereso",
      "lat": 9.2,
      "lng": 37.2666667
    },
    {
      "cityName": "Beriso",
      "lat": 9.8833333,
      "lng": 36.2166667
    },
    {
      "cityName": "Bero",
      "lat": 9.5666667,
      "lng": 37.5
    },
    {
      "cityName": "Beshe",
      "lat": 9.3333333,
      "lng": 37.1
    },
    {
      "cityName": "Besu",
      "lat": 9.7,
      "lng": 37.05
    },
    {
      "cityName": "Bijis",
      "lat": 9.8666667,
      "lng": 35.2166667
    },
    {
      "cityName": "Bijit",
      "lat": 9.65,
      "lng": 36.7333333
    },
    {
      "cityName": "Bik'ilal",
      "lat": 9.25,
      "lng": 35.8666667
    },
    {
      "cityName": "Bik'ir",
      "lat": 9.2833333,
      "lng": 35.2666667
    },
    {
      "cityName": "Bila",
      "lat": 8.9,
      "lng": 37
    },
    {
      "cityName": "Bilei",
      "lat": 8.6,
      "lng": 34.9833333
    },
    {
      "cityName": "Biloyi",
      "lat": 9.1,
      "lng": 36.7666667
    },
    {
      "cityName": "Birbirsa",
      "lat": 9.75,
      "lng": 34.9166667
    },
    {
      "cityName": "Birbirsafada",
      "lat": 9.3666667,
      "lng": 36.4333333
    },
    {
      "cityName": "Birbirsa Sek'ela",
      "lat": 9.6666667,
      "lng": 37.0833333
    },
    {
      "cityName": "Birbirsa T'oshe",
      "lat": 9.7,
      "lng": 37.2
    },
    {
      "cityName": "Bisce",
      "lat": 9.0333333,
      "lng": 34.5666667
    },
    {
      "cityName": "Bisheho",
      "lat": 9.5,
      "lng": 34.9666667
    },
    {
      "cityName": "Bobe",
      "lat": 9.6666667,
      "lng": 37.2
    },
    {
      "cityName": "Boch'i",
      "lat": 9.05,
      "lng": 35.2333333
    },
    {
      "cityName": "Bode",
      "lat": 9.65,
      "lng": 37.0833333
    },
    {
      "cityName": "Bogi",
      "lat": 9.3666667,
      "lng": 35.6
    },
    {
      "cityName": "Boji (1)",
      "lat": 9.4833333,
      "lng": 34.9166667
    },
    {
      "cityName": "Boji (2)",
      "lat": 9.3833333,
      "lng": 35.6666667
    },
    {
      "cityName": "Bok'a",
      "lat": 9.85,
      "lng": 36.8833333
    },
    {
      "cityName": "Bok'uta",
      "lat": 9.25,
      "lng": 36.7666667
    },
    {
      "cityName": "Bolo",
      "lat": 9.2,
      "lng": 36.4166667
    },
    {
      "cityName": "Boma",
      "lat": 10.4666667,
      "lng": 34.8166667
    },
    {
      "cityName": "Bonaia",
      "lat": 8.9666667,
      "lng": 36.6666667
    },
    {
      "cityName": "Bonsa",
      "lat": 9.5,
      "lng": 37
    },
    {
      "cityName": "Boo",
      "lat": 9.3666667,
      "lng": 35.8166667
    },
    {
      "cityName": "Borbor",
      "lat": 9.7333333,
      "lng": 36.9833333
    },
    {
      "cityName": "Bore",
      "lat": 9.3833333,
      "lng": 35.5333333
    },
    {
      "cityName": "Boro",
      "lat": 9.8333333,
      "lng": 37.0833333
    },
    {
      "cityName": "Bosok'a",
      "lat": 9.2333333,
      "lng": 37.0166667
    },
    {
      "cityName": "Bote",
      "lat": 10.15,
      "lng": 36.35
    },
    {
      "cityName": "Bot'i",
      "lat": 9.7333333,
      "lng": 36.8833333
    },
    {
      "cityName": "Bubbe",
      "lat": 8.7666667,
      "lng": 35.8
    },
    {
      "cityName": "Bugari",
      "lat": 10.3333333,
      "lng": 34.7166667
    },
    {
      "cityName": "Buke",
      "lat": 9.8333333,
      "lng": 35.15
    },
    {
      "cityName": "Buko (1)",
      "lat": 8.65,
      "lng": 35.6333333
    },
    {
      "cityName": "Buko (2)",
      "lat": 8.5666667,
      "lng": 34.5833333
    },
    {
      "cityName": "Bumo",
      "lat": 8.7666667,
      "lng": 35.4666667
    },
    {
      "cityName": "Buna",
      "lat": 9.5333333,
      "lng": 35.15
    },
    {
      "cityName": "Bundi",
      "lat": 9.6,
      "lng": 35.2333333
    },
    {
      "cityName": "Buneya",
      "lat": 9.2,
      "lng": 37.2833333
    },
    {
      "cityName": "Burac",
      "lat": 9.05,
      "lng": 34.7166667
    },
    {
      "cityName": "Burca Badessa",
      "lat": 8.45,
      "lng": 34.8166667
    },
    {
      "cityName": "Buru",
      "lat": 9.4166667,
      "lng": 37.3166667
    },
    {
      "cityName": "Bururu",
      "lat": 8.6666667,
      "lng": 35.5
    },
    {
      "cityName": "Bushi",
      "lat": 9.4666667,
      "lng": 37.5
    },
    {
      "cityName": "Buya",
      "lat": 9.5,
      "lng": 35.6
    },
    {
      "cityName": "Cachi",
      "lat": 8.9333333,
      "lng": 35.05
    },
    {
      "cityName": "Cama",
      "lat": 9.4166667,
      "lng": 34.5333333
    },
    {
      "cityName": "Camu",
      "lat": 8.8333333,
      "lng": 35.1666667
    },
    {
      "cityName": "Capi",
      "lat": 9.0666667,
      "lng": 35.55
    },
    {
      "cityName": "Caraboghe",
      "lat": 9.7,
      "lng": 34.35
    },
    {
      "cityName": "Carra",
      "lat": 9.8,
      "lng": 35.1666667
    },
    {
      "cityName": "Carru",
      "lat": 9.3833333,
      "lng": 37.3166667
    },
    {
      "cityName": "Catama",
      "lat": 8.9,
      "lng": 36.4833333
    },
    {
      "cityName": "Catugola",
      "lat": 9.5333333,
      "lng": 34.4666667
    },
    {
      "cityName": "Cerac",
      "lat": 9.9833333,
      "lng": 35.8833333
    },
    {
      "cityName": "Ch'abir",
      "lat": 9.6,
      "lng": 37.0666667
    },
    {
      "cityName": "Ch'ala Denk'enye'a",
      "lat": 9.6,
      "lng": 37.2166667
    },
    {
      "cityName": "Ch'alte",
      "lat": 9.55,
      "lng": 37.1333333
    },
    {
      "cityName": "Ch'altu",
      "lat": 9.8333333,
      "lng": 35.3
    },
    {
      "cityName": "Ch'amo",
      "lat": 8.65,
      "lng": 34.6666667
    },
    {
      "cityName": "Ch'anch'o",
      "lat": 8.6833333,
      "lng": 36.3333333
    },
    {
      "cityName": "Ch'anch'o Gefersa",
      "lat": 9.8333333,
      "lng": 37.5166667
    },
    {
      "cityName": "Ch'ank'a",
      "lat": 8.8666667,
      "lng": 35.0666667
    },
    {
      "cityName": "Ch'eber",
      "lat": 9.6,
      "lng": 37.1333333
    },
    {
      "cityName": "Ch'ebi",
      "lat": 9.7333333,
      "lng": 36.9
    },
    {
      "cityName": "Ch'eka",
      "lat": 9.7833333,
      "lng": 36.6833333
    },
    {
      "cityName": "Chelim",
      "lat": 9.2,
      "lng": 34.55
    },
    {
      "cityName": "Ch'eliya Yeka",
      "lat": 9.2166667,
      "lng": 35.4166667
    },
    {
      "cityName": "Chella",
      "lat": 8.5666667,
      "lng": 34.75
    },
    {
      "cityName": "Chemid",
      "lat": 9.9833333,
      "lng": 34.2333333
    },
    {
      "cityName": "Ch'eneni",
      "lat": 9.7166667,
      "lng": 37.3
    },
    {
      "cityName": "Chennetè",
      "lat": 9.2333333,
      "lng": 37.25
    },
    {
      "cityName": "Chera Gudde",
      "lat": 9.8333333,
      "lng": 34.7166667
    },
    {
      "cityName": "Ch'erkaka",
      "lat": 9.3166667,
      "lng": 37.3333333
    },
    {
      "cityName": "Chesar",
      "lat": 9.45,
      "lng": 34.3
    },
    {
      "cityName": "Ch'ik'le",
      "lat": 9.85,
      "lng": 35.5
    },
    {
      "cityName": "Ch'ilimo",
      "lat": 9.15,
      "lng": 36.7166667
    },
    {
      "cityName": "Ch'inina",
      "lat": 9.9166667,
      "lng": 36.8333333
    },
    {
      "cityName": "Ch'irecha Bekeka",
      "lat": 9.8833333,
      "lng": 37.1333333
    },
    {
      "cityName": "Ch'irecha",
      "lat": 8.8666667,
      "lng": 35.1166667
    },
    {
      "cityName": "Ch'iri",
      "lat": 9.4166667,
      "lng": 34.6833333
    },
    {
      "cityName": "Chirin",
      "lat": 9.95,
      "lng": 34.3666667
    },
    {
      "cityName": "CH'itu (1)",
      "lat": 9.4166667,
      "lng": 37.15
    },
    {
      "cityName": "Ch'itu (2)",
      "lat": 9.3,
      "lng": 37.3333333
    },
    {
      "cityName": "Ch'ok'orsa",
      "lat": 9.65,
      "lng": 36.8833333
    },
    {
      "cityName": "Ch'unde",
      "lat": 9.4,
      "lng": 37.0666667
    },
    {
      "cityName": "Cinghi",
      "lat": 9.0333333,
      "lng": 36.6666667
    },
    {
      "cityName": "Cioghi",
      "lat": 8.5166667,
      "lng": 34.75
    },
    {
      "cityName": "Ciolli",
      "lat": 9.2166667,
      "lng": 35.8
    },
    {
      "cityName": "Ciuta",
      "lat": 9.15,
      "lng": 35.7666667
    },
    {
      "cityName": "Cobaccia",
      "lat": 9.0166667,
      "lng": 34.7833333
    },
    {
      "cityName": "Coba",
      "lat": 9.4833333,
      "lng": 34.6333333
    },
    {
      "cityName": "Cobbo",
      "lat": 9.45,
      "lng": 37.45
    },
    {
      "cityName": "Cocior",
      "lat": 9.6166667,
      "lng": 37.3
    },
    {
      "cityName": "Cogo Dalla",
      "lat": 8.7,
      "lng": 34.4833333
    },
    {
      "cityName": "Coie Soiama",
      "lat": 8.6166667,
      "lng": 34.9166667
    },
    {
      "cityName": "Colba",
      "lat": 8.9166667,
      "lng": 35.5833333
    },
    {
      "cityName": "Colbo",
      "lat": 9.5833333,
      "lng": 37.3833333
    },
    {
      "cityName": "Collubi",
      "lat": 9.6,
      "lng": 37.1833333
    },
    {
      "cityName": "Combolcia",
      "lat": 9.5333333,
      "lng": 37.5
    },
    {
      "cityName": "Conto",
      "lat": 9.1,
      "lng": 36.6333333
    },
    {
      "cityName": "Cuddu",
      "lat": 9,
      "lng": 34.6666667
    },
    {
      "cityName": "Culli",
      "lat": 9.3833333,
      "lng": 34.65
    },
    {
      "cityName": "Cussae",
      "lat": 8.6833333,
      "lng": 36.6
    },
    {
      "cityName": "Cutu",
      "lat": 9.3666667,
      "lng": 34.4666667
    },
    {
      "cityName": "Dabena (2)",
      "lat": 8.7,
      "lng": 36.1
    },
    {
      "cityName": "Dabis",
      "lat": 9.9833333,
      "lng": 37.0666667
    },
    {
      "cityName": "Dabu",
      "lat": 8.5666667,
      "lng": 35.4166667
    },
    {
      "cityName": "Dabuso",
      "lat": 10.2333333,
      "lng": 35.2333333
    },
    {
      "cityName": "Dacche Debelo",
      "lat": 9.4166667,
      "lng": 37.4333333
    },
    {
      "cityName": "Dado",
      "lat": 9.6666667,
      "lng": 37.1333333
    },
    {
      "cityName": "Dadu",
      "lat": 9.6833333,
      "lng": 37.5333333
    },
    {
      "cityName": "Da'ito",
      "lat": 9.15,
      "lng": 34.55
    },
    {
      "cityName": "Dalati",
      "lat": 8.85,
      "lng": 35.05
    },
    {
      "cityName": "Dale",
      "lat": 9.3333333,
      "lng": 35.5166667
    },
    {
      "cityName": "Daleta (1)",
      "lat": 9.3666667,
      "lng": 36.9
    },
    {
      "cityName": "Daleti",
      "lat": 9.4833333,
      "lng": 37.1666667
    },
    {
      "cityName": "Dalo",
      "lat": 9.1666667,
      "lng": 35.9166667
    },
    {
      "cityName": "Dalo Siba",
      "lat": 9.15,
      "lng": 35.8166667
    },
    {
      "cityName": "Damam",
      "lat": 9.4833333,
      "lng": 37.1166667
    },
    {
      "cityName": "Dambi",
      "lat": 10.15,
      "lng": 36.7166667
    },
    {
      "cityName": "Dambidollo",
      "lat": 8.5333333,
      "lng": 34.8
    },
    {
      "cityName": "Dam",
      "lat": 9.7833333,
      "lng": 36.25
    },
    {
      "cityName": "Dami",
      "lat": 9.7666667,
      "lng": 36.65
    },
    {
      "cityName": "Damota",
      "lat": 9.1333333,
      "lng": 36.7166667
    },
    {
      "cityName": "Damot",
      "lat": 9.7,
      "lng": 36.4166667
    },
    {
      "cityName": "Dango",
      "lat": 9.2,
      "lng": 35.5666667
    },
    {
      "cityName": "Darge",
      "lat": 8.75,
      "lng": 36.2
    },
    {
      "cityName": "Daru",
      "lat": 10.0166667,
      "lng": 36.9
    },
    {
      "cityName": "Deba",
      "lat": 9.65,
      "lng": 35.1
    },
    {
      "cityName": "Deba Robi",
      "lat": 9.2666667,
      "lng": 35.6833333
    },
    {
      "cityName": "Debek'a",
      "lat": 9.4666667,
      "lng": 35.2
    },
    {
      "cityName": "Debeso",
      "lat": 8.85,
      "lng": 35.65
    },
    {
      "cityName": "Debeta",
      "lat": 9.8,
      "lng": 36.3
    },
    {
      "cityName": "Decha",
      "lat": 9.4666667,
      "lng": 37.1166667
    },
    {
      "cityName": "Degar",
      "lat": 9.8333333,
      "lng": 37.0666667
    },
    {
      "cityName": "Degel Ch'is",
      "lat": 9.8333333,
      "lng": 37.05
    },
    {
      "cityName": "Degenyi",
      "lat": 9.15,
      "lng": 34.5166667
    },
    {
      "cityName": "Deka Jemto",
      "lat": 9.7333333,
      "lng": 36.25
    },
    {
      "cityName": "Deko",
      "lat": 8.75,
      "lng": 36.15
    },
    {
      "cityName": "Deleta (2)",
      "lat": 9.3833333,
      "lng": 36.9166667
    },
    {
      "cityName": "Demi (1)",
      "lat": 9.8166667,
      "lng": 36.2166667
    },
    {
      "cityName": "Demi (2)",
      "lat": 9.7666667,
      "lng": 36.2166667
    },
    {
      "cityName": "Dende'a",
      "lat": 9.3833333,
      "lng": 34.7833333
    },
    {
      "cityName": "Dengale Gonke",
      "lat": 9.2,
      "lng": 36.4333333
    },
    {
      "cityName": "Dengi",
      "lat": 9.8666667,
      "lng": 35.3333333
    },
    {
      "cityName": "Derbas",
      "lat": 9.2666667,
      "lng": 37.0166667
    },
    {
      "cityName": "Dereba",
      "lat": 8.8833333,
      "lng": 36.8666667
    },
    {
      "cityName": "Deri",
      "lat": 9.6,
      "lng": 37.25
    },
    {
      "cityName": "Derme",
      "lat": 9.8666667,
      "lng": 37.0833333
    },
    {
      "cityName": "Diba",
      "lat": 9.8833333,
      "lng": 37.0833333
    },
    {
      "cityName": "Didibe",
      "lat": 9.7833333,
      "lng": 37.0333333
    },
    {
      "cityName": "Didimtu",
      "lat": 9.4666667,
      "lng": 37.1333333
    },
    {
      "cityName": "Diga",
      "lat": 8.9333333,
      "lng": 36.5833333
    },
    {
      "cityName": "Digare",
      "lat": 9.2166667,
      "lng": 36.8333333
    },
    {
      "cityName": "Digga",
      "lat": 9.0333333,
      "lng": 36.45
    },
    {
      "cityName": "Dikin",
      "lat": 9.6333333,
      "lng": 36.8666667
    },
    {
      "cityName": "Dila",
      "lat": 9.4,
      "lng": 35.4833333
    },
    {
      "cityName": "Dilamo",
      "lat": 8.95,
      "lng": 36.35
    },
    {
      "cityName": "Dile Kolba",
      "lat": 9.25,
      "lng": 37.25
    },
    {
      "cityName": "Dinbe (1)",
      "lat": 9.7,
      "lng": 37.1
    },
    {
      "cityName": "Dinbe (2)",
      "lat": 9.7,
      "lng": 37.0833333
    },
    {
      "cityName": "Dinger",
      "lat": 9.8333333,
      "lng": 36.3666667
    },
    {
      "cityName": "Dini",
      "lat": 9.9333333,
      "lng": 36.55
    },
    {
      "cityName": "Dire",
      "lat": 9.2666667,
      "lng": 36.7833333
    },
    {
      "cityName": "Dirre",
      "lat": 9.8833333,
      "lng": 36.6666667
    },
    {
      "cityName": "Disi",
      "lat": 9.3,
      "lng": 35.6833333
    },
    {
      "cityName": "Dongoro",
      "lat": 9.35,
      "lng": 35.7166667
    },
    {
      "cityName": "Dorana",
      "lat": 8.55,
      "lng": 35.7666667
    },
    {
      "cityName": "Doro Wayu",
      "lat": 9.8166667,
      "lng": 36.65
    },
    {
      "cityName": "Doshe",
      "lat": 9.5166667,
      "lng": 37.0666667
    },
    {
      "cityName": "Doyo",
      "lat": 9.5833333,
      "lng": 37.15
    },
    {
      "cityName": "Doyo Gundi",
      "lat": 9.5333333,
      "lng": 35.3666667
    },
    {
      "cityName": "Duba",
      "lat": 8.5833333,
      "lng": 35.5
    },
    {
      "cityName": "Dubbi",
      "lat": 8.9666667,
      "lng": 34.7833333
    },
    {
      "cityName": "Dubdo",
      "lat": 9.1,
      "lng": 35.6
    },
    {
      "cityName": "Dubulu",
      "lat": 9.3,
      "lng": 36.4
    },
    {
      "cityName": "Ducon",
      "lat": 10.1333333,
      "lng": 36.8333333
    },
    {
      "cityName": "Dugda Akeyi",
      "lat": 9.65,
      "lng": 37.2166667
    },
    {
      "cityName": "Dugda Dera",
      "lat": 9.1833333,
      "lng": 36.6
    },
    {
      "cityName": "Dugda K'umbi",
      "lat": 9.4833333,
      "lng": 37.3833333
    },
    {
      "cityName": "Dugde Weremach'o",
      "lat": 9.85,
      "lng": 37.0666667
    },
    {
      "cityName": "Dul",
      "lat": 10.5,
      "lng": 34.3833333
    },
    {
      "cityName": "Dule",
      "lat": 9.85,
      "lng": 35.4666667
    },
    {
      "cityName": "Ebcha",
      "lat": 9.2833333,
      "lng": 35.5833333
    },
    {
      "cityName": "Ebu",
      "lat": 10.1666667,
      "lng": 36.3333333
    },
    {
      "cityName": "Enango",
      "lat": 9.1666667,
      "lng": 35.6833333
    },
    {
      "cityName": "Ereri",
      "lat": 8.9333333,
      "lng": 36.6166667
    },
    {
      "cityName": "Fait Abereic",
      "lat": 9.1333333,
      "lng": 35.0166667
    },
    {
      "cityName": "Fait Abesbar",
      "lat": 9.0333333,
      "lng": 34.9
    },
    {
      "cityName": "Faris (1)",
      "lat": 9.6666667,
      "lng": 37.0666667
    },
    {
      "cityName": "Faris (2)",
      "lat": 9.7166667,
      "lng": 37.05
    },
    {
      "cityName": "Faw",
      "lat": 9.1666667,
      "lng": 37.0333333
    },
    {
      "cityName": "Fech'eni",
      "lat": 9.75,
      "lng": 37.1666667
    },
    {
      "cityName": "Felet'a",
      "lat": 9.7166667,
      "lng": 37.5
    },
    {
      "cityName": "Femets'ere",
      "lat": 10.55,
      "lng": 34.5
    },
    {
      "cityName": "Fencho",
      "lat": 8.6833333,
      "lng": 34.8
    },
    {
      "cityName": "Ferso",
      "lat": 9.8,
      "lng": 37.0166667
    },
    {
      "cityName": "Fido Geysa",
      "lat": 9.1666667,
      "lng": 35.4166667
    },
    {
      "cityName": "Finch'a'a",
      "lat": 9.35,
      "lng": 37.1
    },
    {
      "cityName": "Fincha",
      "lat": 9.9,
      "lng": 37.45
    },
    {
      "cityName": "Fitri Girata",
      "lat": 9.8166667,
      "lng": 35
    },
    {
      "cityName": "Fitri Iamugassi",
      "lat": 8.6666667,
      "lng": 35.3666667
    },
    {
      "cityName": "Fuliya",
      "lat": 10.05,
      "lng": 37.0166667
    },
    {
      "cityName": "Gaba Gandura",
      "lat": 9.1333333,
      "lng": 34.5666667
    },
    {
      "cityName": "Gaborra",
      "lat": 8.65,
      "lng": 35.3833333
    },
    {
      "cityName": "Gach'i",
      "lat": 9.2333333,
      "lng": 35.9166667
    },
    {
      "cityName": "Gacio",
      "lat": 8.7166667,
      "lng": 35.35
    },
    {
      "cityName": "Gadame",
      "lat": 8.9833333,
      "lng": 34.6166667
    },
    {
      "cityName": "Galata",
      "lat": 9.1666667,
      "lng": 36.85
    },
    {
      "cityName": "Galesa",
      "lat": 9.0833333,
      "lng": 35.3333333
    },
    {
      "cityName": "Galira",
      "lat": 9.4,
      "lng": 37.3333333
    },
    {
      "cityName": "Galo Beloch'o",
      "lat": 9.1166667,
      "lng": 36.4666667
    },
    {
      "cityName": "Galo",
      "lat": 9.7,
      "lng": 37.5166667
    },
    {
      "cityName": "Gama",
      "lat": 9.0333333,
      "lng": 35.05
    },
    {
      "cityName": "Gamo",
      "lat": 9.3333333,
      "lng": 37.4
    },
    {
      "cityName": "Ganaberri",
      "lat": 10.7333333,
      "lng": 34.7833333
    },
    {
      "cityName": "Gangi",
      "lat": 9.0333333,
      "lng": 35.6
    },
    {
      "cityName": "Ganza",
      "lat": 9.6166667,
      "lng": 34.4333333
    },
    {
      "cityName": "Gara Lilmo",
      "lat": 8.35,
      "lng": 34.7166667
    },
    {
      "cityName": "Gara Tuk'e",
      "lat": 9.4666667,
      "lng": 37.0666667
    },
    {
      "cityName": "Gargio",
      "lat": 9.2,
      "lng": 35.7333333
    },
    {
      "cityName": "Gawa",
      "lat": 9.2,
      "lng": 34.8833333
    },
    {
      "cityName": "Geba",
      "lat": 9.4666667,
      "lng": 35.1666667
    },
    {
      "cityName": "Gebere",
      "lat": 9.5333333,
      "lng": 36.95
    },
    {
      "cityName": "Gedibe",
      "lat": 9.8333333,
      "lng": 36.2
    },
    {
      "cityName": "Gejeda",
      "lat": 8.7666667,
      "lng": 34.65
    },
    {
      "cityName": "Gelila",
      "lat": 9.85,
      "lng": 36.4833333
    },
    {
      "cityName": "Gembela",
      "lat": 9.1333333,
      "lng": 35.75
    },
    {
      "cityName": "Gembel",
      "lat": 9.4166667,
      "lng": 35.2166667
    },
    {
      "cityName": "Gembi",
      "lat": 9.1666667,
      "lng": 35.8333333
    },
    {
      "cityName": "Gembo",
      "lat": 9.3166667,
      "lng": 37.1666667
    },
    {
      "cityName": "Gengen",
      "lat": 10.65,
      "lng": 34.8166667
    },
    {
      "cityName": "Gerba",
      "lat": 9.7,
      "lng": 35.0833333
    },
    {
      "cityName": "Gere",
      "lat": 9.65,
      "lng": 36.7666667
    },
    {
      "cityName": "Gererba",
      "lat": 9.5,
      "lng": 34.8666667
    },
    {
      "cityName": "Germama",
      "lat": 9.1166667,
      "lng": 36.8166667
    },
    {
      "cityName": "Germus",
      "lat": 9.3333333,
      "lng": 34.4833333
    },
    {
      "cityName": "Getema Losho",
      "lat": 9.65,
      "lng": 37.0333333
    },
    {
      "cityName": "Gewil",
      "lat": 9.05,
      "lng": 34.9833333
    },
    {
      "cityName": "Gheferso",
      "lat": 9.8666667,
      "lng": 36.7166667
    },
    {
      "cityName": "Ghera Ciocorsa",
      "lat": 9.0833333,
      "lng": 34.5333333
    },
    {
      "cityName": "Ghergheda",
      "lat": 8.9833333,
      "lng": 34.9666667
    },
    {
      "cityName": "Ghidano",
      "lat": 9.3666667,
      "lng": 35.6833333
    },
    {
      "cityName": "Ghidibbe Lucio",
      "lat": 8.5833333,
      "lng": 35.4166667
    },
    {
      "cityName": "Ghio",
      "lat": 8.8,
      "lng": 36.8833333
    },
    {
      "cityName": "Giarre",
      "lat": 9.55,
      "lng": 37.2
    },
    {
      "cityName": "Giarso",
      "lat": 9.1333333,
      "lng": 37.4666667
    },
    {
      "cityName": "Gibina",
      "lat": 9.85,
      "lng": 36.4666667
    },
    {
      "cityName": "Gida",
      "lat": 9.3333333,
      "lng": 35.4
    },
    {
      "cityName": "Gidda",
      "lat": 9.5666667,
      "lng": 35.3833333
    },
    {
      "cityName": "Gile",
      "lat": 8.9166667,
      "lng": 34.7166667
    },
    {
      "cityName": "Gima",
      "lat": 10.3666667,
      "lng": 34.5833333
    },
    {
      "cityName": "Gimbaro",
      "lat": 9.6166667,
      "lng": 36.9666667
    },
    {
      "cityName": "Giole",
      "lat": 8.85,
      "lng": 35.1833333
    },
    {
      "cityName": "Giru",
      "lat": 9.4,
      "lng": 35.2333333
    },
    {
      "cityName": "Gis",
      "lat": 9.3833333,
      "lng": 37.0166667
    },
    {
      "cityName": "Gitilo (1)",
      "lat": 9.55,
      "lng": 37.05
    },
    {
      "cityName": "Gitilo (2)",
      "lat": 9.5333333,
      "lng": 37.05
    },
    {
      "cityName": "Gobat'a",
      "lat": 9.7666667,
      "lng": 37.0166667
    },
    {
      "cityName": "Gobe",
      "lat": 9.3166667,
      "lng": 37.0333333
    },
    {
      "cityName": "Gobena",
      "lat": 9.7,
      "lng": 35.6166667
    },
    {
      "cityName": "Goben",
      "lat": 9.2166667,
      "lng": 37.3
    },
    {
      "cityName": "Gobi",
      "lat": 8.5666667,
      "lng": 34.6
    },
    {
      "cityName": "Gobo",
      "lat": 8.9333333,
      "lng": 34.5166667
    },
    {
      "cityName": "Gocciò",
      "lat": 8.5,
      "lng": 35.9
    },
    {
      "cityName": "Goda Abamura",
      "lat": 9.2666667,
      "lng": 37.1666667
    },
    {
      "cityName": "Godajewe",
      "lat": 9.7,
      "lng": 37.1166667
    },
    {
      "cityName": "Goda Watiyo",
      "lat": 9.4,
      "lng": 37.5666667
    },
    {
      "cityName": "Goindu",
      "lat": 10.0333333,
      "lng": 34.4333333
    },
    {
      "cityName": "Golaisso",
      "lat": 9.1666667,
      "lng": 35.4666667
    },
    {
      "cityName": "Gombi",
      "lat": 9.8833333,
      "lng": 35.1166667
    },
    {
      "cityName": "Gomen",
      "lat": 9.8166667,
      "lng": 37
    },
    {
      "cityName": "Gonbo",
      "lat": 9.25,
      "lng": 36.8666667
    },
    {
      "cityName": "Gonde",
      "lat": 9.15,
      "lng": 37
    },
    {
      "cityName": "Gondo",
      "lat": 9.8666667,
      "lng": 37
    },
    {
      "cityName": "Gootu",
      "lat": 9.9166667,
      "lng": 36.1833333
    },
    {
      "cityName": "Gorado",
      "lat": 9.8,
      "lng": 37
    },
    {
      "cityName": "Gora",
      "lat": 9.7833333,
      "lng": 36.4666667
    },
    {
      "cityName": "Gorba",
      "lat": 9.2,
      "lng": 36.6666667
    },
    {
      "cityName": "Gordommo",
      "lat": 9.0833333,
      "lng": 36.7166667
    },
    {
      "cityName": "Gori (1)",
      "lat": 9.6166667,
      "lng": 35.3166667
    },
    {
      "cityName": "Gori (2)",
      "lat": 9.6,
      "lng": 35.3666667
    },
    {
      "cityName": "Gorte",
      "lat": 9.6,
      "lng": 36.9166667
    },
    {
      "cityName": "Gorto",
      "lat": 9.65,
      "lng": 37.0666667
    },
    {
      "cityName": "Goui",
      "lat": 8.9833333,
      "lng": 35.8166667
    },
    {
      "cityName": "Guba Dodota",
      "lat": 9.4833333,
      "lng": 37.2166667
    },
    {
      "cityName": "Gude'esh",
      "lat": 9.9666667,
      "lng": 35.1833333
    },
    {
      "cityName": "Guji",
      "lat": 9.0666667,
      "lng": 35.5
    },
    {
      "cityName": "Gulbo",
      "lat": 9.0833333,
      "lng": 34.85
    },
    {
      "cityName": "Guleccia",
      "lat": 9.5833333,
      "lng": 37.0333333
    },
    {
      "cityName": "Gulufi",
      "lat": 9.5166667,
      "lng": 37.0166667
    },
    {
      "cityName": "Gumbabi",
      "lat": 9.0333333,
      "lng": 34.6333333
    },
    {
      "cityName": "Gunfi",
      "lat": 9.2833333,
      "lng": 34.6
    },
    {
      "cityName": "Guracha",
      "lat": 9.4166667,
      "lng": 35.4166667
    },
    {
      "cityName": "Gurbo",
      "lat": 9.4,
      "lng": 37.0833333
    },
    {
      "cityName": "Gute Likasa",
      "lat": 9.2166667,
      "lng": 35.4666667
    },
    {
      "cityName": "Gutey",
      "lat": 9.0166667,
      "lng": 36.7333333
    },
    {
      "cityName": "Guto",
      "lat": 9.1333333,
      "lng": 36.6333333
    },
    {
      "cityName": "Guyi",
      "lat": 8.8666667,
      "lng": 35.8
    },
    {
      "cityName": "Hadaj",
      "lat": 10,
      "lng": 34.5166667
    },
    {
      "cityName": "Hagelo",
      "lat": 9.25,
      "lng": 37.0333333
    },
    {
      "cityName": "Hageya",
      "lat": 9.2666667,
      "lng": 37.2333333
    },
    {
      "cityName": "Haleia",
      "lat": 9.7666667,
      "lng": 37.55
    },
    {
      "cityName": "Haleli",
      "lat": 9.5666667,
      "lng": 36.8833333
    },
    {
      "cityName": "Hamele",
      "lat": 9.8,
      "lng": 37.5
    },
    {
      "cityName": "Handode",
      "lat": 9.6,
      "lng": 36.95
    },
    {
      "cityName": "Harageti",
      "lat": 9.9166667,
      "lng": 36.2666667
    },
    {
      "cityName": "Hara Seba",
      "lat": 9.4833333,
      "lng": 37.0666667
    },
    {
      "cityName": "Harbu Deko",
      "lat": 9.8166667,
      "lng": 37.1333333
    },
    {
      "cityName": "Harbu Didibe",
      "lat": 9.9166667,
      "lng": 37.1833333
    },
    {
      "cityName": "Harbu Gumja",
      "lat": 9.55,
      "lng": 36.95
    },
    {
      "cityName": "Harbu Koruma",
      "lat": 9.1833333,
      "lng": 36.7333333
    },
    {
      "cityName": "Harbu Sirba",
      "lat": 9.7833333,
      "lng": 36.2166667
    },
    {
      "cityName": "Harewe",
      "lat": 9.3333333,
      "lng": 37.0833333
    },
    {
      "cityName": "Haro (1)",
      "lat": 9.15,
      "lng": 36.5166667
    },
    {
      "cityName": "Haro (2)",
      "lat": 9.8166667,
      "lng": 36.7
    },
    {
      "cityName": "Haro Biftu",
      "lat": 9.6166667,
      "lng": 37.3833333
    },
    {
      "cityName": "Haro Dongoro",
      "lat": 9.9166667,
      "lng": 36.8833333
    },
    {
      "cityName": "Haro",
      "lat": 8.95,
      "lng": 34.8666667
    },
    {
      "cityName": "Haru",
      "lat": 9.0166667,
      "lng": 34.5333333
    },
    {
      "cityName": "Het'o",
      "lat": 9.1833333,
      "lng": 36.7
    },
    {
      "cityName": "Hide",
      "lat": 10.0666667,
      "lng": 36.4
    },
    {
      "cityName": "Hirpei",
      "lat": 9.4,
      "lng": 35.0666667
    },
    {
      "cityName": "Homa",
      "lat": 9.6,
      "lng": 36.9666667
    },
    {
      "cityName": "Hora",
      "lat": 10.1333333,
      "lng": 34.6666667
    },
    {
      "cityName": "Horkelifa",
      "lat": 10.6333333,
      "lng": 34.9333333
    },
    {
      "cityName": "Horo",
      "lat": 9.8333333,
      "lng": 36.3
    },
    {
      "cityName": "Hula",
      "lat": 9.6,
      "lng": 37.4833333
    },
    {
      "cityName": "Ich'ara",
      "lat": 9.8666667,
      "lng": 37.6
    },
    {
      "cityName": "Ieina",
      "lat": 8.7833333,
      "lng": 34.6833333
    },
    {
      "cityName": "Igu",
      "lat": 9.3333333,
      "lng": 35.5666667
    },
    {
      "cityName": "Igula",
      "lat": 9.7166667,
      "lng": 35.3333333
    },
    {
      "cityName": "Igum",
      "lat": 9.5666667,
      "lng": 37.0166667
    },
    {
      "cityName": "Ihud Gebeya (2)",
      "lat": 9.0833333,
      "lng": 35.9
    },
    {
      "cityName": "Ilala",
      "lat": 9.8166667,
      "lng": 36.4666667
    },
    {
      "cityName": "Ilamu",
      "lat": 9.5833333,
      "lng": 37.5333333
    },
    {
      "cityName": "Ilelo",
      "lat": 9.5833333,
      "lng": 37.5
    },
    {
      "cityName": "Inemay",
      "lat": 9.4666667,
      "lng": 35.6
    },
    {
      "cityName": "Ionghi Superiore",
      "lat": 9.9833333,
      "lng": 35.3166667
    },
    {
      "cityName": "Irga",
      "lat": 9.55,
      "lng": 37.5166667
    },
    {
      "cityName": "Iscigogo",
      "lat": 9.6,
      "lng": 34.6
    },
    {
      "cityName": "Itaya",
      "lat": 9.6666667,
      "lng": 36.3833333
    },
    {
      "cityName": "Ito",
      "lat": 9.6166667,
      "lng": 37.55
    },
    {
      "cityName": "Iubdo",
      "lat": 8.95,
      "lng": 35.45
    },
    {
      "cityName": "Jagenfoy",
      "lat": 9.8166667,
      "lng": 36.4333333
    },
    {
      "cityName": "Jarso (1)",
      "lat": 9.5166667,
      "lng": 35.45
    },
    {
      "cityName": "Jarso (2)",
      "lat": 9.4666667,
      "lng": 35.2666667
    },
    {
      "cityName": "Jarso Dulecha",
      "lat": 8.9333333,
      "lng": 36.3666667
    },
    {
      "cityName": "Jeba",
      "lat": 9.2666667,
      "lng": 36.9666667
    },
    {
      "cityName": "Jegemje",
      "lat": 9.5833333,
      "lng": 36.95
    },
    {
      "cityName": "Jegeno",
      "lat": 9.5,
      "lng": 37.0166667
    },
    {
      "cityName": "Jelde",
      "lat": 9.7,
      "lng": 37.5666667
    },
    {
      "cityName": "Jelfe",
      "lat": 9.7666667,
      "lng": 37.6
    },
    {
      "cityName": "Jema Legi",
      "lat": 9.5,
      "lng": 35.2833333
    },
    {
      "cityName": "Jemo'e Bilcha",
      "lat": 9.2166667,
      "lng": 35.6
    },
    {
      "cityName": "Jemo",
      "lat": 9.5,
      "lng": 35.1666667
    },
    {
      "cityName": "Jewaje",
      "lat": 9.3,
      "lng": 37.1833333
    },
    {
      "cityName": "Jewe",
      "lat": 9.0666667,
      "lng": 35.35
    },
    {
      "cityName": "Jeyi",
      "lat": 9.7833333,
      "lng": 37.5833333
    },
    {
      "cityName": "Jibo",
      "lat": 8.5666667,
      "lng": 35.8666667
    },
    {
      "cityName": "Jijimbero",
      "lat": 8.6833333,
      "lng": 36.0666667
    },
    {
      "cityName": "Jima (1)",
      "lat": 9.2833333,
      "lng": 37.1
    },
    {
      "cityName": "Jima Nunu",
      "lat": 8.95,
      "lng": 34.75
    },
    {
      "cityName": "Jirma",
      "lat": 9.75,
      "lng": 35.2166667
    },
    {
      "cityName": "Jobira",
      "lat": 9.6666667,
      "lng": 37.1833333
    },
    {
      "cityName": "Jorga (1)",
      "lat": 9.7833333,
      "lng": 36.2333333
    },
    {
      "cityName": "Jorga (2)",
      "lat": 9.7666667,
      "lng": 36.25
    },
    {
      "cityName": "Kabeche (1)",
      "lat": 9.3833333,
      "lng": 34.6166667
    },
    {
      "cityName": "Kabeche (2)",
      "lat": 9.3333333,
      "lng": 34.65
    },
    {
      "cityName": "K'ak'e",
      "lat": 9.4666667,
      "lng": 37.0333333
    },
    {
      "cityName": "K'alcha",
      "lat": 9.0166667,
      "lng": 35.7833333
    },
    {
      "cityName": "Kara",
      "lat": 9.1833333,
      "lng": 36.6666667
    },
    {
      "cityName": "K'ech'ema",
      "lat": 8.7333333,
      "lng": 36.6666667
    },
    {
      "cityName": "Kefuche",
      "lat": 9.15,
      "lng": 35.2833333
    },
    {
      "cityName": "K'eki",
      "lat": 9.0666667,
      "lng": 35.8166667
    },
    {
      "cityName": "Kelala",
      "lat": 9.7833333,
      "lng": 36.2666667
    },
    {
      "cityName": "Kera Durba",
      "lat": 9.7333333,
      "lng": 36.8166667
    },
    {
      "cityName": "K'erdi",
      "lat": 9.35,
      "lng": 37.5333333
    },
    {
      "cityName": "K'ere",
      "lat": 8.85,
      "lng": 37
    },
    {
      "cityName": "Kereyu",
      "lat": 9.45,
      "lng": 35.4333333
    },
    {
      "cityName": "K'ersa Belbeleti",
      "lat": 9.6833333,
      "lng": 37.1333333
    },
    {
      "cityName": "Keta Shunkura",
      "lat": 9.6333333,
      "lng": 37.1
    },
    {
      "cityName": "Kibi Ch'ala",
      "lat": 9.0166667,
      "lng": 34.9333333
    },
    {
      "cityName": "K'idane Gebeya",
      "lat": 9.3,
      "lng": 37.2
    },
    {
      "cityName": "Kile",
      "lat": 8.9166667,
      "lng": 35.35
    },
    {
      "cityName": "K'ilt'ayana",
      "lat": 9.9166667,
      "lng": 36.85
    },
    {
      "cityName": "K'ilt'u Gebeya",
      "lat": 9.75,
      "lng": 36.2333333
    },
    {
      "cityName": "K'ilt'washe",
      "lat": 9.5166667,
      "lng": 37.3333333
    },
    {
      "cityName": "K'int'ilubo",
      "lat": 9.75,
      "lng": 35.0333333
    },
    {
      "cityName": "Kiremu",
      "lat": 9.95,
      "lng": 36.8666667
    },
    {
      "cityName": "K'it'iba",
      "lat": 9.5166667,
      "lng": 37.15
    },
    {
      "cityName": "Kiyaskame",
      "lat": 9.4166667,
      "lng": 34.9333333
    },
    {
      "cityName": "Kobecha",
      "lat": 9.7666667,
      "lng": 35.15
    },
    {
      "cityName": "Kobere",
      "lat": 9.3166667,
      "lng": 34.5833333
    },
    {
      "cityName": "Kobi",
      "lat": 9.8,
      "lng": 37.05
    },
    {
      "cityName": "Kobocha",
      "lat": 9.05,
      "lng": 34.9166667
    },
    {
      "cityName": "Kofele",
      "lat": 9.75,
      "lng": 36.3833333
    },
    {
      "cityName": "Kolobo",
      "lat": 9.0666667,
      "lng": 35.3
    },
    {
      "cityName": "Kombo",
      "lat": 9.0833333,
      "lng": 35.5333333
    },
    {
      "cityName": "Kombolshi",
      "lat": 9.45,
      "lng": 35.2
    },
    {
      "cityName": "Kombosha",
      "lat": 9.9,
      "lng": 36.75
    },
    {
      "cityName": "Kontor",
      "lat": 9.2166667,
      "lng": 37.3833333
    },
    {
      "cityName": "Kora",
      "lat": 9.3666667,
      "lng": 34.7333333
    },
    {
      "cityName": "K'orbento",
      "lat": 9.8,
      "lng": 37.1833333
    },
    {
      "cityName": "Kore",
      "lat": 9.3833333,
      "lng": 34.5166667
    },
    {
      "cityName": "Korji Gonda",
      "lat": 9.05,
      "lng": 35.1166667
    },
    {
      "cityName": "Korma",
      "lat": 9.6333333,
      "lng": 35.1333333
    },
    {
      "cityName": "Koromi",
      "lat": 9.7166667,
      "lng": 36.4166667
    },
    {
      "cityName": "K'orom",
      "lat": 9.9,
      "lng": 37.0166667
    },
    {
      "cityName": "Koseru",
      "lat": 9.6833333,
      "lng": 35.0833333
    },
    {
      "cityName": "K'osha",
      "lat": 8.6166667,
      "lng": 35.9
    },
    {
      "cityName": "K'u'a",
      "lat": 8.65,
      "lng": 36.2833333
    },
    {
      "cityName": "K'umburo",
      "lat": 9.3666667,
      "lng": 37.1
    },
    {
      "cityName": "K'unde",
      "lat": 9.8333333,
      "lng": 36.9666667
    },
    {
      "cityName": "K'un'i",
      "lat": 9.6833333,
      "lng": 37.05
    },
    {
      "cityName": "Kurmuk",
      "lat": 10.5333333,
      "lng": 34.2833333
    },
    {
      "cityName": "K'uro",
      "lat": 9.7,
      "lng": 35.1166667
    },
    {
      "cityName": "Kushulu",
      "lat": 9.5166667,
      "lng": 37.5666667
    },
    {
      "cityName": "Lagamsa",
      "lat": 10.0333333,
      "lng": 36.9166667
    },
    {
      "cityName": "Lakemti",
      "lat": 9.0833333,
      "lng": 36.55
    },
    {
      "cityName": "Lale",
      "lat": 9.6833333,
      "lng": 36.4
    },
    {
      "cityName": "Lalo Wenjo",
      "lat": 9.1333333,
      "lng": 35.6333333
    },
    {
      "cityName": "Langeno",
      "lat": 9.35,
      "lng": 37.3
    },
    {
      "cityName": "Lebu",
      "lat": 10.0166667,
      "lng": 36.0166667
    },
    {
      "cityName": "Lek'a",
      "lat": 8.75,
      "lng": 36.4666667
    },
    {
      "cityName": "Leku",
      "lat": 9.25,
      "lng": 36.3
    },
    {
      "cityName": "Lentach'a",
      "lat": 9.1,
      "lng": 36.8333333
    },
    {
      "cityName": "Limiti",
      "lat": 9.1666667,
      "lng": 35.05
    },
    {
      "cityName": "Limu",
      "lat": 9.6,
      "lng": 37.0833333
    },
    {
      "cityName": "Lisu",
      "lat": 10.0333333,
      "lng": 36.5
    },
    {
      "cityName": "Locman",
      "lat": 10.1833333,
      "lng": 36.8833333
    },
    {
      "cityName": "Loia",
      "lat": 9.5,
      "lng": 37.3666667
    },
    {
      "cityName": "Loko",
      "lat": 9.7833333,
      "lng": 37.1
    },
    {
      "cityName": "Lomich'a (1)",
      "lat": 9.6833333,
      "lng": 36.8333333
    },
    {
      "cityName": "Lomich'a (2)",
      "lat": 9.6333333,
      "lng": 36.7833333
    },
    {
      "cityName": "Lomich'a",
      "lat": 9.2,
      "lng": 36.3666667
    },
    {
      "cityName": "Luku",
      "lat": 9.6833333,
      "lng": 37.0666667
    },
    {
      "cityName": "Maco",
      "lat": 8.6833333,
      "lng": 36.0333333
    },
    {
      "cityName": "Magale",
      "lat": 9.9666667,
      "lng": 34.5
    },
    {
      "cityName": "Maja",
      "lat": 9.3666667,
      "lng": 36.9833333
    },
    {
      "cityName": "Manada",
      "lat": 9.8833333,
      "lng": 34.3666667
    },
    {
      "cityName": "Mandi",
      "lat": 9.8,
      "lng": 35.1
    },
    {
      "cityName": "Manete",
      "lat": 9.05,
      "lng": 35.5666667
    },
    {
      "cityName": "Maneti",
      "lat": 9.1,
      "lng": 35.7333333
    },
    {
      "cityName": "Ma'o",
      "lat": 9.3,
      "lng": 34.7166667
    },
    {
      "cityName": "Maracce",
      "lat": 9.1833333,
      "lng": 35.95
    },
    {
      "cityName": "Margo",
      "lat": 9.0833333,
      "lng": 35.2
    },
    {
      "cityName": "Maru",
      "lat": 9.85,
      "lng": 37.1333333
    },
    {
      "cityName": "Mato",
      "lat": 9.8,
      "lng": 37.2
    },
    {
      "cityName": "Mebeshi",
      "lat": 9.2,
      "lng": 37.05
    },
    {
      "cityName": "Mecciara",
      "lat": 8.7333333,
      "lng": 35
    },
    {
      "cityName": "Medale",
      "lat": 8.7166667,
      "lng": 35.3666667
    },
    {
      "cityName": "Megele",
      "lat": 10.3333333,
      "lng": 34.8666667
    },
    {
      "cityName": "Mekanisa",
      "lat": 9.7333333,
      "lng": 36.4333333
    },
    {
      "cityName": "Melca Daboch",
      "lat": 10.0666667,
      "lng": 35.3
    },
    {
      "cityName": "Melke",
      "lat": 9.8166667,
      "lng": 37.0833333
    },
    {
      "cityName": "Mendaia",
      "lat": 9.8666667,
      "lng": 35.5833333
    },
    {
      "cityName": "Men'e",
      "lat": 9.1833333,
      "lng": 36.9666667
    },
    {
      "cityName": "Menge",
      "lat": 10.3833333,
      "lng": 34.7666667
    },
    {
      "cityName": "Meni K'ilt'u",
      "lat": 9.75,
      "lng": 36.5333333
    },
    {
      "cityName": "Menji",
      "lat": 8.6333333,
      "lng": 35.5666667
    },
    {
      "cityName": "Menz",
      "lat": 9.7833333,
      "lng": 37.5333333
    },
    {
      "cityName": "Merech'o",
      "lat": 9.55,
      "lng": 37.1666667
    },
    {
      "cityName": "Merti",
      "lat": 9.5,
      "lng": 36.9833333
    },
    {
      "cityName": "Mesk'ela",
      "lat": 9.5333333,
      "lng": 37
    },
    {
      "cityName": "Met'i",
      "lat": 9.65,
      "lng": 35
    },
    {
      "cityName": "Mich'ich'o",
      "lat": 9.6166667,
      "lng": 35.5166667
    },
    {
      "cityName": "Migiro",
      "lat": 9.7833333,
      "lng": 37.5166667
    },
    {
      "cityName": "Mint'e",
      "lat": 9.0666667,
      "lng": 35.65
    },
    {
      "cityName": "Miriga",
      "lat": 9.7333333,
      "lng": 36.4666667
    },
    {
      "cityName": "Mit'a",
      "lat": 9.45,
      "lng": 37.1666667
    },
    {
      "cityName": "Miya",
      "lat": 9.1333333,
      "lng": 35.2666667
    },
    {
      "cityName": "Moghi",
      "lat": 8.4833333,
      "lng": 34.5833333
    },
    {
      "cityName": "Mole",
      "lat": 8.7666667,
      "lng": 34.85
    },
    {
      "cityName": "Mot'e",
      "lat": 9.25,
      "lng": 36.7833333
    },
    {
      "cityName": "Much'uch'u",
      "lat": 9.25,
      "lng": 35.5833333
    },
    {
      "cityName": "Mukerma",
      "lat": 9.35,
      "lng": 36.85
    },
    {
      "cityName": "Muklemi",
      "lat": 9.3,
      "lng": 35.55
    },
    {
      "cityName": "Muncit",
      "lat": 10.2666667,
      "lng": 36.7
    },
    {
      "cityName": "Mut'e",
      "lat": 9.1833333,
      "lng": 37.1666667
    },
    {
      "cityName": "Najo",
      "lat": 9.5,
      "lng": 35.5
    },
    {
      "cityName": "Negejo",
      "lat": 9.55,
      "lng": 35.6
    },
    {
      "cityName": "Negero",
      "lat": 9.35,
      "lng": 37.0666667
    },
    {
      "cityName": "Negeso",
      "lat": 9.8333333,
      "lng": 36.7166667
    },
    {
      "cityName": "Nite",
      "lat": 9.25,
      "lng": 37.15
    },
    {
      "cityName": "Nola",
      "lat": 9.0333333,
      "lng": 35.1166667
    },
    {
      "cityName": "Nole",
      "lat": 8.8,
      "lng": 35.75
    },
    {
      "cityName": "Nunu",
      "lat": 8.7833333,
      "lng": 36.65
    },
    {
      "cityName": "Obora Kileyi",
      "lat": 9.15,
      "lng": 35.5666667
    },
    {
      "cityName": "Oda",
      "lat": 8.8666667,
      "lng": 36.8333333
    },
    {
      "cityName": "Odo Adegaye",
      "lat": 9.7833333,
      "lng": 37.05
    },
    {
      "cityName": "Odobabo",
      "lat": 9.8666667,
      "lng": 36.9833333
    },
    {
      "cityName": "Odobabu",
      "lat": 9.6,
      "lng": 36.9333333
    },
    {
      "cityName": "Odo",
      "lat": 9.6333333,
      "lng": 37.2
    },
    {
      "cityName": "Oghiol",
      "lat": 8.9833333,
      "lng": 35.2166667
    },
    {
      "cityName": "Okote",
      "lat": 9.75,
      "lng": 36.45
    },
    {
      "cityName": "Oma",
      "lat": 9.0833333,
      "lng": 35.7
    },
    {
      "cityName": "Oncho Hurgesa",
      "lat": 9.1,
      "lng": 35.4166667
    },
    {
      "cityName": "Ondonoli",
      "lat": 10.2333333,
      "lng": 34.9666667
    },
    {
      "cityName": "Orda",
      "lat": 8.9833333,
      "lng": 34.7166667
    },
    {
      "cityName": "Orensu",
      "lat": 9.95,
      "lng": 36.1166667
    },
    {
      "cityName": "Osho",
      "lat": 9.7833333,
      "lng": 36.45
    },
    {
      "cityName": "Osso",
      "lat": 8.85,
      "lng": 36.6666667
    },
    {
      "cityName": "Rifenti",
      "lat": 9.6,
      "lng": 37.05
    },
    {
      "cityName": "Rob Gebeya",
      "lat": 8.5833333,
      "lng": 34.9166667
    },
    {
      "cityName": "Roge",
      "lat": 9.4333333,
      "lng": 37.25
    },
    {
      "cityName": "Rok'e Dima",
      "lat": 9.7333333,
      "lng": 36.1666667
    },
    {
      "cityName": "Sachi",
      "lat": 8.5833333,
      "lng": 35.8833333
    },
    {
      "cityName": "Saco",
      "lat": 8.2,
      "lng": 34.8666667
    },
    {
      "cityName": "Saddi",
      "lat": 8.8333333,
      "lng": 35.0333333
    },
    {
      "cityName": "Salbis",
      "lat": 8.65,
      "lng": 35.45
    },
    {
      "cityName": "Salgal",
      "lat": 9.8333333,
      "lng": 34.8166667
    },
    {
      "cityName": "Sambodere",
      "lat": 9.3833333,
      "lng": 35.6166667
    },
    {
      "cityName": "Sant'e",
      "lat": 9.2166667,
      "lng": 36.8666667
    },
    {
      "cityName": "Sarbo",
      "lat": 9.0166667,
      "lng": 35.25
    },
    {
      "cityName": "Sceich Eutmen",
      "lat": 10.6333333,
      "lng": 34.95
    },
    {
      "cityName": "Sciambo",
      "lat": 9.5666667,
      "lng": 37.1
    },
    {
      "cityName": "Sciaso",
      "lat": 9.25,
      "lng": 34.5666667
    },
    {
      "cityName": "Scimala",
      "lat": 8.7833333,
      "lng": 35.9
    },
    {
      "cityName": "Scirba",
      "lat": 9.5166667,
      "lng": 37.2666667
    },
    {
      "cityName": "Sebet",
      "lat": 9.6333333,
      "lng": 37.1333333
    },
    {
      "cityName": "Sefele",
      "lat": 9.35,
      "lng": 37.1166667
    },
    {
      "cityName": "Seghe Mariam",
      "lat": 9.1833333,
      "lng": 36.5
    },
    {
      "cityName": "Sego",
      "lat": 9.6666667,
      "lng": 36.8833333
    },
    {
      "cityName": "Senbeto",
      "lat": 9.3833333,
      "lng": 35.5666667
    },
    {
      "cityName": "Senk'ole",
      "lat": 9.5333333,
      "lng": 37.0833333
    },
    {
      "cityName": "Senyo Gebeya",
      "lat": 9.4666667,
      "lng": 35.3166667
    },
    {
      "cityName": "Sewa",
      "lat": 9.45,
      "lng": 36.9666667
    },
    {
      "cityName": "Seyo",
      "lat": 9.2333333,
      "lng": 36.9333333
    },
    {
      "cityName": "Shenkora",
      "lat": 9.1666667,
      "lng": 36.3666667
    },
    {
      "cityName": "Shobera",
      "lat": 9.8,
      "lng": 34.65
    },
    {
      "cityName": "Shono",
      "lat": 9.3166667,
      "lng": 37.1166667
    },
    {
      "cityName": "Shot'e",
      "lat": 9.9,
      "lng": 37.0333333
    },
    {
      "cityName": "Shune",
      "lat": 9.2166667,
      "lng": 36.45
    },
    {
      "cityName": "Shusha",
      "lat": 9.4166667,
      "lng": 37.1
    },
    {
      "cityName": "Siccia",
      "lat": 8.7333333,
      "lng": 34.4833333
    },
    {
      "cityName": "Siden",
      "lat": 9.7833333,
      "lng": 36.6666667
    },
    {
      "cityName": "Sighi",
      "lat": 9.8666667,
      "lng": 34.3
    },
    {
      "cityName": "Sijo (1)",
      "lat": 9.5666667,
      "lng": 35.4333333
    },
    {
      "cityName": "Sijo (2)",
      "lat": 9.3,
      "lng": 35.8833333
    },
    {
      "cityName": "Silbi",
      "lat": 9.7333333,
      "lng": 37.1333333
    },
    {
      "cityName": "Sire",
      "lat": 9.0333333,
      "lng": 36.8666667
    },
    {
      "cityName": "Sirgole",
      "lat": 9.9,
      "lng": 34.4166667
    },
    {
      "cityName": "Soddo",
      "lat": 8.5833333,
      "lng": 35.8166667
    },
    {
      "cityName": "Sombo (2)",
      "lat": 9.7666667,
      "lng": 37.0333333
    },
    {
      "cityName": "Sombo (3)",
      "lat": 9.7833333,
      "lng": 37.0166667
    },
    {
      "cityName": "Sombo (4)",
      "lat": 9.2,
      "lng": 36.65
    },
    {
      "cityName": "Sombo (5)",
      "lat": 9.4166667,
      "lng": 37.3833333
    },
    {
      "cityName": "Sombo Nebo",
      "lat": 8.8,
      "lng": 36.4833333
    },
    {
      "cityName": "Songa",
      "lat": 9.8,
      "lng": 34.7166667
    },
    {
      "cityName": "Sorgo Ch'itu",
      "lat": 9.4,
      "lng": 37.1333333
    },
    {
      "cityName": "Sotati",
      "lat": 9.4666667,
      "lng": 35.7666667
    },
    {
      "cityName": "Soyema",
      "lat": 9.8166667,
      "lng": 36.45
    },
    {
      "cityName": "Sube",
      "lat": 8.5166667,
      "lng": 35.6666667
    },
    {
      "cityName": "Surobdu",
      "lat": 9.7666667,
      "lng": 36.4666667
    },
    {
      "cityName": "Sut'e",
      "lat": 9.8666667,
      "lng": 37.1
    },
    {
      "cityName": "Tabor",
      "lat": 8.5666667,
      "lng": 34.7666667
    },
    {
      "cityName": "Taingi",
      "lat": 8.6666667,
      "lng": 35.4166667
    },
    {
      "cityName": "Tale",
      "lat": 9.2,
      "lng": 36.8333333
    },
    {
      "cityName": "T'alo (1)",
      "lat": 9.1333333,
      "lng": 36.8666667
    },
    {
      "cityName": "T'alo (2)",
      "lat": 9.1,
      "lng": 36.9166667
    },
    {
      "cityName": "T'ana Zur",
      "lat": 8.6833333,
      "lng": 35.5166667
    },
    {
      "cityName": "T'anazur",
      "lat": 9.1333333,
      "lng": 36.7333333
    },
    {
      "cityName": "T'eft'ef",
      "lat": 9.7333333,
      "lng": 34.9833333
    },
    {
      "cityName": "Tege",
      "lat": 9.2,
      "lng": 35.3833333
    },
    {
      "cityName": "Tejo",
      "lat": 8.7833333,
      "lng": 34.7833333
    },
    {
      "cityName": "Tena Vittorio",
      "lat": 9.9833333,
      "lng": 37.0333333
    },
    {
      "cityName": "Tereko",
      "lat": 9.45,
      "lng": 34.6333333
    },
    {
      "cityName": "T'eres",
      "lat": 9.2666667,
      "lng": 35.7833333
    },
    {
      "cityName": "Tinsis",
      "lat": 9.6166667,
      "lng": 34.2833333
    },
    {
      "cityName": "Tirmi",
      "lat": 9.3333333,
      "lng": 34.7166667
    },
    {
      "cityName": "Tobo",
      "lat": 9.6833333,
      "lng": 35.2666667
    },
    {
      "cityName": "T'osa",
      "lat": 9.4833333,
      "lng": 37.1
    },
    {
      "cityName": "Tuk'a",
      "lat": 9.1666667,
      "lng": 36.7666667
    },
    {
      "cityName": "Tulem",
      "lat": 9.8833333,
      "lng": 37.0166667
    },
    {
      "cityName": "Tuli",
      "lat": 9.35,
      "lng": 35.5333333
    },
    {
      "cityName": "Tulu Ada",
      "lat": 9.4833333,
      "lng": 37.0833333
    },
    {
      "cityName": "Tulu Berch'uma",
      "lat": 9.3333333,
      "lng": 34.8166667
    },
    {
      "cityName": "Tulu Debesa",
      "lat": 9.5,
      "lng": 37.0833333
    },
    {
      "cityName": "Tulu Ebicho",
      "lat": 9.7333333,
      "lng": 36.95
    },
    {
      "cityName": "Tulu Guracha",
      "lat": 9.4333333,
      "lng": 37.1
    },
    {
      "cityName": "Tulu Mine",
      "lat": 9.7166667,
      "lng": 36.95
    },
    {
      "cityName": "Tulu Naboye",
      "lat": 9.6333333,
      "lng": 37.0833333
    },
    {
      "cityName": "Tulu Re'e",
      "lat": 9.85,
      "lng": 37.1
    },
    {
      "cityName": "Tulu Re'i",
      "lat": 9.65,
      "lng": 36.8
    },
    {
      "cityName": "Tulu Uto",
      "lat": 9.6333333,
      "lng": 36.9333333
    },
    {
      "cityName": "Tulu Werebo",
      "lat": 9.25,
      "lng": 36.3666667
    },
    {
      "cityName": "Turno",
      "lat": 8.6833333,
      "lng": 34.75
    },
    {
      "cityName": "Tuta",
      "lat": 9.7666667,
      "lng": 36.7666667
    },
    {
      "cityName": "Uabera",
      "lat": 9.0166667,
      "lng": 35.0666667
    },
    {
      "cityName": "Uabiecu",
      "lat": 8.6666667,
      "lng": 35.4666667
    },
    {
      "cityName": "Uaica",
      "lat": 8.5666667,
      "lng": 35.35
    },
    {
      "cityName": "Uaiu",
      "lat": 8.85,
      "lng": 35.3666667
    },
    {
      "cityName": "Uallaga",
      "lat": 8.6,
      "lng": 35.7333333
    },
    {
      "cityName": "Uarche",
      "lat": 8.85,
      "lng": 35.75
    },
    {
      "cityName": "Ucha (1)",
      "lat": 9.8833333,
      "lng": 36.1833333
    },
    {
      "cityName": "Ucha (2)",
      "lat": 9.8666667,
      "lng": 36.2166667
    },
    {
      "cityName": "Uladesha",
      "lat": 9.8,
      "lng": 36.4
    },
    {
      "cityName": "Ulaguba",
      "lat": 9.7666667,
      "lng": 36.4166667
    },
    {
      "cityName": "Unkaye",
      "lat": 9.7166667,
      "lng": 37.0833333
    },
    {
      "cityName": "Uoldong",
      "lat": 10.5666667,
      "lng": 34.3666667
    },
    {
      "cityName": "Utala",
      "lat": 9.4166667,
      "lng": 35.1666667
    },
    {
      "cityName": "Wabo",
      "lat": 9.6833333,
      "lng": 37.0166667
    },
    {
      "cityName": "Wajeti Sube",
      "lat": 9.2333333,
      "lng": 35.7666667
    },
    {
      "cityName": "Wanki",
      "lat": 9.8166667,
      "lng": 35.2333333
    },
    {
      "cityName": "Waro",
      "lat": 9.9,
      "lng": 36.45
    },
    {
      "cityName": "Warsu",
      "lat": 9.8333333,
      "lng": 36.4333333
    },
    {
      "cityName": "Wasera",
      "lat": 9.3166667,
      "lng": 37.4
    },
    {
      "cityName": "Wato",
      "lat": 9.2333333,
      "lng": 35.35
    },
    {
      "cityName": "Wech'ale",
      "lat": 9.5166667,
      "lng": 36.9833333
    },
    {
      "cityName": "Wech'iti",
      "lat": 9.4333333,
      "lng": 37.0166667
    },
    {
      "cityName": "Wedala",
      "lat": 9.4333333,
      "lng": 37.15
    },
    {
      "cityName": "Wedesa",
      "lat": 9.7333333,
      "lng": 37.25
    },
    {
      "cityName": "Wedo",
      "lat": 8.8666667,
      "lng": 36.7666667
    },
    {
      "cityName": "Wefef",
      "lat": 9.45,
      "lng": 37.1
    },
    {
      "cityName": "Welbe",
      "lat": 9.9,
      "lng": 36.8833333
    },
    {
      "cityName": "Weleba",
      "lat": 9.4666667,
      "lng": 37.3166667
    },
    {
      "cityName": "Welensu",
      "lat": 9.8666667,
      "lng": 36.3333333
    },
    {
      "cityName": "Wendi",
      "lat": 9.4666667,
      "lng": 37.0166667
    },
    {
      "cityName": "Wendo",
      "lat": 9.7333333,
      "lng": 37.2
    },
    {
      "cityName": "Wengere",
      "lat": 8.7333333,
      "lng": 36.3166667
    },
    {
      "cityName": "Wenjela",
      "lat": 8.8166667,
      "lng": 36.6166667
    },
    {
      "cityName": "Were Babo",
      "lat": 9.1166667,
      "lng": 34.9833333
    },
    {
      "cityName": "Werebo",
      "lat": 9.8166667,
      "lng": 36.55
    },
    {
      "cityName": "Were Dale",
      "lat": 9.2666667,
      "lng": 35.4166667
    },
    {
      "cityName": "Werego",
      "lat": 9.1333333,
      "lng": 35.3
    },
    {
      "cityName": "Were Jiru (1)",
      "lat": 9.5333333,
      "lng": 35.2333333
    },
    {
      "cityName": "Were Jiru (2)",
      "lat": 9.2,
      "lng": 35.5166667
    },
    {
      "cityName": "Weren Guro",
      "lat": 9.7833333,
      "lng": 36.3
    },
    {
      "cityName": "Weru",
      "lat": 9.2333333,
      "lng": 37.2166667
    },
    {
      "cityName": "Wich'ale",
      "lat": 8.75,
      "lng": 36.2833333
    },
    {
      "cityName": "Wilat'ire",
      "lat": 9.75,
      "lng": 36.3666667
    },
    {
      "cityName": "Yari",
      "lat": 9.4,
      "lng": 34.8833333
    },
    {
      "cityName": "Yaya",
      "lat": 9.3333333,
      "lng": 37.15
    },
    {
      "cityName": "Yeba",
      "lat": 9.9166667,
      "lng": 34.55
    },
    {
      "cityName": "Yebelo",
      "lat": 9.4166667,
      "lng": 35.0666667
    },
    {
      "cityName": "Yekatit Dinsa",
      "lat": 9.6,
      "lng": 35.55
    },
    {
      "cityName": "Yirga Dejen",
      "lat": 8.8333333,
      "lng": 35.8
    }
  ]
}