{
  "name": "Dushet'is Raioni",
  "cities": [
    {
      "cityName": "Ache",
      "lat": 42.5108333,
      "lng": 44.9772222
    },
    {
      "cityName": "Achekha",
      "lat": 42.4575,
      "lng": 44.9188889
    },
    {
      "cityName": "Ach'khoti",
      "lat": 42.6225,
      "lng": 44.6172222
    },
    {
      "cityName": "Adgulyand-Kari",
      "lat": 41.9663889,
      "lng": 44.7394444
    },
    {
      "cityName": "Adzhi-Isakend",
      "lat": 41.4166667,
      "lng": 44.95
    },
    {
      "cityName": "Agamedli",
      "lat": 41.3216667,
      "lng": 44.9016667
    },
    {
      "cityName": "Agaraki",
      "lat": 41.7375,
      "lng": 44.6925
    },
    {
      "cityName": "Aght'ak'la",
      "lat": 41.5944444,
      "lng": 44.9891667
    },
    {
      "cityName": "Aigeti",
      "lat": 41.4413889,
      "lng": 44.8830556
    },
    {
      "cityName": "Akhadi",
      "lat": 42.4038889,
      "lng": 45.0888889
    },
    {
      "cityName": "Akhaldaba",
      "lat": 41.6844444,
      "lng": 44.6583333
    },
    {
      "cityName": "Akhali Kadoyeti",
      "lat": 42.005,
      "lng": 44.5755556
    },
    {
      "cityName": "Akhali Khaishi",
      "lat": 41.5263889,
      "lng": 44.6516667
    },
    {
      "cityName": "Akhali-Lalalo",
      "lat": 41.3166667,
      "lng": 44.8
    },
    {
      "cityName": "Akhali-Mamudlo",
      "lat": 41.35,
      "lng": 44.8666667
    },
    {
      "cityName": "Akhali Marabda",
      "lat": 41.5352778,
      "lng": 44.7591667
    },
    {
      "cityName": "Akhali-Nichbisi",
      "lat": 41.8480556,
      "lng": 44.5508333
    },
    {
      "cityName": "Akhali-Osebi",
      "lat": 42.0333333,
      "lng": 44.8
    },
    {
      "cityName": "Akhali-Pantiani",
      "lat": 41.6541667,
      "lng": 44.5994444
    },
    {
      "cityName": "Akhalsheni",
      "lat": 41.5,
      "lng": 45.0666667
    },
    {
      "cityName": "(( Akhalsheni ))",
      "lat": 42.0144444,
      "lng": 44.5963889
    },
    {
      "cityName": "Akhalsopeli",
      "lat": 41.9005556,
      "lng": 44.7844444
    },
    {
      "cityName": "Akhalts'ikhe",
      "lat": 42.0813889,
      "lng": 44.7811111
    },
    {
      "cityName": "Akhaltskaro",
      "lat": 41.6438889,
      "lng": 44.8355556
    },
    {
      "cityName": "Akhalubani",
      "lat": 41.9458333,
      "lng": 44.7038889
    },
    {
      "cityName": "Akhatani",
      "lat": 41.9544444,
      "lng": 44.815
    },
    {
      "cityName": "Akhieli",
      "lat": 42.6575,
      "lng": 44.9041667
    },
    {
      "cityName": "Akh-Mamadlo",
      "lat": 41.3327778,
      "lng": 44.9033333
    },
    {
      "cityName": "Akho",
      "lat": 42.0858333,
      "lng": 44.8436111
    },
    {
      "cityName": "Akkulari",
      "lat": 41.3138889,
      "lng": 44.7236111
    },
    {
      "cityName": "Akneli",
      "lat": 42.5455556,
      "lng": 44.9538889
    },
    {
      "cityName": "Akusho",
      "lat": 42.4597222,
      "lng": 44.9552778
    },
    {
      "cityName": "Alachani",
      "lat": 42.1261111,
      "lng": 44.9197222
    },
    {
      "cityName": "Alavar",
      "lat": 41.4383333,
      "lng": 44.7708333
    },
    {
      "cityName": "Alexeevka Selo",
      "lat": 41.7027778,
      "lng": 44.9313889
    },
    {
      "cityName": "Ambarovka",
      "lat": 41.4691667,
      "lng": 45.0077778
    },
    {
      "cityName": "Ambartafa",
      "lat": 41.4833333,
      "lng": 45.0666667
    },
    {
      "cityName": "Amga",
      "lat": 42.6688889,
      "lng": 44.9286111
    },
    {
      "cityName": "Amirni",
      "lat": 42.3883333,
      "lng": 44.6519444
    },
    {
      "cityName": "Ananur",
      "lat": 42.1644444,
      "lng": 44.7025
    },
    {
      "cityName": "Andak'i",
      "lat": 42.475,
      "lng": 45.2108333
    },
    {
      "cityName": "(( Andeziti ))",
      "lat": 42.6111111,
      "lng": 44.5936111
    },
    {
      "cityName": "Ap'sho",
      "lat": 42.3911111,
      "lng": 44.9066667
    },
    {
      "cityName": "Arakhidzha",
      "lat": 42.3922222,
      "lng": 44.95
    },
    {
      "cityName": "Arakhlo",
      "lat": 41.4669444,
      "lng": 44.6944444
    },
    {
      "cityName": "Arakhvet'i",
      "lat": 42.4247222,
      "lng": 44.5352778
    },
    {
      "cityName": "Aranisi",
      "lat": 42.1186111,
      "lng": 44.7605556
    },
    {
      "cityName": "Araplo",
      "lat": 41.35,
      "lng": 44.85
    },
    {
      "cityName": "Arashenda",
      "lat": 41.9041667,
      "lng": 44.7975
    },
    {
      "cityName": "Arbach'khani",
      "lat": 42.3133333,
      "lng": 44.8644444
    },
    {
      "cityName": "Arboyeti",
      "lat": 42.1111111,
      "lng": 44.6002778
    },
    {
      "cityName": "Archilo",
      "lat": 42.5111111,
      "lng": 45.2058333
    },
    {
      "cityName": "Ardasubani",
      "lat": 41.6019444,
      "lng": 44.5969444
    },
    {
      "cityName": "Ardeti",
      "lat": 42.5702778,
      "lng": 45.1897222
    },
    {
      "cityName": "Arguni",
      "lat": 42.1169444,
      "lng": 44.6405556
    },
    {
      "cityName": "Arnauti",
      "lat": 41.5319444,
      "lng": 44.6411111
    },
    {
      "cityName": "Arsha",
      "lat": 42.6194444,
      "lng": 44.6
    },
    {
      "cityName": "Art'khmo",
      "lat": 42.5611111,
      "lng": 44.6416667
    },
    {
      "cityName": "Asankhodzhalo",
      "lat": 41.4447222,
      "lng": 44.6597222
    },
    {
      "cityName": "Ashaga-Saral'",
      "lat": 41.3422222,
      "lng": 44.8241667
    },
    {
      "cityName": "(( Ashi ))",
      "lat": 42.1125,
      "lng": 44.6927778
    },
    {
      "cityName": "Asmalari",
      "lat": 41.45,
      "lng": 44.6166667
    },
    {
      "cityName": "Asuret'i",
      "lat": 41.5930556,
      "lng": 44.6672222
    },
    {
      "cityName": "Atabe",
      "lat": 42.5663889,
      "lng": 44.9716667
    },
    {
      "cityName": "At'nokhi",
      "lat": 42.4563889,
      "lng": 44.7066667
    },
    {
      "cityName": "Avchala",
      "lat": 41.7902778,
      "lng": 44.8261111
    },
    {
      "cityName": "Avchaly",
      "lat": 41.8166667,
      "lng": 44.8
    },
    {
      "cityName": "Avenisi",
      "lat": 42.1672222,
      "lng": 44.7197222
    },
    {
      "cityName": "Azis-Kend",
      "lat": 41.4158333,
      "lng": 44.9366667
    },
    {
      "cityName": "Baga",
      "lat": 42.0308333,
      "lng": 44.7180556
    },
    {
      "cityName": "Bagebi",
      "lat": 41.7,
      "lng": 44.7333333
    },
    {
      "cityName": "Baidari",
      "lat": 41.4,
      "lng": 44.8833333
    },
    {
      "cityName": "Bakhani",
      "lat": 42.3691667,
      "lng": 44.7183333
    },
    {
      "cityName": "Bakkhiya",
      "lat": 42.4697222,
      "lng": 45.0694444
    },
    {
      "cityName": "Bakurkhevi",
      "lat": 42.4772222,
      "lng": 44.7958333
    },
    {
      "cityName": "Balaani",
      "lat": 42.3472222,
      "lng": 44.4772222
    },
    {
      "cityName": "Bants'uri",
      "lat": 42.3241667,
      "lng": 44.6991667
    },
    {
      "cityName": "Bantsurtkari",
      "lat": 42.1438889,
      "lng": 44.6561111
    },
    {
      "cityName": "Barisakho",
      "lat": 42.4741667,
      "lng": 44.92
    },
    {
      "cityName": "Bartsla",
      "lat": 42.1102778,
      "lng": 44.8480556
    },
    {
      "cityName": "Bats'aligo",
      "lat": 42.5586111,
      "lng": 44.9644444
    },
    {
      "cityName": "Baytalo",
      "lat": 41.325,
      "lng": 44.8738889
    },
    {
      "cityName": "Bazalet'i",
      "lat": 42.0719444,
      "lng": 44.65
    },
    {
      "cityName": "Bedoni",
      "lat": 42.4297222,
      "lng": 44.55
    },
    {
      "cityName": "Beglyar Bol'shoy",
      "lat": 41.4166667,
      "lng": 44.8
    },
    {
      "cityName": "Beglyar Malyy",
      "lat": 41.4166667,
      "lng": 44.8166667
    },
    {
      "cityName": "Beitarapchi",
      "lat": 41.3,
      "lng": 44.85
    },
    {
      "cityName": "Bekot-Kari",
      "lat": 42.465,
      "lng": 44.5344444
    },
    {
      "cityName": "Beniant-Kari",
      "lat": 42.4675,
      "lng": 44.5316667
    },
    {
      "cityName": "Beselta",
      "lat": 42.2433333,
      "lng": 44.5941667
    },
    {
      "cityName": "Betisch'rdili",
      "lat": 42.4127778,
      "lng": 44.9194444
    },
    {
      "cityName": "Bevreti",
      "lat": 41.7522222,
      "lng": 44.6019444
    },
    {
      "cityName": "Bibiliani",
      "lat": 42.3408333,
      "lng": 44.6886111
    },
    {
      "cityName": "Bichingaur-Kari",
      "lat": 42.1019444,
      "lng": 44.755
    },
    {
      "cityName": "Bindilaruta",
      "lat": 42.4044444,
      "lng": 45.0311111
    },
    {
      "cityName": "Birlik",
      "lat": 41.48,
      "lng": 45.0705556
    },
    {
      "cityName": "Biso",
      "lat": 42.5288889,
      "lng": 44.9961111
    },
    {
      "cityName": "Bitsmendi",
      "lat": 41.9369444,
      "lng": 44.7955556
    },
    {
      "cityName": "Blo",
      "lat": 42.5705556,
      "lng": 44.9211111
    },
    {
      "cityName": "Bodavi",
      "lat": 42.1313889,
      "lng": 44.8138889
    },
    {
      "cityName": "Bodorna",
      "lat": 42.0525,
      "lng": 44.7091667
    },
    {
      "cityName": "Bogch'vilo",
      "lat": 42.4977778,
      "lng": 44.9708333
    },
    {
      "cityName": "Bogvi",
      "lat": 41.5775,
      "lng": 44.615
    },
    {
      "cityName": "Bol'shaya Marabda",
      "lat": 41.5394444,
      "lng": 44.7483333
    },
    {
      "cityName": "Bol'shiye Durnuki",
      "lat": 41.54,
      "lng": 44.6913889
    },
    {
      "cityName": "Borbalo",
      "lat": 41.6036111,
      "lng": 44.7311111
    },
    {
      "cityName": "Borchalo",
      "lat": 41.4636111,
      "lng": 44.8108333
    },
    {
      "cityName": "Boseli",
      "lat": 42.4661111,
      "lng": 44.6955556
    },
    {
      "cityName": "Brdadzoi",
      "lat": 41.2191667,
      "lng": 44.7358333
    },
    {
      "cityName": "Buch'aani",
      "lat": 42.2852778,
      "lng": 44.6927778
    },
    {
      "cityName": "Buchkinta",
      "lat": 42.2575,
      "lng": 44.9258333
    },
    {
      "cityName": "Buch'ukurt'a",
      "lat": 42.4836111,
      "lng": 44.8944444
    },
    {
      "cityName": "Bulach'auri",
      "lat": 42.0491667,
      "lng": 44.7594444
    },
    {
      "cityName": "Bulalaurta",
      "lat": 42.4791667,
      "lng": 45.0016667
    },
    {
      "cityName": "Buriani",
      "lat": 41.8930556,
      "lng": 44.8752778
    },
    {
      "cityName": "(( Burilo ))",
      "lat": 42.4577778,
      "lng": 45.0875
    },
    {
      "cityName": "Bursachigi",
      "lat": 42.4902778,
      "lng": 44.7319444
    },
    {
      "cityName": "Buruli",
      "lat": 42.1005556,
      "lng": 44.5355556
    },
    {
      "cityName": "(( Busachir ))",
      "lat": 42.4547222,
      "lng": 44.7227778
    },
    {
      "cityName": "Bzikurt Kari",
      "lat": 42.2002778,
      "lng": 44.7975
    },
    {
      "cityName": "(( Chabarukhi ))",
      "lat": 42.3566667,
      "lng": 44.6691667
    },
    {
      "cityName": "Chachkheti",
      "lat": 42.5608333,
      "lng": 45.0902778
    },
    {
      "cityName": "Ch'adists'ikhe",
      "lat": 42.3855556,
      "lng": 44.6602778
    },
    {
      "cityName": "Chakisopeli",
      "lat": 42.2769444,
      "lng": 44.6511111
    },
    {
      "cityName": "Chalis-Sopeli",
      "lat": 42.5022222,
      "lng": 44.9833333
    },
    {
      "cityName": "Chanadirtkari",
      "lat": 42.0466667,
      "lng": 44.695
    },
    {
      "cityName": "Chandari",
      "lat": 42.2127778,
      "lng": 44.6011111
    },
    {
      "cityName": "Charchekhi",
      "lat": 42.3233333,
      "lng": 44.4766667
    },
    {
      "cityName": "Ch'ardakhi",
      "lat": 41.8738889,
      "lng": 44.6555556
    },
    {
      "cityName": "Ch'argali",
      "lat": 42.3280556,
      "lng": 44.9233333
    },
    {
      "cityName": "Chart'ali",
      "lat": 42.2722222,
      "lng": 44.6747222
    },
    {
      "cityName": "(( Cheshe ))",
      "lat": 42.4119444,
      "lng": 45.1183333
    },
    {
      "cityName": "Chich'o",
      "lat": 42.4008333,
      "lng": 45.0761111
    },
    {
      "cityName": "(( Chidale ))",
      "lat": 42.4108333,
      "lng": 45.1327778
    },
    {
      "cityName": "Chie",
      "lat": 42.5272222,
      "lng": 44.9533333
    },
    {
      "cityName": "Ch'igoiani",
      "lat": 42.4144444,
      "lng": 44.4483333
    },
    {
      "cityName": "Chikaani",
      "lat": 42.395,
      "lng": 44.665
    },
    {
      "cityName": "(( Chikat-Kari ))",
      "lat": 42.4016667,
      "lng": 44.695
    },
    {
      "cityName": "Chilaantkari",
      "lat": 41.8863889,
      "lng": 44.8886111
    },
    {
      "cityName": "Chilurti",
      "lat": 42.0427778,
      "lng": 44.6186111
    },
    {
      "cityName": "Chimga",
      "lat": 42.6397222,
      "lng": 44.8827778
    },
    {
      "cityName": "Ch'int'i",
      "lat": 42.1069444,
      "lng": 44.7808333
    },
    {
      "cityName": "Chirdileliantkari",
      "lat": 42.0536111,
      "lng": 44.6463889
    },
    {
      "cityName": "Chirdili",
      "lat": 42.4852778,
      "lng": 44.9113889
    },
    {
      "cityName": "Ch'iriki",
      "lat": 42.4158333,
      "lng": 44.6558333
    },
    {
      "cityName": "Ch'itaurebi",
      "lat": 42.2697222,
      "lng": 44.6508333
    },
    {
      "cityName": "Ch'itiani",
      "lat": 42.3277778,
      "lng": 44.5286111
    },
    {
      "cityName": "Ch'khuba",
      "lat": 42.5511111,
      "lng": 44.9533333
    },
    {
      "cityName": "Chobalauni",
      "lat": 42.4477778,
      "lng": 44.7238889
    },
    {
      "cityName": "Chochokhi",
      "lat": 42.4575,
      "lng": 44.7933333
    },
    {
      "cityName": "Chokhelii",
      "lat": 42.4044444,
      "lng": 44.6380556
    },
    {
      "cityName": "Ch'okhi",
      "lat": 42.4561111,
      "lng": 44.7180556
    },
    {
      "cityName": "(( Choniskhevi ))",
      "lat": 42.4211111,
      "lng": 45.055
    },
    {
      "cityName": "Chontili",
      "lat": 42.0922222,
      "lng": 44.6111111
    },
    {
      "cityName": "Choporti",
      "lat": 41.9777778,
      "lng": 44.7708333
    },
    {
      "cityName": "Chormeshavi",
      "lat": 42.5402778,
      "lng": 44.9744444
    },
    {
      "cityName": "Chortov Most",
      "lat": 42.7519444,
      "lng": 44.6366667
    },
    {
      "cityName": "Chubiniantkari",
      "lat": 42.0377778,
      "lng": 44.6472222
    },
    {
      "cityName": "Dabakmeti",
      "lat": 42.3266667,
      "lng": 44.5419444
    },
    {
      "cityName": "Dadaneti",
      "lat": 42.2883333,
      "lng": 44.5219444
    },
    {
      "cityName": "Damia",
      "lat": 41.2780556,
      "lng": 44.7508333
    },
    {
      "cityName": "Damia Giaurarkhi",
      "lat": 41.2958333,
      "lng": 44.7797222
    },
    {
      "cityName": "Dampala",
      "lat": 41.9666667,
      "lng": 44.5666667
    },
    {
      "cityName": "(( Daredzhana ))",
      "lat": 42.0355556,
      "lng": 44.5886111
    },
    {
      "cityName": "Dashtapa",
      "lat": 41.3666667,
      "lng": 44.85
    },
    {
      "cityName": "Dat'visi",
      "lat": 42.4425,
      "lng": 44.9027778
    },
    {
      "cityName": "Davat'i",
      "lat": 41.9913889,
      "lng": 44.8230556
    },
    {
      "cityName": "Davituri",
      "lat": 42.3447222,
      "lng": 44.6233333
    },
    {
      "cityName": "Delkani",
      "lat": 42.125,
      "lng": 44.5552778
    },
    {
      "cityName": "Dgnali",
      "lat": 42.2211111,
      "lng": 44.6569444
    },
    {
      "cityName": "(( Didebaani ))",
      "lat": 42.1,
      "lng": 44.7
    },
    {
      "cityName": "Didebaani",
      "lat": 42.4280556,
      "lng": 44.7291667
    },
    {
      "cityName": "Didgori",
      "lat": 41.7855556,
      "lng": 44.6652778
    },
    {
      "cityName": "Didi Lilo",
      "lat": 41.7363889,
      "lng": 44.9658333
    },
    {
      "cityName": "Didi-Muganlo",
      "lat": 41.3769444,
      "lng": 44.9466667
    },
    {
      "cityName": "Dighomi",
      "lat": 41.7727778,
      "lng": 44.7380556
    },
    {
      "cityName": "Dikhch'o",
      "lat": 42.3675,
      "lng": 44.7486111
    },
    {
      "cityName": "Dolask'edi",
      "lat": 42.2661111,
      "lng": 44.6905556
    },
    {
      "cityName": "Dolosha",
      "lat": 42.1233333,
      "lng": 44.8438889
    },
    {
      "cityName": "Dudaurebi",
      "lat": 42.1219444,
      "lng": 44.6472222
    },
    {
      "cityName": "Dumatskho",
      "lat": 42.4636111,
      "lng": 44.7105556
    },
    {
      "cityName": "Durnuki Malyye",
      "lat": 41.5280556,
      "lng": 44.7186111
    },
    {
      "cityName": "Duscheti",
      "lat": 42.0858333,
      "lng": 44.6958333
    },
    {
      "cityName": "(( Dykelya ))",
      "lat": 42.3113889,
      "lng": 44.9161111
    },
    {
      "cityName": "Dzalantkhevi",
      "lat": 41.7663889,
      "lng": 44.6163889
    },
    {
      "cityName": "Dzalisi",
      "lat": 41.9608333,
      "lng": 44.6088889
    },
    {
      "cityName": "Dzedzeurt'a",
      "lat": 42.5213889,
      "lng": 44.9722222
    },
    {
      "cityName": "Dzegvi",
      "lat": 41.8463889,
      "lng": 44.6027778
    },
    {
      "cityName": "Dzhagmiani",
      "lat": 42.4,
      "lng": 44.6561111
    },
    {
      "cityName": "Dzhandar",
      "lat": 41.5041667,
      "lng": 44.7933333
    },
    {
      "cityName": "Dzhavakhiani",
      "lat": 42.1075,
      "lng": 44.6672222
    },
    {
      "cityName": "Dzhigaura",
      "lat": 41.9227778,
      "lng": 44.7783333
    },
    {
      "cityName": "Dzhikurault",
      "lat": 42.075,
      "lng": 44.7413889
    },
    {
      "cityName": "Dzhordzhiashvili",
      "lat": 41.5805556,
      "lng": 44.6252778
    },
    {
      "cityName": "Dzhugisi",
      "lat": 42.2805556,
      "lng": 44.7163889
    },
    {
      "cityName": "Dzhvarisubani",
      "lat": 42.1558333,
      "lng": 44.5633333
    },
    {
      "cityName": "Dzmiani-Tsinkobani",
      "lat": 42.4022222,
      "lng": 44.6569444
    },
    {
      "cityName": "Dzveli Kanda",
      "lat": 41.9030556,
      "lng": 44.6033333
    },
    {
      "cityName": "Dzveli Osebi",
      "lat": 42.0180556,
      "lng": 44.8211111
    },
    {
      "cityName": "Dzveli Sakramulo",
      "lat": 42.0063889,
      "lng": 44.7244444
    },
    {
      "cityName": "Dzveli-Vedzisi",
      "lat": 41.7705556,
      "lng": 44.6713889
    },
    {
      "cityName": "Ebnisi",
      "lat": 42.0569444,
      "lng": 44.6052778
    },
    {
      "cityName": "(( Eliagza ))",
      "lat": 42.4069444,
      "lng": 45.1402778
    },
    {
      "cityName": "Eloiani",
      "lat": 42.3852778,
      "lng": 44.4861111
    },
    {
      "cityName": "Enageti",
      "lat": 41.6058333,
      "lng": 44.6333333
    },
    {
      "cityName": "Ereda",
      "lat": 41.9677778,
      "lng": 44.6336111
    },
    {
      "cityName": "Eret'o",
      "lat": 42.4827778,
      "lng": 44.4491667
    },
    {
      "cityName": "Ertisi",
      "lat": 41.6191667,
      "lng": 44.73
    },
    {
      "cityName": "Estecho",
      "lat": 42.5727778,
      "lng": 44.94
    },
    {
      "cityName": "Etvalisi",
      "lat": 42.1316667,
      "lng": 44.7313889
    },
    {
      "cityName": "Fakhralo",
      "lat": 41.3727778,
      "lng": 44.6419444
    },
    {
      "cityName": "Falagkau",
      "lat": 42.4797222,
      "lng": 44.4636111
    },
    {
      "cityName": "Gaiboteni",
      "lat": 42.6202778,
      "lng": 44.5927778
    },
    {
      "cityName": "Galavani",
      "lat": 41.9130556,
      "lng": 44.815
    },
    {
      "cityName": "Gamardzhoeba",
      "lat": 41.6486111,
      "lng": 44.9983333
    },
    {
      "cityName": "Gamsi",
      "lat": 42.4377778,
      "lng": 44.7197222
    },
    {
      "cityName": "Garbani",
      "lat": 42.5447222,
      "lng": 44.8988889
    },
    {
      "cityName": "Garis-Tskaro",
      "lat": 42.0419444,
      "lng": 44.7927778
    },
    {
      "cityName": "Gdu",
      "lat": 42.2208333,
      "lng": 44.5913889
    },
    {
      "cityName": "Gelisvake",
      "lat": 42.5247222,
      "lng": 44.9283333
    },
    {
      "cityName": "(( Gergeti ))",
      "lat": 42.6636111,
      "lng": 44.63
    },
    {
      "cityName": "Giorgitsminda",
      "lat": 42.6402778,
      "lng": 45.1097222
    },
    {
      "cityName": "Gldani",
      "lat": 41.8219444,
      "lng": 44.8291667
    },
    {
      "cityName": "Gognauri",
      "lat": 42.4225,
      "lng": 44.62
    },
    {
      "cityName": "Gogolaurt'a",
      "lat": 42.4141667,
      "lng": 45.0416667
    },
    {
      "cityName": "Golt'et'i",
      "lat": 41.5580556,
      "lng": 44.5788889
    },
    {
      "cityName": "Gometsari",
      "lat": 42.3030556,
      "lng": 44.8133333
    },
    {
      "cityName": "Gomurni",
      "lat": 42.4613889,
      "lng": 44.5341667
    },
    {
      "cityName": "Gorists'ikhe",
      "lat": 42.6016667,
      "lng": 44.5680556
    },
    {
      "cityName": "Gorovani",
      "lat": 41.8825,
      "lng": 44.6683333
    },
    {
      "cityName": "Goubani",
      "lat": 41.6097222,
      "lng": 44.7147222
    },
    {
      "cityName": "Goudaour",
      "lat": 42.4775,
      "lng": 44.4744444
    },
    {
      "cityName": "Gremiskhevi",
      "lat": 42.0872222,
      "lng": 44.5569444
    },
    {
      "cityName": "Grigolaantkari",
      "lat": 42.0497222,
      "lng": 44.6594444
    },
    {
      "cityName": "(( Grmagele ))",
      "lat": 41.7666667,
      "lng": 44.8
    },
    {
      "cityName": "Grua",
      "lat": 42.2169444,
      "lng": 44.5497222
    },
    {
      "cityName": "Gudani",
      "lat": 42.5355556,
      "lng": 44.9586111
    },
    {
      "cityName": "Gudarakhi",
      "lat": 42.3480556,
      "lng": 44.9036111
    },
    {
      "cityName": "Gudrukhi",
      "lat": 42.185,
      "lng": 44.81
    },
    {
      "cityName": "Gulbagi",
      "lat": 41.2322222,
      "lng": 44.7494444
    },
    {
      "cityName": "Guli",
      "lat": 42.5225,
      "lng": 44.9427778
    },
    {
      "cityName": "Gurgalveli",
      "lat": 42.0916667,
      "lng": 44.8013889
    },
    {
      "cityName": "Guro",
      "lat": 42.6008333,
      "lng": 45.0869444
    },
    {
      "cityName": "Gurtsgani",
      "lat": 42.4141667,
      "lng": 44.4472222
    },
    {
      "cityName": "Gvelet'i",
      "lat": 42.4444444,
      "lng": 44.9277778
    },
    {
      "cityName": "Gveleti",
      "lat": 42.7080556,
      "lng": 44.6236111
    },
    {
      "cityName": "Gvevi",
      "lat": 41.7052778,
      "lng": 44.5388889
    },
    {
      "cityName": "Gvidak'e",
      "lat": 42.4363889,
      "lng": 44.6019444
    },
    {
      "cityName": "Ilmazlo",
      "lat": 41.4333333,
      "lng": 45.0166667
    },
    {
      "cityName": "Imirasani",
      "lat": 41.4294444,
      "lng": 44.6652778
    },
    {
      "cityName": "Imiri",
      "lat": 41.3994444,
      "lng": 44.815
    },
    {
      "cityName": "Ino",
      "lat": 42.3516667,
      "lng": 44.9127778
    },
    {
      "cityName": "Iori",
      "lat": 42.1108333,
      "lng": 44.7269444
    },
    {
      "cityName": "Iremiant-Kar",
      "lat": 42.0763889,
      "lng": 44.8719444
    },
    {
      "cityName": "Iukho",
      "lat": 42.4636111,
      "lng": 44.5394444
    },
    {
      "cityName": "Kachagani",
      "lat": 41.3436111,
      "lng": 44.9177778
    },
    {
      "cityName": "Kachev",
      "lat": 42.2211111,
      "lng": 44.8527778
    },
    {
      "cityName": "Kadoyeti",
      "lat": 42.1772222,
      "lng": 44.5991667
    },
    {
      "cityName": "Kaidzhvari",
      "lat": 42.2380556,
      "lng": 44.6033333
    },
    {
      "cityName": "Kaishaurni",
      "lat": 42.4413889,
      "lng": 44.5105556
    },
    {
      "cityName": "Kalagir",
      "lat": 41.4833333,
      "lng": 44.7
    },
    {
      "cityName": "K'alilo",
      "lat": 42.2986111,
      "lng": 44.8716667
    },
    {
      "cityName": "Kalinino",
      "lat": 41.485,
      "lng": 45.0597222
    },
    {
      "cityName": "Kamkhi",
      "lat": 42.4655556,
      "lng": 44.9877778
    },
    {
      "cityName": "Kanatia",
      "lat": 42.2547222,
      "lng": 44.8355556
    },
    {
      "cityName": "K'ap'anakhch'i",
      "lat": 41.4077778,
      "lng": 45.0308333
    },
    {
      "cityName": "Karadzhalari",
      "lat": 41.6202778,
      "lng": 44.9647222
    },
    {
      "cityName": "Karakend-Kosalar",
      "lat": 41.4922222,
      "lng": 44.6191667
    },
    {
      "cityName": "Karatagla",
      "lat": 41.6016667,
      "lng": 44.9725
    },
    {
      "cityName": "K'arelt'kari",
      "lat": 42.3686111,
      "lng": 44.4713889
    },
    {
      "cityName": "(( Kariaultkari ))",
      "lat": 42.0861111,
      "lng": 44.6755556
    },
    {
      "cityName": "Karkushaani",
      "lat": 42.0688889,
      "lng": 44.5547222
    },
    {
      "cityName": "Karsani",
      "lat": 41.8288889,
      "lng": 44.7038889
    },
    {
      "cityName": "Karsimaantkari",
      "lat": 42.0527778,
      "lng": 44.7125
    },
    {
      "cityName": "Kartsaulta",
      "lat": 42.4872222,
      "lng": 44.9486111
    },
    {
      "cityName": "Kasbek",
      "lat": 42.6566667,
      "lng": 44.6433333
    },
    {
      "cityName": "Kasumlo",
      "lat": 41.2988889,
      "lng": 44.8605556
    },
    {
      "cityName": "Katsalkhevi",
      "lat": 42.3602778,
      "lng": 44.8622222
    },
    {
      "cityName": "(( Kavtaraani ))",
      "lat": 42.3808333,
      "lng": 44.6816667
    },
    {
      "cityName": "Kavtaraani",
      "lat": 42.4266667,
      "lng": 44.7427778
    },
    {
      "cityName": "Kedeloba",
      "lat": 42.0933333,
      "lng": 44.5625
    },
    {
      "cityName": "Kenchaklde",
      "lat": 42.0969444,
      "lng": 44.8075
    },
    {
      "cityName": "K'enk'aani",
      "lat": 42.3333333,
      "lng": 44.4691667
    },
    {
      "cityName": "Kerana",
      "lat": 42.1061111,
      "lng": 44.69
    },
    {
      "cityName": "K'eriant'kari",
      "lat": 42.0227778,
      "lng": 44.8013889
    },
    {
      "cityName": "Kesalo",
      "lat": 41.4,
      "lng": 45.0333333
    },
    {
      "cityName": "Kesalo Vtoroye",
      "lat": 41.3833333,
      "lng": 45.0333333
    },
    {
      "cityName": "K'eshalo",
      "lat": 41.4461111,
      "lng": 44.9991667
    },
    {
      "cityName": "Ketoraantkati",
      "lat": 41.8969444,
      "lng": 44.8402778
    },
    {
      "cityName": "Khakhabo",
      "lat": 42.5541667,
      "lng": 45.1358333
    },
    {
      "cityName": "Khakhmat'i",
      "lat": 42.5291667,
      "lng": 45.0055556
    },
    {
      "cityName": "(( Khamusha ))",
      "lat": 42.3,
      "lng": 44.6666667
    },
    {
      "cityName": "Khandzhi-Gazlo",
      "lat": 41.35,
      "lng": 45.0166667
    },
    {
      "cityName": "Kharkhet'i",
      "lat": 42.4113889,
      "lng": 44.6213889
    },
    {
      "cityName": "Kharnaul",
      "lat": 42.0858333,
      "lng": 44.8619444
    },
    {
      "cityName": "Khartisho",
      "lat": 42.1902778,
      "lng": 44.8444444
    },
    {
      "cityName": "(( Khashari ))",
      "lat": 42.3261111,
      "lng": 45.0363889
    },
    {
      "cityName": "Khekordzi",
      "lat": 41.8188889,
      "lng": 44.5569444
    },
    {
      "cityName": "Kheoba",
      "lat": 42.0727778,
      "lng": 44.8586111
    },
    {
      "cityName": "Khevsha",
      "lat": 42.3930556,
      "lng": 44.6805556
    },
    {
      "cityName": "Khidiskuri",
      "lat": 41.8694444,
      "lng": 44.5669444
    },
    {
      "cityName": "Khiliana",
      "lat": 42.2888889,
      "lng": 44.8494444
    },
    {
      "cityName": "(( Khilnaki ))",
      "lat": 42.2730556,
      "lng": 44.8302778
    },
    {
      "cityName": "Khirausha",
      "lat": 42.2122222,
      "lng": 44.7191667
    },
    {
      "cityName": "Khitale",
      "lat": 42.56,
      "lng": 44.9419444
    },
    {
      "cityName": "Khizanebi",
      "lat": 42.0061111,
      "lng": 44.8213889
    },
    {
      "cityName": "Khomi",
      "lat": 42.3794444,
      "lng": 44.9286111
    },
    {
      "cityName": "Khone",
      "lat": 42.5747222,
      "lng": 45.2375
    },
    {
      "cityName": "Khonischala",
      "lat": 42.5838889,
      "lng": 45.2130556
    },
    {
      "cityName": "Khopsa",
      "lat": 42.1272222,
      "lng": 44.8969444
    },
    {
      "cityName": "Khoranaula",
      "lat": 42.5686111,
      "lng": 44.9502778
    },
    {
      "cityName": "Khorkhis-Ubani",
      "lat": 42.2,
      "lng": 44.7833333
    },
    {
      "cityName": "Khoshara",
      "lat": 42.4166667,
      "lng": 45.0666667
    },
    {
      "cityName": "Khovliyani",
      "lat": 42.2433333,
      "lng": 44.9008333
    },
    {
      "cityName": "(( Khoza ))",
      "lat": 42.4372222,
      "lng": 44.7186111
    },
    {
      "cityName": "Khozuet'i",
      "lat": 42.3338889,
      "lng": 44.4575
    },
    {
      "cityName": "Khudaliani",
      "lat": 42.2811111,
      "lng": 44.5455556
    },
    {
      "cityName": "Khutor-Lezhbadini",
      "lat": 41.4166667,
      "lng": 44.9166667
    },
    {
      "cityName": "Khutor Mukhat-Gvardi",
      "lat": 41.8236111,
      "lng": 44.7283333
    },
    {
      "cityName": "Kiket'i",
      "lat": 41.6483333,
      "lng": 44.6436111
    },
    {
      "cityName": "Kimbariani",
      "lat": 42.4211111,
      "lng": 44.5686111
    },
    {
      "cityName": "Kirach-Muganlo",
      "lat": 41.35,
      "lng": 45.0333333
    },
    {
      "cityName": "Kirikhlo",
      "lat": 41.3686111,
      "lng": 44.9227778
    },
    {
      "cityName": "(( Kishkhevi ))",
      "lat": 42.4058333,
      "lng": 44.8783333
    },
    {
      "cityName": "Kistani",
      "lat": 42.5647222,
      "lng": 45.0888889
    },
    {
      "cityName": "Kitokhi",
      "lat": 42.4188889,
      "lng": 44.75
    },
    {
      "cityName": "Kizil-Adzhilo",
      "lat": 41.4741667,
      "lng": 44.7725
    },
    {
      "cityName": "Kmost'i",
      "lat": 42.5363889,
      "lng": 44.9127778
    },
    {
      "cityName": "(( Kobiantkari ))",
      "lat": 42.0702778,
      "lng": 44.6886111
    },
    {
      "cityName": "K'obulo",
      "lat": 42.4725,
      "lng": 44.9425
    },
    {
      "cityName": "Kochulo",
      "lat": 41.4372222,
      "lng": 44.6308333
    },
    {
      "cityName": "Koda",
      "lat": 41.5830556,
      "lng": 44.7783333
    },
    {
      "cityName": "Kodzhori",
      "lat": 41.6608333,
      "lng": 44.6916667
    },
    {
      "cityName": "Kokhiant",
      "lat": 42.0333333,
      "lng": 44.7894444
    },
    {
      "cityName": "Kopcha",
      "lat": 42.3022222,
      "lng": 44.8958333
    },
    {
      "cityName": "Korogo",
      "lat": 42.4636111,
      "lng": 44.5219444
    },
    {
      "cityName": "Korsha",
      "lat": 42.48,
      "lng": 44.9238889
    },
    {
      "cityName": "Kosha-Kilisa Bol'shaya",
      "lat": 41.4172222,
      "lng": 44.7475
    },
    {
      "cityName": "Kosha-Kilisa",
      "lat": 41.4166667,
      "lng": 44.7333333
    },
    {
      "cityName": "Koshkaskeli",
      "lat": 42.05,
      "lng": 44.8166667
    },
    {
      "cityName": "(( Kotamzvare ))",
      "lat": 42.1011111,
      "lng": 44.5911111
    },
    {
      "cityName": "Kotishi",
      "lat": 41.5255556,
      "lng": 44.7416667
    },
    {
      "cityName": "Krtsanisi",
      "lat": 41.6108333,
      "lng": 44.9016667
    },
    {
      "cityName": "K'sani",
      "lat": 41.8627778,
      "lng": 44.5705556
    },
    {
      "cityName": "Kubriantkari",
      "lat": 42.0572222,
      "lng": 44.7644444
    },
    {
      "cityName": "Kuchecha",
      "lat": 42.2794444,
      "lng": 44.8655556
    },
    {
      "cityName": "Kudo-Khiliana",
      "lat": 42.2833333,
      "lng": 44.8333333
    },
    {
      "cityName": "Kullar",
      "lat": 41.3833333,
      "lng": 44.8833333
    },
    {
      "cityName": "Kumisi",
      "lat": 41.6127778,
      "lng": 44.7844444
    },
    {
      "cityName": "K'umlists'ikhe",
      "lat": 42.4541667,
      "lng": 44.4866667
    },
    {
      "cityName": "Kurdo",
      "lat": 41.3413889,
      "lng": 44.6491667
    },
    {
      "cityName": "K'urt'lari",
      "lat": 41.3902778,
      "lng": 44.8927778
    },
    {
      "cityName": "Kushchi",
      "lat": 41.3333333,
      "lng": 44.9
    },
    {
      "cityName": "Kutkhi",
      "lat": 42.4069444,
      "lng": 44.9441667
    },
    {
      "cityName": "Kvavili",
      "lat": 42.1019444,
      "lng": 44.7197222
    },
    {
      "cityName": "Kvelaani",
      "lat": 42.4230556,
      "lng": 44.5994444
    },
    {
      "cityName": "K'veldaba",
      "lat": 42.3075,
      "lng": 44.4963889
    },
    {
      "cityName": "(( Kvemo-Amirni ))",
      "lat": 42.4,
      "lng": 44.6666667
    },
    {
      "cityName": "Kvemo-Gru",
      "lat": 42.2141667,
      "lng": 44.5580556
    },
    {
      "cityName": "Kvemo-Kapanakhchi",
      "lat": 41.45,
      "lng": 45.05
    },
    {
      "cityName": "Kvemo-Khorkhi",
      "lat": 42.2297222,
      "lng": 44.7588889
    },
    {
      "cityName": "Kvemo-Kodistskaro",
      "lat": 42.0130556,
      "lng": 44.565
    },
    {
      "cityName": "Kvemo-Kulari",
      "lat": 41.3766667,
      "lng": 44.8944444
    },
    {
      "cityName": "Kvemo-Lisi",
      "lat": 41.7575,
      "lng": 44.6719444
    },
    {
      "cityName": "K'vemo Mlet'a",
      "lat": 42.4283333,
      "lng": 44.5094444
    },
    {
      "cityName": "K'vemo Nich'bisi",
      "lat": 41.8194444,
      "lng": 44.5258333
    },
    {
      "cityName": "K'vemo Shuakhevi",
      "lat": 42.0302778,
      "lng": 44.5816667
    },
    {
      "cityName": "Kvemo-Teleti",
      "lat": 41.6447222,
      "lng": 44.8580556
    },
    {
      "cityName": "K'veshet'i",
      "lat": 42.4266667,
      "lng": 44.5577778
    },
    {
      "cityName": "Kvitkiristskaro",
      "lat": 42.0366667,
      "lng": 44.5558333
    },
    {
      "cityName": "(( Lagaziani ))",
      "lat": 42.4294444,
      "lng": 44.7413889
    },
    {
      "cityName": "Lakat'khevi",
      "lat": 42.4447222,
      "lng": 44.5827778
    },
    {
      "cityName": "Lakhato",
      "lat": 42.2275,
      "lng": 44.9194444
    },
    {
      "cityName": "Lami",
      "lat": 41.9519444,
      "lng": 44.7433333
    },
    {
      "cityName": "Lamovani",
      "lat": 41.9961111,
      "lng": 44.6041667
    },
    {
      "cityName": "Lap'anaant'kari",
      "lat": 42.0097222,
      "lng": 44.8030556
    },
    {
      "cityName": "Lastistsikhe",
      "lat": 41.73,
      "lng": 44.5502778
    },
    {
      "cityName": "Latli",
      "lat": 42.7369444,
      "lng": 44.9347222
    },
    {
      "cityName": "Lausha",
      "lat": 42.1833333,
      "lng": 44.7561111
    },
    {
      "cityName": "Lebaiskari",
      "lat": 42.5466667,
      "lng": 45.0786111
    },
    {
      "cityName": "Lelobi",
      "lat": 41.7772222,
      "lng": 44.5525
    },
    {
      "cityName": "Leninisi",
      "lat": 41.7625,
      "lng": 44.9072222
    },
    {
      "cityName": "(( Lichanuri ))",
      "lat": 42.3111111,
      "lng": 45.1141667
    },
    {
      "cityName": "(( Likoki ))",
      "lat": 42.5094444,
      "lng": 44.9830556
    },
    {
      "cityName": "Lilo",
      "lat": 41.6816667,
      "lng": 44.9822222
    },
    {
      "cityName": "Lilo Maloye",
      "lat": 41.7425,
      "lng": 44.9077778
    },
    {
      "cityName": "Lipodi",
      "lat": 42.4919444,
      "lng": 44.8786111
    },
    {
      "cityName": "Lisi",
      "lat": 41.7533333,
      "lng": 44.665
    },
    {
      "cityName": "Lut'khubi",
      "lat": 42.3797222,
      "lng": 44.785
    },
    {
      "cityName": "Magaro",
      "lat": 42.295,
      "lng": 44.8533333
    },
    {
      "cityName": "Magaroskari",
      "lat": 42.2869444,
      "lng": 44.8655556
    },
    {
      "cityName": "Maghraani",
      "lat": 42.0066667,
      "lng": 44.7922222
    },
    {
      "cityName": "Maghrani",
      "lat": 42.4683333,
      "lng": 44.9380556
    },
    {
      "cityName": "(( Makarta ))",
      "lat": 42.3988889,
      "lng": 44.7719444
    },
    {
      "cityName": "Makhiaret'i",
      "lat": 42.3177778,
      "lng": 44.5436111
    },
    {
      "cityName": "Malaya Kanda",
      "lat": 41.9125,
      "lng": 44.585
    },
    {
      "cityName": "Mamastariya",
      "lat": 42.4683333,
      "lng": 44.7875
    },
    {
      "cityName": "Mamkoda",
      "lat": 41.8319444,
      "lng": 44.8633333
    },
    {
      "cityName": "Mamulaani",
      "lat": 42.2636111,
      "lng": 44.6072222
    },
    {
      "cityName": "Manaseuli",
      "lat": 42.4144444,
      "lng": 44.6294444
    },
    {
      "cityName": "Marauli",
      "lat": 42.2177778,
      "lng": 44.8791667
    },
    {
      "cityName": "Martiani",
      "lat": 42.3202778,
      "lng": 44.5244444
    },
    {
      "cityName": "Mat'ura",
      "lat": 42.44,
      "lng": 45.0738889
    },
    {
      "cityName": "Mazitani",
      "lat": 42.3941667,
      "lng": 44.7516667
    },
    {
      "cityName": "Mchadidzhvari",
      "lat": 42.0175,
      "lng": 44.5977778
    },
    {
      "cityName": "Medelaani",
      "lat": 42.3405556,
      "lng": 44.47
    },
    {
      "cityName": "Medzhilaurni",
      "lat": 42.3152778,
      "lng": 44.635
    },
    {
      "cityName": "Mekobaurebi",
      "lat": 42.4536111,
      "lng": 44.7947222
    },
    {
      "cityName": "Meneso",
      "lat": 42.2108333,
      "lng": 44.7547222
    },
    {
      "cityName": "(( Mgelattsikhe ))",
      "lat": 42.3233333,
      "lng": 45.1361111
    },
    {
      "cityName": "Mgliani",
      "lat": 42.1294444,
      "lng": 44.7055556
    },
    {
      "cityName": "Midelaurni",
      "lat": 42.4591667,
      "lng": 44.5247222
    },
    {
      "cityName": "Migriault'a",
      "lat": 42.3222222,
      "lng": 44.8663889
    },
    {
      "cityName": "Miguda",
      "lat": 42.5680556,
      "lng": 44.6466667
    },
    {
      "cityName": "Mikelaani",
      "lat": 42.0797222,
      "lng": 44.5538889
    },
    {
      "cityName": "(( Milakhvriantkari ))",
      "lat": 42.0813889,
      "lng": 44.6661111
    },
    {
      "cityName": "Milistskaro",
      "lat": 41.9872222,
      "lng": 44.6561111
    },
    {
      "cityName": "Misakhe",
      "lat": 42.5525,
      "lng": 44.945
    },
    {
      "cityName": "Misak'ts'ieli",
      "lat": 41.9472222,
      "lng": 44.7375
    },
    {
      "cityName": "Mlashe",
      "lat": 42.0183333,
      "lng": 44.6688889
    },
    {
      "cityName": "Mleti",
      "lat": 42.4313889,
      "lng": 44.4961111
    },
    {
      "cityName": "Molaogly",
      "lat": 41.2333333,
      "lng": 44.75
    },
    {
      "cityName": "Molla-Akhmedlo",
      "lat": 41.4263889,
      "lng": 44.7286111
    },
    {
      "cityName": "Monasteri",
      "lat": 42.1997222,
      "lng": 44.5791667
    },
    {
      "cityName": "Motsmao",
      "lat": 42.4363889,
      "lng": 44.9319444
    },
    {
      "cityName": "Mshralikhevi",
      "lat": 41.8533333,
      "lng": 44.8872222
    },
    {
      "cityName": "Mskhaldidi",
      "lat": 41.7391667,
      "lng": 44.6247222
    },
    {
      "cityName": "Mskhaltba",
      "lat": 41.865,
      "lng": 44.6661111
    },
    {
      "cityName": "Mtsit'urebi",
      "lat": 42.0277778,
      "lng": 44.8111111
    },
    {
      "cityName": "Mtskhera",
      "lat": 41.8438889,
      "lng": 44.7163889
    },
    {
      "cityName": "Mudzhukhi",
      "lat": 42.3761111,
      "lng": 44.5375
    },
    {
      "cityName": "Muganlo Maloye",
      "lat": 41.4722222,
      "lng": 44.7380556
    },
    {
      "cityName": "Mughure",
      "lat": 42.4736111,
      "lng": 44.5286111
    },
    {
      "cityName": "Muguda",
      "lat": 42.2819444,
      "lng": 44.6683333
    },
    {
      "cityName": "Mukhat'i",
      "lat": 41.5833333,
      "lng": 44.7616667
    },
    {
      "cityName": "Mukhrani",
      "lat": 41.9338889,
      "lng": 44.5766667
    },
    {
      "cityName": "Mukhran-Teleti",
      "lat": 41.6394444,
      "lng": 44.8111111
    },
    {
      "cityName": "Muk'o",
      "lat": 42.4188889,
      "lng": 45.0472222
    },
    {
      "cityName": "Muts'o",
      "lat": 42.6038889,
      "lng": 45.2063889
    },
    {
      "cityName": "Mziskana",
      "lat": 42.3638889,
      "lng": 44.8416667
    },
    {
      "cityName": "Nadaraantkari",
      "lat": 41.9052778,
      "lng": 44.8163889
    },
    {
      "cityName": "Nadibaani",
      "lat": 42.4141667,
      "lng": 44.6088889
    },
    {
      "cityName": "Naghorevi",
      "lat": 42.4186111,
      "lng": 44.5886111
    },
    {
      "cityName": "Naghvarevi",
      "lat": 41.3494444,
      "lng": 44.7563889
    },
    {
      "cityName": "Nagliantkari",
      "lat": 42.05,
      "lng": 44.7166667
    },
    {
      "cityName": "(( Nakalesavi ))",
      "lat": 42.4177778,
      "lng": 45.0933333
    },
    {
      "cityName": "(( Namgalauri ))",
      "lat": 42.15,
      "lng": 44.6186111
    },
    {
      "cityName": "Naoza",
      "lat": 41.9813889,
      "lng": 44.7416667
    },
    {
      "cityName": "Natakhtari",
      "lat": 41.9188889,
      "lng": 44.7291667
    },
    {
      "cityName": "(( Natobiani ))",
      "lat": 42.3322222,
      "lng": 44.6416667
    },
    {
      "cityName": "Navikhevi",
      "lat": 42.3969444,
      "lng": 44.4572222
    },
    {
      "cityName": "Nedzikhi",
      "lat": 42.1819444,
      "lng": 44.7877778
    },
    {
      "cityName": "Nizhniya Tskrulefi",
      "lat": 41.7086111,
      "lng": 44.5708333
    },
    {
      "cityName": "(( Nizhniye Ganisi ))",
      "lat": 42.4333333,
      "lng": 44.4833333
    },
    {
      "cityName": "Nizhniye Tvalivi",
      "lat": 42.2141667,
      "lng": 44.8297222
    },
    {
      "cityName": "Nizhniye Ukhati",
      "lat": 42.5575,
      "lng": 44.5219444
    },
    {
      "cityName": "Nodzha",
      "lat": 42.0491667,
      "lng": 44.8638889
    },
    {
      "cityName": "Nodzhiketi",
      "lat": 42.0433333,
      "lng": 44.8502778
    },
    {
      "cityName": "Norio",
      "lat": 41.795,
      "lng": 44.9755556
    },
    {
      "cityName": "Okherkhevi",
      "lat": 42.5102778,
      "lng": 44.8925
    },
    {
      "cityName": "Okhiri",
      "lat": 42.3930556,
      "lng": 44.5116667
    },
    {
      "cityName": "(( Okrokana ))",
      "lat": 41.6833333,
      "lng": 44.7666667
    },
    {
      "cityName": "Okruvani",
      "lat": 42.1288889,
      "lng": 44.6594444
    },
    {
      "cityName": "Orbeulta",
      "lat": 42.5686111,
      "lng": 44.9588889
    },
    {
      "cityName": "Ordzhonikidze",
      "lat": 41.4213889,
      "lng": 44.8216667
    },
    {
      "cityName": "Pakhvdzhi",
      "lat": 42.4402778,
      "lng": 44.7825
    },
    {
      "cityName": "Pancheti",
      "lat": 42.6344444,
      "lng": 44.6175
    },
    {
      "cityName": "(( Papari ))",
      "lat": 42.3302778,
      "lng": 45.1444444
    },
    {
      "cityName": "Parikhisiya",
      "lat": 41.5808333,
      "lng": 44.5675
    },
    {
      "cityName": "P'asanauri",
      "lat": 42.3491667,
      "lng": 44.6905556
    },
    {
      "cityName": "Pasanuri",
      "lat": 42.3505556,
      "lng": 44.7080556
    },
    {
      "cityName": "(( Patashuri ))",
      "lat": 42.3736111,
      "lng": 44.7116667
    },
    {
      "cityName": "Pavleuri",
      "lat": 42.2027778,
      "lng": 44.6827778
    },
    {
      "cityName": "Pavliaki",
      "lat": 42.3733333,
      "lng": 44.4819444
    },
    {
      "cityName": "(( Petriani ))",
      "lat": 42.4216667,
      "lng": 44.6066667
    },
    {
      "cityName": "Pichviaki",
      "lat": 42.0586111,
      "lng": 44.8663889
    },
    {
      "cityName": "Pirmisaani",
      "lat": 42.0738889,
      "lng": 44.6825
    },
    {
      "cityName": "Pitavi",
      "lat": 42.1555556,
      "lng": 44.7280556
    },
    {
      "cityName": "Pkhelsha",
      "lat": 42.6002778,
      "lng": 44.5636111
    },
    {
      "cityName": "Pkhundavi",
      "lat": 42.1488889,
      "lng": 44.7072222
    },
    {
      "cityName": "P'onichala",
      "lat": 41.6383333,
      "lng": 44.9222222
    },
    {
      "cityName": "Posëlok Khramzavodstroya",
      "lat": 41.6697222,
      "lng": 44.9183333
    },
    {
      "cityName": "Prezeti",
      "lat": 41.9752778,
      "lng": 44.69
    },
    {
      "cityName": "Pridonaantkari",
      "lat": 42.1247222,
      "lng": 44.7027778
    },
    {
      "cityName": "Pshavlebi",
      "lat": 42.0541667,
      "lng": 44.7644444
    },
    {
      "cityName": "Pudznari",
      "lat": 42.1469444,
      "lng": 44.8388889
    },
    {
      "cityName": "Revaziantkari",
      "lat": 42.2883333,
      "lng": 44.53
    },
    {
      "cityName": "Rostiani",
      "lat": 42.4561111,
      "lng": 44.5302778
    },
    {
      "cityName": "Rust'avi",
      "lat": 41.5452778,
      "lng": 45.0136111
    },
    {
      "cityName": "(( Sabertse ))",
      "lat": 42.5052778,
      "lng": 44.8480556
    },
    {
      "cityName": "Sabirk'endi",
      "lat": 41.4413889,
      "lng": 44.865
    },
    {
      "cityName": "(( Saburtalo ))",
      "lat": 41.7166667,
      "lng": 44.75
    },
    {
      "cityName": "Sachali-Chala",
      "lat": 42.4527778,
      "lng": 44.8047222
    },
    {
      "cityName": "Sadakhlo",
      "lat": 41.2388889,
      "lng": 44.7877778
    },
    {
      "cityName": "Sagadagiano",
      "lat": 41.8788889,
      "lng": 44.5736111
    },
    {
      "cityName": "Sagarasheni",
      "lat": 41.5816667,
      "lng": 44.5797222
    },
    {
      "cityName": "Saguramo",
      "lat": 41.9005556,
      "lng": 44.7633333
    },
    {
      "cityName": "Sakere",
      "lat": 42.3066667,
      "lng": 44.7508333
    },
    {
      "cityName": "Sakerpe",
      "lat": 42.4788889,
      "lng": 44.8008333
    },
    {
      "cityName": "Sakore",
      "lat": 42.4680556,
      "lng": 44.7211111
    },
    {
      "cityName": "Sakramulo",
      "lat": 42.0141667,
      "lng": 44.7033333
    },
    {
      "cityName": "Saladzhuri",
      "lat": 42.4169444,
      "lng": 44.6227778
    },
    {
      "cityName": "Salbieri",
      "lat": 42.1122222,
      "lng": 44.5366667
    },
    {
      "cityName": "(( Samgori ))",
      "lat": 41.6844444,
      "lng": 44.9966667
    },
    {
      "cityName": "Samgorskiy Uchastok Pervyy",
      "lat": 41.7219444,
      "lng": 44.9622222
    },
    {
      "cityName": "Sarach'lo",
      "lat": 41.3833333,
      "lng": 44.7169444
    },
    {
      "cityName": "Sar",
      "lat": 42.2441667,
      "lng": 44.8194444
    },
    {
      "cityName": "Sashaburo",
      "lat": 42.0333333,
      "lng": 44.7166667
    },
    {
      "cityName": "Sashavardne",
      "lat": 42.2497222,
      "lng": 44.9097222
    },
    {
      "cityName": "Saskhori",
      "lat": 41.8380556,
      "lng": 44.5577778
    },
    {
      "cityName": "Satovle",
      "lat": 41.8027778,
      "lng": 44.5622222
    },
    {
      "cityName": "Satskhavatlo",
      "lat": 42.0833333,
      "lng": 44.8
    },
    {
      "cityName": "Sep'e",
      "lat": 42.4275,
      "lng": 44.5708333
    },
    {
      "cityName": "Set'urni",
      "lat": 42.45,
      "lng": 44.5
    },
    {
      "cityName": "Shaliantkari",
      "lat": 42.2838889,
      "lng": 44.5408333
    },
    {
      "cityName": "Shalikaant-Kari",
      "lat": 42.1488889,
      "lng": 44.6980556
    },
    {
      "cityName": "Shamkevani",
      "lat": 41.8866667,
      "lng": 44.8041667
    },
    {
      "cityName": "Sharakhevi",
      "lat": 42.2730556,
      "lng": 44.9341667
    },
    {
      "cityName": "Sharumiani",
      "lat": 42.4527778,
      "lng": 44.5225
    },
    {
      "cityName": "Shashukant-Kari",
      "lat": 42.0911111,
      "lng": 44.8697222
    },
    {
      "cityName": "Shatila",
      "lat": 42.6583333,
      "lng": 45.16
    },
    {
      "cityName": "Shavsakdari",
      "lat": 41.5611111,
      "lng": 44.6691667
    },
    {
      "cityName": "Shindisi",
      "lat": 41.665,
      "lng": 44.7686111
    },
    {
      "cityName": "Shiukaani",
      "lat": 42.3427778,
      "lng": 44.5372222
    },
    {
      "cityName": "Shoncho",
      "lat": 42.4630556,
      "lng": 44.5572222
    },
    {
      "cityName": "Shuakhevi",
      "lat": 42.0288889,
      "lng": 44.5619444
    },
    {
      "cityName": "Shuap'kho",
      "lat": 42.4161111,
      "lng": 45.0002778
    },
    {
      "cityName": "Shulaver",
      "lat": 41.3633333,
      "lng": 44.8294444
    },
    {
      "cityName": "(( Shvindadze ))",
      "lat": 41.8277778,
      "lng": 44.9691667
    },
    {
      "cityName": "Sianami",
      "lat": 42.45,
      "lng": 44.5322222
    },
    {
      "cityName": "Sidzhanaani",
      "lat": 42.4608333,
      "lng": 44.7997222
    },
    {
      "cityName": "Sioni",
      "lat": 42.6072222,
      "lng": 44.5852778
    },
    {
      "cityName": "Siskala",
      "lat": 41.4838889,
      "lng": 44.6225
    },
    {
      "cityName": "Skhlovani",
      "lat": 42.2333333,
      "lng": 44.8833333
    },
    {
      "cityName": "Sno",
      "lat": 42.6072222,
      "lng": 44.6388889
    },
    {
      "cityName": "Sodeve",
      "lat": 42.3136111,
      "lng": 44.6233333
    },
    {
      "cityName": "Sokhta",
      "lat": 42.3038889,
      "lng": 44.5527778
    },
    {
      "cityName": "Sonda",
      "lat": 42.2538889,
      "lng": 44.6588889
    },
    {
      "cityName": "Sondisvela",
      "lat": 42.1936111,
      "lng": 44.7563889
    },
    {
      "cityName": "Sovkhoz Varketili",
      "lat": 41.7097222,
      "lng": 44.9011111
    },
    {
      "cityName": "Stsropavi",
      "lat": 42.2125,
      "lng": 44.8097222
    },
    {
      "cityName": "Suotnani",
      "lat": 42.2925,
      "lng": 44.7163889
    },
    {
      "cityName": "Tabakhmela",
      "lat": 41.6530556,
      "lng": 44.7580556
    },
    {
      "cityName": "Tabaruki",
      "lat": 41.7636111,
      "lng": 44.5822222
    },
    {
      "cityName": "Takyalo",
      "lat": 41.3547222,
      "lng": 44.9552778
    },
    {
      "cityName": "T'amarisi",
      "lat": 41.4330556,
      "lng": 44.7433333
    },
    {
      "cityName": "(( Tandilaantkari ))",
      "lat": 42.1458333,
      "lng": 44.6511111
    },
    {
      "cityName": "Taniantkari",
      "lat": 42.0975,
      "lng": 44.7030556
    },
    {
      "cityName": "Tashtikulari",
      "lat": 41.4472222,
      "lng": 44.6733333
    },
    {
      "cityName": "Tazakendi",
      "lat": 41.2166667,
      "lng": 44.85
    },
    {
      "cityName": "T'azak'endi",
      "lat": 41.5061111,
      "lng": 45.0491667
    },
    {
      "cityName": "Tbilisi",
      "lat": 41.725,
      "lng": 44.7908333
    },
    {
      "cityName": "Teleti",
      "lat": 41.6408333,
      "lng": 44.8227778
    },
    {
      "cityName": "Telovani",
      "lat": 41.8022222,
      "lng": 44.6816667
    },
    {
      "cityName": "Tetrikhevges",
      "lat": 41.7027778,
      "lng": 44.9363889
    },
    {
      "cityName": "Til'chkhe",
      "lat": 42.525,
      "lng": 44.9680556
    },
    {
      "cityName": "T'inikaani",
      "lat": 42.3733333,
      "lng": 44.4766667
    },
    {
      "cityName": "Tkarsheti",
      "lat": 42.6130556,
      "lng": 44.5783333
    },
    {
      "cityName": "T'khiliana",
      "lat": 42.42,
      "lng": 44.9744444
    },
    {
      "cityName": "Tkhilovani",
      "lat": 42.1033333,
      "lng": 44.5819444
    },
    {
      "cityName": "Tkhinvali",
      "lat": 41.7441667,
      "lng": 44.6897222
    },
    {
      "cityName": "Toncha",
      "lat": 42.1288889,
      "lng": 44.5875
    },
    {
      "cityName": "T'orelaani",
      "lat": 42.4144444,
      "lng": 44.7577778
    },
    {
      "cityName": "Toti",
      "lat": 42.6277778,
      "lng": 44.5922222
    },
    {
      "cityName": "Totsaurni",
      "lat": 42.4622222,
      "lng": 44.795
    },
    {
      "cityName": "Tsabaurta",
      "lat": 42.4269444,
      "lng": 45.0080556
    },
    {
      "cityName": "Tsalaskuri",
      "lat": 41.6305556,
      "lng": 44.8191667
    },
    {
      "cityName": "Tsavkisi",
      "lat": 41.67,
      "lng": 44.7388889
    },
    {
      "cityName": "Tsdo",
      "lat": 42.6922222,
      "lng": 44.6327778
    },
    {
      "cityName": "Tseret'eli",
      "lat": 41.4352778,
      "lng": 44.8177778
    },
    {
      "cityName": "Tserovani",
      "lat": 41.8666667,
      "lng": 44.6752778
    },
    {
      "cityName": "Tsifori",
      "lat": 42.3925,
      "lng": 44.6877778
    },
    {
      "cityName": "Tsifrani",
      "lat": 42.2358333,
      "lng": 44.8208333
    },
    {
      "cityName": "Tsigriantkari",
      "lat": 42.1072222,
      "lng": 44.5616667
    },
    {
      "cityName": "Tsikhebdavi",
      "lat": 41.9927778,
      "lng": 44.6480556
    },
    {
      "cityName": "Ts'ikhiani",
      "lat": 42.4513889,
      "lng": 44.5261111
    },
    {
      "cityName": "Tsikhisdziri",
      "lat": 41.8852778,
      "lng": 44.5816667
    },
    {
      "cityName": "Ts'ikhisop'eli",
      "lat": 42.2708333,
      "lng": 44.5983333
    },
    {
      "cityName": "Ts'ikhisubani",
      "lat": 42.0908333,
      "lng": 44.5694444
    },
    {
      "cityName": "(( Tsiklauri ))",
      "lat": 42.7,
      "lng": 44.6333333
    },
    {
      "cityName": "Tsikvliant'kari",
      "lat": 42.1441667,
      "lng": 44.9166667
    },
    {
      "cityName": "Tsilkani",
      "lat": 41.9466667,
      "lng": 44.6677778
    },
    {
      "cityName": "Tsinamdzghvriant'kari",
      "lat": 41.9194444,
      "lng": 44.8144444
    },
    {
      "cityName": "Tsinamkhari",
      "lat": 42.3286111,
      "lng": 44.6455556
    },
    {
      "cityName": "Tsinkhadu",
      "lat": 42.5725,
      "lng": 44.9627778
    },
    {
      "cityName": "Tsintskaro",
      "lat": 41.5380556,
      "lng": 44.6197222
    },
    {
      "cityName": "Tsip't'auri",
      "lat": 42.3575,
      "lng": 44.4716667
    },
    {
      "cityName": "Tsit'elsop'eli",
      "lat": 41.9980556,
      "lng": 44.7513889
    },
    {
      "cityName": "Tsitelubani",
      "lat": 41.7677778,
      "lng": 44.9002778
    },
    {
      "cityName": "(( Tsitliani ))",
      "lat": 42.3280556,
      "lng": 44.6761111
    },
    {
      "cityName": "Tsitsamura",
      "lat": 41.8594444,
      "lng": 44.7275
    },
    {
      "cityName": "Tskere",
      "lat": 42.4805556,
      "lng": 44.5358333
    },
    {
      "cityName": "Tskhneti",
      "lat": 41.6947222,
      "lng": 44.6986111
    },
    {
      "cityName": "Tskhvediani",
      "lat": 42.3333333,
      "lng": 44.7077778
    },
    {
      "cityName": "Tsodoreti",
      "lat": 41.7594444,
      "lng": 44.6530556
    },
    {
      "cityName": "(( Tsutskunauri ))",
      "lat": 42.4375,
      "lng": 44.7338889
    },
    {
      "cityName": "Tvalivi",
      "lat": 42.2005556,
      "lng": 44.8436111
    },
    {
      "cityName": "Udzilaurt'a",
      "lat": 42.4341667,
      "lng": 44.9686111
    },
    {
      "cityName": "Ukanakho",
      "lat": 42.4861111,
      "lng": 44.8677778
    },
    {
      "cityName": "Ukanamkhari",
      "lat": 42.3322222,
      "lng": 44.6169444
    },
    {
      "cityName": "Ukanap'shavi",
      "lat": 42.4055556,
      "lng": 45.1297222
    },
    {
      "cityName": "Ukanaubani",
      "lat": 42.3552778,
      "lng": 44.5755556
    },
    {
      "cityName": "Ukankhadu",
      "lat": 42.5716667,
      "lng": 44.9883333
    },
    {
      "cityName": "Ulashlo",
      "lat": 41.3166667,
      "lng": 44.8833333
    },
    {
      "cityName": "Undilaantkari",
      "lat": 42.0558333,
      "lng": 44.6686111
    },
    {
      "cityName": "Upureti",
      "lat": 41.9827778,
      "lng": 44.6827778
    },
    {
      "cityName": "(( Upureti ))",
      "lat": 42.1597222,
      "lng": 44.5877778
    },
    {
      "cityName": "(( Urmi ))",
      "lat": 42.4744444,
      "lng": 44.4575
    },
    {
      "cityName": "Usharni",
      "lat": 42.4427778,
      "lng": 44.5627778
    },
    {
      "cityName": "(( Vakistsikhe ))",
      "lat": 42.0108333,
      "lng": 44.785
    },
    {
      "cityName": "Vankhevi",
      "lat": 42.3769444,
      "lng": 44.9775
    },
    {
      "cityName": "Vardisubani",
      "lat": 42.6008333,
      "lng": 44.5841667
    },
    {
      "cityName": "Vashladzhvari",
      "lat": 41.7538889,
      "lng": 44.7688889
    },
    {
      "cityName": "Vashlavani",
      "lat": 41.6197222,
      "lng": 44.7436111
    },
    {
      "cityName": "Vashlobi",
      "lat": 42.2925,
      "lng": 44.73
    },
    {
      "cityName": "Vaziani",
      "lat": 41.9663889,
      "lng": 44.5705556
    },
    {
      "cityName": "Vazisubani",
      "lat": 41.7180556,
      "lng": 44.8438889
    },
    {
      "cityName": "Vedrauli",
      "lat": 42.2252778,
      "lng": 44.8561111
    },
    {
      "cityName": "Vedzatkhevi",
      "lat": 42.1313889,
      "lng": 44.6663889
    },
    {
      "cityName": "Veltaurtkari",
      "lat": 42.1205556,
      "lng": 44.6727778
    },
    {
      "cityName": "Verkhniye Khorkhi",
      "lat": 42.2583333,
      "lng": 44.7844444
    },
    {
      "cityName": "Veshagurni",
      "lat": 42.3283333,
      "lng": 44.6316667
    },
    {
      "cityName": "Yenikendi",
      "lat": 41.35,
      "lng": 44.9
    },
    {
      "cityName": "Zages",
      "lat": 41.8244444,
      "lng": 44.7577778
    },
    {
      "cityName": "Zakaro",
      "lat": 41.9091667,
      "lng": 44.8272222
    },
    {
      "cityName": "Zak'at'kari",
      "lat": 42.4411111,
      "lng": 44.5219444
    },
    {
      "cityName": "(( Zamtreuli ))",
      "lat": 42.4066667,
      "lng": 44.6191667
    },
    {
      "cityName": "Zanduki",
      "lat": 42.4227778,
      "lng": 44.7505556
    },
    {
      "cityName": "Zeistech'o",
      "lat": 42.5738889,
      "lng": 44.9466667
    },
    {
      "cityName": "Zemo-Gru",
      "lat": 42.2161111,
      "lng": 44.5461111
    },
    {
      "cityName": "Zemo-Kodistskaro",
      "lat": 42.0125,
      "lng": 44.5586111
    },
    {
      "cityName": "Zemo Ubani",
      "lat": 42.0361111,
      "lng": 44.8069444
    },
    {
      "cityName": "Zenamkhari",
      "lat": 42.2077778,
      "lng": 44.9061111
    },
    {
      "cityName": "Zenaubani",
      "lat": 42.265,
      "lng": 44.6469444
    },
    {
      "cityName": "(( Zenubani ))",
      "lat": 42.5397222,
      "lng": 44.9633333
    },
    {
      "cityName": "Zhinvali",
      "lat": 42.1158333,
      "lng": 44.7675
    },
    {
      "cityName": "Zhizhoni",
      "lat": 42.3877778,
      "lng": 44.6802778
    },
    {
      "cityName": "Zodekhi",
      "lat": 42.2955556,
      "lng": 44.5330556
    },
    {
      "cityName": "Zotikaantkari",
      "lat": 42.1480556,
      "lng": 44.6916667
    }
  ]
}