{
  "name": "Sud-Ouest",
  "cities": [
    {
      "cityName": "Abakpa",
      "lat": 5.3833333,
      "lng": 8.9333333
    },
    {
      "cityName": "Abana",
      "lat": 4.55,
      "lng": 8.5166667
    },
    {
      "cityName": "Abang",
      "lat": 4.9477778,
      "lng": 9.7744444
    },
    {
      "cityName": "Abat",
      "lat": 5.35,
      "lng": 9.2333333
    },
    {
      "cityName": "Aboa",
      "lat": 4.8,
      "lng": 8.9666667
    },
    {
      "cityName": "Abonando",
      "lat": 5.9,
      "lng": 9.1166667
    },
    {
      "cityName": "Afaman",
      "lat": 5.35,
      "lng": 8.8833333
    },
    {
      "cityName": "Aiyaka",
      "lat": 5.7166667,
      "lng": 8.95
    },
    {
      "cityName": "Aiyewawa",
      "lat": 5.75,
      "lng": 9.1333333
    },
    {
      "cityName": "Aiyomojok",
      "lat": 5.8166667,
      "lng": 8.9833333
    },
    {
      "cityName": "Aiyundep",
      "lat": 5.65,
      "lng": 9.1333333
    },
    {
      "cityName": "Akagbe",
      "lat": 5.7166667,
      "lng": 9.4166667
    },
    {
      "cityName": "Akak",
      "lat": 5.4833333,
      "lng": 9.3666667
    },
    {
      "cityName": "Akon",
      "lat": 5.7833333,
      "lng": 9.0666667
    },
    {
      "cityName": "Akpa Abatin",
      "lat": 4.5666667,
      "lng": 8.8166667
    },
    {
      "cityName": "Akpassang",
      "lat": 4.9666667,
      "lng": 8.7
    },
    {
      "cityName": "Akwa",
      "lat": 5.3333333,
      "lng": 8.9166667
    },
    {
      "cityName": "Amebesu",
      "lat": 5.8833333,
      "lng": 9.5666667
    },
    {
      "cityName": "Amoto",
      "lat": 4.7666667,
      "lng": 8.6666667
    },
    {
      "cityName": "Araru",
      "lat": 5.6166667,
      "lng": 9.0333333
    },
    {
      "cityName": "Archibong",
      "lat": 4.8166667,
      "lng": 8.6166667
    },
    {
      "cityName": "Asehunda",
      "lat": 6.1666667,
      "lng": 9.6
    },
    {
      "cityName": "Ashum",
      "lat": 5.6166667,
      "lng": 9.35
    },
    {
      "cityName": "Assam",
      "lat": 6.0333333,
      "lng": 9.3166667
    },
    {
      "cityName": "Atabong East",
      "lat": 4.5,
      "lng": 8.5666667
    },
    {
      "cityName": "Atabong West",
      "lat": 4.5,
      "lng": 8.55
    },
    {
      "cityName": "Atolo",
      "lat": 6.1833333,
      "lng": 9.4666667
    },
    {
      "cityName": "Atop",
      "lat": 4.8369444,
      "lng": 9.6447222
    },
    {
      "cityName": "Awa",
      "lat": 5.6333333,
      "lng": 8.9166667
    },
    {
      "cityName": "Baba",
      "lat": 4.5091667,
      "lng": 9.1383333
    },
    {
      "cityName": "Babi",
      "lat": 5.45,
      "lng": 8.95
    },
    {
      "cityName": "Babubo",
      "lat": 5.1333333,
      "lng": 9.6666667
    },
    {
      "cityName": "Bachama",
      "lat": 6.1666667,
      "lng": 9.5
    },
    {
      "cityName": "Badje",
      "lat": 5.95,
      "lng": 9.3
    },
    {
      "cityName": "Badje Ndop",
      "lat": 5.9333333,
      "lng": 9.0666667
    },
    {
      "cityName": "Badjoki",
      "lat": 4.8363889,
      "lng": 9.9547222
    },
    {
      "cityName": "Baduma",
      "lat": 4.5763889,
      "lng": 9.5083333
    },
    {
      "cityName": "Badun",
      "lat": 5.0666667,
      "lng": 9.4333333
    },
    {
      "cityName": "Bafaka",
      "lat": 4.7333333,
      "lng": 9.1622222
    },
    {
      "cityName": "Baffia",
      "lat": 4.3655556,
      "lng": 9.3133333
    },
    {
      "cityName": "Bai Bikom",
      "lat": 4.5613889,
      "lng": 9.3355556
    },
    {
      "cityName": "Bai Dieka",
      "lat": 4.4833333,
      "lng": 9.1333333
    },
    {
      "cityName": "Bai Estate",
      "lat": 4.4825,
      "lng": 9.1422222
    },
    {
      "cityName": "Bai Foe",
      "lat": 4.4825,
      "lng": 9.2138889
    },
    {
      "cityName": "Bai Grass",
      "lat": 4.4738889,
      "lng": 9.2
    },
    {
      "cityName": "Bai Kuke",
      "lat": 4.4658333,
      "lng": 9.1486111
    },
    {
      "cityName": "Bai Longe",
      "lat": 4.4933333,
      "lng": 9.2511111
    },
    {
      "cityName": "Bai Manya",
      "lat": 4.5286111,
      "lng": 9.3002778
    },
    {
      "cityName": "Bai Panya",
      "lat": 4.5447222,
      "lng": 9.3305556
    },
    {
      "cityName": "Bai Sombe",
      "lat": 4.4563889,
      "lng": 9.1541667
    },
    {
      "cityName": "Bakebe",
      "lat": 5.5833333,
      "lng": 9.55
    },
    {
      "cityName": "Bakingele",
      "lat": 4.0713889,
      "lng": 9.0411111
    },
    {
      "cityName": "Bakoko",
      "lat": 5.4666667,
      "lng": 9.3
    },
    {
      "cityName": "Bakole",
      "lat": 4.9625,
      "lng": 9.5136111
    },
    {
      "cityName": "Bakossi",
      "lat": 4.6633333,
      "lng": 9.5122222
    },
    {
      "cityName": "Bakumba",
      "lat": 4.7805556,
      "lng": 9.2816667
    },
    {
      "cityName": "Bakundu Foe",
      "lat": 4.4780556,
      "lng": 9.2302778
    },
    {
      "cityName": "Bakut",
      "lat": 5.45,
      "lng": 9.1333333
    },
    {
      "cityName": "Balangi",
      "lat": 4.5047222,
      "lng": 9.4619444
    },
    {
      "cityName": "Balungu",
      "lat": 4.2780556,
      "lng": 9.3186111
    },
    {
      "cityName": "Bambele",
      "lat": 4.8005556,
      "lng": 9.5886111
    },
    {
      "cityName": "Bambia",
      "lat": 3.9544444,
      "lng": 9.245
    },
    {
      "cityName": "Bambuko",
      "lat": 4.4469444,
      "lng": 9.1258333
    },
    {
      "cityName": "Bamoungo",
      "lat": 4.9441667,
      "lng": 9.7230556
    },
    {
      "cityName": "Bamuso",
      "lat": 4.4333333,
      "lng": 8.9
    },
    {
      "cityName": "Banga Bekele",
      "lat": 4.4091667,
      "lng": 9.4422222
    },
    {
      "cityName": "Bangale",
      "lat": 4.6766667,
      "lng": 9.25
    },
    {
      "cityName": "Bangone",
      "lat": 4.8475,
      "lng": 9.5761111
    },
    {
      "cityName": "Bara",
      "lat": 5.5333333,
      "lng": 9.7166667
    },
    {
      "cityName": "Barampie",
      "lat": 6.0833333,
      "lng": 9.6
    },
    {
      "cityName": "Barombi Koto",
      "lat": 4.5027778,
      "lng": 9.2763889
    },
    {
      "cityName": "Barombi Mbo",
      "lat": 4.6744444,
      "lng": 9.3897222
    },
    {
      "cityName": "Barombi Mokoko",
      "lat": 4.4975,
      "lng": 9.0644444
    },
    {
      "cityName": "Baromb Kang",
      "lat": 4.6111111,
      "lng": 9.4558333
    },
    {
      "cityName": "Baru",
      "lat": 5.25,
      "lng": 9.2166667
    },
    {
      "cityName": "Bascho",
      "lat": 6.1333333,
      "lng": 9.4333333
    },
    {
      "cityName": "Basseng",
      "lat": 4.9194444,
      "lng": 9.6972222
    },
    {
      "cityName": "Basu",
      "lat": 5.3833333,
      "lng": 9.1666667
    },
    {
      "cityName": "Bateka",
      "lat": 4.7666667,
      "lng": 8.65
    },
    {
      "cityName": "Batoke",
      "lat": 4.0416667,
      "lng": 9.1058333
    },
    {
      "cityName": "Bavenga",
      "lat": 4.3316667,
      "lng": 9.3258333
    },
    {
      "cityName": "Beach",
      "lat": 4.4419444,
      "lng": 9.4911111
    },
    {
      "cityName": "Beka",
      "lat": 5.3333333,
      "lng": 9.7166667
    },
    {
      "cityName": "Bekandje",
      "lat": 4.3333333,
      "lng": 8.9166667
    },
    {
      "cityName": "Bekatako",
      "lat": 4.6558333,
      "lng": 9.0963889
    },
    {
      "cityName": "Bekili",
      "lat": 4.6213889,
      "lng": 9.5105556
    },
    {
      "cityName": "Bekoki",
      "lat": 4.7527778,
      "lng": 9.2847222
    },
    {
      "cityName": "Bekoko",
      "lat": 4.9166667,
      "lng": 8.85
    },
    {
      "cityName": "Bekoli",
      "lat": 4.8602778,
      "lng": 9.3577778
    },
    {
      "cityName": "Bekondo",
      "lat": 4.6838889,
      "lng": 9.3213889
    },
    {
      "cityName": "Bekumu",
      "lat": 4.3833333,
      "lng": 8.9
    },
    {
      "cityName": "Bekura",
      "lat": 4.6041667,
      "lng": 9.0947222
    },
    {
      "cityName": "Beokoma",
      "lat": 4.8794444,
      "lng": 9.0969444
    },
    {
      "cityName": "Bera",
      "lat": 5.3166667,
      "lng": 8.9666667
    },
    {
      "cityName": "Besongabang",
      "lat": 5.7333333,
      "lng": 9.2833333
    },
    {
      "cityName": "Betenge",
      "lat": 4.8397222,
      "lng": 9.2308333
    },
    {
      "cityName": "Betika",
      "lat": 4.2833333,
      "lng": 8.9166667
    },
    {
      "cityName": "Bibundi",
      "lat": 4.2166667,
      "lng": 8.9833333
    },
    {
      "cityName": "Big Kombo",
      "lat": 4.0333333,
      "lng": 9.4394444
    },
    {
      "cityName": "Big Ngwandi",
      "lat": 4.7883333,
      "lng": 9.2347222
    },
    {
      "cityName": "Biok",
      "lat": 4.8833333,
      "lng": 8.9833333
    },
    {
      "cityName": "Bissoro",
      "lat": 4.7611111,
      "lng": 9.1744444
    },
    {
      "cityName": "Bitengé",
      "lat": 4.7813889,
      "lng": 9.2555556
    },
    {
      "cityName": "Biuku",
      "lat": 4.12,
      "lng": 9.2427778
    },
    {
      "cityName": "Blische",
      "lat": 6.1666667,
      "lng": 9.45
    },
    {
      "cityName": "Boa",
      "lat": 4.4333333,
      "lng": 8.9166667
    },
    {
      "cityName": "Boana",
      "lat": 4.0583333,
      "lng": 9.1597222
    },
    {
      "cityName": "Boa Yenge",
      "lat": 4.8744444,
      "lng": 9.1194444
    },
    {
      "cityName": "Boba",
      "lat": 4.45,
      "lng": 9.3166667
    },
    {
      "cityName": "Bobende",
      "lat": 4.0166667,
      "lng": 9.15
    },
    {
      "cityName": "Bodam",
      "lat": 6.0333333,
      "lng": 9.0833333
    },
    {
      "cityName": "Bogongo",
      "lat": 4.5883333,
      "lng": 9.1061111
    },
    {
      "cityName": "Bokoko",
      "lat": 4.165,
      "lng": 9.2794444
    },
    {
      "cityName": "Bokoso",
      "lat": 4.425,
      "lng": 9.1441667
    },
    {
      "cityName": "Bokova",
      "lat": 4.2038889,
      "lng": 9.2761111
    },
    {
      "cityName": "Boku",
      "lat": 4.8333333,
      "lng": 8.8666667
    },
    {
      "cityName": "Bokwa",
      "lat": 5.7333333,
      "lng": 9.65
    },
    {
      "cityName": "Bokwae",
      "lat": 4.1836111,
      "lng": 9.255
    },
    {
      "cityName": "Bokwango",
      "lat": 4.1386111,
      "lng": 9.2244444
    },
    {
      "cityName": "Bole",
      "lat": 4.5569444,
      "lng": 9.2541667
    },
    {
      "cityName": "Bolifamba",
      "lat": 4.1483333,
      "lng": 9.2966667
    },
    {
      "cityName": "Bolo Moboka",
      "lat": 4.8669444,
      "lng": 9.4575
    },
    {
      "cityName": "Bomaka",
      "lat": 4.1641667,
      "lng": 9.3122222
    },
    {
      "cityName": "Bomana Bakweri",
      "lat": 4.2919444,
      "lng": 9.0641667
    },
    {
      "cityName": "Bombanda",
      "lat": 4.6394444,
      "lng": 9.2711111
    },
    {
      "cityName": "Bombe",
      "lat": 4.4522222,
      "lng": 9.465
    },
    {
      "cityName": "Bombele",
      "lat": 4.6566667,
      "lng": 9.2572222
    },
    {
      "cityName": "Bona",
      "lat": 4.7986111,
      "lng": 9.2105556
    },
    {
      "cityName": "Bonadikombo",
      "lat": 4.0627778,
      "lng": 9.2347222
    },
    {
      "cityName": "Bonakanda",
      "lat": 4.2155556,
      "lng": 9.2725
    },
    {
      "cityName": "Bonako",
      "lat": 4.1,
      "lng": 9.5333333
    },
    {
      "cityName": "Bonebanda",
      "lat": 4.1644444,
      "lng": 9.5313889
    },
    {
      "cityName": "Bonenza",
      "lat": 4.0522222,
      "lng": 9.0841667
    },
    {
      "cityName": "Boniamavio",
      "lat": 4.1580556,
      "lng": 9.3180556
    },
    {
      "cityName": "Bonja",
      "lat": 4.4738889,
      "lng": 9.1116667
    },
    {
      "cityName": "Bonji",
      "lat": 4.6088889,
      "lng": 9.3513889
    },
    {
      "cityName": "Bonjongo",
      "lat": 4.0772222,
      "lng": 9.1969444
    },
    {
      "cityName": "Bopo",
      "lat": 4.4916667,
      "lng": 9.3866667
    },
    {
      "cityName": "Bossunga",
      "lat": 4.8488889,
      "lng": 9.1316667
    },
    {
      "cityName": "Bota",
      "lat": 4.0286111,
      "lng": 9.1875
    },
    {
      "cityName": "Bova",
      "lat": 4.195,
      "lng": 9.2586111
    },
    {
      "cityName": "Bovia",
      "lat": 4.0152778,
      "lng": 9.1733333
    },
    {
      "cityName": "Boviongo",
      "lat": 4.4286111,
      "lng": 9.1852778
    },
    {
      "cityName": "Bowanda",
      "lat": 4.1488889,
      "lng": 9.3172222
    },
    {
      "cityName": "Buasa",
      "lat": 4.1219444,
      "lng": 9.2152778
    },
    {
      "cityName": "Buba I",
      "lat": 4.6316667,
      "lng": 9.6283333
    },
    {
      "cityName": "Buba II",
      "lat": 4.6563889,
      "lng": 9.6358333
    },
    {
      "cityName": "Buba Waterfall",
      "lat": 4.6338889,
      "lng": 9.5758333
    },
    {
      "cityName": "Buea",
      "lat": 4.1594444,
      "lng": 9.2366667
    },
    {
      "cityName": "Bulutu",
      "lat": 4.7905556,
      "lng": 9.6027778
    },
    {
      "cityName": "Bussumbu",
      "lat": 4.0486111,
      "lng": 9.2155556
    },
    {
      "cityName": "Butu",
      "lat": 4.7883333,
      "lng": 9.3258333
    },
    {
      "cityName": "Bweme",
      "lat": 4.9291667,
      "lng": 9.1483333
    },
    {
      "cityName": "Bwenga",
      "lat": 4.0488889,
      "lng": 9.3361111
    },
    {
      "cityName": "Chemba",
      "lat": 6.1333333,
      "lng": 9.4666667
    },
    {
      "cityName": "Damagaram Takaya",
      "lat": 4.1333333,
      "lng": 9.4833333
    },
    {
      "cityName": "Dari",
      "lat": 6,
      "lng": 9.0833333
    },
    {
      "cityName": "Debundga",
      "lat": 4.1166667,
      "lng": 8.9833333
    },
    {
      "cityName": "Defang",
      "lat": 5.5,
      "lng": 9.5833333
    },
    {
      "cityName": "Dibanda",
      "lat": 4.1327778,
      "lng": 9.3019444
    },
    {
      "cityName": "Diboki Balue",
      "lat": 4.7841667,
      "lng": 9.1777778
    },
    {
      "cityName": "Dibonda",
      "lat": 4.85,
      "lng": 8.8833333
    },
    {
      "cityName": "Dienyi",
      "lat": 4.6344444,
      "lng": 9.2222222
    },
    {
      "cityName": "Dikeme",
      "lat": 4.4927778,
      "lng": 9.0094444
    },
    {
      "cityName": "Dikombe Ngolo",
      "lat": 4.1138889,
      "lng": 9.2036111
    },
    {
      "cityName": "Dikome Bafaw",
      "lat": 4.9594444,
      "lng": 9.4713889
    },
    {
      "cityName": "Dikome Balue",
      "lat": 4.9083333,
      "lng": 9.2588889
    },
    {
      "cityName": "Dikoulou",
      "lat": 3.9591667,
      "lng": 9.2719444
    },
    {
      "cityName": "Dikullu",
      "lat": 3.9666667,
      "lng": 9.25
    },
    {
      "cityName": "Dikuma",
      "lat": 4.8941667,
      "lng": 9.0811111
    },
    {
      "cityName": "Diongo",
      "lat": 4.2,
      "lng": 9.4666667
    },
    {
      "cityName": "Dissesso",
      "lat": 4.7369444,
      "lng": 9.2544444
    },
    {
      "cityName": "Dissoni",
      "lat": 4.7069444,
      "lng": 9.2877778
    },
    {
      "cityName": "Djopongo",
      "lat": 4.1972222,
      "lng": 9.5086111
    },
    {
      "cityName": "Do",
      "lat": 4.6413889,
      "lng": 9.1925
    },
    {
      "cityName": "Dubange",
      "lat": 4.9816667,
      "lng": 9.4341667
    },
    {
      "cityName": "Eang",
      "lat": 5.4166667,
      "lng": 9.5
    },
    {
      "cityName": "Ebemi Bakundu",
      "lat": 5.0047222,
      "lng": 9.28
    },
    {
      "cityName": "Ebie",
      "lat": 4.3666667,
      "lng": 9.15
    },
    {
      "cityName": "Ebobe",
      "lat": 4.8491667,
      "lng": 9.2366667
    },
    {
      "cityName": "Eboko Bajok",
      "lat": 4.975,
      "lng": 9.5141667
    },
    {
      "cityName": "Ebonji",
      "lat": 4.1,
      "lng": 9.4333333
    },
    {
      "cityName": "Ebota",
      "lat": 4.8222222,
      "lng": 9.3594444
    },
    {
      "cityName": "Ebubu",
      "lat": 4.7183333,
      "lng": 9.6622222
    },
    {
      "cityName": "Ebul",
      "lat": 4.7522222,
      "lng": 9.6244444
    },
    {
      "cityName": "Ebunji",
      "lat": 4.725,
      "lng": 9.6022222
    },
    {
      "cityName": "Edengoa",
      "lat": 5.2,
      "lng": 9.7833333
    },
    {
      "cityName": "Ediango",
      "lat": 5.2166667,
      "lng": 9.7833333
    },
    {
      "cityName": "Edib",
      "lat": 4.9622222,
      "lng": 9.6747222
    },
    {
      "cityName": "Edibinjok",
      "lat": 4.6913889,
      "lng": 9.6411111
    },
    {
      "cityName": "Edigidim",
      "lat": 4.5166667,
      "lng": 8.8833333
    },
    {
      "cityName": "Ediki",
      "lat": 4.5491667,
      "lng": 9.4652778
    },
    {
      "cityName": "Ediki Mbonge",
      "lat": 4.8013889,
      "lng": 9.4319444
    },
    {
      "cityName": "Efolofo",
      "lat": 4.3688889,
      "lng": 9.0933333
    },
    {
      "cityName": "Efote",
      "lat": 4.3833333,
      "lng": 9.3
    },
    {
      "cityName": "Ehom",
      "lat": 4.7508333,
      "lng": 9.6080556
    },
    {
      "cityName": "Ekangte",
      "lat": 5.0333333,
      "lng": 9.6833333
    },
    {
      "cityName": "Ekeb",
      "lat": 4.9036111,
      "lng": 9.5936111
    },
    {
      "cityName": "Ekobum",
      "lat": 5.0666667,
      "lng": 9.4166667
    },
    {
      "cityName": "Ekogate",
      "lat": 5.4333333,
      "lng": 9.1
    },
    {
      "cityName": "Ekok",
      "lat": 5.8,
      "lng": 8.8833333
    },
    {
      "cityName": "Ekona Lelu",
      "lat": 4.2788889,
      "lng": 9.2972222
    },
    {
      "cityName": "Ekona Mbenge",
      "lat": 4.2333333,
      "lng": 9.3344444
    },
    {
      "cityName": "Ekondo Titi",
      "lat": 4.61,
      "lng": 9.04
    },
    {
      "cityName": "Ekon",
      "lat": 5.2333333,
      "lng": 8.8333333
    },
    {
      "cityName": "Ekoneman",
      "lat": 5.3,
      "lng": 8.9
    },
    {
      "cityName": "Ekonjo",
      "lat": 4.07,
      "lng": 9.1686111
    },
    {
      "cityName": "Ekumbako",
      "lat": 4.9333333,
      "lng": 8.9333333
    },
    {
      "cityName": "Ekumbe Liongo",
      "lat": 4.5061111,
      "lng": 9.1066667
    },
    {
      "cityName": "Ekumbe Mofako",
      "lat": 4.4847222,
      "lng": 9.0969444
    },
    {
      "cityName": "Ekume Ekundunene",
      "lat": 4.4916667,
      "lng": 9.1586111
    },
    {
      "cityName": "Ekundokundo",
      "lat": 5.15,
      "lng": 8.8833333
    },
    {
      "cityName": "Ekundu Nene",
      "lat": 4.6833333,
      "lng": 8.95
    },
    {
      "cityName": "Ekundu-Titi",
      "lat": 4.7166667,
      "lng": 9
    },
    {
      "cityName": "Ekwe",
      "lat": 4.6961111,
      "lng": 9.1647222
    },
    {
      "cityName": "Elumba",
      "lat": 5.3833333,
      "lng": 9.75
    },
    {
      "cityName": "Elum",
      "lat": 5.0333333,
      "lng": 9.7833333
    },
    {
      "cityName": "Enjunue",
      "lat": 5.2333333,
      "lng": 9.7166667
    },
    {
      "cityName": "Enyandong",
      "lat": 5.1,
      "lng": 9.6833333
    },
    {
      "cityName": "Erat",
      "lat": 5.0666667,
      "lng": 8.75
    },
    {
      "cityName": "Esengi",
      "lat": 6.2833333,
      "lng": 9.4166667
    },
    {
      "cityName": "Eshobi",
      "lat": 5.7833333,
      "lng": 9.3833333
    },
    {
      "cityName": "Esosoung",
      "lat": 4.8602778,
      "lng": 9.7302778
    },
    {
      "cityName": "Essuke",
      "lat": 4.0694444,
      "lng": 9.305
    },
    {
      "cityName": "Esudan",
      "lat": 5.3666667,
      "lng": 8.9833333
    },
    {
      "cityName": "Etam",
      "lat": 4.7236111,
      "lng": 9.5480556
    },
    {
      "cityName": "Etawang",
      "lat": 5.4166667,
      "lng": 9.75
    },
    {
      "cityName": "Etinkam",
      "lat": 5.4166667,
      "lng": 9.35
    },
    {
      "cityName": "Etuku",
      "lat": 5.6833333,
      "lng": 9.5666667
    },
    {
      "cityName": "Etumba",
      "lat": 4.0475,
      "lng": 9.1233333
    },
    {
      "cityName": "Ewangabi",
      "lat": 5.8833333,
      "lng": 9.6833333
    },
    {
      "cityName": "Ewelle",
      "lat": 5.6333333,
      "lng": 9.2
    },
    {
      "cityName": "Ewonda",
      "lat": 4.1858333,
      "lng": 9.2508333
    },
    {
      "cityName": "Eyumojok",
      "lat": 5.75,
      "lng": 8.9833333
    },
    {
      "cityName": "Fabe",
      "lat": 5.0833333,
      "lng": 8.95
    },
    {
      "cityName": "Fainchang",
      "lat": 5.6166667,
      "lng": 9.4666667
    },
    {
      "cityName": "Feitok",
      "lat": 5.5666667,
      "lng": 9.3666667
    },
    {
      "cityName": "Fotabe",
      "lat": 5.5166667,
      "lng": 9.6
    },
    {
      "cityName": "Funge",
      "lat": 4.75,
      "lng": 8.9
    },
    {
      "cityName": "Great Sopo",
      "lat": 4.1547222,
      "lng": 9.2427778
    },
    {
      "cityName": "Holtforth",
      "lat": 4.0708333,
      "lng": 9.3530556
    },
    {
      "cityName": "Hunyape",
      "lat": 5.2833333,
      "lng": 9.7333333
    },
    {
      "cityName": "Ibemi",
      "lat": 5.05,
      "lng": 9.2833333
    },
    {
      "cityName": "Idenao",
      "lat": 4.2475,
      "lng": 9.0047222
    },
    {
      "cityName": "Idenau",
      "lat": 4.2333333,
      "lng": 8.9833333
    },
    {
      "cityName": "Ido",
      "lat": 4.8,
      "lng": 8.9
    },
    {
      "cityName": "Ifanga Nalende",
      "lat": 4.9302778,
      "lng": 9.34
    },
    {
      "cityName": "Ifanga-Ya-Onya",
      "lat": 4.9438889,
      "lng": 9.3058333
    },
    {
      "cityName": "Ikange",
      "lat": 4.0975,
      "lng": 9.3936111
    },
    {
      "cityName": "Ikasa",
      "lat": 4.9333333,
      "lng": 8.8333333
    },
    {
      "cityName": "Ikata",
      "lat": 4.3405556,
      "lng": 9.3572222
    },
    {
      "cityName": "Ikenge",
      "lat": 5.25,
      "lng": 9.1166667
    },
    {
      "cityName": "Ikiliwindi",
      "lat": 4.7166667,
      "lng": 9.4833333
    },
    {
      "cityName": "Illoani",
      "lat": 4.5333333,
      "lng": 8.9833333
    },
    {
      "cityName": "Iloani",
      "lat": 4.5113889,
      "lng": 9.0263889
    },
    {
      "cityName": "Ine Asoma",
      "lat": 4.5,
      "lng": 8.9
    },
    {
      "cityName": "Ine Atayo",
      "lat": 4.5166667,
      "lng": 8.7
    },
    {
      "cityName": "Ine Ekpai",
      "lat": 4.55,
      "lng": 8.8833333
    },
    {
      "cityName": "Ine Ikoi",
      "lat": 4.6666667,
      "lng": 8.5166667
    },
    {
      "cityName": "Ine Mba",
      "lat": 4.5333333,
      "lng": 8.65
    },
    {
      "cityName": "Ine Okon Ideho",
      "lat": 4.5333333,
      "lng": 8.7833333
    },
    {
      "cityName": "Ine Okpo",
      "lat": 4.55,
      "lng": 8.8
    },
    {
      "cityName": "Inokum",
      "lat": 5.6833333,
      "lng": 9.0166667
    },
    {
      "cityName": "Ino Umo",
      "lat": 4.5666667,
      "lng": 8.7166667
    },
    {
      "cityName": "Inua Abasi",
      "lat": 4.5333333,
      "lng": 8.7666667
    },
    {
      "cityName": "Inua Mba",
      "lat": 4.5166667,
      "lng": 8.6666667
    },
    {
      "cityName": "Isobi",
      "lat": 4.1833333,
      "lng": 9
    },
    {
      "cityName": "Isongo",
      "lat": 4.0788889,
      "lng": 9.0238889
    },
    {
      "cityName": "Itabina",
      "lat": 4.7833333,
      "lng": 8.6333333
    },
    {
      "cityName": "Itende",
      "lat": 4.8166667,
      "lng": 9.1833333
    },
    {
      "cityName": "Iteri",
      "lat": 4.9052778,
      "lng": 9.1086111
    },
    {
      "cityName": "Itoki",
      "lat": 4.8333333,
      "lng": 8.95
    },
    {
      "cityName": "Itu",
      "lat": 5.6833333,
      "lng": 8.9
    },
    {
      "cityName": "Ituka",
      "lat": 5.0333333,
      "lng": 8.9333333
    },
    {
      "cityName": "Jabana II",
      "lat": 4.55,
      "lng": 8.5
    },
    {
      "cityName": "Kajifa",
      "lat": 5.9666667,
      "lng": 9.1833333
    },
    {
      "cityName": "Kake II",
      "lat": 4.6272222,
      "lng": 9.4133333
    },
    {
      "cityName": "Kak",
      "lat": 4.8827778,
      "lng": 9.7094444
    },
    {
      "cityName": "Kandonge",
      "lat": 4.5477778,
      "lng": 9.42
    },
    {
      "cityName": "Kasse",
      "lat": 4.3522222,
      "lng": 9.0441667
    },
    {
      "cityName": "Kekpam",
      "lat": 6.0833333,
      "lng": 9.4
    },
    {
      "cityName": "Kembong",
      "lat": 5.65,
      "lng": 9.2333333
    },
    {
      "cityName": "Keme",
      "lat": 4.1369444,
      "lng": 9.4622222
    },
    {
      "cityName": "Kesham",
      "lat": 5.8833333,
      "lng": 9.2833333
    },
    {
      "cityName": "Kita",
      "lat": 4.65,
      "lng": 8.9833333
    },
    {
      "cityName": "Klein Mbobue",
      "lat": 5.4666667,
      "lng": 8.9666667
    },
    {
      "cityName": "Kokobuma",
      "lat": 5.15,
      "lng": 9.4166667
    },
    {
      "cityName": "Kombone Bafaw",
      "lat": 4.99,
      "lng": 9.4352778
    },
    {
      "cityName": "Kombone",
      "lat": 4.5877778,
      "lng": 9.2952778
    },
    {
      "cityName": "Kombone Mission",
      "lat": 4.6144444,
      "lng": 9.3336111
    },
    {
      "cityName": "Kongwe",
      "lat": 4.1219444,
      "lng": 9.5241667
    },
    {
      "cityName": "Konje",
      "lat": 4.9425,
      "lng": 9.4772222
    },
    {
      "cityName": "Kotele",
      "lat": 6.3333333,
      "lng": 9.45
    },
    {
      "cityName": "Koto II",
      "lat": 4.3272222,
      "lng": 9.0686111
    },
    {
      "cityName": "Koto I",
      "lat": 4.3527778,
      "lng": 9.0763889
    },
    {
      "cityName": "Koto",
      "lat": 4.6938889,
      "lng": 9.1997222
    },
    {
      "cityName": "Kukaka",
      "lat": 4.9194444,
      "lng": 9.4733333
    },
    {
      "cityName": "Kuke Bova",
      "lat": 4.46,
      "lng": 9.2466667
    },
    {
      "cityName": "Kumba",
      "lat": 4.6438889,
      "lng": 9.4386111
    },
    {
      "cityName": "Kumbe Balondo",
      "lat": 4.5841667,
      "lng": 9.0530556
    },
    {
      "cityName": "Kumbe Balue",
      "lat": 4.6961111,
      "lng": 9.2113889
    },
    {
      "cityName": "Kumin",
      "lat": 4.9936111,
      "lng": 9.7075
    },
    {
      "cityName": "Kumukumu",
      "lat": 4.6594444,
      "lng": 9.2461111
    },
    {
      "cityName": "Kupe",
      "lat": 4.7611111,
      "lng": 9.6888889
    },
    {
      "cityName": "Kurume",
      "lat": 4.9022222,
      "lng": 9.4727778
    },
    {
      "cityName": "Likoki",
      "lat": 4.1919444,
      "lng": 9.4430556
    },
    {
      "cityName": "Likoko",
      "lat": 4.4016667,
      "lng": 9.3208333
    },
    {
      "cityName": "Likoko Mimbia",
      "lat": 4.1477778,
      "lng": 9.2294444
    },
    {
      "cityName": "Likomba",
      "lat": 4.0983333,
      "lng": 9.3397222
    },
    {
      "cityName": "Lilale",
      "lat": 4.4105556,
      "lng": 9.2844444
    },
    {
      "cityName": "Limbe",
      "lat": 4.0127778,
      "lng": 9.2202778
    },
    {
      "cityName": "Limbo",
      "lat": 5.2333333,
      "lng": 9.7666667
    },
    {
      "cityName": "Lipenja",
      "lat": 4.8002778,
      "lng": 9.3263889
    },
    {
      "cityName": "Lipenja Mukete",
      "lat": 4.8433333,
      "lng": 9.1025
    },
    {
      "cityName": "Lipenja Village",
      "lat": 4.6502778,
      "lng": 9.0925
    },
    {
      "cityName": "Lisoka",
      "lat": 4.2238889,
      "lng": 9.2986111
    },
    {
      "cityName": "Lisoni",
      "lat": 4.7333333,
      "lng": 9.2833333
    },
    {
      "cityName": "Lissombe",
      "lat": 4.3866667,
      "lng": 9.0494444
    },
    {
      "cityName": "Liwenji",
      "lat": 4.3788889,
      "lng": 9.0152778
    },
    {
      "cityName": "Lobe Estate",
      "lat": 4.6066667,
      "lng": 9.0822222
    },
    {
      "cityName": "Lobe Village",
      "lat": 4.5936111,
      "lng": 9.0416667
    },
    {
      "cityName": "Loe",
      "lat": 4.7166667,
      "lng": 8.9166667
    },
    {
      "cityName": "Lokanda",
      "lat": 4.8580556,
      "lng": 9.2827778
    },
    {
      "cityName": "Lubangi",
      "lat": 4.9413889,
      "lng": 9.3644444
    },
    {
      "cityName": "Mabeta",
      "lat": 3.9830556,
      "lng": 9.2805556
    },
    {
      "cityName": "Mabonji",
      "lat": 4.5733333,
      "lng": 9.2002778
    },
    {
      "cityName": "Madale",
      "lat": 4.3,
      "lng": 8.9
    },
    {
      "cityName": "Mafako",
      "lat": 4.8613889,
      "lng": 9.2505556
    },
    {
      "cityName": "Mafakwe",
      "lat": 6.05,
      "lng": 9.4166667
    },
    {
      "cityName": "Mafanja",
      "lat": 4.0852778,
      "lng": 9.1791667
    },
    {
      "cityName": "Mahole",
      "lat": 4.8244444,
      "lng": 9.6088889
    },
    {
      "cityName": "Makobe",
      "lat": 4.7847222,
      "lng": 9.3938889
    },
    {
      "cityName": "Maku",
      "lat": 6.1333333,
      "lng": 9.6
    },
    {
      "cityName": "Malende",
      "lat": 4.3508333,
      "lng": 9.4313889
    },
    {
      "cityName": "Mambanda Camp",
      "lat": 4.6388889,
      "lng": 9.5091667
    },
    {
      "cityName": "Mambanda",
      "lat": 4.6475,
      "lng": 9.4766667
    },
    {
      "cityName": "Mamfe",
      "lat": 5.7666667,
      "lng": 9.2833333
    },
    {
      "cityName": "Mamu",
      "lat": 4.2158333,
      "lng": 9.3030556
    },
    {
      "cityName": "Mandese",
      "lat": 4.3897222,
      "lng": 9.4725
    },
    {
      "cityName": "Manga",
      "lat": 4.1161111,
      "lng": 9.4391667
    },
    {
      "cityName": "Mangékam",
      "lat": 5.1666667,
      "lng": 9.7833333
    },
    {
      "cityName": "Mangé Masadi",
      "lat": 3.9747222,
      "lng": 9.3933333
    },
    {
      "cityName": "Mange Samba",
      "lat": 4.0827778,
      "lng": 9.4569444
    },
    {
      "cityName": "Mangundu",
      "lat": 4.2713889,
      "lng": 9.2980556
    },
    {
      "cityName": "Manjeme",
      "lat": 5.2166667,
      "lng": 9.4
    },
    {
      "cityName": "Man O'War",
      "lat": 3.95,
      "lng": 9.2166667
    },
    {
      "cityName": "Manta",
      "lat": 4.9775,
      "lng": 9.7369444
    },
    {
      "cityName": "Maromba",
      "lat": 4.5833333,
      "lng": 9.0833333
    },
    {
      "cityName": "Marumba II",
      "lat": 4.58,
      "lng": 9.3413889
    },
    {
      "cityName": "Marumba I",
      "lat": 4.5936111,
      "lng": 9.3416667
    },
    {
      "cityName": "Massaka I",
      "lat": 4.6986111,
      "lng": 9.2927778
    },
    {
      "cityName": "Massuma",
      "lat": 4.2861111,
      "lng": 9.3591667
    },
    {
      "cityName": "Matamani",
      "lat": 4.9833333,
      "lng": 8.9166667
    },
    {
      "cityName": "Matango",
      "lat": 4.2608333,
      "lng": 9.3255556
    },
    {
      "cityName": "Matene",
      "lat": 6.25,
      "lng": 9.3833333
    },
    {
      "cityName": "Matondo II",
      "lat": 4.8686111,
      "lng": 9.3908333
    },
    {
      "cityName": "Matondo I",
      "lat": 4.8222222,
      "lng": 9.4588889
    },
    {
      "cityName": "Mator Butu",
      "lat": 4.7677778,
      "lng": 9.3997222
    },
    {
      "cityName": "Matute",
      "lat": 4.1172222,
      "lng": 9.4163889
    },
    {
      "cityName": "Mbaakam",
      "lat": 5.7333333,
      "lng": 9.1
    },
    {
      "cityName": "Mbabe",
      "lat": 4.8175,
      "lng": 9.6580556
    },
    {
      "cityName": "Mbabon",
      "lat": 5.5833333,
      "lng": 9.0333333
    },
    {
      "cityName": "Mbakang",
      "lat": 5.7166667,
      "lng": 9.1333333
    },
    {
      "cityName": "Mbakwa Supe",
      "lat": 5.0333333,
      "lng": 9.4166667
    },
    {
      "cityName": "Mbange",
      "lat": 4.8269444,
      "lng": 9.1133333
    },
    {
      "cityName": "Mbassa",
      "lat": 4.0333333,
      "lng": 9.1166667
    },
    {
      "cityName": "Mbenge",
      "lat": 4.9827778,
      "lng": 9.595
    },
    {
      "cityName": "Mbenjan",
      "lat": 5.7333333,
      "lng": 9.0166667
    },
    {
      "cityName": "Mbenmong",
      "lat": 4.8,
      "lng": 8.6
    },
    {
      "cityName": "Mbinda",
      "lat": 5.4666667,
      "lng": 8.8666667
    },
    {
      "cityName": "Mbinjong",
      "lat": 5.6666667,
      "lng": 9.4333333
    },
    {
      "cityName": "Mbiofiong",
      "lat": 5.4166667,
      "lng": 8.9333333
    },
    {
      "cityName": "Mbogmut",
      "lat": 4.9463889,
      "lng": 9.7019444
    },
    {
      "cityName": "Mbokem",
      "lat": 5.25,
      "lng": 9.75
    },
    {
      "cityName": "Mboku",
      "lat": 5.1166667,
      "lng": 9.1833333
    },
    {
      "cityName": "Mbombe",
      "lat": 4.9852778,
      "lng": 9.3580556
    },
    {
      "cityName": "Mbongé",
      "lat": 4.5363889,
      "lng": 9.1111111
    },
    {
      "cityName": "Mbonge-Meteke II",
      "lat": 4.7461111,
      "lng": 9.4275
    },
    {
      "cityName": "Mbonge Meteke I",
      "lat": 4.7986111,
      "lng": 9.3863889
    },
    {
      "cityName": "Mbong",
      "lat": 4.7838889,
      "lng": 9.6516667
    },
    {
      "cityName": "Mbongo",
      "lat": 4.4666667,
      "lng": 8.9666667
    },
    {
      "cityName": "Mbule",
      "lat": 4.8044444,
      "lng": 9.6697222
    },
    {
      "cityName": "Meanja",
      "lat": 4.2730556,
      "lng": 9.3922222
    },
    {
      "cityName": "Mekedaku",
      "lat": 4.91,
      "lng": 9.6841667
    },
    {
      "cityName": "Mekedembeng",
      "lat": 4.8966667,
      "lng": 9.6777778
    },
    {
      "cityName": "Mekoli",
      "lat": 4.9166667,
      "lng": 9.2833333
    },
    {
      "cityName": "Mekoma",
      "lat": 4.8275,
      "lng": 9.2091667
    },
    {
      "cityName": "Mekom",
      "lat": 4.9475,
      "lng": 9.5369444
    },
    {
      "cityName": "Meme",
      "lat": 4.5366667,
      "lng": 9.0825
    },
    {
      "cityName": "Mesambe",
      "lat": 4.4483333,
      "lng": 9.2675
    },
    {
      "cityName": "Messaka",
      "lat": 4.9866667,
      "lng": 9.6069444
    },
    {
      "cityName": "Meta",
      "lat": 4.8797222,
      "lng": 9.1275
    },
    {
      "cityName": "Metoko Ma Bekondo",
      "lat": 4.6141667,
      "lng": 9.2030556
    },
    {
      "cityName": "Metoko",
      "lat": 4.65,
      "lng": 8.9666667
    },
    {
      "cityName": "Metta",
      "lat": 5.0666667,
      "lng": 8.9833333
    },
    {
      "cityName": "Mfum",
      "lat": 5.6666667,
      "lng": 9.2666667
    },
    {
      "cityName": "Missaka",
      "lat": 4.1902778,
      "lng": 9.5130556
    },
    {
      "cityName": "Mitondo",
      "lat": 3.9786111,
      "lng": 9.2244444
    },
    {
      "cityName": "Mobange",
      "lat": 4.0833333,
      "lng": 9
    },
    {
      "cityName": "Modeka",
      "lat": 4.1369444,
      "lng": 9.4925
    },
    {
      "cityName": "Mofako Bekondo",
      "lat": 4.6341667,
      "lng": 9.3386111
    },
    {
      "cityName": "Moki",
      "lat": 4.8666667,
      "lng": 8.95
    },
    {
      "cityName": "Mokoko",
      "lat": 4.5461111,
      "lng": 9.0411111
    },
    {
      "cityName": "Moko",
      "lat": 4.1616667,
      "lng": 9.4702778
    },
    {
      "cityName": "Mokona",
      "lat": 4.6352778,
      "lng": 9.1669444
    },
    {
      "cityName": "Mokota",
      "lat": 4.075,
      "lng": 9.4686111
    },
    {
      "cityName": "Mokunda",
      "lat": 4.055,
      "lng": 9.1730556
    },
    {
      "cityName": "Mokundange",
      "lat": 4.0263889,
      "lng": 9.1463889
    },
    {
      "cityName": "Moliko",
      "lat": 4.1594444,
      "lng": 9.2819444
    },
    {
      "cityName": "Moliwe",
      "lat": 4.0727778,
      "lng": 9.2444444
    },
    {
      "cityName": "Molonga",
      "lat": 4.9333333,
      "lng": 9.0333333
    },
    {
      "cityName": "Molongo",
      "lat": 4.9277778,
      "lng": 9.5680556
    },
    {
      "cityName": "Mondoni",
      "lat": 4.1897222,
      "lng": 9.4711111
    },
    {
      "cityName": "Mongossi",
      "lat": 4.5805556,
      "lng": 9.0138889
    },
    {
      "cityName": "Monyangi",
      "lat": 4.7833333,
      "lng": 8.95
    },
    {
      "cityName": "Mosongeseli",
      "lat": 4.9166667,
      "lng": 8.7666667
    },
    {
      "cityName": "Motindi",
      "lat": 4.8969444,
      "lng": 9.1213889
    },
    {
      "cityName": "Moukonyé",
      "lat": 4.5838889,
      "lng": 9.505
    },
    {
      "cityName": "Moundamé",
      "lat": 4.5591667,
      "lng": 9.5233333
    },
    {
      "cityName": "Mouyouka",
      "lat": 4.2972222,
      "lng": 9.4055556
    },
    {
      "cityName": "Mowutu",
      "lat": 4.2669444,
      "lng": 9.3602778
    },
    {
      "cityName": "Mpako",
      "lat": 4.8688889,
      "lng": 9.7027778
    },
    {
      "cityName": "Mpondo",
      "lat": 4.2386111,
      "lng": 9.4091667
    },
    {
      "cityName": "Muakam",
      "lat": 4.9886111,
      "lng": 9.7588889
    },
    {
      "cityName": "Muambong II",
      "lat": 4.9591667,
      "lng": 9.7266667
    },
    {
      "cityName": "Muea",
      "lat": 4.1805556,
      "lng": 9.3036111
    },
    {
      "cityName": "Mufako",
      "lat": 5.1833333,
      "lng": 9
    },
    {
      "cityName": "Mukang",
      "lat": 5.1333333,
      "lng": 9.0666667
    },
    {
      "cityName": "Mukoro",
      "lat": 4.7430556,
      "lng": 9.1977778
    },
    {
      "cityName": "Mundame",
      "lat": 4.2597222,
      "lng": 9.3105556
    },
    {
      "cityName": "Mundemba",
      "lat": 4.95,
      "lng": 8.8666667
    },
    {
      "cityName": "Mundongo",
      "lat": 4.4108333,
      "lng": 9.1330556
    },
    {
      "cityName": "Mundum",
      "lat": 4.8536111,
      "lng": 9.6875
    },
    {
      "cityName": "Mungo",
      "lat": 4.1102778,
      "lng": 9.5372222
    },
    {
      "cityName": "Mungo Ndor",
      "lat": 5.2,
      "lng": 9.5166667
    },
    {
      "cityName": "Munyange",
      "lat": 4.4077778,
      "lng": 9.1205556
    },
    {
      "cityName": "Munyenge",
      "lat": 4.4111111,
      "lng": 9.2652778
    },
    {
      "cityName": "Mussaka Village",
      "lat": 4.1825,
      "lng": 9.3286111
    },
    {
      "cityName": "Mutengene",
      "lat": 4.0994444,
      "lng": 9.3080556
    },
    {
      "cityName": "Muydip",
      "lat": 4.9802778,
      "lng": 9.7522222
    },
    {
      "cityName": "Mweli",
      "lat": 4.3936111,
      "lng": 9.1075
    },
    {
      "cityName": "Nake Bongwana",
      "lat": 4.5733333,
      "lng": 9.2861111
    },
    {
      "cityName": "Narende",
      "lat": 4.7530556,
      "lng": 9.0925
    },
    {
      "cityName": "Ndanse Afaga",
      "lat": 4.6666667,
      "lng": 8.65
    },
    {
      "cityName": "Ndifo",
      "lat": 4.4333333,
      "lng": 9.45
    },
    {
      "cityName": "Ndikolo",
      "lat": 4.9422222,
      "lng": 9.3825
    },
    {
      "cityName": "Ndiri",
      "lat": 6.4,
      "lng": 9.4666667
    },
    {
      "cityName": "Ndissi",
      "lat": 4.8633333,
      "lng": 9.6472222
    },
    {
      "cityName": "Ndjop",
      "lat": 5.15,
      "lng": 9.7833333
    },
    {
      "cityName": "Ndoi Bakundu",
      "lat": 4.9288889,
      "lng": 9.475
    },
    {
      "cityName": "Ndoi",
      "lat": 4.8833333,
      "lng": 9.4333333
    },
    {
      "cityName": "Ndondono",
      "lat": 4.8366667,
      "lng": 9.2525
    },
    {
      "cityName": "Ndongo",
      "lat": 4.0830556,
      "lng": 9.3413889
    },
    {
      "cityName": "Ndouma",
      "lat": 4.85,
      "lng": 9.6833333
    },
    {
      "cityName": "Ndoum",
      "lat": 4.8777778,
      "lng": 9.7163889
    },
    {
      "cityName": "Ndou",
      "lat": 5.25,
      "lng": 9.7666667
    },
    {
      "cityName": "Ndu",
      "lat": 4.2666667,
      "lng": 9.2333333
    },
    {
      "cityName": "New Bonako",
      "lat": 4.1477778,
      "lng": 9.5066667
    },
    {
      "cityName": "New Butu",
      "lat": 4.7408333,
      "lng": 9.3244444
    },
    {
      "cityName": "New Difenda",
      "lat": 4.9452778,
      "lng": 9.3725
    },
    {
      "cityName": "New Madie",
      "lat": 4.9952778,
      "lng": 9.2205556
    },
    {
      "cityName": "Ngabe",
      "lat": 4.7705556,
      "lng": 9.6597222
    },
    {
      "cityName": "Ngale",
      "lat": 6.4333333,
      "lng": 9.4666667
    },
    {
      "cityName": "Ngali",
      "lat": 6.3333333,
      "lng": 9.5333333
    },
    {
      "cityName": "Nganjo Bolende",
      "lat": 4.5755556,
      "lng": 9.1311111
    },
    {
      "cityName": "Ngany",
      "lat": 5.1666667,
      "lng": 8.9333333
    },
    {
      "cityName": "Ngeme",
      "lat": 4.0233333,
      "lng": 9.175
    },
    {
      "cityName": "Ngolo Metoko",
      "lat": 4.6575,
      "lng": 9.0508333
    },
    {
      "cityName": "Ngombé Akou",
      "lat": 4.9225,
      "lng": 9.7233333
    },
    {
      "cityName": "Ngombombeng",
      "lat": 4.9069444,
      "lng": 9.7130556
    },
    {
      "cityName": "Ngomoïn",
      "lat": 4.9833333,
      "lng": 9.7333333
    },
    {
      "cityName": "Ngongo",
      "lat": 4.5519444,
      "lng": 9.2336111
    },
    {
      "cityName": "Ngumu",
      "lat": 4.8833333,
      "lng": 8.7833333
    },
    {
      "cityName": "Nguru",
      "lat": 5.25,
      "lng": 8.85
    },
    {
      "cityName": "Ngussi",
      "lat": 4.8488889,
      "lng": 9.6533333
    },
    {
      "cityName": "Nguti",
      "lat": 5.3,
      "lng": 9.4333333
    },
    {
      "cityName": "Ngwenge",
      "lat": 4.6694444,
      "lng": 9.0972222
    },
    {
      "cityName": "Njoke",
      "lat": 4.3213889,
      "lng": 9.4283333
    },
    {
      "cityName": "Nkawkaw",
      "lat": 5.5666667,
      "lng": 9.1166667
    },
    {
      "cityName": "Nkemchi",
      "lat": 5.6833333,
      "lng": 9.15
    },
    {
      "cityName": "Nkondop",
      "lat": 5.2333333,
      "lng": 8.8166667
    },
    {
      "cityName": "Nsanakang",
      "lat": 5.8833333,
      "lng": 8.9833333
    },
    {
      "cityName": "Nsanaragati",
      "lat": 5.8666667,
      "lng": 8.9
    },
    {
      "cityName": "Nsouké",
      "lat": 4.795,
      "lng": 9.6541667
    },
    {
      "cityName": "Ntale",
      "lat": 5.2333333,
      "lng": 9.5833333
    },
    {
      "cityName": "Ntamele",
      "lat": 6.2666667,
      "lng": 9.5333333
    },
    {
      "cityName": "Nyale",
      "lat": 4.9986111,
      "lng": 9.645
    },
    {
      "cityName": "Nyandong",
      "lat": 4.9661111,
      "lng": 9.5855556
    },
    {
      "cityName": "Nyange",
      "lat": 4.6558333,
      "lng": 9.2163889
    },
    {
      "cityName": "Nyang",
      "lat": 4.8872222,
      "lng": 9.7641667
    },
    {
      "cityName": "Nyan",
      "lat": 5.1333333,
      "lng": 9.7833333
    },
    {
      "cityName": "Nyasoso",
      "lat": 4.8283333,
      "lng": 9.6819444
    },
    {
      "cityName": "Nzakonn",
      "lat": 5.25,
      "lng": 9.7333333
    },
    {
      "cityName": "Obonye",
      "lat": 6.1166667,
      "lng": 9.2666667
    },
    {
      "cityName": "Ogoran",
      "lat": 5.4666667,
      "lng": 8.95
    },
    {
      "cityName": "Oka",
      "lat": 5.9833333,
      "lng": 9.1166667
    },
    {
      "cityName": "Okobo",
      "lat": 5,
      "lng": 8.7
    },
    {
      "cityName": "Okulikang",
      "lat": 5.65,
      "lng": 9.0166667
    },
    {
      "cityName": "Okuri",
      "lat": 5.45,
      "lng": 8.85
    },
    {
      "cityName": "Old Ifanga",
      "lat": 4.9475,
      "lng": 9.2819444
    },
    {
      "cityName": "Ombe",
      "lat": 4.0908333,
      "lng": 9.2808333
    },
    {
      "cityName": "Ombe Rein",
      "lat": 4.0333333,
      "lng": 9.3047222
    },
    {
      "cityName": "Ossele",
      "lat": 5.4166667,
      "lng": 9.1833333
    },
    {
      "cityName": "Ossing",
      "lat": 5.65,
      "lng": 9.2833333
    },
    {
      "cityName": "Otu",
      "lat": 5.7166667,
      "lng": 8.8666667
    },
    {
      "cityName": "Owe",
      "lat": 4.3047222,
      "lng": 9.3719444
    },
    {
      "cityName": "Palabongo",
      "lat": 4.5986111,
      "lng": 9.515
    },
    {
      "cityName": "Peng",
      "lat": 4.7366667,
      "lng": 9.6411111
    },
    {
      "cityName": "Pesikombe",
      "lat": 4.7222222,
      "lng": 9.4725
    },
    {
      "cityName": "Pete",
      "lat": 4.5436111,
      "lng": 9.3655556
    },
    {
      "cityName": "Pundu",
      "lat": 4.5211111,
      "lng": 9.1333333
    },
    {
      "cityName": "Pungo",
      "lat": 4.1191667,
      "lng": 9.395
    },
    {
      "cityName": "Rio-del-Rey",
      "lat": 4.7333333,
      "lng": 8.65
    },
    {
      "cityName": "Sanje",
      "lat": 4.2333333,
      "lng": 8.9666667
    },
    {
      "cityName": "Sasse",
      "lat": 4.1169444,
      "lng": 9.2291667
    },
    {
      "cityName": "Saxenhof",
      "lat": 4.1025,
      "lng": 9.2191667
    },
    {
      "cityName": "Sekám",
      "lat": 5.1666667,
      "lng": 9.2833333
    },
    {
      "cityName": "Small Ekombe",
      "lat": 4.6180556,
      "lng": 9.3811111
    },
    {
      "cityName": "Small Massaka",
      "lat": 4.8102778,
      "lng": 9.2866667
    },
    {
      "cityName": "Small Moundu",
      "lat": 4.2552778,
      "lng": 9.3908333
    },
    {
      "cityName": "Small Ngwandi",
      "lat": 4.7238889,
      "lng": 9.2469444
    },
    {
      "cityName": "Small Sofo",
      "lat": 4.9327778,
      "lng": 9.3138889
    },
    {
      "cityName": "Small Sopo",
      "lat": 4.1380556,
      "lng": 9.2436111
    },
    {
      "cityName": "Sokulang",
      "lat": 4.1091667,
      "lng": 9.4841667
    },
    {
      "cityName": "Sone",
      "lat": 4.1119444,
      "lng": 9.3877778
    },
    {
      "cityName": "Soppo",
      "lat": 4.15,
      "lng": 9.2833333
    },
    {
      "cityName": "Takamanda",
      "lat": 6.05,
      "lng": 9.2833333
    },
    {
      "cityName": "Takwe",
      "lat": 5.95,
      "lng": 9.3833333
    },
    {
      "cityName": "Talangaje",
      "lat": 5.1333333,
      "lng": 9.4
    },
    {
      "cityName": "Tali",
      "lat": 5.5833333,
      "lng": 9.6666667
    },
    {
      "cityName": "Tamben",
      "lat": 4.1216667,
      "lng": 9.335
    },
    {
      "cityName": "Tape",
      "lat": 4.8822222,
      "lng": 9.7372222
    },
    {
      "cityName": "Tawo",
      "lat": 5.7666667,
      "lng": 9.1166667
    },
    {
      "cityName": "Tembang",
      "lat": 5.4666667,
      "lng": 9.5666667
    },
    {
      "cityName": "Three Corners Bekondo",
      "lat": 4.6608333,
      "lng": 9.3225
    },
    {
      "cityName": "Tiko",
      "lat": 4.0786111,
      "lng": 9.3680556
    },
    {
      "cityName": "Tinta",
      "lat": 6.25,
      "lng": 9.5166667
    },
    {
      "cityName": "Tinto",
      "lat": 5.5333333,
      "lng": 9.6
    },
    {
      "cityName": "Toko",
      "lat": 4.895,
      "lng": 9.1027778
    },
    {
      "cityName": "Tole Tea Estate",
      "lat": 4.1,
      "lng": 9.2166667
    },
    {
      "cityName": "Tole",
      "lat": 4.125,
      "lng": 9.2425
    },
    {
      "cityName": "Tombel",
      "lat": 4.7516667,
      "lng": 9.6727778
    },
    {
      "cityName": "Weme",
      "lat": 4.7816667,
      "lng": 9.1944444
    },
    {
      "cityName": "Wututu",
      "lat": 4.0838889,
      "lng": 9.2222222
    },
    {
      "cityName": "Yundi",
      "lat": 4.1505556,
      "lng": 9.5294444
    }
  ]
}