{
  "name": "Moxico",
  "cities": [
    {
      "cityName": "Agema",
      "lat": -12.05,
      "lng": 21.8166667
    },
    {
      "cityName": "Alto Cuilo",
      "lat": -13.4333333,
      "lng": 18.8666667
    },
    {
      "cityName": "Ambaeta",
      "lat": -11.9166667,
      "lng": 22.1
    },
    {
      "cityName": "Amengingo",
      "lat": -11.6,
      "lng": 19.6
    },
    {
      "cityName": "Aripucula",
      "lat": -11.6666667,
      "lng": 21.75
    },
    {
      "cityName": "Aufah",
      "lat": -12.65,
      "lng": 22.6
    },
    {
      "cityName": "Aula",
      "lat": -12.2333333,
      "lng": 19.5
    },
    {
      "cityName": "Bailundo",
      "lat": -12.4,
      "lng": 22.5666667
    },
    {
      "cityName": "Bala Cangamba",
      "lat": -13.7333333,
      "lng": 19.8666667
    },
    {
      "cityName": "Bambi",
      "lat": -14.1166667,
      "lng": 21.5833333
    },
    {
      "cityName": "Bambo",
      "lat": -15.0333333,
      "lng": 21.4333333
    },
    {
      "cityName": "Banatiere",
      "lat": -15.1833333,
      "lng": 21.55
    },
    {
      "cityName": "Bandoa",
      "lat": -14.8166667,
      "lng": 20.6666667
    },
    {
      "cityName": "Bembe",
      "lat": -12.9,
      "lng": 18.3833333
    },
    {
      "cityName": "Benda",
      "lat": -15.6666667,
      "lng": 21.5666667
    },
    {
      "cityName": "Bimandi",
      "lat": -14.9333333,
      "lng": 20.65
    },
    {
      "cityName": "Bimbale",
      "lat": -12.15,
      "lng": 18.95
    },
    {
      "cityName": "Bisska",
      "lat": -11.9333333,
      "lng": 21.7333333
    },
    {
      "cityName": "Bohunda",
      "lat": -12.75,
      "lng": 18.4333333
    },
    {
      "cityName": "Botiqui",
      "lat": -14.8166667,
      "lng": 20.85
    },
    {
      "cityName": "Branco",
      "lat": -12.5,
      "lng": 20.5333333
    },
    {
      "cityName": "Buatama",
      "lat": -14.5833333,
      "lng": 20.7833333
    },
    {
      "cityName": "Buçaco",
      "lat": -11.4333333,
      "lng": 20.1666667
    },
    {
      "cityName": "Bumba",
      "lat": -11.9833333,
      "lng": 23.1666667
    },
    {
      "cityName": "Bundo",
      "lat": -13.35,
      "lng": 18.8166667
    },
    {
      "cityName": "Cabango",
      "lat": -11.55,
      "lng": 23.1833333
    },
    {
      "cityName": "Cabila",
      "lat": -11.6666667,
      "lng": 23.1666667
    },
    {
      "cityName": "Cacacanga",
      "lat": -16.1,
      "lng": 21.9166667
    },
    {
      "cityName": "Cacaco",
      "lat": -14.2166667,
      "lng": 21.6333333
    },
    {
      "cityName": "Cacanda",
      "lat": -11.1,
      "lng": 23.2166667
    },
    {
      "cityName": "Cacande",
      "lat": -12.8666667,
      "lng": 22.75
    },
    {
      "cityName": "Cacanga",
      "lat": -12.2166667,
      "lng": 21.8333333
    },
    {
      "cityName": "Cachaca",
      "lat": -14.9333333,
      "lng": 21.85
    },
    {
      "cityName": "Cachala",
      "lat": -11.5333333,
      "lng": 20.7
    },
    {
      "cityName": "Cachibo",
      "lat": -12.2,
      "lng": 22.6833333
    },
    {
      "cityName": "Cachingongo",
      "lat": -11.2666667,
      "lng": 23.45
    },
    {
      "cityName": "Cachipoque",
      "lat": -11.95,
      "lng": 19.2
    },
    {
      "cityName": "Cachiriavinha",
      "lat": -12.8333333,
      "lng": 22.1833333
    },
    {
      "cityName": "Cachungo",
      "lat": -11.0333333,
      "lng": 21.7666667
    },
    {
      "cityName": "Cacoio",
      "lat": -14.5166667,
      "lng": 21.8
    },
    {
      "cityName": "Cacondo",
      "lat": -13.65,
      "lng": 21.4333333
    },
    {
      "cityName": "Cacunde",
      "lat": -11.2166667,
      "lng": 23.4833333
    },
    {
      "cityName": "Cacupa",
      "lat": -12.1666667,
      "lng": 21.8666667
    },
    {
      "cityName": "Caembe",
      "lat": -11.2333333,
      "lng": 22.8
    },
    {
      "cityName": "Cafana",
      "lat": -12.25,
      "lng": 23.6666667
    },
    {
      "cityName": "Cafua",
      "lat": -12.1166667,
      "lng": 23.6
    },
    {
      "cityName": "Cafuca",
      "lat": -15.2,
      "lng": 21.4166667
    },
    {
      "cityName": "Cafula",
      "lat": -11.35,
      "lng": 22.4666667
    },
    {
      "cityName": "Cafungo",
      "lat": -10.9,
      "lng": 22.1
    },
    {
      "cityName": "Cahango",
      "lat": -13.35,
      "lng": 18.4833333
    },
    {
      "cityName": "Cahua",
      "lat": -12.5166667,
      "lng": 23.5166667
    },
    {
      "cityName": "Caiambo",
      "lat": -11.9166667,
      "lng": 19
    },
    {
      "cityName": "Caianda",
      "lat": -11,
      "lng": 23.5333333
    },
    {
      "cityName": "Caiandula",
      "lat": -13.4666667,
      "lng": 19.6166667
    },
    {
      "cityName": "Caiangula",
      "lat": -13.6833333,
      "lng": 20.1666667
    },
    {
      "cityName": "Caiato",
      "lat": -12.8333333,
      "lng": 20.9666667
    },
    {
      "cityName": "Caiembe",
      "lat": -10.8333333,
      "lng": 22.1333333
    },
    {
      "cityName": "Caiengue",
      "lat": -12.6166667,
      "lng": 20.8666667
    },
    {
      "cityName": "Caimana",
      "lat": -12.6833333,
      "lng": 23.2333333
    },
    {
      "cityName": "Caiombo",
      "lat": -11.1166667,
      "lng": 23.9166667
    },
    {
      "cityName": "Caiongo",
      "lat": -14.0833333,
      "lng": 20.95
    },
    {
      "cityName": "Calabanda",
      "lat": -13.65,
      "lng": 21.15
    },
    {
      "cityName": "Calala",
      "lat": -12.05,
      "lng": 23.25
    },
    {
      "cityName": "Calamba",
      "lat": -11.3166667,
      "lng": 21.2333333
    },
    {
      "cityName": "Calanda",
      "lat": -12.0666667,
      "lng": 19.2
    },
    {
      "cityName": "Calanga",
      "lat": -12.2333333,
      "lng": 23.1
    },
    {
      "cityName": "Calanjimbo",
      "lat": -12.95,
      "lng": 23.8833333
    },
    {
      "cityName": "Calego",
      "lat": -12.1166667,
      "lng": 23.6166667
    },
    {
      "cityName": "Calema",
      "lat": -12.2166667,
      "lng": 19.1333333
    },
    {
      "cityName": "Calembe",
      "lat": -11.9666667,
      "lng": 22.6
    },
    {
      "cityName": "Calenga",
      "lat": -11.2,
      "lng": 23.9
    },
    {
      "cityName": "Calengo",
      "lat": -12.9333333,
      "lng": 18.3166667
    },
    {
      "cityName": "Calombinga",
      "lat": -11.7166667,
      "lng": 20.4333333
    },
    {
      "cityName": "Calomo",
      "lat": -12.9,
      "lng": 21.85
    },
    {
      "cityName": "Caluache",
      "lat": -11.4833333,
      "lng": 23.6833333
    },
    {
      "cityName": "Caluango",
      "lat": -11.5166667,
      "lng": 23.0166667
    },
    {
      "cityName": "Calunda",
      "lat": -11.1,
      "lng": 23.8333333
    },
    {
      "cityName": "Calunga",
      "lat": -11.6833333,
      "lng": 20.85
    },
    {
      "cityName": "Calupemba",
      "lat": -12.1333333,
      "lng": 19.8833333
    },
    {
      "cityName": "Caluto",
      "lat": -12.25,
      "lng": 22.95
    },
    {
      "cityName": "Cama-Congo",
      "lat": -11.45,
      "lng": 22.1666667
    },
    {
      "cityName": "Camalamba",
      "lat": -11.8,
      "lng": 23.05
    },
    {
      "cityName": "Camandacata",
      "lat": -15.1666667,
      "lng": 21.3833333
    },
    {
      "cityName": "Camano",
      "lat": -11.4666667,
      "lng": 23.0833333
    },
    {
      "cityName": "Camanongue",
      "lat": -11.2833333,
      "lng": 20.4
    },
    {
      "cityName": "Cambaba",
      "lat": -13.2333333,
      "lng": 20.6166667
    },
    {
      "cityName": "Cambachoco",
      "lat": -11.6333333,
      "lng": 19.7666667
    },
    {
      "cityName": "Cambamareque",
      "lat": -14.1333333,
      "lng": 20.1
    },
    {
      "cityName": "Cambamba",
      "lat": -15.8166667,
      "lng": 21.7
    },
    {
      "cityName": "Cambambe",
      "lat": -13.4166667,
      "lng": 19.3
    },
    {
      "cityName": "Cambila",
      "lat": -11.7,
      "lng": 20.4
    },
    {
      "cityName": "Cambinda",
      "lat": -14.1,
      "lng": 21.9333333
    },
    {
      "cityName": "Cambirima",
      "lat": -12.9833333,
      "lng": 23.2
    },
    {
      "cityName": "Cambita",
      "lat": -14.9,
      "lng": 20.3
    },
    {
      "cityName": "Camboi",
      "lat": -12.6166667,
      "lng": 22.5666667
    },
    {
      "cityName": "Cambombo",
      "lat": -15.2833333,
      "lng": 21.5666667
    },
    {
      "cityName": "Cambuco",
      "lat": -14.4,
      "lng": 21.65
    },
    {
      "cityName": "Cambulo",
      "lat": -12.9166667,
      "lng": 23.3666667
    },
    {
      "cityName": "Cambungo",
      "lat": -13.7166667,
      "lng": 20.1666667
    },
    {
      "cityName": "Cambuta",
      "lat": -12.95,
      "lng": 18.95
    },
    {
      "cityName": "Cameia",
      "lat": -11.55,
      "lng": 20.7833333
    },
    {
      "cityName": "Camenga",
      "lat": -11.7,
      "lng": 23.7166667
    },
    {
      "cityName": "Camisamba",
      "lat": -12,
      "lng": 19.3333333
    },
    {
      "cityName": "Camissevo",
      "lat": -12.9166667,
      "lng": 21.25
    },
    {
      "cityName": "Camitange",
      "lat": -12.1333333,
      "lng": 19.1333333
    },
    {
      "cityName": "Camocho",
      "lat": -11.7833333,
      "lng": 23.5166667
    },
    {
      "cityName": "Camuanga",
      "lat": -12.75,
      "lng": 23.65
    },
    {
      "cityName": "Camuanha",
      "lat": -14.65,
      "lng": 20.7333333
    },
    {
      "cityName": "Camunima",
      "lat": -15.2833333,
      "lng": 21.5833333
    },
    {
      "cityName": "Candando",
      "lat": -12.8166667,
      "lng": 21.0333333
    },
    {
      "cityName": "Canega",
      "lat": -14.4,
      "lng": 21.6666667
    },
    {
      "cityName": "Canenga",
      "lat": -12.6666667,
      "lng": 23.2833333
    },
    {
      "cityName": "Cangaio",
      "lat": -13.7,
      "lng": 19.5
    },
    {
      "cityName": "Cangamba",
      "lat": -13.6833333,
      "lng": 19.8666667
    },
    {
      "cityName": "Cangambe",
      "lat": -14.3666667,
      "lng": 21.9
    },
    {
      "cityName": "Cangoche",
      "lat": -11.3666667,
      "lng": 22.2333333
    },
    {
      "cityName": "Cangombe",
      "lat": -11.0833333,
      "lng": 21.9166667
    },
    {
      "cityName": "Cangonga",
      "lat": -12.1333333,
      "lng": 18.8
    },
    {
      "cityName": "Canguia",
      "lat": -14.8166667,
      "lng": 21.4666667
    },
    {
      "cityName": "Canguinde",
      "lat": -12.6333333,
      "lng": 19.6333333
    },
    {
      "cityName": "Canhanda",
      "lat": -14.7166667,
      "lng": 21.7
    },
    {
      "cityName": "Canhanga",
      "lat": -12.0833333,
      "lng": 23.75
    },
    {
      "cityName": "Canhau",
      "lat": -13.7333333,
      "lng": 21.6
    },
    {
      "cityName": "Canhima",
      "lat": -11.6833333,
      "lng": 22.5666667
    },
    {
      "cityName": "Canhimbua",
      "lat": -13.2833333,
      "lng": 21.1333333
    },
    {
      "cityName": "Canica",
      "lat": -11.6,
      "lng": 19.2
    },
    {
      "cityName": "Canjonja",
      "lat": -15.3166667,
      "lng": 21.3166667
    },
    {
      "cityName": "Caombo",
      "lat": -12.4833333,
      "lng": 22.55
    },
    {
      "cityName": "Capaco",
      "lat": -11.3166667,
      "lng": 23.5833333
    },
    {
      "cityName": "Capage",
      "lat": -13.3833333,
      "lng": 21.2166667
    },
    {
      "cityName": "Capamba",
      "lat": -12,
      "lng": 23.55
    },
    {
      "cityName": "Capandula",
      "lat": -12.1833333,
      "lng": 20.3333333
    },
    {
      "cityName": "Capaongo",
      "lat": -11.4333333,
      "lng": 22.7
    },
    {
      "cityName": "Capata",
      "lat": -12.8,
      "lng": 20.1833333
    },
    {
      "cityName": "Capeche",
      "lat": -11.05,
      "lng": 23.6333333
    },
    {
      "cityName": "Capexe",
      "lat": -14.7166667,
      "lng": 21.7833333
    },
    {
      "cityName": "Capiololo",
      "lat": -11.4166667,
      "lng": 21.9333333
    },
    {
      "cityName": "Capitango",
      "lat": -12.9,
      "lng": 21.8
    },
    {
      "cityName": "Capoche",
      "lat": -11.7333333,
      "lng": 23.1
    },
    {
      "cityName": "Capua",
      "lat": -14.4166667,
      "lng": 21.0333333
    },
    {
      "cityName": "Capuluta",
      "lat": -13.1,
      "lng": 21.15
    },
    {
      "cityName": "Caputungo",
      "lat": -13.1333333,
      "lng": 21.05
    },
    {
      "cityName": "Capuze",
      "lat": -13.2833333,
      "lng": 19.5
    },
    {
      "cityName": "Carerongo",
      "lat": -14.2333333,
      "lng": 21.9833333
    },
    {
      "cityName": "Cariala",
      "lat": -12.7833333,
      "lng": 23.6666667
    },
    {
      "cityName": "Cariango",
      "lat": -12.2166667,
      "lng": 20.4666667
    },
    {
      "cityName": "Cariata",
      "lat": -11.4833333,
      "lng": 19.3333333
    },
    {
      "cityName": "Caridate",
      "lat": -14.8,
      "lng": 21.4
    },
    {
      "cityName": "Carimbué",
      "lat": -14.3333333,
      "lng": 20.6166667
    },
    {
      "cityName": "Caripa",
      "lat": -14.5,
      "lng": 20.7
    },
    {
      "cityName": "Caripande",
      "lat": -12.9833333,
      "lng": 22.7333333
    },
    {
      "cityName": "Carique",
      "lat": -14.25,
      "lng": 20.4
    },
    {
      "cityName": "Casaca",
      "lat": -14.7166667,
      "lng": 20.5166667
    },
    {
      "cityName": "Casiúe",
      "lat": -11.45,
      "lng": 21.0333333
    },
    {
      "cityName": "Cassaco",
      "lat": -14.3166667,
      "lng": 21.8166667
    },
    {
      "cityName": "Cassamba",
      "lat": -13.0833333,
      "lng": 20.35
    },
    {
      "cityName": "Cassanga",
      "lat": -14.8,
      "lng": 21.2833333
    },
    {
      "cityName": "Cassari",
      "lat": -14.3166667,
      "lng": 20.1333333
    },
    {
      "cityName": "Cassinde",
      "lat": -14.2666667,
      "lng": 19.1333333
    },
    {
      "cityName": "Cassoango",
      "lat": -13.7,
      "lng": 20.9333333
    },
    {
      "cityName": "Cassonda",
      "lat": -12.85,
      "lng": 19.9833333
    },
    {
      "cityName": "Cassora",
      "lat": -11.2833333,
      "lng": 23.8166667
    },
    {
      "cityName": "Cassupa-Quai",
      "lat": -12.9833333,
      "lng": 22.5
    },
    {
      "cityName": "Castro",
      "lat": -11.1666667,
      "lng": 22.75
    },
    {
      "cityName": "Casulo",
      "lat": -11.8,
      "lng": 23.9333333
    },
    {
      "cityName": "Casuta",
      "lat": -14.4833333,
      "lng": 20.4333333
    },
    {
      "cityName": "Catacala",
      "lat": -14.9,
      "lng": 20.1666667
    },
    {
      "cityName": "Catala",
      "lat": -12.35,
      "lng": 22.0166667
    },
    {
      "cityName": "Catema",
      "lat": -11.3333333,
      "lng": 22.1
    },
    {
      "cityName": "Catembulo",
      "lat": -12.3166667,
      "lng": 19.65
    },
    {
      "cityName": "Catende",
      "lat": -11.25,
      "lng": 21.4333333
    },
    {
      "cityName": "Catimba",
      "lat": -13.8166667,
      "lng": 21.25
    },
    {
      "cityName": "Catimbo",
      "lat": -11.7166667,
      "lng": 23.1333333
    },
    {
      "cityName": "Catongo",
      "lat": -14.05,
      "lng": 20.6166667
    },
    {
      "cityName": "Catuia",
      "lat": -14.8333333,
      "lng": 20.9333333
    },
    {
      "cityName": "Catuma",
      "lat": -11.4333333,
      "lng": 21.1333333
    },
    {
      "cityName": "Catumba",
      "lat": -12.2666667,
      "lng": 21.9166667
    },
    {
      "cityName": "Catumbe",
      "lat": -14.5333333,
      "lng": 20.0666667
    },
    {
      "cityName": "Cauana",
      "lat": -15.1,
      "lng": 21.0333333
    },
    {
      "cityName": "Cauanda",
      "lat": -14.0333333,
      "lng": 21.9666667
    },
    {
      "cityName": "Caulala",
      "lat": -14.05,
      "lng": 21.9666667
    },
    {
      "cityName": "Caulembi",
      "lat": -13.6833333,
      "lng": 18.8
    },
    {
      "cityName": "Caúma",
      "lat": -10.7666667,
      "lng": 21.8833333
    },
    {
      "cityName": "Caumona",
      "lat": -13.2666667,
      "lng": 21.6333333
    },
    {
      "cityName": "Cavuala",
      "lat": -13.8666667,
      "lng": 21.7666667
    },
    {
      "cityName": "Caxana",
      "lat": -14.15,
      "lng": 21.4
    },
    {
      "cityName": "Caxipa",
      "lat": -11.8666667,
      "lng": 20.8666667
    },
    {
      "cityName": "Caxito",
      "lat": -11.3666667,
      "lng": 20.1833333
    },
    {
      "cityName": "Cazengue",
      "lat": -14.0833333,
      "lng": 20.9166667
    },
    {
      "cityName": "Cazombo",
      "lat": -11.9,
      "lng": 22.9166667
    },
    {
      "cityName": "Chabae",
      "lat": -14.0333333,
      "lng": 20.55
    },
    {
      "cityName": "Chabaia",
      "lat": -11.45,
      "lng": 21.15
    },
    {
      "cityName": "Chabongo",
      "lat": -15.0166667,
      "lng": 21.6333333
    },
    {
      "cityName": "Chaca",
      "lat": -12.4166667,
      "lng": 22.75
    },
    {
      "cityName": "Chachimbemba",
      "lat": -12.2,
      "lng": 19.7166667
    },
    {
      "cityName": "Chafico",
      "lat": -13.7333333,
      "lng": 21.9
    },
    {
      "cityName": "Chalapa",
      "lat": -10.9666667,
      "lng": 22.0833333
    },
    {
      "cityName": "Chamabando",
      "lat": -12.1666667,
      "lng": 22.7
    },
    {
      "cityName": "Chamato",
      "lat": -11.55,
      "lng": 22.8833333
    },
    {
      "cityName": "Chamoana",
      "lat": -11.4,
      "lng": 23.7333333
    },
    {
      "cityName": "Chamolemena",
      "lat": -12.1833333,
      "lng": 23.5166667
    },
    {
      "cityName": "Chamucinda",
      "lat": -12.8666667,
      "lng": 18.55
    },
    {
      "cityName": "Changuci",
      "lat": -12.8833333,
      "lng": 18.65
    },
    {
      "cityName": "Chapassoca",
      "lat": -11.6166667,
      "lng": 21.6
    },
    {
      "cityName": "Chapula",
      "lat": -12.4333333,
      "lng": 23.4166667
    },
    {
      "cityName": "Chá Pungana",
      "lat": -13.7333333,
      "lng": 18.65
    },
    {
      "cityName": "Chasa",
      "lat": -13.5,
      "lng": 20
    },
    {
      "cityName": "Chauanhanha",
      "lat": -14.2166667,
      "lng": 21.55
    },
    {
      "cityName": "Chavaia",
      "lat": -14.6833333,
      "lng": 21.6833333
    },
    {
      "cityName": "Chebenda",
      "lat": -12,
      "lng": 22.8166667
    },
    {
      "cityName": "Chebula",
      "lat": -12.45,
      "lng": 23.7666667
    },
    {
      "cityName": "Checapa",
      "lat": -13.9166667,
      "lng": 21.8833333
    },
    {
      "cityName": "Checoje",
      "lat": -11.7833333,
      "lng": 23.05
    },
    {
      "cityName": "Checombo",
      "lat": -11.35,
      "lng": 23.4333333
    },
    {
      "cityName": "Chegongo",
      "lat": -13.6833333,
      "lng": 21.9833333
    },
    {
      "cityName": "Chemboca",
      "lat": -13.8166667,
      "lng": 21.4666667
    },
    {
      "cityName": "Chenele",
      "lat": -12.9,
      "lng": 23.9
    },
    {
      "cityName": "Chepala",
      "lat": -12.95,
      "lng": 23
    },
    {
      "cityName": "Chepate",
      "lat": -12.9166667,
      "lng": 22.8833333
    },
    {
      "cityName": "Chepaúa",
      "lat": -12.6666667,
      "lng": 23.8166667
    },
    {
      "cityName": "Chepeta",
      "lat": -14.6,
      "lng": 21.75
    },
    {
      "cityName": "Chepopo",
      "lat": -12,
      "lng": 23.5666667
    },
    {
      "cityName": "Chermanze",
      "lat": -12.3166667,
      "lng": 19.9833333
    },
    {
      "cityName": "Cherumbo",
      "lat": -12.0833333,
      "lng": 23.9666667
    },
    {
      "cityName": "Chetengo",
      "lat": -14.7833333,
      "lng": 21.8
    },
    {
      "cityName": "Chiambe",
      "lat": -14.0833333,
      "lng": 20.7166667
    },
    {
      "cityName": "Chibango",
      "lat": -12.05,
      "lng": 23.2166667
    },
    {
      "cityName": "Chibende",
      "lat": -13.0666667,
      "lng": 21.0833333
    },
    {
      "cityName": "Chicaia",
      "lat": -13.3166667,
      "lng": 21.75
    },
    {
      "cityName": "Chicambo",
      "lat": -12.25,
      "lng": 21.05
    },
    {
      "cityName": "Chicanga",
      "lat": -12.8833333,
      "lng": 22.0666667
    },
    {
      "cityName": "Chicapa",
      "lat": -11.2666667,
      "lng": 22.7166667
    },
    {
      "cityName": "Chicoca",
      "lat": -14.3,
      "lng": 20.4
    },
    {
      "cityName": "Chicoco",
      "lat": -14.0333333,
      "lng": 19.9333333
    },
    {
      "cityName": "Chicoó",
      "lat": -12.9666667,
      "lng": 22.4666667
    },
    {
      "cityName": "Chicote",
      "lat": -16.0166667,
      "lng": 21.8666667
    },
    {
      "cityName": "Chicoto",
      "lat": -12.6333333,
      "lng": 18.7833333
    },
    {
      "cityName": "Chicuaia",
      "lat": -14.4666667,
      "lng": 20.6666667
    },
    {
      "cityName": "Chicunza",
      "lat": -14.2166667,
      "lng": 19.3166667
    },
    {
      "cityName": "Chiember",
      "lat": -13.8166667,
      "lng": 21.6333333
    },
    {
      "cityName": "Chiengo",
      "lat": -13.3333333,
      "lng": 21.9166667
    },
    {
      "cityName": "Chiesseque",
      "lat": -13.9333333,
      "lng": 18.85
    },
    {
      "cityName": "Chifuanda",
      "lat": -14.5,
      "lng": 20.4166667
    },
    {
      "cityName": "Chifuge",
      "lat": -11.65,
      "lng": 20.65
    },
    {
      "cityName": "Chilanda",
      "lat": -12.5666667,
      "lng": 19.8333333
    },
    {
      "cityName": "Chilema",
      "lat": -14.3333333,
      "lng": 21.0666667
    },
    {
      "cityName": "Chilongo",
      "lat": -13,
      "lng": 23.5166667
    },
    {
      "cityName": "Chimaco",
      "lat": -15.15,
      "lng": 21.95
    },
    {
      "cityName": "Chimbanda",
      "lat": -11.4666667,
      "lng": 23.6833333
    },
    {
      "cityName": "Chimbir",
      "lat": -13.6666667,
      "lng": 18.7
    },
    {
      "cityName": "Chimuanga",
      "lat": -12.2166667,
      "lng": 22.55
    },
    {
      "cityName": "Chimuli",
      "lat": -11.2666667,
      "lng": 22.0166667
    },
    {
      "cityName": "Chimuque",
      "lat": -14.9166667,
      "lng": 21.25
    },
    {
      "cityName": "Chinanamata",
      "lat": -11.5166667,
      "lng": 20.2333333
    },
    {
      "cityName": "Chinde",
      "lat": -12.7,
      "lng": 22.8666667
    },
    {
      "cityName": "Chindembe",
      "lat": -13.0666667,
      "lng": 21.2
    },
    {
      "cityName": "Chindumbo",
      "lat": -11.55,
      "lng": 22.9666667
    },
    {
      "cityName": "Chinduringa",
      "lat": -11.45,
      "lng": 19.8666667
    },
    {
      "cityName": "Chingamba",
      "lat": -12.8166667,
      "lng": 18.3333333
    },
    {
      "cityName": "Chingando",
      "lat": -13.9333333,
      "lng": 21.4666667
    },
    {
      "cityName": "Chingila",
      "lat": -11.4666667,
      "lng": 19.55
    },
    {
      "cityName": "Chingoma",
      "lat": -13.85,
      "lng": 20.7
    },
    {
      "cityName": "Chinguina",
      "lat": -14.55,
      "lng": 21.1166667
    },
    {
      "cityName": "Chinhôa",
      "lat": -14.5,
      "lng": 21.0166667
    },
    {
      "cityName": "Chinhunao",
      "lat": -14.1666667,
      "lng": 21.6166667
    },
    {
      "cityName": "Chinhundo",
      "lat": -12.0333333,
      "lng": 20.8666667
    },
    {
      "cityName": "Chinjanga",
      "lat": -13.4833333,
      "lng": 19.15
    },
    {
      "cityName": "Chinjanja",
      "lat": -14.35,
      "lng": 20.6166667
    },
    {
      "cityName": "Chinjavata",
      "lat": -14.6666667,
      "lng": 20.8333333
    },
    {
      "cityName": "Chipamba",
      "lat": -11.8,
      "lng": 20.1333333
    },
    {
      "cityName": "Chipato",
      "lat": -10.6833333,
      "lng": 22.1666667
    },
    {
      "cityName": "Chipual",
      "lat": -14.0333333,
      "lng": 19.4833333
    },
    {
      "cityName": "Chipuica",
      "lat": -10.7333333,
      "lng": 22.1666667
    },
    {
      "cityName": "Chipuila",
      "lat": -13.95,
      "lng": 20.55
    },
    {
      "cityName": "Chiputa",
      "lat": -13.8833333,
      "lng": 21.2833333
    },
    {
      "cityName": "Chiquinea",
      "lat": -11.5833333,
      "lng": 19.5
    },
    {
      "cityName": "Chirimba",
      "lat": -14.7833333,
      "lng": 21.2833333
    },
    {
      "cityName": "Chirindo",
      "lat": -12.7,
      "lng": 18.9333333
    },
    {
      "cityName": "Chisongo",
      "lat": -13.9666667,
      "lng": 21.95
    },
    {
      "cityName": "Chissala",
      "lat": -14.3666667,
      "lng": 19.9666667
    },
    {
      "cityName": "Chissoda",
      "lat": -12.25,
      "lng": 23.4333333
    },
    {
      "cityName": "Chissuzo",
      "lat": -11.1,
      "lng": 21.6666667
    },
    {
      "cityName": "Chitango",
      "lat": -15.1666667,
      "lng": 21.3
    },
    {
      "cityName": "Chitar",
      "lat": -12.0333333,
      "lng": 20.0666667
    },
    {
      "cityName": "Chitengo",
      "lat": -15.4166667,
      "lng": 21.7333333
    },
    {
      "cityName": "Chitohola",
      "lat": -12.8333333,
      "lng": 22.9333333
    },
    {
      "cityName": "Chitoma",
      "lat": -14.3166667,
      "lng": 21.3
    },
    {
      "cityName": "Chitombué",
      "lat": -12.6833333,
      "lng": 21.5333333
    },
    {
      "cityName": "Chiueiangue",
      "lat": -14.3833333,
      "lng": 21.6
    },
    {
      "cityName": "Chiume",
      "lat": -15.1333333,
      "lng": 21.1833333
    },
    {
      "cityName": "Chiute",
      "lat": -12.6,
      "lng": 22.7166667
    },
    {
      "cityName": "Chivunda",
      "lat": -11.85,
      "lng": 20.65
    },
    {
      "cityName": "Chizanda",
      "lat": -10.9833333,
      "lng": 21.9
    },
    {
      "cityName": "Chizeze",
      "lat": -12.05,
      "lng": 23.45
    },
    {
      "cityName": "Chuanda",
      "lat": -10.7666667,
      "lng": 22.2333333
    },
    {
      "cityName": "Colute",
      "lat": -14.3166667,
      "lng": 21.4166667
    },
    {
      "cityName": "Condama",
      "lat": -14.7333333,
      "lng": 20.2
    },
    {
      "cityName": "Conde",
      "lat": -12.5166667,
      "lng": 21.0666667
    },
    {
      "cityName": "Coruvega",
      "lat": -12.75,
      "lng": 21.05
    },
    {
      "cityName": "Cua",
      "lat": -12.7333333,
      "lng": 23.9
    },
    {
      "cityName": "Cuanuca",
      "lat": -13.6,
      "lng": 21.9333333
    },
    {
      "cityName": "Cuasa",
      "lat": -11.3333333,
      "lng": 21.8333333
    },
    {
      "cityName": "Cubanja",
      "lat": -14.8166667,
      "lng": 21.3333333
    },
    {
      "cityName": "Cubo",
      "lat": -13.1,
      "lng": 19.9
    },
    {
      "cityName": "Cueca",
      "lat": -11.8833333,
      "lng": 23.2
    },
    {
      "cityName": "Culunga",
      "lat": -13.3166667,
      "lng": 20.95
    },
    {
      "cityName": "Curunga",
      "lat": -12.85,
      "lng": 21.2
    },
    {
      "cityName": "Cusoloca",
      "lat": -12.6,
      "lng": 23.5333333
    },
    {
      "cityName": "Damba",
      "lat": -11.1333333,
      "lng": 23.9666667
    },
    {
      "cityName": "Danga",
      "lat": -12.35,
      "lng": 23.7
    },
    {
      "cityName": "Dialo",
      "lat": -13.55,
      "lng": 19.4666667
    },
    {
      "cityName": "Dialui",
      "lat": -14.5166667,
      "lng": 21.8166667
    },
    {
      "cityName": "Diambula",
      "lat": -11.9333333,
      "lng": 22.6333333
    },
    {
      "cityName": "Dilema",
      "lat": -14.5333333,
      "lng": 21.7833333
    },
    {
      "cityName": "Dilõlo",
      "lat": -11.2166667,
      "lng": 21.65
    },
    {
      "cityName": "Dilolu",
      "lat": -11.5,
      "lng": 22.0166667
    },
    {
      "cityName": "Dimba",
      "lat": -14.4,
      "lng": 21.2666667
    },
    {
      "cityName": "Dimuanha",
      "lat": -13.2166667,
      "lng": 21.4333333
    },
    {
      "cityName": "Divingue",
      "lat": -13.1333333,
      "lng": 19.0333333
    },
    {
      "cityName": "Djembo",
      "lat": -10.8166667,
      "lng": 21.9166667
    },
    {
      "cityName": "Dolo",
      "lat": -11.3166667,
      "lng": 22.4666667
    },
    {
      "cityName": "Dumba-ia-Luije",
      "lat": -13.95,
      "lng": 20.8166667
    },
    {
      "cityName": "Fandando",
      "lat": -11.0833333,
      "lng": 23.65
    },
    {
      "cityName": "Ferreira",
      "lat": -12.8833333,
      "lng": 22.8
    },
    {
      "cityName": "Figueiredo",
      "lat": -12.3,
      "lng": 19.7
    },
    {
      "cityName": "Forte de Moxico",
      "lat": -11.85,
      "lng": 20.0333333
    },
    {
      "cityName": "Fota",
      "lat": -10.9,
      "lng": 22.1333333
    },
    {
      "cityName": "Gache",
      "lat": -12.3833333,
      "lng": 19.65
    },
    {
      "cityName": "Gago Coutinho",
      "lat": -14.1,
      "lng": 21.4333333
    },
    {
      "cityName": "Gango",
      "lat": -14.15,
      "lng": 21.6666667
    },
    {
      "cityName": "Gema",
      "lat": -13.15,
      "lng": 21.9833333
    },
    {
      "cityName": "Gime",
      "lat": -13.2,
      "lng": 20.8166667
    },
    {
      "cityName": "Gobeca",
      "lat": -13.9333333,
      "lng": 20.45
    },
    {
      "cityName": "Goma",
      "lat": -13.2,
      "lng": 19.7
    },
    {
      "cityName": "Gulo",
      "lat": -13.5,
      "lng": 20.2333333
    },
    {
      "cityName": "Gumbe",
      "lat": -14.7,
      "lng": 21.75
    },
    {
      "cityName": "Guvulo",
      "lat": -15.1166667,
      "lng": 21.9833333
    },
    {
      "cityName": "Hosa",
      "lat": -11.7,
      "lng": 23.65
    },
    {
      "cityName": "Iangongola",
      "lat": -13.2333333,
      "lng": 19.4333333
    },
    {
      "cityName": "Inhacalenga",
      "lat": -12.9333333,
      "lng": 23.5666667
    },
    {
      "cityName": "Inhacalunga",
      "lat": -11.45,
      "lng": 20.6666667
    },
    {
      "cityName": "Inhacatolo",
      "lat": -11.5333333,
      "lng": 23.0166667
    },
    {
      "cityName": "Inhambarra",
      "lat": -11.6166667,
      "lng": 23.3166667
    },
    {
      "cityName": "Inhamo",
      "lat": -12.9333333,
      "lng": 18.7666667
    },
    {
      "cityName": "Inhamuana",
      "lat": -12.1166667,
      "lng": 22.75
    },
    {
      "cityName": "Inhamulumbo",
      "lat": -12.7,
      "lng": 22.3833333
    },
    {
      "cityName": "Insumacose",
      "lat": -13.5,
      "lng": 19.5166667
    },
    {
      "cityName": "Iua Caveza",
      "lat": -11.5833333,
      "lng": 21.2166667
    },
    {
      "cityName": "Jamba",
      "lat": -11.3166667,
      "lng": 23.7666667
    },
    {
      "cityName": "Jambe",
      "lat": -14.25,
      "lng": 20.3833333
    },
    {
      "cityName": "Jambi",
      "lat": -14.0166667,
      "lng": 21.5666667
    },
    {
      "cityName": "Jimbe",
      "lat": -11.1,
      "lng": 23.9833333
    },
    {
      "cityName": "Jimbo",
      "lat": -11.9166667,
      "lng": 20.2
    },
    {
      "cityName": "João Chagas",
      "lat": -11.1666667,
      "lng": 22.45
    },
    {
      "cityName": "Kalunda",
      "lat": -12.1166667,
      "lng": 23.4666667
    },
    {
      "cityName": "Kambongi",
      "lat": -14.9333333,
      "lng": 20.5833333
    },
    {
      "cityName": "Kangombi",
      "lat": -14.4333333,
      "lng": 20.0333333
    },
    {
      "cityName": "Kimona",
      "lat": -12.1333333,
      "lng": 21.9666667
    },
    {
      "cityName": "Kinjama",
      "lat": -12.6333333,
      "lng": 21.2833333
    },
    {
      "cityName": "Kiriza",
      "lat": -11.7,
      "lng": 23.8666667
    },
    {
      "cityName": "Lambo",
      "lat": -13.3666667,
      "lng": 21.0666667
    },
    {
      "cityName": "Lamusoco",
      "lat": -14.3833333,
      "lng": 20.9833333
    },
    {
      "cityName": "Lassongo",
      "lat": -12.0833333,
      "lng": 22.7666667
    },
    {
      "cityName": "Leúa",
      "lat": -11.65,
      "lng": 20.45
    },
    {
      "cityName": "Liancombe",
      "lat": -15.5,
      "lng": 21.8333333
    },
    {
      "cityName": "Liangongama",
      "lat": -14.6833333,
      "lng": 20.2
    },
    {
      "cityName": "Libenjo",
      "lat": -14.2,
      "lng": 21.9
    },
    {
      "cityName": "Lichissa",
      "lat": -13.4,
      "lng": 20.9166667
    },
    {
      "cityName": "Lifunda",
      "lat": -14.1333333,
      "lng": 21.8666667
    },
    {
      "cityName": "Lifuti",
      "lat": -14.4833333,
      "lng": 20.4166667
    },
    {
      "cityName": "Limbango",
      "lat": -13.4666667,
      "lng": 21.3666667
    },
    {
      "cityName": "Limbueta",
      "lat": -12.5,
      "lng": 18.7
    },
    {
      "cityName": "Lingualo",
      "lat": -14.3,
      "lng": 20.1833333
    },
    {
      "cityName": "Lingueli",
      "lat": -12.9666667,
      "lng": 20.8166667
    },
    {
      "cityName": "Lingungula",
      "lat": -13.7166667,
      "lng": 18.8833333
    },
    {
      "cityName": "Lirema",
      "lat": -13.8833333,
      "lng": 21.1
    },
    {
      "cityName": "Lirica",
      "lat": -14.45,
      "lng": 21.9833333
    },
    {
      "cityName": "Lisinga",
      "lat": -13.1166667,
      "lng": 21.7166667
    },
    {
      "cityName": "Litue",
      "lat": -14.9833333,
      "lng": 21.3666667
    },
    {
      "cityName": "Liuanica",
      "lat": -14.95,
      "lng": 20.35
    },
    {
      "cityName": "Liula",
      "lat": -14.0166667,
      "lng": 21.15
    },
    {
      "cityName": "Lizovola",
      "lat": -14.3,
      "lng": 21.6833333
    },
    {
      "cityName": "Lolunga",
      "lat": -13.9,
      "lng": 19.6333333
    },
    {
      "cityName": "Lopes",
      "lat": -12.1166667,
      "lng": 20.3
    },
    {
      "cityName": "Lóvoa",
      "lat": -11.55,
      "lng": 23.55
    },
    {
      "cityName": "Luangole",
      "lat": -12.4333333,
      "lng": 22.4333333
    },
    {
      "cityName": "Luao",
      "lat": -10.7,
      "lng": 22.2333333
    },
    {
      "cityName": "Luati",
      "lat": -14.5833333,
      "lng": 21.2166667
    },
    {
      "cityName": "Lucuci",
      "lat": -14.8,
      "lng": 21.8166667
    },
    {
      "cityName": "Lucusse",
      "lat": -12.5166667,
      "lng": 20.8166667
    },
    {
      "cityName": "Luena",
      "lat": -11.7833333,
      "lng": 19.9166667
    },
    {
      "cityName": "Luila",
      "lat": -12.5333333,
      "lng": 23.5
    },
    {
      "cityName": "Lumai",
      "lat": -13.2666667,
      "lng": 21.2
    },
    {
      "cityName": "Lumbala Kaquengue",
      "lat": -12.65,
      "lng": 22.5833333
    },
    {
      "cityName": "Lumba",
      "lat": -11.4166667,
      "lng": 20.45
    },
    {
      "cityName": "Lunache",
      "lat": -12.1666667,
      "lng": 22.7166667
    },
    {
      "cityName": "Luonze",
      "lat": -13.15,
      "lng": 21.0833333
    },
    {
      "cityName": "Lupaxi",
      "lat": -11.6,
      "lng": 19.3
    },
    {
      "cityName": "Lutembo",
      "lat": -13.4833333,
      "lng": 21.3833333
    },
    {
      "cityName": "Lutuai",
      "lat": -12.5333333,
      "lng": 19.9166667
    },
    {
      "cityName": "Lutuia",
      "lat": -12.6666667,
      "lng": 20.1333333
    },
    {
      "cityName": "Luvuei",
      "lat": -13.0666667,
      "lng": 21.1666667
    },
    {
      "cityName": "Luzi",
      "lat": -12.9666667,
      "lng": 20.8
    },
    {
      "cityName": "Macaginha",
      "lat": -11.7,
      "lng": 20.85
    },
    {
      "cityName": "Macai",
      "lat": -14.1666667,
      "lng": 21.3666667
    },
    {
      "cityName": "Macalo",
      "lat": -12.2833333,
      "lng": 21.6666667
    },
    {
      "cityName": "Machala",
      "lat": -15.1,
      "lng": 21.6333333
    },
    {
      "cityName": "Machibale",
      "lat": -14.3333333,
      "lng": 20.4166667
    },
    {
      "cityName": "Machipica",
      "lat": -15.3333333,
      "lng": 21.5333333
    },
    {
      "cityName": "Machumba",
      "lat": -13.25,
      "lng": 21.7333333
    },
    {
      "cityName": "Macibi",
      "lat": -11.1,
      "lng": 22.6833333
    },
    {
      "cityName": "Macoboto",
      "lat": -13.75,
      "lng": 20.4333333
    },
    {
      "cityName": "Macogunga",
      "lat": -14.3666667,
      "lng": 20.8
    },
    {
      "cityName": "Macondala",
      "lat": -11.3166667,
      "lng": 20.0833333
    },
    {
      "cityName": "Maconde",
      "lat": -13.95,
      "lng": 21.8833333
    },
    {
      "cityName": "Macondo",
      "lat": -12.5833333,
      "lng": 23.75
    },
    {
      "cityName": "Macouate",
      "lat": -12.5166667,
      "lng": 19.3333333
    },
    {
      "cityName": "Madonha",
      "lat": -14.6,
      "lng": 19.8666667
    },
    {
      "cityName": "Mafembage",
      "lat": -14.55,
      "lng": 21.75
    },
    {
      "cityName": "Mafuca",
      "lat": -13.0666667,
      "lng": 21.8
    },
    {
      "cityName": "Magamba",
      "lat": -14.2,
      "lng": 21.8666667
    },
    {
      "cityName": "Maianga",
      "lat": -14.2,
      "lng": 21.75
    },
    {
      "cityName": "Majore",
      "lat": -14.2833333,
      "lng": 19.8166667
    },
    {
      "cityName": "Malago",
      "lat": -14.6666667,
      "lng": 21.5
    },
    {
      "cityName": "Malenga",
      "lat": -13.4666667,
      "lng": 21
    },
    {
      "cityName": "Malopa",
      "lat": -12.7,
      "lng": 23.8
    },
    {
      "cityName": "Malundo",
      "lat": -11.4666667,
      "lng": 21.9333333
    },
    {
      "cityName": "Mambeca",
      "lat": -11.9833333,
      "lng": 23.85
    },
    {
      "cityName": "Mambunda",
      "lat": -14.55,
      "lng": 21.0166667
    },
    {
      "cityName": "Mandene",
      "lat": -11.5333333,
      "lng": 22.5
    },
    {
      "cityName": "Mandica",
      "lat": -14.55,
      "lng": 21.7166667
    },
    {
      "cityName": "Mangoma",
      "lat": -14.4333333,
      "lng": 21.75
    },
    {
      "cityName": "Manguenda",
      "lat": -14.0833333,
      "lng": 21.9
    },
    {
      "cityName": "Manhica",
      "lat": -12.4833333,
      "lng": 23.3666667
    },
    {
      "cityName": "Manhunda",
      "lat": -14.6,
      "lng": 21.15
    },
    {
      "cityName": "Manjola",
      "lat": -13.35,
      "lng": 18.35
    },
    {
      "cityName": "Manjôlo",
      "lat": -13.9333333,
      "lng": 21.1
    },
    {
      "cityName": "Maria Augusta",
      "lat": -12.9333333,
      "lng": 21.3166667
    },
    {
      "cityName": "Marikita",
      "lat": -12.8666667,
      "lng": 23.6
    },
    {
      "cityName": "Marite",
      "lat": -14.95,
      "lng": 20.8
    },
    {
      "cityName": "Maroe",
      "lat": -12.3,
      "lng": 22.9
    },
    {
      "cityName": "Marono",
      "lat": -14.9166667,
      "lng": 20.85
    },
    {
      "cityName": "Masacoare",
      "lat": -12.8,
      "lng": 19.2666667
    },
    {
      "cityName": "Massango",
      "lat": -11.6666667,
      "lng": 22.4333333
    },
    {
      "cityName": "Massobi",
      "lat": -12.1666667,
      "lng": 22.6166667
    },
    {
      "cityName": "Matanjamba",
      "lat": -12.7333333,
      "lng": 19.3833333
    },
    {
      "cityName": "Mavuna",
      "lat": -15.45,
      "lng": 21.9333333
    },
    {
      "cityName": "Maxico",
      "lat": -13.2666667,
      "lng": 21.25
    },
    {
      "cityName": "Melo",
      "lat": -11.9,
      "lng": 19.9833333
    },
    {
      "cityName": "Melupa",
      "lat": -11.5,
      "lng": 22.25
    },
    {
      "cityName": "Menuca",
      "lat": -11.3166667,
      "lng": 19.7666667
    },
    {
      "cityName": "Mepaso",
      "lat": -12.05,
      "lng": 22.2333333
    },
    {
      "cityName": "Mingoche",
      "lat": -12.6333333,
      "lng": 20.2333333
    },
    {
      "cityName": "Mitembo",
      "lat": -11.7,
      "lng": 22.4
    },
    {
      "cityName": "Miuango",
      "lat": -13.9666667,
      "lng": 20.9
    },
    {
      "cityName": "Mochico",
      "lat": -13.6666667,
      "lng": 21.9166667
    },
    {
      "cityName": "Mocubesa",
      "lat": -14.75,
      "lng": 21.9
    },
    {
      "cityName": "Mokula",
      "lat": -12.0166667,
      "lng": 22.55
    },
    {
      "cityName": "Moma",
      "lat": -11.4,
      "lng": 20.6833333
    },
    {
      "cityName": "Mora",
      "lat": -12.25,
      "lng": 20.0833333
    },
    {
      "cityName": "Mossenzi",
      "lat": -12.9166667,
      "lng": 18.4
    },
    {
      "cityName": "Mossuma",
      "lat": -14.2,
      "lng": 21.9166667
    },
    {
      "cityName": "Mota",
      "lat": -11.5,
      "lng": 20.65
    },
    {
      "cityName": "Mqera",
      "lat": -12.2333333,
      "lng": 22.6166667
    },
    {
      "cityName": "Muabila",
      "lat": -12.95,
      "lng": 23.1333333
    },
    {
      "cityName": "Muachiava",
      "lat": -11.5833333,
      "lng": 20.3833333
    },
    {
      "cityName": "Muanangambi",
      "lat": -14.6833333,
      "lng": 21.8333333
    },
    {
      "cityName": "Muangangia",
      "lat": -13.55,
      "lng": 18.1
    },
    {
      "cityName": "Muanguche",
      "lat": -13.7,
      "lng": 19.15
    },
    {
      "cityName": "Muchapa",
      "lat": -11.2166667,
      "lng": 23.2333333
    },
    {
      "cityName": "Muchir",
      "lat": -14.0833333,
      "lng": 21.0666667
    },
    {
      "cityName": "Mucoboto",
      "lat": -14.0666667,
      "lng": 20.5
    },
    {
      "cityName": "Mucondo",
      "lat": -14.5333333,
      "lng": 21.8166667
    },
    {
      "cityName": "Mucongola",
      "lat": -12.1333333,
      "lng": 20.0833333
    },
    {
      "cityName": "Mucuaxa",
      "lat": -10.9666667,
      "lng": 22.1
    },
    {
      "cityName": "Mucuita",
      "lat": -12.2166667,
      "lng": 23.6
    },
    {
      "cityName": "Mucumbi",
      "lat": -12.85,
      "lng": 22.8
    },
    {
      "cityName": "Mucussuege",
      "lat": -11.0166667,
      "lng": 21.9333333
    },
    {
      "cityName": "Mué Bangue",
      "lat": -14.95,
      "lng": 20.3833333
    },
    {
      "cityName": "Mué",
      "lat": -14.35,
      "lng": 20.4166667
    },
    {
      "cityName": "Muene Matembe",
      "lat": -14.6833333,
      "lng": 20.5333333
    },
    {
      "cityName": "Muene Tembo",
      "lat": -13.0333333,
      "lng": 19.05
    },
    {
      "cityName": "Muenhundo",
      "lat": -14.35,
      "lng": 21.4
    },
    {
      "cityName": "Muhuri",
      "lat": -12.5,
      "lng": 19.7333333
    },
    {
      "cityName": "Muiaze",
      "lat": -11.3333333,
      "lng": 19.9833333
    },
    {
      "cityName": "Muieuva",
      "lat": -14.4166667,
      "lng": 21.9333333
    },
    {
      "cityName": "Muinda",
      "lat": -11.5666667,
      "lng": 23.2333333
    },
    {
      "cityName": "Muinhe",
      "lat": -12.6333333,
      "lng": 20.75
    },
    {
      "cityName": "Mulalo",
      "lat": -11.7666667,
      "lng": 19.45
    },
    {
      "cityName": "Mulanda",
      "lat": -14.7,
      "lng": 21.7833333
    },
    {
      "cityName": "Muliata",
      "lat": -15.2,
      "lng": 21.1666667
    },
    {
      "cityName": "Mulond",
      "lat": -15.1833333,
      "lng": 21.95
    },
    {
      "cityName": "Mumbamba",
      "lat": -13.6833333,
      "lng": 20.75
    },
    {
      "cityName": "Mumbanho",
      "lat": -12.7,
      "lng": 20.3
    },
    {
      "cityName": "Mundanha",
      "lat": -14.1,
      "lng": 21.0333333
    },
    {
      "cityName": "Munene",
      "lat": -14.3833333,
      "lng": 21.9333333
    },
    {
      "cityName": "Mungana",
      "lat": -12.2,
      "lng": 23.2166667
    },
    {
      "cityName": "Mungau",
      "lat": -14,
      "lng": 21.95
    },
    {
      "cityName": "Muongo",
      "lat": -11.5,
      "lng": 23.8
    },
    {
      "cityName": "Muriata",
      "lat": -14.3333333,
      "lng": 21.35
    },
    {
      "cityName": "Muunda",
      "lat": -11.6166667,
      "lng": 23.3
    },
    {
      "cityName": "Muzangumuna",
      "lat": -13.65,
      "lng": 20.6166667
    },
    {
      "cityName": "Muzaza",
      "lat": -14.2666667,
      "lng": 20.95
    },
    {
      "cityName": "Nacaveja",
      "lat": -11.6666667,
      "lng": 21.2166667
    },
    {
      "cityName": "Nachiungo",
      "lat": -11.8333333,
      "lng": 21.3833333
    },
    {
      "cityName": "Namachire",
      "lat": -11.4833333,
      "lng": 22.85
    },
    {
      "cityName": "Namaloba",
      "lat": -11.7,
      "lng": 22.0333333
    },
    {
      "cityName": "Namoje",
      "lat": -11.6833333,
      "lng": 20.7333333
    },
    {
      "cityName": "Nandi",
      "lat": -15.0333333,
      "lng": 21.3833333
    },
    {
      "cityName": "Natechiquengue",
      "lat": -11.1833333,
      "lng": 21.6833333
    },
    {
      "cityName": "Natepa",
      "lat": -11.55,
      "lng": 20.5
    },
    {
      "cityName": "Nganju",
      "lat": -15.1166667,
      "lng": 21.4333333
    },
    {
      "cityName": "N'Gunda",
      "lat": -12.4166667,
      "lng": 22.5833333
    },
    {
      "cityName": "N. Gungo",
      "lat": -13.2666667,
      "lng": 20.1
    },
    {
      "cityName": "Nhacacunde",
      "lat": -14.05,
      "lng": 21.45
    },
    {
      "cityName": "Nhacalege",
      "lat": -12.0833333,
      "lng": 21.5
    },
    {
      "cityName": "Nhacambanja",
      "lat": -12.0666667,
      "lng": 21.7
    },
    {
      "cityName": "Nhacaque",
      "lat": -13.1,
      "lng": 20.9833333
    },
    {
      "cityName": "Nhachileza",
      "lat": -11.65,
      "lng": 23.8
    },
    {
      "cityName": "Nhachinundo",
      "lat": -13.3,
      "lng": 20.9166667
    },
    {
      "cityName": "Nhaganjongo",
      "lat": -13.1166667,
      "lng": 21.1666667
    },
    {
      "cityName": "Nhamoana",
      "lat": -11.35,
      "lng": 23.7833333
    },
    {
      "cityName": "Nhamuana",
      "lat": -12.3,
      "lng": 23.8
    },
    {
      "cityName": "Nhamuchiri",
      "lat": -11.3833333,
      "lng": 21.9166667
    },
    {
      "cityName": "Nhapassa",
      "lat": -13.1833333,
      "lng": 21.35
    },
    {
      "cityName": "Nhaseque",
      "lat": -13.4166667,
      "lng": 21.1166667
    },
    {
      "cityName": "Nhauasera",
      "lat": -12.6666667,
      "lng": 23.2666667
    },
    {
      "cityName": "Nhongo",
      "lat": -12.45,
      "lng": 19.45
    },
    {
      "cityName": "Niacafuma",
      "lat": -13.2666667,
      "lng": 21.55
    },
    {
      "cityName": "Ninda",
      "lat": -14.8166667,
      "lng": 21.3833333
    },
    {
      "cityName": "Niunda",
      "lat": -14.8666667,
      "lng": 21
    },
    {
      "cityName": "Njomancana",
      "lat": -13.5166667,
      "lng": 20.9333333
    },
    {
      "cityName": "Oaungo",
      "lat": -12,
      "lng": 23.5833333
    },
    {
      "cityName": "Ouxe",
      "lat": -14.55,
      "lng": 21.7
    },
    {
      "cityName": "Poço",
      "lat": -13.9333333,
      "lng": 21.6666667
    },
    {
      "cityName": "Quifumbo",
      "lat": -13.7833333,
      "lng": 19.3166667
    },
    {
      "cityName": "Quipepe",
      "lat": -11.65,
      "lng": 21.5166667
    },
    {
      "cityName": "Quitenguela",
      "lat": -11.6166667,
      "lng": 20.85
    },
    {
      "cityName": "Quitochi",
      "lat": -11.4,
      "lng": 22.1
    },
    {
      "cityName": "Riabera",
      "lat": -14.8666667,
      "lng": 21.6166667
    },
    {
      "cityName": "Riangimba",
      "lat": -12.8,
      "lng": 21.0333333
    },
    {
      "cityName": "Riangoa",
      "lat": -14.7666667,
      "lng": 21.95
    },
    {
      "cityName": "Riangonguela",
      "lat": -14.1333333,
      "lng": 21.1666667
    },
    {
      "cityName": "Ricunde",
      "lat": -13,
      "lng": 22.9
    },
    {
      "cityName": "Ricupe",
      "lat": -14.6166667,
      "lng": 21.4166667
    },
    {
      "cityName": "Riero",
      "lat": -13.75,
      "lng": 20.9833333
    },
    {
      "cityName": "Rifuembo",
      "lat": -13.4833333,
      "lng": 20.1333333
    },
    {
      "cityName": "Rifulos",
      "lat": -13.9833333,
      "lng": 19.45
    },
    {
      "cityName": "Rifute",
      "lat": -14.5333333,
      "lng": 20.6333333
    },
    {
      "cityName": "Rimbala-Bala",
      "lat": -14.85,
      "lng": 21.7833333
    },
    {
      "cityName": "Rimbondo",
      "lat": -13.9,
      "lng": 19.6
    },
    {
      "cityName": "Rinha",
      "lat": -11.95,
      "lng": 20.5666667
    },
    {
      "cityName": "Ritenga",
      "lat": -13.4333333,
      "lng": 20.0833333
    },
    {
      "cityName": "Sabonete",
      "lat": -12.05,
      "lng": 23.85
    },
    {
      "cityName": "Sacacoa",
      "lat": -12.9833333,
      "lng": 21.4
    },
    {
      "cityName": "Sacacuca",
      "lat": -11.5166667,
      "lng": 20.2
    },
    {
      "cityName": "Sacacupa",
      "lat": -12.65,
      "lng": 20.4666667
    },
    {
      "cityName": "Sacahango",
      "lat": -14,
      "lng": 19.7166667
    },
    {
      "cityName": "Sacaiando",
      "lat": -14.1166667,
      "lng": 21.75
    },
    {
      "cityName": "Sacaiata",
      "lat": -13.9666667,
      "lng": 21.5666667
    },
    {
      "cityName": "Sacalumba",
      "lat": -11.6,
      "lng": 23
    },
    {
      "cityName": "Sacalunga",
      "lat": -11.9166667,
      "lng": 21.3
    },
    {
      "cityName": "Sacanala",
      "lat": -11.4666667,
      "lng": 22.1666667
    },
    {
      "cityName": "Sacandula",
      "lat": -11.5666667,
      "lng": 23.0333333
    },
    {
      "cityName": "Sacangombe",
      "lat": -12.7333333,
      "lng": 18.3666667
    },
    {
      "cityName": "Sacapanga",
      "lat": -13.5,
      "lng": 19.2833333
    },
    {
      "cityName": "Sacapoco",
      "lat": -12.4666667,
      "lng": 19.9666667
    },
    {
      "cityName": "Sacasola",
      "lat": -12.3,
      "lng": 23.65
    },
    {
      "cityName": "Sacassanda",
      "lat": -11.9,
      "lng": 19.9333333
    },
    {
      "cityName": "Sacatango",
      "lat": -13.2666667,
      "lng": 21.3333333
    },
    {
      "cityName": "Sacaunda",
      "lat": -13.3333333,
      "lng": 21.85
    },
    {
      "cityName": "Sacavanga",
      "lat": -12.05,
      "lng": 22.75
    },
    {
      "cityName": "Sacavoia",
      "lat": -12.15,
      "lng": 22.7166667
    },
    {
      "cityName": "Sachanga",
      "lat": -12.0333333,
      "lng": 19.1
    },
    {
      "cityName": "Sachicomba",
      "lat": -14.8333333,
      "lng": 21.75
    },
    {
      "cityName": "Sachicua",
      "lat": -13.7166667,
      "lng": 20.3166667
    },
    {
      "cityName": "Sachilonga",
      "lat": -11.9333333,
      "lng": 22.2
    },
    {
      "cityName": "Sachimbar",
      "lat": -13.3166667,
      "lng": 21.3333333
    },
    {
      "cityName": "Sachiripa",
      "lat": -14.1833333,
      "lng": 20.75
    },
    {
      "cityName": "Sacola",
      "lat": -12.7666667,
      "lng": 22.7833333
    },
    {
      "cityName": "Sacombita",
      "lat": -12.4333333,
      "lng": 19.7833333
    },
    {
      "cityName": "Sacuando",
      "lat": -13.95,
      "lng": 21.7833333
    },
    {
      "cityName": "Sacuá",
      "lat": -12.5333333,
      "lng": 22.5833333
    },
    {
      "cityName": "Sacuivua",
      "lat": -11.75,
      "lng": 19.4
    },
    {
      "cityName": "Saculo",
      "lat": -11.55,
      "lng": 20.6166667
    },
    {
      "cityName": "Saculuza",
      "lat": -12.3666667,
      "lng": 19.75
    },
    {
      "cityName": "Sagaba",
      "lat": -11.2833333,
      "lng": 23.1166667
    },
    {
      "cityName": "Saginga",
      "lat": -14.7666667,
      "lng": 21.2333333
    },
    {
      "cityName": "Saianga",
      "lat": -14.85,
      "lng": 21.7666667
    },
    {
      "cityName": "Sakizengu",
      "lat": -12.45,
      "lng": 20.7
    },
    {
      "cityName": "Salinhanga",
      "lat": -15.1166667,
      "lng": 21.9666667
    },
    {
      "cityName": "Salinoca",
      "lat": -13.8666667,
      "lng": 21.1
    },
    {
      "cityName": "Saluana",
      "lat": -12.9166667,
      "lng": 21.9666667
    },
    {
      "cityName": "Saluinheca",
      "lat": -11.5166667,
      "lng": 23.6166667
    },
    {
      "cityName": "Salumana",
      "lat": -13.6333333,
      "lng": 18.5166667
    },
    {
      "cityName": "Samachada",
      "lat": -13.0833333,
      "lng": 21.05
    },
    {
      "cityName": "Samacuma",
      "lat": -11.4333333,
      "lng": 23.4
    },
    {
      "cityName": "Samafo",
      "lat": -11.9,
      "lng": 21.5666667
    },
    {
      "cityName": "Samaimba",
      "lat": -11.5666667,
      "lng": 19.5833333
    },
    {
      "cityName": "Samaiondo",
      "lat": -12.35,
      "lng": 19.4666667
    },
    {
      "cityName": "Samaionga",
      "lat": -11.4,
      "lng": 22.6166667
    },
    {
      "cityName": "Samalesso",
      "lat": -11.5,
      "lng": 23.8166667
    },
    {
      "cityName": "Samangala",
      "lat": -12.0166667,
      "lng": 22.4666667
    },
    {
      "cityName": "Samariguita",
      "lat": -11.5333333,
      "lng": 21.9666667
    },
    {
      "cityName": "Samassuca",
      "lat": -13.5666667,
      "lng": 21.0666667
    },
    {
      "cityName": "Samatete",
      "lat": -15.9833333,
      "lng": 21.7
    },
    {
      "cityName": "Samba",
      "lat": -12.25,
      "lng": 19.0666667
    },
    {
      "cityName": "Sambinga",
      "lat": -11.7333333,
      "lng": 20.8166667
    },
    {
      "cityName": "Sambuanga",
      "lat": -12.0333333,
      "lng": 20.8
    },
    {
      "cityName": "Samessari",
      "lat": -11.6666667,
      "lng": 20.8
    },
    {
      "cityName": "Samesunga",
      "lat": -11.6833333,
      "lng": 22.1
    },
    {
      "cityName": "Sametoca",
      "lat": -13.4,
      "lng": 21.9
    },
    {
      "cityName": "Sametondo",
      "lat": -12.6333333,
      "lng": 22.75
    },
    {
      "cityName": "Samisoce",
      "lat": -12.8833333,
      "lng": 22.7666667
    },
    {
      "cityName": "Samoteia",
      "lat": -14.4166667,
      "lng": 21.8
    },
    {
      "cityName": "Sampieca",
      "lat": -14.6166667,
      "lng": 21.5333333
    },
    {
      "cityName": "Sampuca",
      "lat": -12.1,
      "lng": 23.4166667
    },
    {
      "cityName": "Sampulo",
      "lat": -14.1333333,
      "lng": 19.15
    },
    {
      "cityName": "Samuaco",
      "lat": -13.55,
      "lng": 18.4166667
    },
    {
      "cityName": "Samucheque",
      "lat": -12.75,
      "lng": 22.7
    },
    {
      "cityName": "Samucumbi",
      "lat": -13.2,
      "lng": 19.5166667
    },
    {
      "cityName": "Samuieva",
      "lat": -13.75,
      "lng": 18.7833333
    },
    {
      "cityName": "Samuriata",
      "lat": -13.2666667,
      "lng": 20.8333333
    },
    {
      "cityName": "Samutar",
      "lat": -13.0833333,
      "lng": 20.75
    },
    {
      "cityName": "Samutete",
      "lat": -14.6833333,
      "lng": 20.8333333
    },
    {
      "cityName": "Sandiando",
      "lat": -12.8,
      "lng": 19.1666667
    },
    {
      "cityName": "Sangombe",
      "lat": -12.45,
      "lng": 19.5166667
    },
    {
      "cityName": "Sangufo",
      "lat": -13.3666667,
      "lng": 21.9333333
    },
    {
      "cityName": "Sanhumbo",
      "lat": -14.6333333,
      "lng": 21.7333333
    },
    {
      "cityName": "Sanjolima",
      "lat": -13.6666667,
      "lng": 21.5333333
    },
    {
      "cityName": "Santo Caloto",
      "lat": -11.9166667,
      "lng": 19.9666667
    },
    {
      "cityName": "Sapambo",
      "lat": -11.4166667,
      "lng": 20.6333333
    },
    {
      "cityName": "Sapu",
      "lat": -12.4833333,
      "lng": 19.4333333
    },
    {
      "cityName": "Saraquisi",
      "lat": -12.9333333,
      "lng": 22.9666667
    },
    {
      "cityName": "Sare",
      "lat": -12.2166667,
      "lng": 20
    },
    {
      "cityName": "Sarifua",
      "lat": -14.8333333,
      "lng": 21.5833333
    },
    {
      "cityName": "Saumpo",
      "lat": -11.9,
      "lng": 19.7
    },
    {
      "cityName": "Sautar",
      "lat": -12.2333333,
      "lng": 19.8166667
    },
    {
      "cityName": "Savula",
      "lat": -12.8333333,
      "lng": 21.9333333
    },
    {
      "cityName": "Seicumba",
      "lat": -11.9,
      "lng": 20.5
    },
    {
      "cityName": "Senga",
      "lat": -14.5,
      "lng": 20.1
    },
    {
      "cityName": "Sengua",
      "lat": -11.7833333,
      "lng": 20.65
    },
    {
      "cityName": "Seque",
      "lat": -14.1333333,
      "lng": 21.9833333
    },
    {
      "cityName": "Sesa",
      "lat": -13.9166667,
      "lng": 20.8
    },
    {
      "cityName": "Sete",
      "lat": -14.8333333,
      "lng": 21.7333333
    },
    {
      "cityName": "Shipala",
      "lat": -14.0166667,
      "lng": 20.0166667
    },
    {
      "cityName": "Soana Chimbancatio",
      "lat": -12.7,
      "lng": 20.85
    },
    {
      "cityName": "Solo",
      "lat": -11.2,
      "lng": 23.95
    },
    {
      "cityName": "Sumbo",
      "lat": -14.3833333,
      "lng": 19.6666667
    },
    {
      "cityName": "Sungi",
      "lat": -12.1833333,
      "lng": 22.3166667
    },
    {
      "cityName": "Taba",
      "lat": -13.1,
      "lng": 19
    },
    {
      "cityName": "Talapo",
      "lat": -14.1333333,
      "lng": 19.7333333
    },
    {
      "cityName": "Talauanga",
      "lat": -11.5333333,
      "lng": 23.1333333
    },
    {
      "cityName": "Tandabala",
      "lat": -13.75,
      "lng": 20.4
    },
    {
      "cityName": "Tandavala",
      "lat": -13.9833333,
      "lng": 21.5333333
    },
    {
      "cityName": "Tchizimo",
      "lat": -13.75,
      "lng": 20.1333333
    },
    {
      "cityName": "Tehipoia",
      "lat": -12.9666667,
      "lng": 21.2833333
    },
    {
      "cityName": "Temena",
      "lat": -13.5,
      "lng": 21.7833333
    },
    {
      "cityName": "Tendale",
      "lat": -14.3333333,
      "lng": 21.8166667
    },
    {
      "cityName": "Teta",
      "lat": -13.4666667,
      "lng": 20.6666667
    },
    {
      "cityName": "Tobola",
      "lat": -15.4333333,
      "lng": 21.5666667
    },
    {
      "cityName": "Totoca",
      "lat": -12.45,
      "lng": 23.4333333
    },
    {
      "cityName": "Tuala",
      "lat": -12.6,
      "lng": 19.2333333
    },
    {
      "cityName": "Uachia",
      "lat": -13.9166667,
      "lng": 21.3666667
    },
    {
      "cityName": "Uiche",
      "lat": -12.0333333,
      "lng": 20.85
    },
    {
      "cityName": "Usangolango",
      "lat": -12.5666667,
      "lng": 23.6166667
    },
    {
      "cityName": "Utende",
      "lat": -11.8666667,
      "lng": 23.5666667
    },
    {
      "cityName": "Venda",
      "lat": -13.65,
      "lng": 19.9666667
    },
    {
      "cityName": "Vilendelo",
      "lat": -14.55,
      "lng": 20.7666667
    },
    {
      "cityName": "Vimbu",
      "lat": -14.0333333,
      "lng": 21.2
    },
    {
      "cityName": "Vunda",
      "lat": -13.1833333,
      "lng": 21.3833333
    },
    {
      "cityName": "Zazegoma",
      "lat": -12.9333333,
      "lng": 22.3833333
    }
  ]
}