{
  "name": "Bengo",
  "cities": [
    {
      "cityName": "28 de Maio",
      "lat": -7.95,
      "lng": 14.2
    },
    {
      "cityName": "Açucareira",
      "lat": -8.5936111,
      "lng": 13.6055556
    },
    {
      "cityName": "Aleta",
      "lat": -10.1833333,
      "lng": 14.4666667
    },
    {
      "cityName": "Alto Lifune",
      "lat": -8.1333333,
      "lng": 14.3
    },
    {
      "cityName": "Ambris",
      "lat": -7.85,
      "lng": 13.1166667
    },
    {
      "cityName": "Anapasso",
      "lat": -8.3166667,
      "lng": 13.8333333
    },
    {
      "cityName": "Andure",
      "lat": -9.2,
      "lng": 14.0333333
    },
    {
      "cityName": "Anza",
      "lat": -9.3833333,
      "lng": 13.55
    },
    {
      "cityName": "Arcos",
      "lat": -9.05,
      "lng": 13.65
    },
    {
      "cityName": "Assoxa",
      "lat": -9.95,
      "lng": 14.2833333
    },
    {
      "cityName": "Bala Cassungo",
      "lat": -8.3,
      "lng": 14.5666667
    },
    {
      "cityName": "Balacende",
      "lat": -8.2666667,
      "lng": 13.9666667
    },
    {
      "cityName": "Bambe",
      "lat": -9.25,
      "lng": 13.4333333
    },
    {
      "cityName": "Banza",
      "lat": -9.2833333,
      "lng": 14.0666667
    },
    {
      "cityName": "Banza Quitel",
      "lat": -8.9669444,
      "lng": 13.6327778
    },
    {
      "cityName": "Baquenze",
      "lat": -9.9,
      "lng": 13.6833333
    },
    {
      "cityName": "Barraca",
      "lat": -9.1833333,
      "lng": 13.9666667
    },
    {
      "cityName": "Barra do Cuanza",
      "lat": -9.5333333,
      "lng": 13.2166667
    },
    {
      "cityName": "Barra do Dande",
      "lat": -8.4666667,
      "lng": 13.3666667
    },
    {
      "cityName": "Beira Baixa",
      "lat": -8.1833333,
      "lng": 14.1333333
    },
    {
      "cityName": "Bela Vista",
      "lat": -7.8166667,
      "lng": 13.8166667
    },
    {
      "cityName": "Bemba",
      "lat": -8.15,
      "lng": 14.15
    },
    {
      "cityName": "Bispo",
      "lat": -8.5905556,
      "lng": 13.6455556
    },
    {
      "cityName": "Boa Vista",
      "lat": -8.6058333,
      "lng": 13.5613889
    },
    {
      "cityName": "Bombi",
      "lat": -7.7,
      "lng": 13.85
    },
    {
      "cityName": "Bom Jesus",
      "lat": -8.0166667,
      "lng": 14.2166667
    },
    {
      "cityName": "Bongue",
      "lat": -10.2333333,
      "lng": 13.6
    },
    {
      "cityName": "Bonze",
      "lat": -9.85,
      "lng": 14
    },
    {
      "cityName": "Botamona",
      "lat": -9.1333333,
      "lng": 13.8
    },
    {
      "cityName": "Bucula",
      "lat": -8.5611111,
      "lng": 13.645
    },
    {
      "cityName": "Bulabando",
      "lat": -8.5333333,
      "lng": 14.2
    },
    {
      "cityName": "Bula",
      "lat": -7.9333333,
      "lng": 14.0666667
    },
    {
      "cityName": "Bulo",
      "lat": -9.8333333,
      "lng": 14.2333333
    },
    {
      "cityName": "Bumba",
      "lat": -9.4166667,
      "lng": 13.9
    },
    {
      "cityName": "Cabanga",
      "lat": -9.2166667,
      "lng": 14
    },
    {
      "cityName": "Cabianda",
      "lat": -10.2333333,
      "lng": 13.6333333
    },
    {
      "cityName": "Cabire",
      "lat": -8.9152778,
      "lng": 13.6691667
    },
    {
      "cityName": "Cabocha",
      "lat": -8.5836111,
      "lng": 13.6730556
    },
    {
      "cityName": "Cabo Ledo",
      "lat": -9.6666667,
      "lng": 13.2333333
    },
    {
      "cityName": "Cabonda",
      "lat": -9.5166667,
      "lng": 14.1
    },
    {
      "cityName": "Cabumba",
      "lat": -9.6666667,
      "lng": 14.2666667
    },
    {
      "cityName": "Cabungo",
      "lat": -8.5741667,
      "lng": 13.5427778
    },
    {
      "cityName": "Cacamba",
      "lat": -8.65,
      "lng": 14.2666667
    },
    {
      "cityName": "Cacefo",
      "lat": -9.2833333,
      "lng": 13.7833333
    },
    {
      "cityName": "Cachamba",
      "lat": -9.2333333,
      "lng": 14.05
    },
    {
      "cityName": "Cacharandanda",
      "lat": -10.2,
      "lng": 13.8333333
    },
    {
      "cityName": "Cachari",
      "lat": -9.1333333,
      "lng": 13.8333333
    },
    {
      "cityName": "Cachumbo",
      "lat": -9.6833333,
      "lng": 14.3333333
    },
    {
      "cityName": "Cacoba",
      "lat": -9.2833333,
      "lng": 13.7
    },
    {
      "cityName": "Cacula",
      "lat": -9.7333333,
      "lng": 13.5333333
    },
    {
      "cityName": "Caculo",
      "lat": -9.75,
      "lng": 14.4
    },
    {
      "cityName": "Cacumba",
      "lat": -9.5333333,
      "lng": 14.0333333
    },
    {
      "cityName": "Cadiongo",
      "lat": -8.5738889,
      "lng": 13.6797222
    },
    {
      "cityName": "Cage",
      "lat": -8.3166667,
      "lng": 14.35
    },
    {
      "cityName": "Cahinge",
      "lat": -9.2666667,
      "lng": 13.9
    },
    {
      "cityName": "Caiengue",
      "lat": -8.1333333,
      "lng": 14.1666667
    },
    {
      "cityName": "Caitete",
      "lat": -9.8666667,
      "lng": 13.7333333
    },
    {
      "cityName": "Calamba",
      "lat": -10.2,
      "lng": 13.55
    },
    {
      "cityName": "Calambunze",
      "lat": -9.0666667,
      "lng": 13.7166667
    },
    {
      "cityName": "Calanda",
      "lat": -9.8166667,
      "lng": 14.2166667
    },
    {
      "cityName": "Calengue",
      "lat": -8.9305556,
      "lng": 13.6891667
    },
    {
      "cityName": "Calomboloca",
      "lat": -9.15,
      "lng": 13.8333333
    },
    {
      "cityName": "Calunda",
      "lat": -10,
      "lng": 14.1333333
    },
    {
      "cityName": "Calunga-Samba",
      "lat": -8.0833333,
      "lng": 14.5333333
    },
    {
      "cityName": "Cambale",
      "lat": -9.4333333,
      "lng": 13.65
    },
    {
      "cityName": "Cambambi",
      "lat": -8.5805556,
      "lng": 13.6372222
    },
    {
      "cityName": "Cambo",
      "lat": -10.1,
      "lng": 13.9833333
    },
    {
      "cityName": "Cambuale",
      "lat": -8.65,
      "lng": 13.8
    },
    {
      "cityName": "Camelembo",
      "lat": -8.5166667,
      "lng": 14
    },
    {
      "cityName": "Camuanassala",
      "lat": -8.05,
      "lng": 14.2166667
    },
    {
      "cityName": "Cananga",
      "lat": -8.89,
      "lng": 13.5705556
    },
    {
      "cityName": "Candange",
      "lat": -9.7,
      "lng": 14.4166667
    },
    {
      "cityName": "Cando",
      "lat": -9.8666667,
      "lng": 14.3333333
    },
    {
      "cityName": "Candumba",
      "lat": -10.2666667,
      "lng": 14.1
    },
    {
      "cityName": "Cango",
      "lat": -9.25,
      "lng": 13.7333333
    },
    {
      "cityName": "Cangone",
      "lat": -9.6333333,
      "lng": 14.2166667
    },
    {
      "cityName": "Cangungula",
      "lat": -10.1,
      "lng": 13.6
    },
    {
      "cityName": "Canhonga",
      "lat": -8.75,
      "lng": 13.8333333
    },
    {
      "cityName": "Canzongo",
      "lat": -9.55,
      "lng": 14.1166667
    },
    {
      "cityName": "Capele",
      "lat": -8.05,
      "lng": 14.7
    },
    {
      "cityName": "Capulo",
      "lat": -7.9666667,
      "lng": 13.1833333
    },
    {
      "cityName": "Capunga",
      "lat": -8.6127778,
      "lng": 13.6027778
    },
    {
      "cityName": "Caquengo",
      "lat": -9.8833333,
      "lng": 14.3333333
    },
    {
      "cityName": "Casal",
      "lat": -8.7,
      "lng": 13.8833333
    },
    {
      "cityName": "Cassanga",
      "lat": -9.5,
      "lng": 13.9833333
    },
    {
      "cityName": "Cassanhe",
      "lat": -9.3,
      "lng": 13.2166667
    },
    {
      "cityName": "Cassembe",
      "lat": -10.05,
      "lng": 14.3833333
    },
    {
      "cityName": "Cassengue",
      "lat": -8.65,
      "lng": 14.25
    },
    {
      "cityName": "Casseques",
      "lat": -9.7666667,
      "lng": 13.7333333
    },
    {
      "cityName": "Cassoco",
      "lat": -9.1833333,
      "lng": 14.1333333
    },
    {
      "cityName": "Cassola",
      "lat": -9.8666667,
      "lng": 14.3833333
    },
    {
      "cityName": "Cassona",
      "lat": -9.7166667,
      "lng": 14.3833333
    },
    {
      "cityName": "Cassongo",
      "lat": -8.95,
      "lng": 14.05
    },
    {
      "cityName": "Castando",
      "lat": -8.9,
      "lng": 14.2666667
    },
    {
      "cityName": "Castendo",
      "lat": -8.65,
      "lng": 14.1666667
    },
    {
      "cityName": "Catacanha",
      "lat": -8,
      "lng": 13.1833333
    },
    {
      "cityName": "Catalabanza",
      "lat": -7.9833333,
      "lng": 14.1666667
    },
    {
      "cityName": "Catala Cassala",
      "lat": -9.6666667,
      "lng": 14.15
    },
    {
      "cityName": "Catalo",
      "lat": -9.6833333,
      "lng": 14.1
    },
    {
      "cityName": "Catando",
      "lat": -9.7,
      "lng": 14.3166667
    },
    {
      "cityName": "Catanga",
      "lat": -8.5444444,
      "lng": 13.4486111
    },
    {
      "cityName": "Catete",
      "lat": -9.1,
      "lng": 13.6833333
    },
    {
      "cityName": "Catumbo",
      "lat": -8.4166667,
      "lng": 13.4
    },
    {
      "cityName": "Cauceque",
      "lat": -7.95,
      "lng": 14.0833333
    },
    {
      "cityName": "Cavacula",
      "lat": -9.8833333,
      "lng": 14.2833333
    },
    {
      "cityName": "Cavinga",
      "lat": -7.8,
      "lng": 13.4333333
    },
    {
      "cityName": "Cavinge Calinda",
      "lat": -9.6333333,
      "lng": 13.2666667
    },
    {
      "cityName": "Caxito",
      "lat": -8.58,
      "lng": 13.6641667
    },
    {
      "cityName": "Caxito Heroes Plantation",
      "lat": -8.6,
      "lng": 13.6166667
    },
    {
      "cityName": "Cazeta",
      "lat": -8.3666667,
      "lng": 13.65
    },
    {
      "cityName": "Cazua",
      "lat": -10.1333333,
      "lng": 13.7666667
    },
    {
      "cityName": "Chaca",
      "lat": -9.85,
      "lng": 14.1833333
    },
    {
      "cityName": "Chio",
      "lat": -9.8333333,
      "lng": 14.0666667
    },
    {
      "cityName": "Choeta",
      "lat": -7.9333333,
      "lng": 14.6166667
    },
    {
      "cityName": "Coutada",
      "lat": -7.9333333,
      "lng": 13.4166667
    },
    {
      "cityName": "Cuâmbua",
      "lat": -9.85,
      "lng": 14.0833333
    },
    {
      "cityName": "Cuambua Nova",
      "lat": -9.8166667,
      "lng": 14.1166667
    },
    {
      "cityName": "Cubatas do N'Duri",
      "lat": -9.8666667,
      "lng": 13.6166667
    },
    {
      "cityName": "Cumi",
      "lat": -8.5725,
      "lng": 13.5572222
    },
    {
      "cityName": "Dalabambo",
      "lat": -9.8833333,
      "lng": 14.35
    },
    {
      "cityName": "Dala Chioco",
      "lat": -10.0833333,
      "lng": 13.5333333
    },
    {
      "cityName": "Dalangombe",
      "lat": -9.65,
      "lng": 14.2666667
    },
    {
      "cityName": "Dela",
      "lat": -9.6833333,
      "lng": 14.25
    },
    {
      "cityName": "Demba Chio",
      "lat": -9.7333333,
      "lng": 13.7833333
    },
    {
      "cityName": "Dembo",
      "lat": -7.9166667,
      "lng": 14.0666667
    },
    {
      "cityName": "Diacaca",
      "lat": -8.2,
      "lng": 14.1833333
    },
    {
      "cityName": "Diange",
      "lat": -9.9833333,
      "lng": 14.2666667
    },
    {
      "cityName": "Dimina",
      "lat": -9.8666667,
      "lng": 14.15
    },
    {
      "cityName": "Diogo",
      "lat": -8.15,
      "lng": 14.4
    },
    {
      "cityName": "Dungo",
      "lat": -9.7833333,
      "lng": 14.3666667
    },
    {
      "cityName": "Embe",
      "lat": -8.25,
      "lng": 13.35
    },
    {
      "cityName": "Fazenda Boa Esperança",
      "lat": -9.0166667,
      "lng": 13.6833333
    },
    {
      "cityName": "Fazenda Boa Vista",
      "lat": -8.0833333,
      "lng": 14.2833333
    },
    {
      "cityName": "Fazenda Catala Cassola",
      "lat": -9.6833333,
      "lng": 14.1333333
    },
    {
      "cityName": "Fazenda Caxombo",
      "lat": -9.7833333,
      "lng": 14.3833333
    },
    {
      "cityName": "Fazenda Fátima",
      "lat": -9.5333333,
      "lng": 14.0166667
    },
    {
      "cityName": "Fazenda Flávio",
      "lat": -9.9,
      "lng": 14.4833333
    },
    {
      "cityName": "Fazenda Hoje",
      "lat": -9.6833333,
      "lng": 14.1166667
    },
    {
      "cityName": "Fazenda Humba",
      "lat": -9.8166667,
      "lng": 14.2333333
    },
    {
      "cityName": "Fazenda Itadi",
      "lat": -10.25,
      "lng": 14.15
    },
    {
      "cityName": "Fazenda Libonge",
      "lat": -8.4,
      "lng": 13.45
    },
    {
      "cityName": "Fazenda Lifune Tari",
      "lat": -8.15,
      "lng": 14.3666667
    },
    {
      "cityName": "Fazenda Longa",
      "lat": -10.2333333,
      "lng": 14.1
    },
    {
      "cityName": "Fazenda Mucanzo",
      "lat": -9.7333333,
      "lng": 14.4
    },
    {
      "cityName": "Fazenda Mucumbi",
      "lat": -9.6333333,
      "lng": 14.1666667
    },
    {
      "cityName": "Fazenda Onzo",
      "lat": -8.0666667,
      "lng": 14.2333333
    },
    {
      "cityName": "Fazenda Pais",
      "lat": -9.8666667,
      "lng": 14.3666667
    },
    {
      "cityName": "Fazenda Palmira",
      "lat": -8.5,
      "lng": 13.4166667
    },
    {
      "cityName": "Fazenda Progresso",
      "lat": -8.15,
      "lng": 14.2666667
    },
    {
      "cityName": "Fazenda Rainha Santa",
      "lat": -8.7333333,
      "lng": 14.35
    },
    {
      "cityName": "Fazenda Ricardo",
      "lat": -9.9333333,
      "lng": 14.4
    },
    {
      "cityName": "Fazenda Santa Clara",
      "lat": -8.75,
      "lng": 14.3666667
    },
    {
      "cityName": "Fazenda Santa Eulália",
      "lat": -8.1166667,
      "lng": 14.5166667
    },
    {
      "cityName": "Fazenda Tabi",
      "lat": -8.1666667,
      "lng": 13.35
    },
    {
      "cityName": "Fita",
      "lat": -8.6666667,
      "lng": 14.2333333
    },
    {
      "cityName": "Foto Sacala",
      "lat": -8.8883333,
      "lng": 13.6336111
    },
    {
      "cityName": "Fuiquiamana",
      "lat": -7.8,
      "lng": 14.05
    },
    {
      "cityName": "Fulo",
      "lat": -8.8,
      "lng": 13.9
    },
    {
      "cityName": "Fuxi",
      "lat": -8.5808333,
      "lng": 13.6777778
    },
    {
      "cityName": "Galinda",
      "lat": -9.6,
      "lng": 13.5666667
    },
    {
      "cityName": "Gama",
      "lat": -8.5675,
      "lng": 13.4763889
    },
    {
      "cityName": "Gando",
      "lat": -9.3666667,
      "lng": 13.8666667
    },
    {
      "cityName": "Gaspar",
      "lat": -8.8,
      "lng": 13.75
    },
    {
      "cityName": "Gavumo",
      "lat": -9.8166667,
      "lng": 13.7166667
    },
    {
      "cityName": "General Freire",
      "lat": -8.1166667,
      "lng": 14.2833333
    },
    {
      "cityName": "Gila",
      "lat": -9.9166667,
      "lng": 14.3166667
    },
    {
      "cityName": "Gimbondo",
      "lat": -9.7333333,
      "lng": 14.3333333
    },
    {
      "cityName": "Goio",
      "lat": -9.7333333,
      "lng": 14.3833333
    },
    {
      "cityName": "Golome",
      "lat": -9.9666667,
      "lng": 14.5333333
    },
    {
      "cityName": "Gonçalo",
      "lat": -9.3666667,
      "lng": 13.9333333
    },
    {
      "cityName": "Gonde",
      "lat": -7.7,
      "lng": 14.1333333
    },
    {
      "cityName": "Guimbe",
      "lat": -9.1666667,
      "lng": 13.65
    },
    {
      "cityName": "Gumba",
      "lat": -8.85,
      "lng": 14.05
    },
    {
      "cityName": "Gundambel",
      "lat": -9.2333333,
      "lng": 13.6333333
    },
    {
      "cityName": "Gungungo",
      "lat": -8.1833333,
      "lng": 14.1
    },
    {
      "cityName": "Gunza",
      "lat": -9.95,
      "lng": 14.05
    },
    {
      "cityName": "Hala",
      "lat": -8.2,
      "lng": 14.4
    },
    {
      "cityName": "Hanga",
      "lat": -9.7333333,
      "lng": 14.3166667
    },
    {
      "cityName": "Hango",
      "lat": -8.1166667,
      "lng": 14.3166667
    },
    {
      "cityName": "Hengue",
      "lat": -10.2666667,
      "lng": 13.7333333
    },
    {
      "cityName": "Hinda",
      "lat": -8.0166667,
      "lng": 14.1
    },
    {
      "cityName": "Homba",
      "lat": -9.9666667,
      "lng": 14.4
    },
    {
      "cityName": "Humba",
      "lat": -9.8,
      "lng": 14.2333333
    },
    {
      "cityName": "Ibéndua",
      "lat": -8.5466667,
      "lng": 13.5208333
    },
    {
      "cityName": "Kassoneka",
      "lat": -9.2,
      "lng": 13.8666667
    },
    {
      "cityName": "Killenges",
      "lat": -8.7166667,
      "lng": 13.7
    },
    {
      "cityName": "Kinzonve",
      "lat": -7.9666667,
      "lng": 13.8333333
    },
    {
      "cityName": "Lemba",
      "lat": -8.25,
      "lng": 13.3333333
    },
    {
      "cityName": "Lembeca",
      "lat": -8.5336111,
      "lng": 13.7336111
    },
    {
      "cityName": "Lembe",
      "lat": -8.0333333,
      "lng": 14.4166667
    },
    {
      "cityName": "Lima e Cruz",
      "lat": -9.6333333,
      "lng": 14.2666667
    },
    {
      "cityName": "Lobano",
      "lat": -8.7166667,
      "lng": 14.05
    },
    {
      "cityName": "Lucala",
      "lat": -9.6333333,
      "lng": 14.0666667
    },
    {
      "cityName": "Lumege",
      "lat": -8.4666667,
      "lng": 14.1
    },
    {
      "cityName": "Lundo",
      "lat": -8.0166667,
      "lng": 14.45
    },
    {
      "cityName": "Lunga",
      "lat": -7.9166667,
      "lng": 14.25
    },
    {
      "cityName": "Lunga Riámica",
      "lat": -9.8333333,
      "lng": 14.3666667
    },
    {
      "cityName": "Mabubas",
      "lat": -8.5316667,
      "lng": 13.6963889
    },
    {
      "cityName": "Mabuia",
      "lat": -8.9513889,
      "lng": 13.6605556
    },
    {
      "cityName": "Macusso",
      "lat": -7.9666667,
      "lng": 14.1
    },
    {
      "cityName": "Majomba",
      "lat": -7.7333333,
      "lng": 13.7
    },
    {
      "cityName": "Maria Teresa",
      "lat": -9.25,
      "lng": 14.1
    },
    {
      "cityName": "Masoso",
      "lat": -9.1,
      "lng": 13.6166667
    },
    {
      "cityName": "Matacanga",
      "lat": -7.9166667,
      "lng": 14.05
    },
    {
      "cityName": "Maunze",
      "lat": -8.4833333,
      "lng": 14.1166667
    },
    {
      "cityName": "Mazula",
      "lat": -8.1833333,
      "lng": 13.2833333
    },
    {
      "cityName": "Mazumbo",
      "lat": -8.7,
      "lng": 14.2833333
    },
    {
      "cityName": "Mepanga",
      "lat": -10.1,
      "lng": 14.3
    },
    {
      "cityName": "Mezanzuiua",
      "lat": -8.45,
      "lng": 13.8666667
    },
    {
      "cityName": "Mifuma",
      "lat": -8.5852778,
      "lng": 13.6569444
    },
    {
      "cityName": "Mihinge",
      "lat": -8.9133333,
      "lng": 13.5786111
    },
    {
      "cityName": "Mitonde",
      "lat": -8.6019444,
      "lng": 13.6358333
    },
    {
      "cityName": "Mobemba",
      "lat": -8.7666667,
      "lng": 14.0666667
    },
    {
      "cityName": "Mocolo",
      "lat": -9.8166667,
      "lng": 13.95
    },
    {
      "cityName": "Moenga",
      "lat": -8.05,
      "lng": 14.4166667
    },
    {
      "cityName": "Mongua",
      "lat": -8.0833333,
      "lng": 13.7666667
    },
    {
      "cityName": "Morima",
      "lat": -8.6133333,
      "lng": 13.7275
    },
    {
      "cityName": "Muanda",
      "lat": -8.0666667,
      "lng": 14.6833333
    },
    {
      "cityName": "Mucala",
      "lat": -10.1333333,
      "lng": 13.9333333
    },
    {
      "cityName": "Mucando",
      "lat": -8.25,
      "lng": 14.5333333
    },
    {
      "cityName": "Mucanzo",
      "lat": -9.7833333,
      "lng": 14.45
    },
    {
      "cityName": "Muceque Cabele",
      "lat": -8.5258333,
      "lng": 13.4091667
    },
    {
      "cityName": "Muceque Capari",
      "lat": -8.6747222,
      "lng": 13.5197222
    },
    {
      "cityName": "Muceque Capunga",
      "lat": -8.6552778,
      "lng": 13.5177778
    },
    {
      "cityName": "Muceque Dembo",
      "lat": -8.5411111,
      "lng": 13.4102778
    },
    {
      "cityName": "Muceque Mafulo",
      "lat": -8.51,
      "lng": 13.4044444
    },
    {
      "cityName": "Muceque",
      "lat": -8.0833333,
      "lng": 14.5833333
    },
    {
      "cityName": "Muceque Quicoca",
      "lat": -8.6388889,
      "lng": 13.5225
    },
    {
      "cityName": "Mucongo",
      "lat": -9.6166667,
      "lng": 14.25
    },
    {
      "cityName": "Mucuso",
      "lat": -9.2666667,
      "lng": 14.1
    },
    {
      "cityName": "Mulenda",
      "lat": -7.7333333,
      "lng": 13.6333333
    },
    {
      "cityName": "Mumbondo",
      "lat": -10.1833333,
      "lng": 14.1333333
    },
    {
      "cityName": "Mungolo",
      "lat": -9.1666667,
      "lng": 14.0333333
    },
    {
      "cityName": "Munombo",
      "lat": -9.7,
      "lng": 14.1166667
    },
    {
      "cityName": "Murure",
      "lat": -9.7166667,
      "lng": 14.0666667
    },
    {
      "cityName": "Mushima",
      "lat": -9.5166667,
      "lng": 13.9666667
    },
    {
      "cityName": "Mussanga",
      "lat": -10.0666667,
      "lng": 14.25
    },
    {
      "cityName": "Mussenga",
      "lat": -8.6333333,
      "lng": 14.0833333
    },
    {
      "cityName": "Mutamba",
      "lat": -7.9833333,
      "lng": 14.55
    },
    {
      "cityName": "Mutembula",
      "lat": -8.7666667,
      "lng": 13.8666667
    },
    {
      "cityName": "Nabuangongo",
      "lat": -8.0166667,
      "lng": 14.2
    },
    {
      "cityName": "Nambuangongo",
      "lat": -7.9666667,
      "lng": 14.1666667
    },
    {
      "cityName": "Nanzuela",
      "lat": -9.3,
      "lng": 14.0333333
    },
    {
      "cityName": "Ngala",
      "lat": -8.9594444,
      "lng": 13.7216667
    },
    {
      "cityName": "N'Golome",
      "lat": -8.0666667,
      "lng": 14.0333333
    },
    {
      "cityName": "Ngonga",
      "lat": -9.5833333,
      "lng": 14.1333333
    },
    {
      "cityName": "Olongo",
      "lat": -9.5333333,
      "lng": 14.05
    },
    {
      "cityName": "Pambos do Gando",
      "lat": -9.6,
      "lng": 14
    },
    {
      "cityName": "Pange",
      "lat": -8.7333333,
      "lng": 14.3333333
    },
    {
      "cityName": "Pango",
      "lat": -8.7166667,
      "lng": 14.1666667
    },
    {
      "cityName": "Paranhos",
      "lat": -8.5575,
      "lng": 13.6711111
    },
    {
      "cityName": "Pedro Bravo",
      "lat": -8.6833333,
      "lng": 14.25
    },
    {
      "cityName": "Porto Quipire",
      "lat": -8.6130556,
      "lng": 13.5561111
    },
    {
      "cityName": "Posse",
      "lat": -8.0833333,
      "lng": 14.25
    },
    {
      "cityName": "Puri",
      "lat": -9.6666667,
      "lng": 13.6333333
    },
    {
      "cityName": "Quiafofo",
      "lat": -10.1666667,
      "lng": 14.1166667
    },
    {
      "cityName": "Quiavanga",
      "lat": -9.3,
      "lng": 13.7666667
    },
    {
      "cityName": "Quibaca",
      "lat": -9.2166667,
      "lng": 14.05
    },
    {
      "cityName": "Quibanzo",
      "lat": -8.15,
      "lng": 14.3
    },
    {
      "cityName": "Quiba",
      "lat": -8.0333333,
      "lng": 14.35
    },
    {
      "cityName": "Quibôbo",
      "lat": -9.85,
      "lng": 14.1166667
    },
    {
      "cityName": "Quibua",
      "lat": -8.6666667,
      "lng": 14.1833333
    },
    {
      "cityName": "Quibumbe",
      "lat": -7.8333333,
      "lng": 14.05
    },
    {
      "cityName": "Quicanga-Samba",
      "lat": -7.9333333,
      "lng": 14.2
    },
    {
      "cityName": "Quicunza",
      "lat": -8.1833333,
      "lng": 14.45
    },
    {
      "cityName": "Quidembe",
      "lat": -7.9666667,
      "lng": 14.5666667
    },
    {
      "cityName": "Quifama",
      "lat": -8.0166667,
      "lng": 14.1833333
    },
    {
      "cityName": "Quifula",
      "lat": -8.15,
      "lng": 14.1
    },
    {
      "cityName": "Quifuta",
      "lat": -8.2666667,
      "lng": 14.2666667
    },
    {
      "cityName": "Quiginga",
      "lat": -7.9,
      "lng": 14.0333333
    },
    {
      "cityName": "Quigongafula",
      "lat": -8.25,
      "lng": 14.2833333
    },
    {
      "cityName": "Quijanda",
      "lat": -8.5938889,
      "lng": 13.5538889
    },
    {
      "cityName": "Quijinga",
      "lat": -7.6666667,
      "lng": 14.05
    },
    {
      "cityName": "Quijoão",
      "lat": -8.25,
      "lng": 14.3166667
    },
    {
      "cityName": "Quile",
      "lat": -8.2666667,
      "lng": 13.8666667
    },
    {
      "cityName": "Quilumbo",
      "lat": -7.9333333,
      "lng": 14.1
    },
    {
      "cityName": "Quimaleco",
      "lat": -7.7666667,
      "lng": 13.5666667
    },
    {
      "cityName": "Quimanda",
      "lat": -8.5488889,
      "lng": 13.6952778
    },
    {
      "cityName": "Quimanoxe",
      "lat": -8.2333333,
      "lng": 14.3
    },
    {
      "cityName": "Quimazangue",
      "lat": -7.8666667,
      "lng": 14.0333333
    },
    {
      "cityName": "Quimbage",
      "lat": -8.2833333,
      "lng": 14.4333333
    },
    {
      "cityName": "Quimbamba",
      "lat": -7.9333333,
      "lng": 14.2666667
    },
    {
      "cityName": "Quimessanga",
      "lat": -8.15,
      "lng": 14.3833333
    },
    {
      "cityName": "Quimuache",
      "lat": -9.2,
      "lng": 13.5
    },
    {
      "cityName": "Quimuafia",
      "lat": -8.2666667,
      "lng": 14.3
    },
    {
      "cityName": "Quimuala",
      "lat": -8.1166667,
      "lng": 13.3166667
    },
    {
      "cityName": "Quimufugue",
      "lat": -8.0166667,
      "lng": 14.15
    },
    {
      "cityName": "Quindungula",
      "lat": -8.5941667,
      "lng": 13.655
    },
    {
      "cityName": "Quinga",
      "lat": -9.0166667,
      "lng": 13.7
    },
    {
      "cityName": "Quingombe",
      "lat": -8.1,
      "lng": 14.3666667
    },
    {
      "cityName": "Quingongo",
      "lat": -8.94,
      "lng": 13.6169444
    },
    {
      "cityName": "Quinguenga",
      "lat": -7.9833333,
      "lng": 14.2333333
    },
    {
      "cityName": "Quinguimbe",
      "lat": -8.2166667,
      "lng": 14.1333333
    },
    {
      "cityName": "Quinome",
      "lat": -10.0166667,
      "lng": 14.1
    },
    {
      "cityName": "Quinvula",
      "lat": -8.1666667,
      "lng": 14.4333333
    },
    {
      "cityName": "Quinzala",
      "lat": -7.85,
      "lng": 13.2333333
    },
    {
      "cityName": "Quionzo",
      "lat": -9.2833333,
      "lng": 13.8666667
    },
    {
      "cityName": "Quipanzo",
      "lat": -8.25,
      "lng": 14.35
    },
    {
      "cityName": "Quipele",
      "lat": -7.8,
      "lng": 13.2166667
    },
    {
      "cityName": "Quipemba",
      "lat": -7.8833333,
      "lng": 14.2333333
    },
    {
      "cityName": "Quipetelo",
      "lat": -8.2166667,
      "lng": 14.0666667
    },
    {
      "cityName": "Quipuaca",
      "lat": -7.8333333,
      "lng": 13.15
    },
    {
      "cityName": "Quirindo",
      "lat": -8.6036111,
      "lng": 13.6275
    },
    {
      "cityName": "Quissacala",
      "lat": -8.2333333,
      "lng": 14.05
    },
    {
      "cityName": "Quissádi",
      "lat": -8.6091667,
      "lng": 13.6113889
    },
    {
      "cityName": "Quissala",
      "lat": -8.0666667,
      "lng": 14.4166667
    },
    {
      "cityName": "Quissanga",
      "lat": -8.9333333,
      "lng": 13.7666667
    },
    {
      "cityName": "Quissasso",
      "lat": -7.9333333,
      "lng": 13.3333333
    },
    {
      "cityName": "Quissoma",
      "lat": -8.5894444,
      "lng": 13.6122222
    },
    {
      "cityName": "Quissonga",
      "lat": -9.6333333,
      "lng": 13.7666667
    },
    {
      "cityName": "Quissundo",
      "lat": -10.3333333,
      "lng": 13.7666667
    },
    {
      "cityName": "Quitala",
      "lat": -9.2333333,
      "lng": 14.0666667
    },
    {
      "cityName": "Quitangola",
      "lat": -8.5683333,
      "lng": 13.6769444
    },
    {
      "cityName": "Quitole",
      "lat": -8.0166667,
      "lng": 14.0166667
    },
    {
      "cityName": "Quitombalo",
      "lat": -9.5666667,
      "lng": 14
    },
    {
      "cityName": "Quitonhi",
      "lat": -8.5694444,
      "lng": 13.6741667
    },
    {
      "cityName": "Quitumba",
      "lat": -9.8833333,
      "lng": 13.95
    },
    {
      "cityName": "Quitumbela",
      "lat": -10.0666667,
      "lng": 13.9333333
    },
    {
      "cityName": "Quiuembo",
      "lat": -7.8333333,
      "lng": 14.0666667
    },
    {
      "cityName": "Quixico",
      "lat": -7.9833333,
      "lng": 14.4166667
    },
    {
      "cityName": "Quixiquela",
      "lat": -8.5919444,
      "lng": 13.6483333
    },
    {
      "cityName": "Quizele",
      "lat": -7.95,
      "lng": 14.3
    },
    {
      "cityName": "Quizenguela",
      "lat": -7.9666667,
      "lng": 14.3166667
    },
    {
      "cityName": "Roça Novo Mundo",
      "lat": -8.4333333,
      "lng": 14.1
    },
    {
      "cityName": "Salandala",
      "lat": -9.2666667,
      "lng": 13.6666667
    },
    {
      "cityName": "Sanga",
      "lat": -9.8,
      "lng": 13.7333333
    },
    {
      "cityName": "Santana",
      "lat": -8.5863889,
      "lng": 13.6430556
    },
    {
      "cityName": "Sassa Cária",
      "lat": -8.5825,
      "lng": 13.6
    },
    {
      "cityName": "Sassalemba",
      "lat": -8.6483333,
      "lng": 13.5408333
    },
    {
      "cityName": "Sassa Povoação",
      "lat": -8.5558333,
      "lng": 13.6877778
    },
    {
      "cityName": "Sebastião José",
      "lat": -8.7166667,
      "lng": 14.2833333
    },
    {
      "cityName": "Soba Bimba",
      "lat": -9.3333333,
      "lng": 13.6
    },
    {
      "cityName": "Soba Hansa",
      "lat": -9.3833333,
      "lng": 13.6166667
    },
    {
      "cityName": "Sombe",
      "lat": -9.6333333,
      "lng": 13.7
    },
    {
      "cityName": "Sorilo",
      "lat": -8.61,
      "lng": 13.5788889
    },
    {
      "cityName": "Taca",
      "lat": -7.9833333,
      "lng": 14.0833333
    },
    {
      "cityName": "Tandala",
      "lat": -9.9,
      "lng": 13.8666667
    },
    {
      "cityName": "Teba",
      "lat": -8.7666667,
      "lng": 14.2
    },
    {
      "cityName": "Tege",
      "lat": -8.4833333,
      "lng": 13.9166667
    },
    {
      "cityName": "Terreiro",
      "lat": -8.5708333,
      "lng": 13.5022222
    },
    {
      "cityName": "Tiala",
      "lat": -9.5,
      "lng": 13.6333333
    },
    {
      "cityName": "Tombe",
      "lat": -8.45,
      "lng": 14.1
    },
    {
      "cityName": "Tonha Chiria",
      "lat": -9.1,
      "lng": 14
    },
    {
      "cityName": "Ualimba",
      "lat": -10.0333333,
      "lng": 14.15
    },
    {
      "cityName": "Uiacongo",
      "lat": -9.8833333,
      "lng": 14.15
    },
    {
      "cityName": "Úlua",
      "lat": -8.5333333,
      "lng": 13.4755556
    },
    {
      "cityName": "Vilampimpa",
      "lat": -7.7833333,
      "lng": 14.0666667
    },
    {
      "cityName": "Zambache",
      "lat": -7.9666667,
      "lng": 14.6166667
    },
    {
      "cityName": "Zemba",
      "lat": -8.1,
      "lng": 14.6166667
    },
    {
      "cityName": "Zengo",
      "lat": -8.7333333,
      "lng": 14.3
    },
    {
      "cityName": "Zungo",
      "lat": -8.2166667,
      "lng": 14.5666667
    }
  ]
}